config,seed,permutation_id,accuracy,f1_macro,top3_accuracy,mean_regret,median_regret,p90_regret,zero_regret_rate,within_1pp_rate,regret_coverage,accuracy_delta_vs_baseline,accuracy_effect_vs_baseline,f1_macro_delta_vs_baseline,f1_macro_effect_vs_baseline,top3_accuracy_delta_vs_baseline,top3_accuracy_effect_vs_baseline,mean_regret_delta_vs_baseline,mean_regret_effect_vs_baseline,zero_regret_rate_delta_vs_baseline,zero_regret_rate_effect_vs_baseline,within_1pp_rate_delta_vs_baseline,within_1pp_rate_effect_vs_baseline
baseline_stats,42,,0.4040219378427788,0.2820960903639465,0.8226691042047533,0.02632586289575523,0.002714932126696823,0.08006379585326967,0.43622920517560076,0.609981515711645,0.9890310786106032,0.0,0.0,0.0,0.0,0.0,0.0,0.0,-0.0,0.0,0.0,0.0,0.0
real_domain_rank,42,,0.38939670932358317,0.27486285380652914,0.8080438756855576,0.02888416820206493,0.0028169014084505895,0.08587457322551661,0.430939226519337,0.6003683241252302,0.9926873857404022,-0.014625228519195621,-0.014625228519195621,-0.007233236557417366,-0.007233236557417366,-0.014625228519195677,-0.014625228519195677,0.0025583053063097,-0.0025583053063097,-0.0052899786562637385,-0.0052899786562637385,-0.009613191586414827,-0.009613191586414827
shuffled_domain_rank,42,0.0,0.36745886654478976,0.2648542835249446,0.8080438756855576,0.02847293809256095,0.004296198909486626,0.08581185983827491,0.4025735294117647,0.5827205882352942,0.9945155393053017,-0.036563071297989025,-0.036563071297989025,-0.017241806839001894,-0.017241806839001894,-0.014625228519195677,-0.014625228519195677,0.002147075196805723,-0.002147075196805723,-0.033655675763836046,-0.033655675763836046,-0.027260927476350894,-0.027260927476350894
shuffled_domain_rank,42,1.0,0.39853747714808047,0.2766284118083872,0.8117001828153565,0.025460982263465937,0.002469512195121981,0.07712500000000017,0.43357933579335795,0.6199261992619927,0.9908592321755028,-0.005484460694698323,-0.005484460694698323,-0.005467678555559297,-0.005467678555559297,-0.010968921389396757,-0.010968921389396757,-0.0008648806322892923,0.0008648806322892923,-0.00264986938224282,-0.00264986938224282,0.00994468355034761,0.00994468355034761
shuffled_domain_rank,42,2.0,0.38939670932358317,0.2710990365084233,0.8263254113345521,0.028622501376135846,0.003028846153846354,0.08599999999999997,0.4214417744916821,0.5933456561922366,0.9890310786106032,-0.014625228519195621,-0.014625228519195621,-0.010997053855523187,-0.010997053855523187,0.003656307129798808,0.003656307129798808,0.0022966384803806174,-0.0022966384803806174,-0.01478743068391869,-0.01478743068391869,-0.01663585951940849,-0.01663585951940849
shuffled_domain_rank,42,3.0,0.3930530164533821,0.27576101662321106,0.8226691042047533,0.027075477810514333,0.00262841224917143,0.08002126378181307,0.4317343173431734,0.6180811808118081,0.9908592321755028,-0.010968921389396702,-0.010968921389396702,-0.006335073740735442,-0.006335073740735442,0.0,0.0,0.0007496149147591044,-0.0007496149147591044,-0.004494887832427352,-0.004494887832427352,0.008099665100163023,0.008099665100163023
shuffled_domain_rank,42,4.0,0.36745886654478976,0.26201946970889206,0.8354661791590493,0.028764639613243024,0.004272385936966605,0.08531870786550287,0.4040590405904059,0.5922509225092251,0.9908592321755028,-0.036563071297989025,-0.036563071297989025,-0.020076620655054445,-0.020076620655054445,0.01279707495429605,0.01279707495429605,0.002438776717487795,-0.002438776717487795,-0.03217016458519484,-0.03217016458519484,-0.017730593202419986,-0.017730593202419986
shuffled_domain_rank,42,5.0,0.40036563071297987,0.2831488956171165,0.8153564899451554,0.026781131465523994,0.0024999999999999467,0.08041275917065395,0.43646408839779005,0.6132596685082873,0.9926873857404022,-0.003656307129798919,-0.003656307129798919,0.001052805253169975,0.001052805253169975,-0.007312614259597838,-0.007312614259597838,0.00045526856976876515,-0.00045526856976876515,0.00023488322218928603,0.00023488322218928603,0.003278152796642231,0.003278152796642231
shuffled_domain_rank,42,6.0,0.40950639853747717,0.2881642975185004,0.8190127970749543,0.02665091131538612,0.002216449619352856,0.07956585094823745,0.44014732965009207,0.6187845303867403,0.9926873857404022,0.005484460694698379,0.005484460694698379,0.006068207154553917,0.006068207154553917,-0.003656307129798919,-0.003656307129798919,0.00032504841963089046,-0.00032504841963089046,0.003918124474491302,0.003918124474491302,0.008803014675095255,0.008803014675095255
shuffled_domain_rank,42,7.0,0.3875685557586837,0.27793054964203284,0.8427787934186471,0.028233861123499307,0.003149488582911364,0.08835189701897032,0.42435424354243545,0.6033210332103321,0.9908592321755028,-0.01645338208409508,-0.01645338208409508,-0.004165540721913663,-0.004165540721913663,0.02010968921389389,0.02010968921389389,0.001907998227744078,-0.001907998227744078,-0.011874961633165315,-0.011874961633165315,-0.006660482501312903,-0.006660482501312903
shuffled_domain_rank,42,8.0,0.38391224862888484,0.26823524668983667,0.8263254113345521,0.02824591961619999,0.0029850746268655914,0.08526454960342256,0.42357274401473294,0.6058931860036832,0.9926873857404022,-0.020109689213893944,-0.020109689213893944,-0.013860843674109835,-0.013860843674109835,0.003656307129798808,0.003656307129798808,0.0019200567204447627,-0.0019200567204447627,-0.012656461160867827,-0.012656461160867827,-0.004088329707961802,-0.004088329707961802
shuffled_domain_rank,42,9.0,0.3711151736745887,0.2577217622621831,0.8208409506398537,0.02933760206786009,0.003567906452521641,0.08848238482384833,0.4095940959409594,0.5977859778597786,0.9908592321755028,-0.032906764168190106,-0.032906764168190106,-0.02437432810176343,-0.02437432810176343,-0.001828153564899515,-0.001828153564899515,0.003011739172104861,-0.003011739172104861,-0.026635109234641352,-0.026635109234641352,-0.012195537851866445,-0.012195537851866445
shuffled_domain_rank,42,10.0,0.3875685557586837,0.26629957614702354,0.8318098720292505,0.02601983679654675,0.0029850746268655914,0.07956585094823745,0.4198895027624309,0.6040515653775322,0.9926873857404022,-0.01645338208409508,-0.01645338208409508,-0.015796514216922963,-0.015796514216922963,0.009140767824497242,0.009140767824497242,-0.00030602609920847915,0.00030602609920847915,-0.016339702413169843,-0.016339702413169843,-0.00592995033411281,-0.00592995033411281
shuffled_domain_rank,42,11.0,0.38391224862888484,0.27165528565763253,0.8226691042047533,0.028419443490102878,0.003564384333614834,0.08526454960342256,0.4143646408839779,0.5966850828729282,0.9926873857404022,-0.020109689213893944,-0.020109689213893944,-0.010440804706313978,-0.010440804706313978,0.0,0.0,0.0020935805943476486,-0.0020935805943476486,-0.021864564291622868,-0.021864564291622868,-0.013296432838716843,-0.013296432838716843
shuffled_domain_rank,42,12.0,0.3656307129798903,0.2518868690175047,0.8098720292504571,0.027864756770786724,0.0035714285714284477,0.08587457322551661,0.40331491712707185,0.5966850828729282,0.9926873857404022,-0.038391224862888484,-0.038391224862888484,-0.030209221346441828,-0.030209221346441828,-0.012797074954296161,-0.012797074954296161,0.0015388938750314947,-0.0015388938750314947,-0.03291428804852892,-0.03291428804852892,-0.013296432838716843,-0.013296432838716843
shuffled_domain_rank,42,13.0,0.37477148080438755,0.2629122568539089,0.8208409506398537,0.028839354060411226,0.0033850655059881607,0.0859372866127583,0.4114391143911439,0.6070110701107011,0.9908592321755028,-0.029250457038391242,-0.029250457038391242,-0.019183833510037607,-0.019183833510037607,-0.001828153564899515,-0.001828153564899515,0.002513491164655997,-0.002513491164655997,-0.024790090784456875,-0.024790090784456875,-0.0029704456009439495,-0.0029704456009439495
shuffled_domain_rank,42,14.0,0.37294332723948814,0.2622505308809067,0.8080438756855576,0.027868210425866246,0.0035714285714284477,0.08864486600421553,0.4088397790055249,0.5911602209944752,0.9926873857404022,-0.031078610603290646,-0.031078610603290646,-0.019845559483039787,-0.019845559483039787,-0.014625228519195677,-0.014625228519195677,0.001542347530111017,-0.001542347530111017,-0.027389426170075892,-0.027389426170075892,-0.018821294717169867,-0.018821294717169867
shuffled_domain_rank,42,15.0,0.3820840950639854,0.26220811144291206,0.8226691042047533,0.02806307869582105,0.0033850655059881607,0.08036913875598091,0.4172794117647059,0.5992647058823529,0.9945155393053017,-0.021937842778793404,-0.021937842778793404,-0.019887978921034444,-0.019887978921034444,0.0,0.0,0.0017372158000658194,-0.0017372158000658194,-0.018949793410894866,-0.018949793410894866,-0.010716809829292129,-0.010716809829292129
shuffled_domain_rank,42,16.0,0.37477148080438755,0.26571829318076534,0.8281535648994516,0.026882313106490988,0.0041999999999999815,0.08396502680542417,0.4106813996316759,0.6040515653775322,0.9926873857404022,-0.029250457038391242,-0.029250457038391242,-0.016377797183181164,-0.016377797183181164,0.005484460694698323,0.005484460694698323,0.0005564502107357587,-0.0005564502107357587,-0.025547805543924884,-0.025547805543924884,-0.00592995033411281,-0.00592995033411281
shuffled_domain_rank,42,17.0,0.40219378427787933,0.2853027558155007,0.8208409506398537,0.02725151231357198,0.0027777777777777124,0.08041275917065395,0.43278084714548803,0.6169429097605893,0.9926873857404022,-0.0018281535648994596,-0.0018281535648994596,0.0032066654515541804,0.0032066654515541804,-0.001828153564899515,-0.001828153564899515,0.0009256494178167506,-0.0009256494178167506,-0.0034483580301127303,-0.0034483580301127303,0.006961394048944247,0.006961394048944247
shuffled_domain_rank,42,18.0,0.39488117001828155,0.2692578856070938,0.8171846435100548,0.026932299865754804,0.002677598254069713,0.08521039134134226,0.4264705882352941,0.6231617647058824,0.9945155393053017,-0.009140767824497242,-0.009140767824497242,-0.012838204756852711,-0.012838204756852711,-0.005484460694698434,-0.005484460694698434,0.0006064369699995756,-0.0006064369699995756,-0.009758616940306664,-0.009758616940306664,0.013180248994237309,0.013180248994237309
shuffled_domain_rank,42,19.0,0.38391224862888484,0.26020267830011257,0.8190127970749543,0.027155115922904184,0.0036513859275052463,0.07993619963889981,0.4209558823529412,0.5992647058823529,0.9945155393053017,-0.020109689213893944,-0.020109689213893944,-0.02189341206383394,-0.02189341206383394,-0.003656307129798919,-0.003656307129798919,0.0008292530271489552,-0.0008292530271489552,-0.015273322822659585,-0.015273322822659585,-0.010716809829292129,-0.010716809829292129
shuffled_domain_rank,42,20.0,0.37477148080438755,0.2642198460629242,0.829981718464351,0.02826604912620965,0.0035714285714284477,0.08526454960342256,0.40699815837937386,0.5966850828729282,0.9926873857404022,-0.029250457038391242,-0.029250457038391242,-0.017876244301022304,-0.017876244301022304,0.007312614259597727,0.007312614259597727,0.0019401862304544194,-0.0019401862304544194,-0.0292310467962269,-0.0292310467962269,-0.013296432838716843,-0.013296432838716843
shuffled_domain_rank,42,21.0,0.3711151736745887,0.26500746635132605,0.8190127970749543,0.029656229521930283,0.003965671641791013,0.09260269001768494,0.4040590405904059,0.584870848708487,0.9908592321755028,-0.032906764168190106,-0.032906764168190106,-0.017088624012620457,-0.017088624012620457,-0.003656307129798919,-0.003656307129798919,0.003330366626175054,-0.003330366626175054,-0.03217016458519484,-0.03217016458519484,-0.025110667003158005,-0.025110667003158005
shuffled_domain_rank,42,22.0,0.38391224862888484,0.26437201089468215,0.8263254113345521,0.027754417734611715,0.003270131011976374,0.07997873171035644,0.4180478821362799,0.5985267034990792,0.9926873857404022,-0.020109689213893944,-0.020109689213893944,-0.017724079469264353,-0.017724079469264353,0.003656307129798808,0.003656307129798808,0.0014285548388564863,-0.0014285548388564863,-0.01818132303932085,-0.01818132303932085,-0.011454812212565835,-0.011454812212565835
shuffled_domain_rank,42,23.0,0.4113345521023766,0.287770950716588,0.8226691042047533,0.024575034972508947,0.0020000000000000573,0.07206357694592988,0.44669117647058826,0.6341911764705882,0.9945155393053017,0.007312614259597838,0.007312614259597838,0.005674860352641475,0.005674860352641475,0.0,0.0,-0.0017508279232462814,0.0017508279232462814,0.010461971294987493,0.010461971294987493,0.024209660758943152,0.024209660758943152
shuffled_domain_rank,42,24.0,0.396709323583181,0.2722151287640546,0.8135283363802559,0.026283747907193223,0.002677598254069713,0.0746250000000001,0.43014705882352944,0.6213235294117647,0.9945155393053017,-0.007312614259597783,-0.007312614259597783,-0.00988096159989188,-0.00988096159989188,-0.009140767824497353,-0.009140767824497353,-4.2114988562005906e-05,4.2114988562005906e-05,-0.006082146352071327,-0.006082146352071327,0.011342013700119669,0.011342013700119669
shuffled_domain_rank,42,25.0,0.3875685557586837,0.27234757212245336,0.8117001828153565,0.026867626110310783,0.0029850746268655914,0.08400831696800337,0.4198895027624309,0.6114180478821363,0.9926873857404022,-0.01645338208409508,-0.01645338208409508,-0.009748518241493143,-0.009748518241493143,-0.010968921389396757,-0.010968921389396757,0.0005417632145555545,-0.0005417632145555545,-0.016339702413169843,-0.016339702413169843,0.0014365321704912226,0.0014365321704912226
shuffled_domain_rank,42,26.0,0.3857404021937843,0.26498348085781115,0.8354661791590493,0.026945280705730622,0.0029850746268655914,0.08041275917065395,0.42173112338858193,0.6114180478821363,0.9926873857404022,-0.018281535648994485,-0.018281535648994485,-0.017112609506135357,-0.017112609506135357,0.01279707495429605,0.01279707495429605,0.0006194178099753929,-0.0006194178099753929,-0.014498081787018835,-0.014498081787018835,0.0014365321704912226,0.0014365321704912226
shuffled_domain_rank,42,27.0,0.3912248628884826,0.27165221525859035,0.8281535648994516,0.02652386918427733,0.0028153370426185487,0.07350939011968437,0.4264705882352941,0.6066176470588235,0.9945155393053017,-0.012797074954296161,-0.012797074954296161,-0.01044387510535616,-0.01044387510535616,0.005484460694698323,0.005484460694698323,0.00019800628852210261,-0.00019800628852210261,-0.009758616940306664,-0.009758616940306664,-0.0033638686528215667,-0.0033638686528215667
shuffled_domain_rank,42,28.0,0.36745886654478976,0.2634056164679786,0.8226691042047533,0.02837214188348606,0.0033850655059881607,0.08767439024390256,0.4040590405904059,0.6033210332103321,0.9908592321755028,-0.036563071297989025,-0.036563071297989025,-0.018690473895967896,-0.018690473895967896,0.0,0.0,0.0020462789877308298,-0.0020462789877308298,-0.03217016458519484,-0.03217016458519484,-0.006660482501312903,-0.006660482501312903
shuffled_domain_rank,42,29.0,0.38391224862888484,0.2668268740016522,0.8281535648994516,0.028216493500142513,0.003028846153846354,0.08587457322551661,0.4162062615101289,0.5985267034990792,0.9926873857404022,-0.020109689213893944,-0.020109689213893944,-0.01526921636229428,-0.01526921636229428,0.005484460694698323,0.005484460694698323,0.001890630604387284,-0.001890630604387284,-0.02002294366547186,-0.02002294366547186,-0.011454812212565835,-0.011454812212565835
baseline_stats,7,,0.3930530164533821,0.2741203821928393,0.8171846435100548,0.025724376015088847,0.00262841224917143,0.08645000000000003,0.42988929889298894,0.6107011070110702,0.9908592321755028,0.0,0.0,0.0,0.0,0.0,0.0,0.0,-0.0,0.0,0.0,0.0,0.0
real_domain_rank,7,,0.4149908592321755,0.2818624856463805,0.8244972577696527,0.025171968059728614,0.0014962463200344223,0.07944411344429611,0.4530386740331492,0.6372007366482505,0.9926873857404022,0.021937842778793404,0.021937842778793404,0.007742103453541205,0.007742103453541205,0.007312614259597838,0.007312614259597838,-0.0005524079553602332,0.0005524079553602332,0.023149375140160244,0.023149375140160244,0.026499629637180333,0.026499629637180333
shuffled_domain_rank,7,0.0,0.4076782449725777,0.2807681995442786,0.8153564899451554,0.025013565510380264,0.0019275729223195565,0.07954129429149982,0.4446494464944649,0.6254612546125461,0.9908592321755028,0.014625228519195621,0.014625228519195621,0.006647817351439322,0.006647817351439322,-0.001828153564899404,-0.001828153564899404,-0.0007108105047085832,0.0007108105047085832,0.014760147601475981,0.014760147601475981,0.014760147601475926,0.014760147601475926
shuffled_domain_rank,7,1.0,0.40950639853747717,0.28692649913597107,0.8171846435100548,0.026530031857892853,0.0020000000000000018,0.07960216304347048,0.44649446494464945,0.6273062730627307,0.9908592321755028,0.01645338208409508,0.01645338208409508,0.012806116943131773,0.012806116943131773,0.0,0.0,0.000805655842804006,-0.000805655842804006,0.016605166051660514,0.016605166051660514,0.016605166051660514,0.016605166051660514
shuffled_domain_rank,7,2.0,0.41681901279707495,0.28930113135695923,0.8226691042047533,0.026062369213690387,0.0018551458446390001,0.08050000000000002,0.45471349353049906,0.6321626617375231,0.9890310786106032,0.023765996343692863,0.023765996343692863,0.015180749164119933,0.015180749164119933,0.005484460694698434,0.005484460694698434,0.0003379931986015397,-0.0003379931986015397,0.024824194637510122,0.024824194637510122,0.021461554726452947,0.021461554726452947
shuffled_domain_rank,7,3.0,0.38391224862888484,0.26906766073432736,0.8281535648994516,0.028319918953371524,0.0029850746268655914,0.08864486600421553,0.4198895027624309,0.6003683241252302,0.9926873857404022,-0.009140767824497242,-0.009140767824497242,-0.005052721458511933,-0.005052721458511933,0.010968921389396757,0.010968921389396757,0.0025955429382826765,-0.0025955429382826765,-0.009999796130558014,-0.009999796130558014,-0.010332782885839942,-0.010332782885839942
shuffled_domain_rank,7,4.0,0.4040219378427788,0.276626672824963,0.8190127970749543,0.026382596715019992,0.0023242754143170674,0.07993619963889981,0.4411764705882353,0.6213235294117647,0.9945155393053017,0.010968921389396702,0.010968921389396702,0.002506290632123709,0.002506290632123709,0.001828153564899515,0.001828153564899515,0.0006582206999311453,-0.0006582206999311453,0.011287171695246345,0.011287171695246345,0.010622422400694553,0.010622422400694553
shuffled_domain_rank,7,5.0,0.4186471663619744,0.2896048229892105,0.8043875685557587,0.025601705015261596,0.0014981231600171285,0.08014878464861817,0.45571955719557194,0.6291512915129152,0.9908592321755028,0.025594149908592323,0.025594149908592323,0.01548444079637118,0.01548444079637118,-0.012797074954296161,-0.012797074954296161,-0.00012267099982725058,0.00012267099982725058,0.02583025830258301,0.02583025830258301,0.01845018450184499,0.01845018450184499
shuffled_domain_rank,7,6.0,0.3930530164533821,0.2798492592104163,0.8208409506398537,0.026602209274088125,0.002483355898536155,0.08823355854046551,0.42830882352941174,0.6158088235294118,0.9945155393053017,0.0,0.0,0.0057288770175770165,0.0057288770175770165,0.003656307129798919,0.003656307129798919,0.0008778332589992784,-0.0008778332589992784,-0.001580475363577194,-0.001580475363577194,0.005107716518341632,0.005107716518341632
shuffled_domain_rank,7,7.0,0.40219378427787933,0.2835705111880417,0.8135283363802559,0.025426410680329005,0.00262841224917143,0.08019240506329121,0.4388888888888889,0.6111111111111112,0.9872029250457038,0.009140767824497242,0.009140767824497242,0.009450128995202423,0.009450128995202423,-0.003656307129798919,-0.003656307129798919,-0.0002979653347598421,0.0002979653347598421,0.008999589995899948,0.008999589995899948,0.00041000410004099486,0.00041000410004099486
shuffled_domain_rank,7,8.0,0.39488117001828155,0.2726502984308032,0.8171846435100548,0.029155060553089748,0.0026165601169002572,0.08813333333333327,0.429097605893186,0.6132596685082873,0.9926873857404022,0.0018281535648994596,0.0018281535648994596,-0.0014700837620361118,-0.0014700837620361118,0.0,0.0,0.0034306845380009006,-0.0034306845380009006,-0.0007916929998029176,-0.0007916929998029176,0.0025585614972171156,0.0025585614972171156
shuffled_domain_rank,7,9.0,0.43144424131627057,0.2921790292548725,0.8080438756855576,0.024011138731185468,0.0011813945429725026,0.06993563834496308,0.46494464944649444,0.6457564575645757,0.9908592321755028,0.038391224862888484,0.038391224862888484,0.018058647062033195,0.018058647062033195,-0.009140767824497242,-0.009140767824497242,-0.0017132372839033794,0.0017132372839033794,0.035055350553505504,0.035055350553505504,0.035055350553505504,0.035055350553505504
shuffled_domain_rank,7,10.0,0.40036563071297987,0.28311617401901845,0.8281535648994516,0.02404716802620189,0.002427716180867734,0.07599999999999996,0.43911439114391143,0.6125461254612546,0.9908592321755028,0.007312614259597783,0.007312614259597783,0.008995791826179156,0.008995791826179156,0.010968921389396757,0.010968921389396757,-0.0016772079888869584,0.0016772079888869584,0.009225092250922495,0.009225092250922495,0.0018450184501844769,0.0018450184501844769
shuffled_domain_rank,7,11.0,0.40219378427787933,0.2791342584432794,0.8171846435100548,0.026361513316825725,0.002471448446954183,0.08840813008130075,0.4411764705882353,0.6194852941176471,0.9945155393053017,0.009140767824497242,0.009140767824497242,0.005013876250440086,0.005013876250440086,0.0,0.0,0.000637137301736878,-0.000637137301736878,0.011287171695246345,0.011287171695246345,0.008784187106576913,0.008784187106576913
shuffled_domain_rank,7,12.0,0.42413162705667273,0.29094167485814776,0.8117001828153565,0.02485242171691544,0.001410174174767076,0.07599999999999996,0.4604051565377532,0.6445672191528545,0.9926873857404022,0.031078610603290646,0.031078610603290646,0.016821292665308463,0.016821292665308463,-0.005484460694698323,-0.005484460694698323,-0.0008719542981734073,0.0008719542981734073,0.030515857644764277,0.030515857644764277,0.033866112141784366,0.033866112141784366
shuffled_domain_rank,7,13.0,0.3875685557586837,0.267515582939097,0.8117001828153565,0.026731325259090274,0.0028153370426185487,0.07960216304347048,0.42435424354243545,0.6107011070110702,0.9908592321755028,-0.005484460694698379,-0.005484460694698379,-0.0066047992537422995,-0.0066047992537422995,-0.005484460694698323,-0.005484460694698323,0.0010069492440014267,-0.0010069492440014267,-0.005535055350553486,-0.005535055350553486,0.0,0.0
shuffled_domain_rank,7,14.0,0.4076782449725777,0.28639582551119774,0.8153564899451554,0.026458532158772356,0.002471448446954183,0.08762439024390256,0.43911439114391143,0.6199261992619927,0.9908592321755028,0.014625228519195621,0.014625228519195621,0.012275443318358448,0.012275443318358448,-0.001828153564899404,-0.001828153564899404,0.0007341561436835092,-0.0007341561436835092,0.009225092250922495,0.009225092250922495,0.009225092250922495,0.009225092250922495
shuffled_domain_rank,7,15.0,0.41681901279707495,0.28540420476791256,0.8153564899451554,0.025865303828233266,0.0016092670510620133,0.08483128350678015,0.45286506469500926,0.6303142329020333,0.9890310786106032,0.023765996343692863,0.023765996343692863,0.011283822575073266,0.011283822575073266,-0.001828153564899404,-0.001828153564899404,0.00014092781314441888,-0.00014092781314441888,0.02297576580202032,0.02297576580202032,0.01961312589096309,0.01961312589096309
shuffled_domain_rank,7,16.0,0.40219378427787933,0.2761522232214289,0.8117001828153565,0.026795166678331234,0.0019155316990164956,0.08439815515610229,0.4446494464944649,0.6328413284132841,0.9908592321755028,0.009140767824497242,0.009140767824497242,0.0020318410285896094,0.0020318410285896094,-0.005484460694698323,-0.005484460694698323,0.0010707906632423866,-0.0010707906632423866,0.014760147601475981,0.014760147601475981,0.022140221402213944,0.022140221402213944
shuffled_domain_rank,7,17.0,0.3820840950639854,0.2589340778745734,0.8208409506398537,0.026804280933303913,0.0033850655059881607,0.08645000000000003,0.41697416974169743,0.6088560885608856,0.9908592321755028,-0.010968921389396702,-0.010968921389396702,-0.015186304318265897,-0.015186304318265897,0.003656307129798919,0.003656307129798919,0.001079904918215066,-0.001079904918215066,-0.012915129151291505,-0.012915129151291505,-0.0018450184501845879,-0.0018450184501845879
shuffled_domain_rank,7,18.0,0.3857404021937843,0.26971209104925203,0.8190127970749543,0.028567163494965887,0.002560216310282304,0.09126661738927638,0.4280442804428044,0.6125461254612546,0.9908592321755028,-0.007312614259597783,-0.007312614259597783,-0.004408291143587262,-0.004408291143587262,0.001828153564899515,0.001828153564899515,0.0028427874798770403,-0.0028427874798770403,-0.0018450184501845324,-0.0018450184501845324,0.0018450184501844769,0.0018450184501844769
shuffled_domain_rank,7,19.0,0.4040219378427788,0.28051192318887436,0.8135283363802559,0.026268361264259264,0.002471448446954183,0.08564938505203401,0.43933823529411764,0.6176470588235294,0.9945155393053017,0.010968921389396702,0.010968921389396702,0.006391540996035061,0.006391540996035061,-0.003656307129798919,-0.003656307129798919,0.0005439852491704172,-0.0005439852491704172,0.009448936401128705,0.009448936401128705,0.006945951812459272,0.006945951812459272
shuffled_domain_rank,7,20.0,0.4040219378427788,0.283323602168228,0.8226691042047533,0.025623006189756735,0.002207125908577523,0.08002126378181307,0.44280442804428044,0.6273062730627307,0.9908592321755028,0.010968921389396702,0.010968921389396702,0.009203219975388699,0.009203219975388699,0.005484460694698434,0.005484460694698434,-0.00010136982533211214,0.00010136982533211214,0.012915129151291505,0.012915129151291505,0.016605166051660514,0.016605166051660514
shuffled_domain_rank,7,21.0,0.40585009140767825,0.2801802133898562,0.8171846435100548,0.026565824912928044,0.002416407971491452,0.08041275917065395,0.44567219152854515,0.6169429097605893,0.9926873857404022,0.012797074954296161,0.012797074954296161,0.006059831197016918,0.006059831197016918,0.0,0.0,0.0008414488978391969,-0.0008414488978391969,0.01578289263555621,0.01578289263555621,0.006241802749519132,0.006241802749519132
shuffled_domain_rank,7,22.0,0.41316270566727603,0.2819719313185238,0.8153564899451554,0.023869659731987864,0.0018292682926828174,0.07050000000000001,0.45286506469500926,0.6247689463955638,0.9890310786106032,0.020109689213893944,0.020109689213893944,0.007851549125684532,0.007851549125684532,-0.001828153564899404,-0.001828153564899404,-0.001854716283100983,0.001854716283100983,0.02297576580202032,0.02297576580202032,0.01406783938449363,0.01406783938449363
shuffled_domain_rank,7,23.0,0.39488117001828155,0.2765665446366747,0.8318098720292505,0.026058130506003988,0.0027777777777777124,0.07921078011096282,0.429097605893186,0.6151012891344383,0.9926873857404022,0.0018281535648994596,0.0018281535648994596,0.002446162443835387,0.002446162443835387,0.014625228519195677,0.014625228519195677,0.0003337544909151405,-0.0003337544909151405,-0.0007916929998029176,-0.0007916929998029176,0.004400182123368124,0.004400182123368124
shuffled_domain_rank,7,24.0,0.3930530164533821,0.2658172398807392,0.8226691042047533,0.026080069041490378,0.0024390243902440156,0.08728185117967345,0.43462246777163904,0.6206261510128913,0.9926873857404022,0.0,0.0,-0.008303142312100109,-0.008303142312100109,0.005484460694698434,0.005484460694698434,0.00035569302640153094,-0.00035569302640153094,0.004733168878650107,0.004733168878650107,0.009925044001821148,0.009925044001821148
shuffled_domain_rank,7,25.0,0.40585009140767825,0.27951572943595276,0.8208409506398537,0.02767777699231229,0.0024390243902440156,0.08640000000000002,0.43646408839779005,0.6298342541436464,0.9926873857404022,0.012797074954296161,0.012797074954296161,0.005395347243113469,0.005395347243113469,0.003656307129798919,0.003656307129798919,0.001953400977223442,-0.001953400977223442,0.006574789504801115,0.006574789504801115,0.01913314713257619,0.01913314713257619
shuffled_domain_rank,7,26.0,0.40036563071297987,0.273878563646126,0.8062157221206582,0.02551196782677456,0.0022321428571426827,0.07921078011096282,0.43462246777163904,0.6261510128913443,0.9926873857404022,0.007312614259597783,0.007312614259597783,-0.0002418185467132905,-0.0002418185467132905,-0.010968921389396646,-0.010968921389396646,-0.0002124081883142885,0.0002124081883142885,0.004733168878650107,0.004733168878650107,0.015449905880274173,0.015449905880274173
shuffled_domain_rank,7,27.0,0.39488117001828155,0.27701635137551417,0.8135283363802559,0.028389313129239944,0.0028366864349522736,0.08728292682926837,0.42385321100917434,0.5981651376146789,0.9963436928702011,0.0018281535648994596,0.0018281535648994596,0.0028959691826748735,0.0028959691826748735,-0.003656307129798919,-0.003656307129798919,0.0026649371141510975,-0.0026649371141510975,-0.0060360878838146,-0.0060360878838146,-0.012535969396391233,-0.012535969396391233
shuffled_domain_rank,7,28.0,0.4149908592321755,0.28303448352262855,0.8281535648994516,0.024693961990521943,0.0014999999999998348,0.08050000000000002,0.45286506469500926,0.6358595194085028,0.9890310786106032,0.021937842778793404,0.021937842778793404,0.008914101329789259,0.008914101329789259,0.010968921389396757,0.010968921389396757,-0.0010304140245669044,0.0010304140245669044,0.02297576580202032,0.02297576580202032,0.02515841239743266,0.02515841239743266
shuffled_domain_rank,7,29.0,0.40585009140767825,0.28748024801831296,0.8190127970749543,0.026266696087282933,0.0022242962382477693,0.08439815515610229,0.44280442804428044,0.6125461254612546,0.9908592321755028,0.012797074954296161,0.012797074954296161,0.01335986582547366,0.01335986582547366,0.001828153564899515,0.001828153564899515,0.0005423200721940864,-0.0005423200721940864,0.012915129151291505,0.012915129151291505,0.0018450184501844769,0.0018450184501844769
baseline_stats,123,,0.4424131627056673,0.3113796946919091,0.829981718464351,0.02372653812788965,0.0009259259259256636,0.07579999999999999,0.4732965009208103,0.6427255985267035,0.9926873857404022,0.0,0.0,0.0,0.0,0.0,0.0,0.0,-0.0,0.0,0.0,0.0,0.0
real_domain_rank,123,,0.44789762340036565,0.30816998425206404,0.8336380255941499,0.024321746952134623,0.0003893524335467635,0.07455000000000021,0.48523985239852396,0.6549815498154982,0.9908592321755028,0.005484460694698379,0.005484460694698379,-0.0032097104398450815,-0.0032097104398450815,0.003656307129798919,0.003656307129798919,0.0005952088242449742,-0.0005952088242449742,0.011943351477713637,0.011943351477713637,0.012255951288794642,0.012255951288794642
shuffled_domain_rank,123,0.0,0.42047531992687387,0.28964378694602727,0.829981718464351,0.026229210163228718,0.0018422070686609088,0.08468148848943552,0.45571955719557194,0.6291512915129152,0.9908592321755028,-0.021937842778793404,-0.021937842778793404,-0.021735907745881855,-0.021735907745881855,0.0,0.0,0.0025026720353390694,-0.0025026720353390694,-0.01757694372523838,-0.01757694372523838,-0.013574307013788367,-0.013574307013788367
shuffled_domain_rank,123,1.0,0.40950639853747717,0.28225054797855725,0.8263254113345521,0.026485684336954037,0.0024999999999999467,0.08050000000000002,0.4417744916820702,0.6229205175600739,0.9890310786106032,-0.032906764168190106,-0.032906764168190106,-0.029129146713351872,-0.029129146713351872,-0.003656307129798919,-0.003656307129798919,0.002759146209064388,-0.002759146209064388,-0.0315220092387401,-0.0315220092387401,-0.019805080966629585,-0.019805080966629585
shuffled_domain_rank,123,2.0,0.4149908592321755,0.2869797213710805,0.8244972577696527,0.025835172039388156,0.0018551458446390001,0.07921078011096282,0.44935543278084716,0.6408839779005525,0.9926873857404022,-0.027422303473491783,-0.027422303473491783,-0.024399973320828605,-0.024399973320828605,-0.005484460694698323,-0.005484460694698323,0.0021086339114985073,-0.0021086339114985073,-0.023941068139963162,-0.023941068139963162,-0.0018416206261510082,-0.0018416206261510082
shuffled_domain_rank,123,3.0,0.4369287020109689,0.3067779243398499,0.8281535648994516,0.024690599918344873,0.001000000000000112,0.08000000000000002,0.4731977818853974,0.6451016635859519,0.9890310786106032,-0.005484460694698379,-0.005484460694698379,-0.00460177035205922,-0.00460177035205922,-0.001828153564899404,-0.001828153564899404,0.0009640617904552243,-0.0009640617904552243,-9.871903541291971e-05,-9.871903541291971e-05,0.0023760650592483668,0.0023760650592483668
shuffled_domain_rank,123,4.0,0.42047531992687387,0.29166335157609086,0.8354661791590493,0.025600993631920154,0.0018422070686609088,0.07942462762483321,0.45387453874538747,0.6365313653136532,0.9908592321755028,-0.021937842778793404,-0.021937842778793404,-0.01971634311581827,-0.01971634311581827,0.005484460694698323,0.005484460694698323,0.0018744555040305054,-0.0018744555040305054,-0.019421962175422858,-0.019421962175422858,-0.006194233213050349,-0.006194233213050349
shuffled_domain_rank,123,5.0,0.4259597806215722,0.29257932242304024,0.8244972577696527,0.025887820725944803,0.0016092670510620133,0.07963847513870348,0.4602587800369686,0.6284658040665434,0.9890310786106032,-0.01645338208409508,-0.01645338208409508,-0.01880037226886888,-0.01880037226886888,-0.005484460694698323,-0.005484460694698323,0.0021612825980551545,-0.0021612825980551545,-0.013037720883841752,-0.013037720883841752,-0.014259794460160125,-0.014259794460160125
shuffled_domain_rank,123,6.0,0.4424131627056673,0.30363570682170304,0.8281535648994516,0.024007793563612538,0.0008273018154443257,0.0746805035808763,0.47697974217311234,0.6464088397790055,0.9926873857404022,0.0,0.0,-0.007743987870206082,-0.007743987870206082,-0.001828153564899404,-0.001828153564899404,0.0002812554357228894,-0.0002812554357228894,0.0036832412523020164,0.0036832412523020164,0.0036832412523020164,0.0036832412523020164
shuffled_domain_rank,123,7.0,0.4149908592321755,0.28421931420135277,0.8318098720292505,0.025299930388666427,0.002469512195121981,0.08045637958532699,0.44649446494464945,0.6328413284132841,0.9908592321755028,-0.027422303473491783,-0.027422303473491783,-0.027160380490556357,-0.027160380490556357,0.001828153564899515,0.001828153564899515,0.0015733922607767785,-0.0015733922607767785,-0.026802035976160876,-0.026802035976160876,-0.009884270113419413,-0.009884270113419413
shuffled_domain_rank,123,8.0,0.42778793418647165,0.2848221736510902,0.8244972577696527,0.023892237472383025,0.0018294290424713533,0.07525000000000012,0.45740740740740743,0.6351851851851852,0.9872029250457038,-0.014625228519195621,-0.014625228519195621,-0.026557521040818932,-0.026557521040818932,-0.005484460694698323,-0.005484460694698323,0.0001656993444933766,-0.0001656993444933766,-0.015889093513402897,-0.015889093513402897,-0.007540413341518337,-0.007540413341518337
shuffled_domain_rank,123,9.0,0.42778793418647165,0.2923483717714565,0.829981718464351,0.02474481734025871,0.0014981231600171285,0.07942462762483321,0.46309963099630996,0.6365313653136532,0.9908592321755028,-0.014625228519195621,-0.014625228519195621,-0.01903132292045262,-0.01903132292045262,0.0,0.0,0.0010182792123690602,-0.0010182792123690602,-0.010196869924500362,-0.010196869924500362,-0.006194233213050349,-0.006194233213050349
shuffled_domain_rank,123,10.0,0.4259597806215722,0.2944747347861606,0.829981718464351,0.02648620419930733,0.0014962463200344223,0.08050000000000002,0.4602587800369686,0.6321626617375231,0.9890310786106032,-0.01645338208409508,-0.01645338208409508,-0.01690495990574853,-0.01690495990574853,0.0,0.0,0.0027596660714176817,-0.0027596660714176817,-0.013037720883841752,-0.013037720883841752,-0.01056293678918041,-0.01056293678918041
shuffled_domain_rank,123,11.0,0.44972577696526506,0.3094065619170266,0.8482632541133455,0.024863075199282145,0.0009259259259256636,0.07700000000000005,0.4732965009208103,0.6464088397790055,0.9926873857404022,0.007312614259597783,0.007312614259597783,-0.0019731327748825356,-0.0019731327748825356,0.018281535648994485,0.018281535648994485,0.001136537071392496,-0.001136537071392496,0.0,0.0,0.0036832412523020164,0.0036832412523020164
shuffled_domain_rank,123,12.0,0.4369287020109689,0.30213891624313843,0.8244972577696527,0.023882923034552868,0.0007331069243852184,0.06971554181122856,0.4722222222222222,0.6481481481481481,0.9872029250457038,-0.005484460694698379,-0.005484460694698379,-0.009240778448770692,-0.009240778448770692,-0.005484460694698323,-0.005484460694698323,0.0001563849066632192,-0.0001563849066632192,-0.0010742786985881159,-0.0010742786985881159,0.005422549621444617,0.005422549621444617
shuffled_domain_rank,123,13.0,0.43327239488117003,0.2998127258366339,0.850091407678245,0.025286660654573464,0.0014182939362796798,0.08041275917065395,0.46408839779005523,0.6464088397790055,0.9926873857404022,-0.009140767824497242,-0.009140767824497242,-0.01156696885527525,-0.01156696885527525,0.020109689213894,0.020109689213894,0.0015601225266838152,-0.0015601225266838152,-0.009208103130755096,-0.009208103130755096,0.0036832412523020164,0.0036832412523020164
shuffled_domain_rank,123,14.0,0.4259597806215722,0.2869946460883794,0.8318098720292505,0.02498875889331681,0.0018292682926828174,0.08006379585326967,0.4602587800369686,0.6377079482439926,0.9890310786106032,-0.01645338208409508,-0.01645338208409508,-0.024385048603529746,-0.024385048603529746,0.001828153564899515,0.001828153564899515,0.0012622207654271606,-0.0012622207654271606,-0.013037720883841752,-0.013037720883841752,-0.00501765028271095,-0.00501765028271095
shuffled_domain_rank,123,15.0,0.4351005484460695,0.30942612253505614,0.8464351005484461,0.025042086668895895,0.0014116693496638577,0.08050000000000002,0.46950092421441775,0.6451016635859519,0.9890310786106032,-0.007312614259597783,-0.007312614259597783,-0.0019535721568529896,-0.0019535721568529896,0.01645338208409508,0.01645338208409508,0.0013155485410062465,-0.0013155485410062465,-0.0037955767063925783,-0.0037955767063925783,0.0023760650592483668,0.0023760650592483668
shuffled_domain_rank,123,16.0,0.43875685557586835,0.3004441004919353,0.8354661791590493,0.023576938878194932,0.0010000000000000009,0.06843127668992603,0.4749536178107607,0.6437847866419295,0.9853747714808044,-0.003656307129798919,-0.003656307129798919,-0.010935594199973808,-0.010935594199973808,0.005484460694698323,0.005484460694698323,-0.00014959924969471655,0.00014959924969471655,0.0016571168899503497,0.0016571168899503497,0.001059188115225984,0.001059188115225984
shuffled_domain_rank,123,17.0,0.4351005484460695,0.29883108415446724,0.8318098720292505,0.024281305436974127,0.001349728924171123,0.07440000000000005,0.4632352941176471,0.6415441176470589,0.9945155393053017,-0.007312614259597783,-0.007312614259597783,-0.012548610537441884,-0.012548610537441884,0.001828153564899515,0.001828153564899515,0.0005547673090844779,-0.0005547673090844779,-0.010061206803163247,-0.010061206803163247,-0.0011814808796446474,-0.0011814808796446474
shuffled_domain_rank,123,18.0,0.43144424131627057,0.29719908138650714,0.8244972577696527,0.023759564777350615,0.0014340843200080222,0.06993563834496308,0.46863468634686345,0.6420664206642066,0.9908592321755028,-0.010968921389396702,-0.010968921389396702,-0.01418061330540199,-0.01418061330540199,-0.005484460694698323,-0.005484460694698323,3.3026649460966145e-05,-3.3026649460966145e-05,-0.004661814573946876,-0.004661814573946876,-0.000659177862496918,-0.000659177862496918
shuffled_domain_rank,123,19.0,0.4369287020109689,0.2982238036869708,0.8354661791590493,0.02337593530712119,0.001410174174767076,0.07027127668992604,0.46593001841620624,0.6464088397790055,0.9926873857404022,-0.005484460694698379,-0.005484460694698379,-0.013155891004938303,-0.013155891004938303,0.005484460694698323,0.005484460694698323,-0.0003506028207684586,0.0003506028207684586,-0.007366482504604088,-0.007366482504604088,0.0036832412523020164,0.0036832412523020164
shuffled_domain_rank,123,20.0,0.42778793418647165,0.2916715733348874,0.8372943327239488,0.024925334038707475,0.0014340843200080222,0.08002126378181307,0.4612546125461255,0.6346863468634686,0.9908592321755028,-0.014625228519195621,-0.014625228519195621,-0.019708121357021713,-0.019708121357021713,0.007312614259597838,0.007312614259597838,0.0011987959108178264,-0.0011987959108178264,-0.01204188837468484,-0.01204188837468484,-0.008039251663234936,-0.008039251663234936
shuffled_domain_rank,123,21.0,0.453382084095064,0.3204144836404521,0.8336380255941499,0.022888270053690235,0.0003659278827063961,0.0675,0.48613678373382624,0.6598890942698706,0.9890310786106032,0.010968921389396702,0.010968921389396702,0.009034788948542982,0.009034788948542982,0.003656307129798919,0.003656307129798919,-0.0008382680741994136,0.0008382680741994136,0.012840282813015913,0.012840282813015913,0.017163495743167112,0.017163495743167112
shuffled_domain_rank,123,22.0,0.44424131627056673,0.3019542525437988,0.829981718464351,0.0235733272987466,0.0007954046410315607,0.07599999999999996,0.47697974217311234,0.6500920810313076,0.9926873857404022,0.0018281535648994596,0.0018281535648994596,-0.009425442148110308,-0.009425442148110308,0.0,0.0,-0.0001532108291430502,0.0001532108291430502,0.0036832412523020164,0.0036832412523020164,0.007366482504604033,0.007366482504604033
shuffled_domain_rank,123,23.0,0.43144424131627057,0.2914025738683213,0.8336380255941499,0.024028435567354827,0.0013264929901315448,0.0728996425197003,0.46691176470588236,0.6433823529411765,0.9945155393053017,-0.010968921389396702,-0.010968921389396702,-0.019977120823587824,-0.019977120823587824,0.003656307129798919,0.003656307129798919,0.0003018974394651784,-0.0003018974394651784,-0.006384736214927966,-0.006384736214927966,0.0006567544144729931,0.0006567544144729931
shuffled_domain_rank,123,24.0,0.4424131627056673,0.3050192083389098,0.8372943327239488,0.02411214803979729,0.0007954046410315607,0.07997873171035644,0.47882136279926335,0.6408839779005525,0.9926873857404022,0.0,0.0,-0.0063604863529993505,-0.0063604863529993505,0.007312614259597838,0.007312614259597838,0.0003856099119076417,-0.0003856099119076417,0.0055248618784530246,0.0055248618784530246,-0.0018416206261510082,-0.0018416206261510082
shuffled_domain_rank,123,25.0,0.4259597806215722,0.2982726314975503,0.8336380255941499,0.025837587681926878,0.0018235771757585395,0.08041275917065395,0.4548802946593002,0.6335174953959485,0.9926873857404022,-0.01645338208409508,-0.01645338208409508,-0.013107063194358837,-0.013107063194358837,0.003656307129798919,0.003656307129798919,0.0021110495540372295,-0.0021110495540372295,-0.018416206261510137,-0.018416206261510137,-0.009208103130755041,-0.009208103130755041
shuffled_domain_rank,123,26.0,0.4351005484460695,0.30242129924540756,0.8372943327239488,0.02440552299283952,0.0014340843200080222,0.0759,0.466789667896679,0.6328413284132841,0.9908592321755028,-0.007312614259597783,-0.007312614259597783,-0.008958395446501566,-0.008958395446501566,0.007312614259597838,0.007312614259597838,0.0006789848649498727,-0.0006789848649498727,-0.006506833024131353,-0.006506833024131353,-0.009884270113419413,-0.009884270113419413
shuffled_domain_rank,123,27.0,0.44424131627056673,0.30699097751326737,0.8318098720292505,0.022351694852263727,0.0006472491909383926,0.06746855182751069,0.477859778597786,0.6586715867158671,0.9908592321755028,0.0018281535648994596,0.0018281535648994596,-0.0043887171786417545,-0.0043887171786417545,0.001828153564899515,0.001828153564899515,-0.001374843275625922,0.001374843275625922,0.0045632776769756744,0.0045632776769756744,0.015945988189163596,0.015945988189163596
shuffled_domain_rank,123,28.0,0.4113345521023766,0.2790958913050652,0.8281535648994516,0.025123886638039754,0.001975917553393991,0.07921078011096282,0.44567219152854515,0.6316758747697975,0.9926873857404022,-0.031078610603290646,-0.031078610603290646,-0.032283803386843946,-0.032283803386843946,-0.001828153564899404,-0.001828153564899404,0.0013973485101501058,-0.0013973485101501058,-0.02762430939226518,-0.02762430939226518,-0.011049723756906049,-0.011049723756906049
shuffled_domain_rank,123,29.0,0.42047531992687387,0.2849999209623623,0.8409506398537477,0.02573603059646375,0.0014999999999998348,0.08041275917065395,0.4548802946593002,0.6353591160220995,0.9926873857404022,-0.021937842778793404,-0.021937842778793404,-0.026379773729546807,-0.026379773729546807,0.010968921389396757,0.010968921389396757,0.0020094924685741013,-0.0020094924685741013,-0.018416206261510137,-0.018416206261510137,-0.007366482504604033,-0.007366482504604033
baseline_stats,2024,,0.42413162705667273,0.2837635354472407,0.8171846435100548,0.024281272535596424,0.0014564992903521867,0.06450000000000009,0.4584103512014787,0.6377079482439926,0.9890310786106032,0.0,0.0,0.0,0.0,0.0,0.0,0.0,-0.0,0.0,0.0,0.0,0.0
real_domain_rank,2024,,0.4369287020109689,0.2936775179210371,0.8171846435100548,0.02375192390456977,0.0006708092077388761,0.06018851568014508,0.4722222222222222,0.6555555555555556,0.9872029250457038,0.012797074954296161,0.012797074954296161,0.009913982473796379,0.009913982473796379,0.0,0.0,-0.0005293486310266535,0.0005293486310266535,0.013811871020743494,0.013811871020743494,0.017847607311562985,0.017847607311562985
shuffled_domain_rank,2024,0.0,0.4259597806215722,0.2877871535813292,0.8372943327239488,0.024808630824734543,0.0018235771757585395,0.064498881586533,0.4585635359116022,0.6316758747697975,0.9926873857404022,0.0018281535648994596,0.0018281535648994596,0.004023618134088525,0.004023618134088525,0.020109689213894,0.020109689213894,0.0005273582891381183,-0.0005273582891381183,0.00015318471012348844,0.00015318471012348844,-0.006032073474195099,-0.006032073474195099
shuffled_domain_rank,2024,1.0,0.40950639853747717,0.27905474301091554,0.8098720292504571,0.026868849153721668,0.002640264381442603,0.08050000000000002,0.4399260628465804,0.6081330868761553,0.9890310786106032,-0.014625228519195566,-0.014625228519195566,-0.00470879243632516,-0.00470879243632516,-0.007312614259597727,-0.007312614259597727,0.002587576618125243,-0.002587576618125243,-0.018484288354898293,-0.018484288354898293,-0.02957486136783727,-0.02957486136783727
shuffled_domain_rank,2024,2.0,0.42413162705667273,0.28405845056958445,0.8171846435100548,0.023869807336487175,0.001958654747392985,0.06799000000000005,0.4540441176470588,0.6286764705882353,0.9945155393053017,0.0,0.0,0.00029491512234375294,0.00029491512234375294,0.0,0.0,-0.00041146519910924967,0.00041146519910924967,-0.004366233554419896,-0.004366233554419896,-0.009031477655757292,-0.009031477655757292
shuffled_domain_rank,2024,3.0,0.41681901279707495,0.28402840660962525,0.8190127970749543,0.02708161402125867,0.002570132190721275,0.084885579514825,0.44649446494464945,0.6107011070110702,0.9908592321755028,-0.007312614259597783,-0.007312614259597783,0.0002648711623845501,0.0002648711623845501,0.001828153564899515,0.001828153564899515,0.0028003414856622444,-0.0028003414856622444,-0.011915886256829267,-0.011915886256829267,-0.027006841232922407,-0.027006841232922407
shuffled_domain_rank,2024,4.0,0.4351005484460695,0.2917329647205808,0.8117001828153565,0.024215528681620642,0.0014981231600171285,0.06304900181488206,0.46863468634686345,0.6309963099630996,0.9908592321755028,0.010968921389396757,0.010968921389396757,0.0079694292733401,0.0079694292733401,-0.005484460694698323,-0.005484460694698323,-6.57438539757825e-05,6.57438539757825e-05,0.010224335145384733,0.010224335145384733,-0.00671163828089294,-0.00671163828089294
shuffled_domain_rank,2024,5.0,0.40585009140767825,0.27956637771794907,0.8080438756855576,0.02837703402075888,0.002714932126696823,0.08849430894308938,0.43462246777163904,0.6114180478821363,0.9926873857404022,-0.018281535648994485,-0.018281535648994485,-0.004197157729291634,-0.004197157729291634,-0.009140767824497242,-0.009140767824497242,0.004095761485162455,-0.004095761485162455,-0.023787883429839674,-0.023787883429839674,-0.0262899003618563,-0.0262899003618563
shuffled_domain_rank,2024,6.0,0.40585009140767825,0.2796408834323526,0.8226691042047533,0.026903127423947862,0.002341911325624113,0.08488544176886047,0.4388888888888889,0.6259259259259259,0.9872029250457038,-0.018281535648994485,-0.018281535648994485,-0.004122652014888095,-0.004122652014888095,0.005484460694698434,0.005484460694698434,0.0026218548883514374,-0.0026218548883514374,-0.019521462312589832,-0.019521462312589832,-0.011782022318066687,-0.011782022318066687
shuffled_domain_rank,2024,7.0,0.4351005484460695,0.2959807845733154,0.8190127970749543,0.023495471704124724,0.0014109217622154668,0.06975000000000016,0.46309963099630996,0.6346863468634686,0.9908592321755028,0.010968921389396757,0.010968921389396757,0.012217249126074692,0.012217249126074692,0.001828153564899515,0.001828153564899515,-0.0007858008314717002,0.0007858008314717002,0.004689279794831247,0.004689279794831247,-0.003021601380523986,-0.003021601380523986
shuffled_domain_rank,2024,8.0,0.42778793418647165,0.2815828763436748,0.8226691042047533,0.025788499911115904,0.0018422070686609088,0.07960216304347048,0.45571955719557194,0.6365313653136532,0.9908592321755028,0.003656307129798919,0.003656307129798919,-0.0021806591035659073,-0.0021806591035659073,0.005484460694698434,0.005484460694698434,0.00150722737551948,-0.00150722737551948,-0.0026907940059067714,-0.0026907940059067714,-0.0011765829303393982,-0.0011765829303393982
shuffled_domain_rank,2024,9.0,0.42413162705667273,0.2875802376810996,0.8372943327239488,0.02489347464590895,0.0021082248096763734,0.07487500000000012,0.45387453874538747,0.6273062730627307,0.9908592321755028,0.0,0.0,0.003816702233858882,0.003816702233858882,0.020109689213894,0.020109689213894,0.0006122021103125257,-0.0006122021103125257,-0.004535812456091248,-0.004535812456091248,-0.010401675181261893,-0.010401675181261893
shuffled_domain_rank,2024,10.0,0.43327239488117003,0.2908961793164699,0.8043875685557587,0.02497681020339069,0.001144641836787641,0.07725000000000011,0.466789667896679,0.6402214022140221,0.9908592321755028,0.009140767824497298,0.009140767824497298,0.007132643869229183,0.007132643869229183,-0.012797074954296161,-0.012797074954296161,0.0006955376677942639,-0.0006955376677942639,0.008379316695200256,0.008379316695200256,0.0025134539700295555,0.0025134539700295555
shuffled_domain_rank,2024,11.0,0.4149908592321755,0.281815174350039,0.8098720292504571,0.026521156639489007,0.002316428795422154,0.084885579514825,0.44649446494464945,0.6180811808118081,0.9908592321755028,-0.009140767824497242,-0.009140767824497242,-0.0019483610972017007,-0.0019483610972017007,-0.007312614259597727,-0.007312614259597727,0.002239884103892583,-0.002239884103892583,-0.011915886256829267,-0.011915886256829267,-0.0196267674321845,-0.0196267674321845
shuffled_domain_rank,2024,12.0,0.43144424131627057,0.2971729141238592,0.8062157221206582,0.023413328116617154,0.0014109217622154668,0.06750000000000009,0.4650735294117647,0.6378676470588235,0.9945155393053017,0.007312614259597838,0.007312614259597838,0.01340937867661851,0.01340937867661851,-0.010968921389396646,-0.010968921389396646,-0.0008679444189792704,0.0008679444189792704,0.006663178210286003,0.006663178210286003,0.00015969881483091086,0.00015969881483091086
shuffled_domain_rank,2024,13.0,0.43144424131627057,0.2994978605551912,0.8226691042047533,0.025730066165478908,0.0014532102474007491,0.07366979670656162,0.45940959409594095,0.6273062730627307,0.9908592321755028,0.007312614259597838,0.007312614259597838,0.015734325107950475,0.015734325107950475,0.005484460694698434,0.005484460694698434,0.0014487936298824833,-0.0014487936298824833,0.0009992428944622378,0.0009992428944622378,-0.010401675181261893,-0.010401675181261893
shuffled_domain_rank,2024,14.0,0.4424131627056673,0.2988054094926287,0.8117001828153565,0.02572027031170115,0.0009629629629628877,0.07206357694592988,0.4742647058823529,0.6360294117647058,0.9945155393053017,0.01828153564899454,0.01828153564899454,0.015041874045387982,0.015041874045387982,-0.005484460694698323,-0.005484460694698323,0.0014389977761047265,-0.0014389977761047265,0.015854354680874205,0.015854354680874205,-0.0016785364792867297,-0.0016785364792867297
shuffled_domain_rank,2024,15.0,0.4460694698354662,0.30110308376967604,0.8190127970749543,0.024451446777734778,0.0009102702308650401,0.06719120529152381,0.4742647058823529,0.6470588235294118,0.9945155393053017,0.02193784277879346,0.02193784277879346,0.01733954832243534,0.01733954832243534,0.001828153564899515,0.001828153564899515,0.00017017424213835314,-0.00017017424213835314,0.015854354680874205,0.015854354680874205,0.009350875285419225,0.009350875285419225
shuffled_domain_rank,2024,16.0,0.42047531992687387,0.28079066535180325,0.8318098720292505,0.025323132634758105,0.0019999999999998908,0.0695000000000001,0.44935543278084716,0.6261510128913443,0.9926873857404022,-0.0036563071297988636,-0.0036563071297988636,-0.002972870095437452,-0.002972870095437452,0.014625228519195677,0.014625228519195677,0.001041860099161681,-0.001041860099161681,-0.009054918420631553,-0.009054918420631553,-0.011556935352648234,-0.011556935352648234
shuffled_domain_rank,2024,17.0,0.43875685557586835,0.2900627097587019,0.8117001828153565,0.0225288000032859,0.0009259259259256636,0.06315789473684208,0.4713493530499076,0.6469500924214417,0.9890310786106032,0.014625228519195621,0.014625228519195621,0.006299174311461209,0.006299174311461209,-0.005484460694698323,-0.005484460694698323,-0.0017524725323105235,0.0017524725323105235,0.012939001848428888,0.012939001848428888,0.009242144177449174,0.009242144177449174
shuffled_domain_rank,2024,18.0,0.4460694698354662,0.29609745836202167,0.8190127970749543,0.02445246459725173,0.0006472491909383926,0.07294796706561413,0.4805914972273567,0.6524953789279113,0.9890310786106032,0.02193784277879346,0.02193784277879346,0.01233392291478097,0.01233392291478097,0.001828153564899515,0.001828153564899515,0.00017119206165530643,-0.00017119206165530643,0.022181146025878007,0.022181146025878007,0.014787430683918745,0.014787430683918745
shuffled_domain_rank,2024,19.0,0.4369287020109689,0.29509391608984253,0.8226691042047533,0.024143659292388785,0.0009259259259256636,0.06750000000000012,0.4713493530499076,0.6487985212569316,0.9890310786106032,0.012797074954296161,0.012797074954296161,0.011330380642601834,0.011330380642601834,0.005484460694698434,0.005484460694698434,-0.00013761324320763976,0.00013761324320763976,0.012939001848428888,0.012939001848428888,0.011090573012939031,0.011090573012939031
shuffled_domain_rank,2024,20.0,0.4149908592321755,0.2865050568789601,0.829981718464351,0.026014105136170373,0.002000000000000113,0.07750000000000001,0.4510166358595194,0.6229205175600739,0.9890310786106032,-0.009140767824497242,-0.009140767824497242,0.002741521431719407,0.002741521431719407,0.012797074954296161,0.012797074954296161,0.0017328326005739483,-0.0017328326005739483,-0.007393715341959317,-0.007393715341959317,-0.014787430683918634,-0.014787430683918634
shuffled_domain_rank,2024,21.0,0.42230347349177333,0.2878981031680864,0.8171846435100548,0.027148853162428266,0.0019999999999998908,0.08439829290206659,0.4530386740331492,0.6298342541436464,0.9926873857404022,-0.001828153564899404,-0.001828153564899404,0.004134567720845694,0.004134567720845694,0.0,0.0,0.0028675806268318414,-0.0028675806268318414,-0.005371677168329536,-0.005371677168329536,-0.007873694100346218,-0.007873694100346218
shuffled_domain_rank,2024,22.0,0.40950639853747717,0.2806603215475638,0.8244972577696527,0.025540464340677124,0.002241932149554815,0.08521039134134226,0.4411764705882353,0.6158088235294118,0.9945155393053017,-0.014625228519195566,-0.014625228519195566,-0.003103213899676882,-0.003103213899676882,0.007312614259597838,0.007312614259597838,0.0012591918050806998,-0.0012591918050806998,-0.017233880613243435,-0.017233880613243435,-0.021899124714580775,-0.021899124714580775
shuffled_domain_rank,2024,23.0,0.4351005484460695,0.29445436024791377,0.8226691042047533,0.024098300745496157,0.0013264929901315448,0.07487500000000012,0.46494464944649444,0.6291512915129152,0.9908592321755028,0.010968921389396757,0.010968921389396757,0.010690824800673071,0.010690824800673071,0.005484460694698434,0.005484460694698434,-0.00018297179010026698,0.00018297179010026698,0.006534298245015724,0.006534298245015724,-0.008556656731077417,-0.008556656731077417
shuffled_domain_rank,2024,24.0,0.4259597806215722,0.2885436407336251,0.8208409506398537,0.023926899933274345,0.0014962463200344223,0.06422710529350015,0.4585635359116022,0.6335174953959485,0.9926873857404022,0.0018281535648994596,0.0018281535648994596,0.004780105286384395,0.004780105286384395,0.003656307129798919,0.003656307129798919,-0.00035437260232207973,0.00035437260232207973,0.00015318471012348844,0.00015318471012348844,-0.004190452848044091,-0.004190452848044091
shuffled_domain_rank,2024,25.0,0.4149908592321755,0.2827654782756096,0.8226691042047533,0.024284302974977055,0.002471448446954183,0.07479479670656154,0.4483394833948339,0.6199261992619927,0.9908592321755028,-0.009140767824497242,-0.009140767824497242,-0.0009980571716310949,-0.0009980571716310949,0.005484460694698434,0.005484460694698434,3.03043938063019e-06,-3.03043938063019e-06,-0.01007086780664479,-0.01007086780664479,-0.017781748981999912,-0.017781748981999912
shuffled_domain_rank,2024,26.0,0.42047531992687387,0.28085015195871194,0.8098720292504571,0.025684210832853938,0.0018422070686609088,0.07861522997748482,0.45202952029520294,0.6236162361623616,0.9908592321755028,-0.0036563071297988636,-0.0036563071297988636,-0.0029133834885287646,-0.0029133834885287646,-0.007312614259597727,-0.007312614259597727,0.0014029382972575132,-0.0014029382972575132,-0.006380830906275781,-0.006380830906275781,-0.014091712081630958,-0.014091712081630958
shuffled_domain_rank,2024,27.0,0.4405850091407678,0.2911630680460509,0.8244972577696527,0.02390889083918904,0.0009102702308650401,0.06659999999999999,0.4742647058823529,0.6470588235294118,0.9945155393053017,0.01645338208409508,0.01645338208409508,0.00739953259881021,0.00739953259881021,0.007312614259597838,0.007312614259597838,-0.00037238169640738464,0.00037238169640738464,0.015854354680874205,0.015854354680874205,0.009350875285419225,0.009350875285419225
shuffled_domain_rank,2024,28.0,0.43327239488117003,0.28885259458082185,0.7970749542961609,0.025651607542482257,0.0014999999999998348,0.07222965034241736,0.4622467771639042,0.6261510128913443,0.9926873857404022,0.009140767824497298,0.009140767824497298,0.005089059133581153,0.005089059133581153,-0.02010968921389389,-0.02010968921389389,0.0013703350068858325,-0.0013703350068858325,0.003836425962425505,0.003836425962425505,-0.011556935352648234,-0.011556935352648234
shuffled_domain_rank,2024,29.0,0.4351005484460695,0.2918658637741148,0.8153564899451554,0.023694067839942157,0.0011076047997504168,0.06768563834496315,0.4685185185185185,0.6407407407407407,0.9872029250457038,0.010968921389396757,0.010968921389396757,0.008102328326874075,0.008102328326874075,-0.001828153564899404,-0.001828153564899404,-0.0005872046956542677,0.0005872046956542677,0.010108167317039785,0.010108167317039785,0.003032792496748149,0.003032792496748149
baseline_stats,11,,0.4113345521023766,0.2761139934392214,0.8153564899451554,0.02526472651465908,0.002427716180867734,0.07767753541863738,0.45,0.6222222222222222,0.9872029250457038,0.0,0.0,0.0,0.0,0.0,0.0,0.0,-0.0,0.0,0.0,0.0,0.0
real_domain_rank,11,,0.40950639853747717,0.27674153167487625,0.793418647166362,0.024926931128962243,0.0021082248096764844,0.07767753541863738,0.44814814814814813,0.6148148148148148,0.9872029250457038,-0.0018281535648994596,-0.0018281535648994596,0.0006275382356548675,0.0006275382356548675,-0.021937842778793404,-0.021937842778793404,-0.0003377953856968374,0.0003377953856968374,-0.0018518518518518823,-0.0018518518518518823,-0.007407407407407418,-0.007407407407407418
shuffled_domain_rank,11,0.0,0.396709323583181,0.2669290559158936,0.8062157221206582,0.02641293739691599,0.002813772676786508,0.07892028334909869,0.429097605893186,0.6040515653775322,0.9926873857404022,-0.014625228519195621,-0.014625228519195621,-0.009184937523327774,-0.009184937523327774,-0.009140767824497242,-0.009140767824497242,0.00114821088225691,-0.00114821088225691,-0.020902394106813993,-0.020902394106813993,-0.018170656844689992,-0.018170656844689992
shuffled_domain_rank,11,1.0,0.42047531992687387,0.28368421621818246,0.7897623400365631,0.023375230616616394,0.0018292682926828174,0.07000000000000006,0.4602587800369686,0.6321626617375231,0.9890310786106032,0.009140767824497242,0.009140767824497242,0.007570222778961078,0.007570222778961078,-0.025594149908592323,-0.025594149908592323,-0.0018894958980426868,0.0018894958980426868,0.010258780036968562,0.010258780036968562,0.00994043951530088,0.00994043951530088
shuffled_domain_rank,11,2.0,0.4149908592321755,0.2813640288085867,0.793418647166362,0.02271953308857332,0.0018982688930154895,0.06217785843920159,0.45555555555555555,0.6333333333333333,0.9872029250457038,0.0036563071297988636,0.0036563071297988636,0.005250035369365302,0.005250035369365302,-0.021937842778793404,-0.021937842778793404,-0.0025451934260857616,0.0025451934260857616,0.005555555555555536,0.005555555555555536,0.011111111111111072,0.011111111111111072
shuffled_domain_rank,11,3.0,0.3930530164533821,0.2616569983358562,0.8025594149908593,0.02537340427621139,0.002640264381442603,0.07750000000000001,0.43068391866913125,0.6062846580406654,0.9890310786106032,-0.01828153564899454,-0.01828153564899454,-0.014456995103365178,-0.014456995103365178,-0.012797074954296161,-0.012797074954296161,0.0001086777615523088,-0.0001086777615523088,-0.019316081330868762,-0.019316081330868762,-0.015937564181556785,-0.015937564181556785
shuffled_domain_rank,11,4.0,0.38391224862888484,0.2612812573338889,0.8062157221206582,0.027405586033653406,0.003567906452521641,0.08434999999999993,0.4172794117647059,0.5974264705882353,0.9945155393053017,-0.027422303473491783,-0.027422303473491783,-0.014832736105332478,-0.014832736105332478,-0.009140767824497242,-0.009140767824497242,0.002140859518994325,-0.002140859518994325,-0.03272058823529411,-0.03272058823529411,-0.02479575163398695,-0.02479575163398695
shuffled_domain_rank,11,5.0,0.40585009140767825,0.2647471822770248,0.8080438756855576,0.02404272287429974,0.002427716180867734,0.06449944079326654,0.44280442804428044,0.6199261992619927,0.9908592321755028,-0.005484460694698379,-0.005484460694698379,-0.011366811162196566,-0.011366811162196566,-0.007312614259597838,-0.007312614259597838,-0.0012220036403593412,0.0012220036403593412,-0.007195571955719571,-0.007195571955719571,-0.002296022960229571,-0.002296022960229571
shuffled_domain_rank,11,6.0,0.4076782449725777,0.2730655053581348,0.8025594149908593,0.024178708971570654,0.0020000000000000018,0.06975000000000016,0.4446494464944649,0.6125461254612546,0.9908592321755028,-0.003656307129798919,-0.003656307129798919,-0.0030484880810865977,-0.0030484880810865977,-0.012797074954296161,-0.012797074954296161,-0.0010860175430884265,0.0010860175430884265,-0.005350553505535094,-0.005350553505535094,-0.00967609676096759,-0.00967609676096759
shuffled_domain_rank,11,7.0,0.39853747714808047,0.2627906928133657,0.8135283363802559,0.0245312906124595,0.002427716180867734,0.07366979670656162,0.43726937269372695,0.6180811808118081,0.9908592321755028,-0.012797074954296161,-0.012797074954296161,-0.013323300625855683,-0.013323300625855683,-0.001828153564899515,-0.001828153564899515,-0.00073343590219958,0.00073343590219958,-0.012730627306273057,-0.012730627306273057,-0.004141041410414159,-0.004141041410414159
shuffled_domain_rank,11,8.0,0.39853747714808047,0.27219458269574576,0.8190127970749543,0.02773245544745712,0.0028169014084505895,0.08864486600421553,0.43462246777163904,0.5966850828729282,0.9926873857404022,-0.012797074954296161,-0.012797074954296161,-0.0039194107434756265,-0.0039194107434756265,0.003656307129798919,0.003656307129798919,0.002467728932798039,-0.002467728932798039,-0.015377532228360968,-0.015377532228360968,-0.025537139349294025,-0.025537139349294025
shuffled_domain_rank,11,9.0,0.4113345521023766,0.2692521085279808,0.7897623400365631,0.024039149596271143,0.0024999999999999467,0.06202245425475925,0.44567219152854515,0.6132596685082873,0.9926873857404022,0.0,0.0,-0.006861884911240568,-0.006861884911240568,-0.025594149908592323,-0.025594149908592323,-0.0012255769183879377,0.0012255769183879377,-0.004327808471454864,-0.004327808471454864,-0.008962553713934951,-0.008962553713934951
shuffled_domain_rank,11,10.0,0.40950639853747717,0.2809138612710041,0.7989031078610603,0.024684179183436718,0.002416407971491452,0.07892028334909869,0.4438305709023941,0.6169429097605893,0.9926873857404022,-0.0018281535648994596,-0.0018281535648994596,0.0047998678317827115,0.0047998678317827115,-0.01645338208409508,-0.01645338208409508,-0.0005805473312223627,0.0005805473312223627,-0.006169429097605927,-0.006169429097605927,-0.0052793124616329345,-0.0052793124616329345
shuffled_domain_rank,11,11.0,0.41681901279707495,0.27440037451717364,0.8080438756855576,0.024624115915377283,0.0019999999999998908,0.07294796706561413,0.4510166358595194,0.6284658040665434,0.9890310786106032,0.005484460694698323,0.005484460694698323,-0.0017136189220477438,-0.0017136189220477438,-0.007312614259597838,-0.007312614259597838,-0.0006406105992817976,0.0006406105992817976,0.001016635859519388,0.001016635859519388,0.006243581844321167,0.006243581844321167
shuffled_domain_rank,11,12.0,0.40585009140767825,0.27696767561990715,0.7970749542961609,0.02519927051398168,0.0025038725036643505,0.07956585094823745,0.44014732965009207,0.6114180478821363,0.9926873857404022,-0.005484460694698379,-0.005484460694698379,0.0008536821806857664,0.0008536821806857664,-0.018281535648994485,-0.018281535648994485,-6.545600067740104e-05,6.545600067740104e-05,-0.009852670349907944,-0.009852670349907944,-0.010804174340085959,-0.010804174340085959
shuffled_domain_rank,11,13.0,0.4149908592321755,0.2792011196455972,0.8080438756855576,0.02380419371112687,0.0018551458446390001,0.06709909326424883,0.4530386740331492,0.6279926335174953,0.9926873857404022,0.0036563071297988636,0.0036563071297988636,0.003087126206375801,0.003087126206375801,-0.007312614259597838,-0.007312614259597838,-0.00146053280353221,0.00146053280353221,0.003038674033149169,0.003038674033149169,0.005770411295273115,0.005770411295273115
shuffled_domain_rank,11,14.0,0.4040219378427788,0.2754833361301581,0.7970749542961609,0.02528562540340667,0.0026165601169002572,0.0737500000000002,0.43807763401109057,0.609981515711645,0.9890310786106032,-0.007312614259597838,-0.007312614259597838,-0.0006306573090633094,-0.0006306573090633094,-0.018281535648994485,-0.018281535648994485,2.0898888747591243e-05,-2.0898888747591243e-05,-0.011922365988909445,-0.011922365988909445,-0.012240706510577182,-0.012240706510577182
shuffled_domain_rank,11,15.0,0.39853747714808047,0.26257831851680186,0.8117001828153565,0.024879347574147174,0.00279577522728211,0.07020000000000012,0.4317343173431734,0.6051660516605166,0.9908592321755028,-0.012797074954296161,-0.012797074954296161,-0.013535674922419527,-0.013535674922419527,-0.003656307129798919,-0.003656307129798919,-0.00038537894051190666,0.00038537894051190666,-0.0182656826568266,-0.0182656826568266,-0.017056170561705608,-0.017056170561705608
shuffled_domain_rank,11,16.0,0.4149908592321755,0.29533034911628736,0.8098720292504571,0.024130747517116007,0.001970695970695935,0.06425689655172431,0.45387453874538747,0.6309963099630996,0.9908592321755028,0.0036563071297988636,0.0036563071297988636,0.019216355677065977,0.019216355677065977,-0.005484460694698323,-0.005484460694698323,-0.0011339789975430732,0.0011339789975430732,0.003874538745387457,0.003874538745387457,0.008774087740877401,0.008774087740877401
shuffled_domain_rank,11,17.0,0.40036563071297987,0.27231548673162154,0.7970749542961609,0.024242323401760572,0.002640264381442603,0.06664841462008537,0.43646408839779005,0.6040515653775322,0.9926873857404022,-0.010968921389396757,-0.010968921389396757,-0.003798506707599847,-0.003798506707599847,-0.018281535648994485,-0.018281535648994485,-0.001022403112898508,0.001022403112898508,-0.01353591160220996,-0.01353591160220996,-0.018170656844689992,-0.018170656844689992
shuffled_domain_rank,11,18.0,0.40219378427787933,0.27497285714610137,0.793418647166362,0.023763900395782283,0.002469512195121981,0.06775000000000017,0.4425925925925926,0.6277777777777778,0.9872029250457038,-0.009140767824497298,-0.009140767824497298,-0.0011411362931200153,-0.0011411362931200153,-0.021937842778793404,-0.021937842778793404,-0.0015008261188767975,0.0015008261188767975,-0.007407407407407418,-0.007407407407407418,0.005555555555555536,0.005555555555555536
shuffled_domain_rank,11,19.0,0.39488117001828155,0.26624159270954917,0.7989031078610603,0.025134850020136434,0.00262841224917143,0.08045637958532699,0.42988929889298894,0.6143911439114391,0.9908592321755028,-0.01645338208409508,-0.01645338208409508,-0.009872400729672215,-0.009872400729672215,-0.01645338208409508,-0.01645338208409508,-0.00012987649452264605,0.00012987649452264605,-0.020110701107011075,-0.020110701107011075,-0.007831078310783113,-0.007831078310783113
shuffled_domain_rank,11,20.0,0.40219378427787933,0.2746379628267281,0.7952468007312614,0.02478024206977608,0.002469512195121981,0.06660000000000008,0.4338235294117647,0.6194852941176471,0.9945155393053017,-0.009140767824497298,-0.009140767824497298,-0.0014760306124932954,-0.0014760306124932954,-0.020109689213894,-0.020109689213894,-0.0004844844448829988,0.0004844844448829988,-0.016176470588235292,-0.016176470588235292,-0.0027369281045751537,-0.0027369281045751537
shuffled_domain_rank,11,21.0,0.4076782449725777,0.28031928194814665,0.8171846435100548,0.02330721886975467,0.002316428795422154,0.07767753541863738,0.44074074074074077,0.6203703703703703,0.9872029250457038,-0.003656307129798919,-0.003656307129798919,0.0042052885089252645,0.0042052885089252645,0.001828153564899404,0.001828153564899404,-0.001957507644904412,0.001957507644904412,-0.009259259259259245,-0.009259259259259245,-0.0018518518518518823,-0.0018518518518518823
shuffled_domain_rank,11,22.0,0.4113345521023766,0.27813226843248745,0.8007312614259597,0.02409050719524903,0.0019999999999998908,0.07050000000000001,0.4436229205175601,0.6247689463955638,0.9890310786106032,0.0,0.0,0.002018274993266067,0.002018274993266067,-0.014625228519195677,-0.014625228519195677,-0.0011742193194100511,0.0011742193194100511,-0.006377079482439929,-0.006377079482439929,0.0025467241733415635,0.0025467241733415635
shuffled_domain_rank,11,23.0,0.38391224862888484,0.2590687756397975,0.793418647166362,0.02525347217237745,0.003270131011976374,0.0737500000000002,0.4177449168207024,0.5970425138632163,0.9890310786106032,-0.027422303473491783,-0.027422303473491783,-0.017045217799423862,-0.017045217799423862,-0.021937842778793404,-0.021937842778793404,-1.125434228162886e-05,1.125434228162886e-05,-0.032255083179297594,-0.032255083179297594,-0.02517970835900596,-0.02517970835900596
shuffled_domain_rank,11,24.0,0.40585009140767825,0.27597178937715505,0.7952468007312614,0.02418248364916456,0.0024390243902440156,0.06750000000000012,0.4436229205175601,0.6173752310536045,0.9890310786106032,-0.005484460694698379,-0.005484460694698379,-0.00014220406206633118,-0.00014220406206633118,-0.020109689213894,-0.020109689213894,-0.0010822428654945204,0.0010822428654945204,-0.006377079482439929,-0.006377079482439929,-0.004846991168617754,-0.004846991168617754
shuffled_domain_rank,11,25.0,0.4040219378427788,0.2752987126450251,0.7952468007312614,0.024720981045854906,0.0026165601169002572,0.07750000000000001,0.4417744916820702,0.6173752310536045,0.9890310786106032,-0.007312614259597838,-0.007312614259597838,-0.0008152807941962936,-0.0008152807941962936,-0.020109689213894,-0.020109689213894,-0.0005437454688041743,0.0005437454688041743,-0.008225508317929786,-0.008225508317929786,-0.004846991168617754,-0.004846991168617754
shuffled_domain_rank,11,26.0,0.40950639853747717,0.277700137471074,0.7952468007312614,0.023990756379767143,0.002000000000000113,0.07365744263807235,0.44751381215469616,0.6169429097605893,0.9926873857404022,-0.0018281535648994596,-0.0018281535648994596,0.0015861440318526432,0.0015861440318526432,-0.020109689213894,-0.020109689213894,-0.0012739701348919372,0.0012739701348919372,-0.0024861878453038555,-0.0024861878453038555,-0.0052793124616329345,-0.0052793124616329345
shuffled_domain_rank,11,27.0,0.4186471663619744,0.28156832074676225,0.7989031078610603,0.024001198260662104,0.0018422070686609088,0.06447982787614571,0.45387453874538747,0.6236162361623616,0.9908592321755028,0.007312614259597783,0.007312614259597783,0.005454327307540863,0.005454327307540863,-0.01645338208409508,-0.01645338208409508,-0.001263528253996976,0.001263528253996976,0.003874538745387457,0.003874538745387457,0.0013940139401393825,0.0013940139401393825
shuffled_domain_rank,11,28.0,0.40219378427787933,0.2742291207947493,0.8043875685557587,0.02330749606145322,0.0024390243902440156,0.06202245425475925,0.44014732965009207,0.6187845303867403,0.9926873857404022,-0.009140767824497298,-0.009140767824497298,-0.0018848726444720687,-0.0018848726444720687,-0.010968921389396757,-0.010968921389396757,-0.001957230453205859,0.001957230453205859,-0.009852670349907944,-0.009852670349907944,-0.0034376918354819264,-0.0034376918354819264
shuffled_domain_rank,11,29.0,0.41316270566727603,0.28158252251026283,0.8062157221206582,0.023797503578586208,0.00219780219780219,0.07040000000000002,0.44567219152854515,0.6187845303867403,0.9926873857404022,0.001828153564899404,0.001828153564899404,0.00546852907104145,0.00546852907104145,-0.009140767824497242,-0.009140767824497242,-0.0014672229360728727,0.0014672229360728727,-0.004327808471454864,-0.004327808471454864,-0.0034376918354819264,-0.0034376918354819264
baseline_stats,99,,0.396709323583181,0.26272946115732454,0.8043875685557587,0.024233205075878016,0.002813772676786508,0.07050000000000001,0.4343807763401109,0.6155268022181146,0.9890310786106032,0.0,0.0,0.0,0.0,0.0,0.0,0.0,-0.0,0.0,0.0,0.0,0.0
real_domain_rank,99,,0.41681901279707495,0.2695420267121917,0.8098720292504571,0.022503164368661843,0.0016646341463413261,0.06480000000000015,0.45740740740740743,0.6314814814814815,0.9872029250457038,0.020109689213893944,0.020109689213893944,0.006812565554867145,0.006812565554867145,0.005484460694698434,0.005484460694698434,-0.0017300407072161732,0.0017300407072161732,0.02302663106729652,0.02302663106729652,0.01595467926336691,0.01595467926336691
shuffled_domain_rank,99,0.0,0.41681901279707495,0.27143777978989775,0.8244972577696527,0.02336742508383435,0.002469512195121981,0.07613439011968419,0.4485294117647059,0.6194852941176471,0.9945155393053017,0.020109689213893944,0.020109689213893944,0.008708318632573209,0.008708318632573209,0.020109689213894,0.020109689213894,-0.0008657799920436665,0.0008657799920436665,0.01414863542459499,0.01414863542459499,0.003958491899532457,0.003958491899532457
shuffled_domain_rank,99,1.0,0.4113345521023766,0.2687239840823249,0.8281535648994516,0.023327230358250874,0.0022687663957499105,0.0727031703590528,0.4483394833948339,0.6217712177121771,0.9908592321755028,0.014625228519195621,0.014625228519195621,0.005994522925000356,0.005994522925000356,0.02376599634369292,0.02376599634369292,-0.0009059747176271421,0.0009059747176271421,0.013958707054723019,0.013958707054723019,0.006244415494062516,0.006244415494062516
shuffled_domain_rank,99,2.0,0.40219378427787933,0.2671350602272013,0.8117001828153565,0.024471195941835288,0.0026165601169002572,0.07750000000000001,0.43807763401109057,0.6136783733826248,0.9890310786106032,0.005484460694698323,0.005484460694698323,0.004405599069876753,0.004405599069876753,0.007312614259597838,0.007312614259597838,0.0002379908659572716,-0.0002379908659572716,0.0036968576709796586,0.0036968576709796586,-0.001848428835489857,-0.001848428835489857
shuffled_domain_rank,99,3.0,0.42413162705667273,0.2801414857144728,0.8135283363802559,0.024715461635556525,0.0019999999999998908,0.0794586089948483,0.4567219152854512,0.6224677716390423,0.9926873857404022,0.027422303473491727,0.027422303473491727,0.017412024557148242,0.017412024557148242,0.009140767824497242,0.009140767824497242,0.00048225655967850875,-0.00048225655967850875,0.02234113894534029,0.02234113894534029,0.006940969420927701,0.006940969420927701
shuffled_domain_rank,99,4.0,0.40036563071297987,0.27162496715620255,0.8153564899451554,0.024664900264206945,0.002813772676786508,0.07891901056328271,0.4359925788497217,0.6066790352504638,0.9853747714808044,0.0036563071297988636,0.0036563071297988636,0.008895505998878006,0.008895505998878006,0.010968921389396757,0.010968921389396757,0.00043169518832892814,-0.00043169518832892814,0.0016118025096107935,0.0016118025096107935,-0.008847766967650772,-0.008847766967650772
shuffled_domain_rank,99,5.0,0.4113345521023766,0.2738272592766094,0.8080438756855576,0.02411804108602026,0.0022942489259518695,0.07569479670656148,0.44649446494464945,0.6180811808118081,0.9908592321755028,0.014625228519195621,0.014625228519195621,0.011097798119284852,0.011097798119284852,0.003656307129798919,0.003656307129798919,-0.00011516398985775625,0.00011516398985775625,0.012113688604538542,0.012113688604538542,0.0025543785936934515,0.0025543785936934515
shuffled_domain_rank,99,6.0,0.4369287020109689,0.2868449790813847,0.8208409506398537,0.02302822097532673,0.0008450095884179887,0.07438439011968426,0.47058823529411764,0.6341911764705882,0.9945155393053017,0.04021937842778789,0.04021937842778789,0.024115517924060137,0.024115517924060137,0.01645338208409508,0.01645338208409508,-0.0012049841005512853,0.0012049841005512853,0.03620745895400673,0.03620745895400673,0.01866437425247358,0.01866437425247358
shuffled_domain_rank,99,7.0,0.4113345521023766,0.2747787528762993,0.8098720292504571,0.024234430348162004,0.002427716180867734,0.07968100721016011,0.4444444444444444,0.6185185185185185,0.9872029250457038,0.014625228519195621,0.014625228519195621,0.012049291718974786,0.012049291718974786,0.005484460694698434,0.005484460694698434,1.2252722839875552e-06,-1.2252722839875552e-06,0.010063668104333512,0.010063668104333512,0.002991716300403846,0.002991716300403846
shuffled_domain_rank,99,8.0,0.4296160877513711,0.28469282858996164,0.8080438756855576,0.0229641872210255,0.001073505412369835,0.06935638344963008,0.4658040665434381,0.6451016635859519,0.9890310786106032,0.032906764168190106,0.032906764168190106,0.021963367432637104,0.021963367432637104,0.003656307129798919,0.003656307129798919,-0.001269017854852516,0.001269017854852516,0.03142329020332718,0.03142329020332718,0.02957486136783727,0.02957486136783727
shuffled_domain_rank,99,9.0,0.4296160877513711,0.28386517854499554,0.8208409506398537,0.023540891743275425,0.0014080164439876919,0.07700000000000005,0.4622467771639042,0.6335174953959485,0.9926873857404022,0.032906764168190106,0.032906764168190106,0.021135717387671005,0.021135717387671005,0.01645338208409508,0.01645338208409508,-0.0006923133326025913,0.0006923133326025913,0.027866000823793313,0.027866000823793313,0.01799069317783386,0.01799069317783386
shuffled_domain_rank,99,10.0,0.4149908592321755,0.2772898846723663,0.8098720292504571,0.023642574540148627,0.0019999999999998908,0.07294796706561413,0.4510166358595194,0.6247689463955638,0.9890310786106032,0.018281535648994485,0.018281535648994485,0.014560423515041776,0.014560423515041776,0.005484460694698434,0.005484460694698434,-0.0005906305357293896,0.0005906305357293896,0.01663585951940849,0.01663585951940849,0.009242144177449174,0.009242144177449174
shuffled_domain_rank,99,11.0,0.42230347349177333,0.27757061293311075,0.8153564899451554,0.02326106401913236,0.002216449619352856,0.07321936396541155,0.4567219152854512,0.6224677716390423,0.9926873857404022,0.025594149908592323,0.025594149908592323,0.01484115177578621,0.01484115177578621,0.010968921389396757,0.010968921389396757,-0.0009721410567456561,0.0009721410567456561,0.02234113894534029,0.02234113894534029,0.006940969420927701,0.006940969420927701
shuffled_domain_rank,99,12.0,0.42047531992687387,0.2837069671744003,0.8007312614259597,0.023153436185496052,0.0018292682926828174,0.06948510675970407,0.45640074211502785,0.62152133580705,0.9853747714808044,0.023765996343692863,0.023765996343692863,0.020977506017075764,0.020977506017075764,-0.003656307129798919,-0.003656307129798919,-0.0010797688903819644,0.0010797688903819644,0.02201996577491694,0.02201996577491694,0.0059945335889354245,0.0059945335889354245
shuffled_domain_rank,99,13.0,0.41681901279707495,0.2756662906830574,0.8135283363802559,0.02462030736760962,0.0020937500000000053,0.0727031703590528,0.45018450184501846,0.6180811808118081,0.9908592321755028,0.020109689213893944,0.020109689213893944,0.012936829525732885,0.012936829525732885,0.009140767824497242,0.009140767824497242,0.00038710229173160443,-0.00038710229173160443,0.01580372550490755,0.01580372550490755,0.0025543785936934515,0.0025543785936934515
shuffled_domain_rank,99,14.0,0.42230347349177333,0.2894933284695875,0.7989031078610603,0.023238157392305066,0.0016693511274735728,0.07820981720768981,0.4575645756457565,0.6291512915129152,0.9908592321755028,0.025594149908592323,0.025594149908592323,0.026763867312262934,0.026763867312262934,-0.005484460694698323,-0.005484460694698323,-0.0009950476835729506,0.0009950476835729506,0.02318379930564557,0.02318379930564557,0.013624489294800535,0.013624489294800535
shuffled_domain_rank,99,15.0,0.42413162705667273,0.2838730284606573,0.8117001828153565,0.02437502340567052,0.0018292682926828174,0.07300000000000009,0.4584103512014787,0.6210720887245841,0.9890310786106032,0.027422303473491727,0.027422303473491727,0.021143567303332778,0.021143567303332778,0.007312614259597838,0.007312614259597838,0.00014181832979250422,-0.00014181832979250422,0.02402957486136781,0.02402957486136781,0.00554528650646946,0.00554528650646946
shuffled_domain_rank,99,16.0,0.41681901279707495,0.2777135730861944,0.8098720292504571,0.024574866672871228,0.0020000000000000018,0.07869409855611699,0.45202952029520294,0.6217712177121771,0.9908592321755028,0.020109689213893944,0.020109689213893944,0.014984111928869837,0.014984111928869837,0.005484460694698434,0.005484460694698434,0.00034166159699321186,-0.00034166159699321186,0.017648743955092028,0.017648743955092028,0.006244415494062516,0.006244415494062516
shuffled_domain_rank,99,17.0,0.4259597806215722,0.2965560381921554,0.8208409506398537,0.023755383095890627,0.001975917553393991,0.07750000000000001,0.4565619223659889,0.6377079482439926,0.9890310786106032,0.029250457038391187,0.029250457038391187,0.033826577034830885,0.033826577034830885,0.01645338208409508,0.01645338208409508,-0.00047782197998738965,0.00047782197998738965,0.022181146025878007,0.022181146025878007,0.02218114602587795,0.02218114602587795
shuffled_domain_rank,99,18.0,0.40036563071297987,0.2634073334754885,0.8043875685557587,0.025167718042056895,0.002640264381442603,0.08032769502774072,0.43278084714548803,0.6132596685082873,0.9926873857404022,0.0036563071297988636,0.0036563071297988636,0.0006778723181639634,0.0006778723181639634,0.0,0.0,0.0009345129661788784,-0.0009345129661788784,-0.0015999291946228733,-0.0015999291946228733,-0.0022671337098273403,-0.0022671337098273403
shuffled_domain_rank,99,19.0,0.41316270566727603,0.2804361292496876,0.8117001828153565,0.025385316905892713,0.0018853301170373982,0.07968100721016011,0.45,0.6222222222222222,0.9872029250457038,0.016453382084095025,0.016453382084095025,0.017706668092363043,0.017706668092363043,0.007312614259597838,0.007312614259597838,0.0011521118300146967,-0.0011521118300146967,0.015619223659889103,0.015619223659889103,0.006695420004107611,0.006695420004107611
shuffled_domain_rank,99,20.0,0.42778793418647165,0.28246681029229453,0.8135283363802559,0.02344015480236743,0.00145395783484914,0.07340317035905282,0.46296296296296297,0.6277777777777778,0.9872029250457038,0.031078610603290646,0.031078610603290646,0.019737349134969995,0.019737349134969995,0.009140767824497242,0.009140767824497242,-0.0007930502735105857,0.0007930502735105857,0.028582186622852057,0.028582186622852057,0.012250975559663146,0.012250975559663146
shuffled_domain_rank,99,21.0,0.41681901279707495,0.270589509868932,0.8098720292504571,0.02346564444498539,0.0019999999999998908,0.07750000000000001,0.4565619223659889,0.634011090573013,0.9890310786106032,0.020109689213893944,0.020109689213893944,0.007860048711607448,0.007860048711607448,0.005484460694698434,0.005484460694698434,-0.0007675606308926268,0.0007675606308926268,0.022181146025878007,0.022181146025878007,0.01848428835489835,0.01848428835489835
shuffled_domain_rank,99,22.0,0.42413162705667273,0.28247044278314354,0.8007312614259597,0.02284134819927386,0.00145395783484914,0.07120000000000017,0.45740740740740743,0.6222222222222222,0.9872029250457038,0.027422303473491727,0.027422303473491727,0.019740981625819,0.019740981625819,-0.003656307129798919,-0.003656307129798919,-0.0013918568766041577,0.0013918568766041577,0.02302663106729652,0.02302663106729652,0.006695420004107611,0.006695420004107611
shuffled_domain_rank,99,23.0,0.42047531992687387,0.28384066081169407,0.8153564899451554,0.023368753611089203,0.001554633525530924,0.06720000000000012,0.45940959409594095,0.6236162361623616,0.9908592321755028,0.023765996343692863,0.023765996343692863,0.021111199654369528,0.021111199654369528,0.010968921389396757,0.010968921389396757,-0.0008644514647888138,0.0008644514647888138,0.025028817755830046,0.025028817755830046,0.008089433944246993,0.008089433944246993
shuffled_domain_rank,99,24.0,0.4076782449725777,0.2655931236871366,0.7915904936014625,0.023670453530219755,0.002427716180867734,0.07833373164963255,0.4462962962962963,0.6222222222222222,0.9872029250457038,0.010968921389396702,0.010968921389396702,0.002863662529812072,0.002863662529812072,-0.012797074954296161,-0.012797074954296161,-0.0005627515456582619,0.0005627515456582619,0.011915519956185394,0.011915519956185394,0.006695420004107611,0.006695420004107611
shuffled_domain_rank,99,25.0,0.41681901279707495,0.27399188656612566,0.8043875685557587,0.02279969780717434,0.0022242962382477693,0.06913929693217781,0.4483394833948339,0.6328413284132841,0.9908592321755028,0.020109689213893944,0.020109689213893944,0.011262425408801124,0.011262425408801124,0.0,0.0,-0.001433507268703678,0.001433507268703678,0.013958707054723019,0.013958707054723019,0.01731452619516949,0.01731452619516949
shuffled_domain_rank,99,26.0,0.42778793418647165,0.2852946486621294,0.7879341864716636,0.02406695994362655,0.0014116693496638577,0.07245837365249133,0.46593001841620624,0.6298342541436464,0.9926873857404022,0.031078610603290646,0.031078610603290646,0.02256518750480485,0.02256518750480485,-0.01645338208409508,-0.01645338208409508,-0.00016624513225146562,0.00016624513225146562,0.03154924207609533,0.03154924207609533,0.014307451925531733,0.014307451925531733
shuffled_domain_rank,99,27.0,0.4076782449725777,0.26679261003351834,0.8117001828153565,0.025530542006528916,0.002000000000000113,0.07750000000000001,0.4454713493530499,0.6247689463955638,0.9890310786106032,0.010968921389396702,0.010968921389396702,0.004063148876193801,0.004063148876193801,0.007312614259597838,0.007312614259597838,0.0012973369306508997,-0.0012973369306508997,0.011090573012938976,0.011090573012938976,0.009242144177449174,0.009242144177449174
shuffled_domain_rank,99,28.0,0.4186471663619744,0.27853573047690516,0.8080438756855576,0.025248104296509137,0.0020000000000000018,0.07954854206677592,0.45018450184501846,0.6236162361623616,0.9908592321755028,0.021937842778793404,0.021937842778793404,0.015806269319580624,0.015806269319580624,0.003656307129798919,0.003656307129798919,0.0010148992206311207,-0.0010148992206311207,0.01580372550490755,0.01580372550490755,0.008089433944246993,0.008089433944246993
shuffled_domain_rank,99,29.0,0.4149908592321755,0.2703057485446944,0.8117001828153565,0.024148943243103904,0.0019999999999998908,0.07963847513870348,0.4510166358595194,0.6229205175600739,0.9890310786106032,0.018281535648994485,0.018281535648994485,0.007576287387369873,0.007576287387369873,0.007312614259597838,0.007312614259597838,-8.426183277411223e-05,8.426183277411223e-05,0.01663585951940849,0.01663585951940849,0.007393715341959317,0.007393715341959317
baseline_stats,7777,,0.42778793418647165,0.28942249980971363,0.8208409506398537,0.025191132082342367,0.0014116693496638577,0.07599999999999996,0.4676524953789279,0.6247689463955638,0.9890310786106032,0.0,0.0,0.0,0.0,0.0,0.0,0.0,-0.0,0.0,0.0,0.0,0.0
real_domain_rank,7777,,0.44972577696526506,0.30381243148448234,0.8135283363802559,0.024589034638865363,0.0007954046410315607,0.06855530135516852,0.47697974217311234,0.6427255985267035,0.9926873857404022,0.021937842778793404,0.021937842778793404,0.014389931674768708,0.014389931674768708,-0.007312614259597838,-0.007312614259597838,-0.0006020974434770045,0.0006020974434770045,0.009327246794184452,0.009327246794184452,0.017956652131139728,0.017956652131139728
shuffled_domain_rank,7777,0.0,0.4259597806215722,0.2892760525944898,0.8354661791590493,0.024055799708682993,0.0017664149458614942,0.07015691503488901,0.4577205882352941,0.6305147058823529,0.9945155393053017,-0.0018281535648994596,-0.0018281535648994596,-0.00014644721522383275,-0.00014644721522383275,0.014625228519195566,0.014625228519195566,-0.0011353323736593736,0.0011353323736593736,-0.009931907143633789,-0.009931907143633789,0.005745759486789126,0.005745759486789126
shuffled_domain_rank,7777,1.0,0.3912248628884826,0.26123163138739186,0.8281535648994516,0.028562345965067164,0.0034999999999999476,0.09031546231546216,0.427255985267035,0.5930018416206262,0.9926873857404022,-0.036563071297989025,-0.036563071297989025,-0.02819086842232177,-0.02819086842232177,0.007312614259597838,0.007312614259597838,0.0033712138827247974,-0.0033712138827247974,-0.04039651011189288,-0.04039651011189288,-0.031767104774937605,-0.031767104774937605
shuffled_domain_rank,7777,2.0,0.43327239488117003,0.2878490445570061,0.8190127970749543,0.02610768784198727,0.00128928367357517,0.07027127668992604,0.4677716390423573,0.6390423572744015,0.9926873857404022,0.005484460694698379,0.005484460694698379,-0.001573455252707523,-0.001573455252707523,-0.001828153564899404,-0.001828153564899404,0.000916555759644902,-0.000916555759644902,0.00011914366342941074,0.00011914366342941074,0.014273410878837711,0.014273410878837711
shuffled_domain_rank,7777,3.0,0.42047531992687387,0.28753027571879586,0.8427787934186471,0.024187290924319038,0.0018264227342206785,0.06917074510466713,0.45571955719557194,0.6365313653136532,0.9908592321755028,-0.007312614259597783,-0.007312614259597783,-0.0018922240909177712,-0.0018922240909177712,0.021937842778793404,0.021937842778793404,-0.001003841158023329,0.001003841158023329,-0.011932938183355946,-0.011932938183355946,0.011762418918089379,0.011762418918089379
shuffled_domain_rank,7777,4.0,0.42230347349177333,0.2928664208051112,0.8226691042047533,0.024214964801121834,0.0018235771757585395,0.06987127668992607,0.4567219152854512,0.6261510128913443,0.9926873857404022,-0.005484460694698323,-0.005484460694698323,0.003443920995397587,0.003443920995397587,0.001828153564899515,0.001828153564899515,-0.000976167281220533,0.000976167281220533,-0.010930580093476694,-0.010930580093476694,0.0013820664957805429,0.0013820664957805429
shuffled_domain_rank,7777,5.0,0.42047531992687387,0.28483444273388453,0.8281535648994516,0.02731194947268242,0.0019999999999998908,0.08041275917065395,0.45119705340699817,0.6206261510128913,0.9926873857404022,-0.007312614259597783,-0.007312614259597783,-0.0045880570758290995,-0.0045880570758290995,0.007312614259597838,0.007312614259597838,0.0021208173903400525,-0.0021208173903400525,-0.01645544197192972,-0.01645544197192972,-0.004142795382672482,-0.004142795382672482
shuffled_domain_rank,7777,6.0,0.42047531992687387,0.2787143973001651,0.8135283363802559,0.026839278532854723,0.0018422070686609088,0.07936867592292068,0.4522058823529412,0.625,0.9945155393053017,-0.007312614259597783,-0.007312614259597783,-0.010708102509548512,-0.010708102509548512,-0.007312614259597838,-0.007312614259597838,0.0016481464505123562,-0.0016481464505123562,-0.01544661302598671,-0.01544661302598671,0.00023105360443620437,0.00023105360443620437
shuffled_domain_rank,7777,7.0,0.4186471663619744,0.2851306460273449,0.8135283363802559,0.028377131475044427,0.001975917553393991,0.08217914010421212,0.4565619223659889,0.6284658040665434,0.9890310786106032,-0.009140767824497242,-0.009140767824497242,-0.0042918537823687375,-0.0042918537823687375,-0.007312614259597838,-0.007312614259597838,0.0031859993927020602,-0.0031859993927020602,-0.011090573012938976,-0.011090573012938976,0.003696857670979603,0.003696857670979603
shuffled_domain_rank,7777,8.0,0.42778793418647165,0.2955431212691158,0.8153564899451554,0.026356657037837197,0.0014981231600171285,0.07599999999999996,0.4612546125461255,0.6273062730627307,0.9908592321755028,0.0,0.0,0.006120621459402176,0.006120621459402176,-0.005484460694698323,-0.005484460694698323,0.0011655249554948302,-0.0011655249554948302,-0.006397882832802404,-0.006397882832802404,0.0025373266671668837,0.0025373266671668837
shuffled_domain_rank,7777,9.0,0.42047531992687387,0.28673725199255196,0.8336380255941499,0.02713509614937763,0.0017092527159644488,0.08408502680542417,0.4604051565377532,0.6335174953959485,0.9926873857404022,-0.007312614259597783,-0.007312614259597783,-0.0026852478171616734,-0.0026852478171616734,0.012797074954296161,0.012797074954296161,0.0019439640670352622,-0.0019439640670352622,-0.0072473388411746775,-0.0072473388411746775,0.008748549000384687,0.008748549000384687
shuffled_domain_rank,7777,10.0,0.4076782449725777,0.2733029934913482,0.8208409506398537,0.02704844261820027,0.0019230769230770273,0.07997873171035644,0.44935543278084716,0.6206261510128913,0.9926873857404022,-0.020109689213893944,-0.020109689213893944,-0.01611950631836545,-0.01611950631836545,0.0,0.0,0.001857310535857904,-0.001857310535857904,-0.018297062598080727,-0.018297062598080727,-0.004142795382672482,-0.004142795382672482
shuffled_domain_rank,7777,11.0,0.42047531992687387,0.2881272466740092,0.8171846435100548,0.024780456368961534,0.0018761726078799223,0.07836740109359926,0.4522058823529412,0.625,0.9945155393053017,-0.007312614259597783,-0.007312614259597783,-0.001295253135704444,-0.001295253135704444,-0.003656307129798919,-0.003656307129798919,-0.0004106757133808328,0.0004106757133808328,-0.01544661302598671,-0.01544661302598671,0.00023105360443620437,0.00023105360443620437
shuffled_domain_rank,7777,12.0,0.43144424131627057,0.28616558628612004,0.8153564899451554,0.024879881484860946,0.0009259259259256636,0.06935638344963008,0.4658040665434381,0.6451016635859519,0.9890310786106032,0.003656307129798919,0.003656307129798919,-0.0032569135235935853,-0.0032569135235935853,-0.005484460694698323,-0.005484460694698323,-0.000311250597481421,0.000311250597481421,-0.0018484288354898015,-0.0018484288354898015,0.020332717190388094,0.020332717190388094
shuffled_domain_rank,7777,13.0,0.40950639853747717,0.27949572650881777,0.8263254113345521,0.026764128568546906,0.0019230769230770273,0.08050000000000002,0.44731977818853974,0.6173752310536045,0.9890310786106032,-0.018281535648994485,-0.018281535648994485,-0.009926773300895864,-0.009926773300895864,0.005484460694698323,0.005484460694698323,0.0015729964862045386,-0.0015729964862045386,-0.02033271719038815,-0.02033271719038815,-0.007393715341959317,-0.007393715341959317
shuffled_domain_rank,7777,14.0,0.4570383912248629,0.303861285580939,0.8135283363802559,0.023939316792471077,0.00019656149450120175,0.07035000000000002,0.49080882352941174,0.65625,0.9945155393053017,0.029250457038391242,0.029250457038391242,0.014438785771225371,0.014438785771225371,-0.007312614259597838,-0.007312614259597838,-0.00125181528987129,0.00125181528987129,0.02315632815048385,0.02315632815048385,0.031481053604436204,0.031481053604436204
shuffled_domain_rank,7777,15.0,0.42413162705667273,0.28955916493886086,0.8208409506398537,0.027359253380339614,0.0014999999999998348,0.07963847513870348,0.4584103512014787,0.6284658040665434,0.9890310786106032,-0.003656307129798919,-0.003656307129798919,0.00013666512914722873,0.00013666512914722873,0.0,0.0,0.002168121297997247,-0.002168121297997247,-0.009242144177449174,-0.009242144177449174,0.003696857670979603,0.003696857670979603
shuffled_domain_rank,7777,16.0,0.4351005484460695,0.28863021712697984,0.8336380255941499,0.0247065836628571,0.0008766138706849946,0.07735000000000006,0.470479704797048,0.6494464944649446,0.9908592321755028,0.007312614259597838,0.007312614259597838,-0.0007922826827337914,-0.0007922826827337914,0.012797074954296161,0.012797074954296161,-0.0004845484194852673,0.0004845484194852673,0.0028272094181200913,0.0028272094181200913,0.024677548069380828,0.024677548069380828
shuffled_domain_rank,7777,17.0,0.4186471663619744,0.28325567834926885,0.8226691042047533,0.024941111909405116,0.001975917553393991,0.07027127668992604,0.44935543278084716,0.6372007366482505,0.9926873857404022,-0.009140767824497242,-0.009140767824497242,-0.006166821460444782,-0.006166821460444782,0.001828153564899515,0.001828153564899515,-0.00025002017293725143,0.00025002017293725143,-0.018297062598080727,-0.018297062598080727,0.012431790252686703,0.012431790252686703
shuffled_domain_rank,7777,18.0,0.4460694698354662,0.3050368254222642,0.8244972577696527,0.022492632312502626,0.0007331069243852184,0.06720000000000022,0.474169741697417,0.6512915129151291,0.9908592321755028,0.01828153564899454,0.01828153564899454,0.01561432561255055,0.01561432561255055,0.003656307129798919,0.003656307129798919,-0.0026984997698397406,0.0026984997698397406,0.0065172463184891005,0.0065172463184891005,0.026522566519565305,0.026522566519565305
shuffled_domain_rank,7777,19.0,0.4296160877513711,0.290934457731397,0.8446069469835467,0.026240949293483192,0.0014999999999998348,0.07490000000000002,0.46593001841620624,0.6298342541436464,0.9926873857404022,0.0018281535648994596,0.0018281535648994596,0.001511957921683349,0.001511957921683349,0.02376599634369292,0.02376599634369292,0.001049817211140825,-0.001049817211140825,-0.001722476962721653,-0.001722476962721653,0.005065307748082559,0.005065307748082559
shuffled_domain_rank,7777,20.0,0.4351005484460695,0.2974631770431849,0.8171846435100548,0.026770589958980823,0.0009259259259256636,0.07599999999999996,0.4714548802946593,0.6500920810313076,0.9926873857404022,0.007312614259597838,0.007312614259597838,0.008040677233471294,0.008040677233471294,-0.003656307129798919,-0.003656307129798919,0.0015794578766384557,-0.0015794578766384557,0.003802384915731427,0.003802384915731427,0.02532313463574376,0.02532313463574376
shuffled_domain_rank,7777,21.0,0.44789762340036565,0.29700744542694907,0.8208409506398537,0.024816005130802843,0.0006472491909383926,0.07849131553554205,0.48250460405156537,0.6408839779005525,0.9926873857404022,0.020109689213894,0.020109689213894,0.007584945617235439,0.007584945617235439,0.0,0.0,-0.0003751269515395242,0.0003751269515395242,0.014852108672637476,0.014852108672637476,0.01611503150498872,0.01611503150498872
shuffled_domain_rank,7777,22.0,0.42778793418647165,0.29208539887169777,0.8244972577696527,0.025192669148722927,0.0016046263579821418,0.07735000000000006,0.4612546125461255,0.6328413284132841,0.9908592321755028,0.0,0.0,0.0026628990619841364,0.0026628990619841364,0.003656307129798919,0.003656307129798919,1.5370663805601426e-06,-1.5370663805601426e-06,-0.006397882832802404,-0.006397882832802404,0.008072382017720314,0.008072382017720314
shuffled_domain_rank,7777,23.0,0.42413162705667273,0.29231611086449794,0.8208409506398537,0.025343102618877733,0.0019230769230770273,0.07873914441942753,0.4565619223659889,0.6303142329020333,0.9890310786106032,-0.003656307129798919,-0.003656307129798919,0.0028936110547843064,0.0028936110547843064,0.0,0.0,0.00015197053653536602,-0.00015197053653536602,-0.011090573012938976,-0.011090573012938976,0.00554528650646946,0.00554528650646946
shuffled_domain_rank,7777,24.0,0.42778793418647165,0.28618834225168155,0.8354661791590493,0.025329175079228782,0.0016093433391143885,0.08002126378181307,0.4575645756457565,0.6439114391143912,0.9908592321755028,0.0,0.0,-0.0032341575580320803,-0.0032341575580320803,0.014625228519195566,0.014625228519195566,0.0001380429968864151,-0.0001380429968864151,-0.010087919733171413,-0.010087919733171413,0.019142492718827397,0.019142492718827397
shuffled_domain_rank,7777,25.0,0.40950639853747717,0.2672680481493211,0.8153564899451554,0.0291708970341588,0.002560216310282304,0.08104,0.44649446494464945,0.6107011070110702,0.9908592321755028,-0.018281535648994485,-0.018281535648994485,-0.022154451660392538,-0.022154451660392538,-0.005484460694698323,-0.005484460694698323,0.0039797649518164314,-0.0039797649518164314,-0.02115803043427844,-0.02115803043427844,-0.01406783938449363,-0.01406783938449363
shuffled_domain_rank,7777,26.0,0.4369287020109689,0.30049359103839485,0.8244972577696527,0.02505658281470816,0.0011181480550220835,0.07704999999999998,0.46691176470588236,0.6378676470588235,0.9945155393053017,0.009140767824497242,0.009140767824497242,0.011071091228681218,0.011071091228681218,0.003656307129798919,0.003656307129798919,-0.00013454926763420763,0.00013454926763420763,-0.000740730673045531,-0.000740730673045531,0.013098700663259688,0.013098700663259688
shuffled_domain_rank,7777,27.0,0.4424131627056673,0.30156249792199474,0.8208409506398537,0.023333031296892993,0.0008113532282379432,0.06900946841474105,0.47610294117647056,0.6452205882352942,0.9945155393053017,0.014625228519195621,0.014625228519195621,0.012139998112281114,0.012139998112281114,0.0,0.0,-0.0018581007854493736,0.0018581007854493736,0.008450445797542672,0.008450445797542672,0.02045164183973036,0.02045164183973036
shuffled_domain_rank,7777,28.0,0.44424131627056673,0.29914147668238716,0.8171846435100548,0.02207535088704582,0.0006472491909383926,0.06838510675970413,0.47697974217311234,0.6556169429097606,0.9926873857404022,0.01645338208409508,0.01645338208409508,0.009718976872673535,0.009718976872673535,-0.003656307129798919,-0.003656307129798919,-0.003115781195296548,0.003115781195296548,0.009327246794184452,0.009327246794184452,0.030847996514196785,0.030847996514196785
shuffled_domain_rank,7777,29.0,0.42413162705667273,0.2824117110959216,0.8208409506398537,0.026326916212723334,0.0014962463200344223,0.07997873171035644,0.4604051565377532,0.6390423572744015,0.9926873857404022,-0.003656307129798919,-0.003656307129798919,-0.0070107887137920155,-0.0070107887137920155,0.0,0.0,0.0011357841303809672,-0.0011357841303809672,-0.0072473388411746775,-0.0072473388411746775,0.014273410878837711,0.014273410878837711
baseline_stats,2025,,0.40950639853747717,0.2898852886941112,0.8208409506398537,0.024782985315149688,0.001975917553393991,0.08217914010421212,0.44731977818853974,0.6266173752310537,0.9890310786106032,0.0,0.0,0.0,0.0,0.0,0.0,0.0,-0.0,0.0,0.0,0.0,0.0
real_domain_rank,2025,,0.4424131627056673,0.2962749713828821,0.8226691042047533,0.02129303750151493,0.0006472491909383926,0.06557446885980092,0.47706422018348627,0.6568807339449542,0.9963436928702011,0.032906764168190106,0.032906764168190106,0.006389682688770937,0.006389682688770937,0.001828153564899515,0.001828153564899515,-0.003489947813634757,0.003489947813634757,0.029744441994946524,0.029744441994946524,0.030263358713900512,0.030263358713900512
shuffled_domain_rank,2025,0.0,0.42047531992687387,0.2916154938632633,0.8171846435100548,0.023587602301346218,0.0018264227342206785,0.07221357694592986,0.4540441176470588,0.6323529411764706,0.9945155393053017,0.010968921389396702,0.010968921389396702,0.0017302051691521214,0.0017302051691521214,-0.003656307129798919,-0.003656307129798919,-0.00119538301380347,0.00119538301380347,0.00672433945851908,0.00672433945851908,0.0057355659454169095,0.0057355659454169095
shuffled_domain_rank,2025,1.0,0.4351005484460695,0.2974830953510597,0.8263254113345521,0.02345583606328723,0.0006472491909383926,0.07265317035905282,0.477859778597786,0.6457564575645757,0.9908592321755028,0.025594149908592323,0.025594149908592323,0.007597806656948536,0.007597806656948536,0.005484460694698323,0.005484460694698323,-0.0013271492518624577,0.0013271492518624577,0.03054000040924626,0.03054000040924626,0.019139082333522017,0.019139082333522017
shuffled_domain_rank,2025,2.0,0.4186471663619744,0.2917405578352062,0.8171846435100548,0.02408389704082301,0.0018982688930154895,0.07637500000000003,0.4485294117647059,0.6213235294117647,0.9945155393053017,0.009140767824497242,0.009140767824497242,0.0018552691410950173,0.0018552691410950173,-0.003656307129798919,-0.003656307129798919,-0.0006990882743266764,0.0006990882743266764,0.001209633576166158,0.001209633576166158,-0.005293845819288934,-0.005293845819288934
shuffled_domain_rank,2025,3.0,0.41316270566727603,0.2804536822402877,0.8190127970749543,0.024763743176536554,0.0018982688930154895,0.08217914010421212,0.45036764705882354,0.6323529411764706,0.9945155393053017,0.0036563071297988636,0.0036563071297988636,-0.00943160645382346,-0.00943160645382346,-0.001828153564899404,-0.001828153564899404,-1.9242138613134036e-05,1.9242138613134036e-05,0.0030478688702837986,0.0030478688702837986,0.0057355659454169095,0.0057355659454169095
shuffled_domain_rank,2025,4.0,0.43327239488117003,0.29577611859721514,0.8062157221206582,0.022808272593472748,0.0008450095884179887,0.0675000000000001,0.47232472324723246,0.6476014760147601,0.9908592321755028,0.023765996343692863,0.023765996343692863,0.005890829903103967,0.005890829903103967,-0.014625228519195566,-0.014625228519195566,-0.0019747127216769404,0.0019747127216769404,0.025004945058692718,0.025004945058692718,0.020984100783706494,0.020984100783706494
shuffled_domain_rank,2025,5.0,0.4405850091407678,0.2930028818451604,0.8263254113345521,0.02249581343027074,0.0005204734545253831,0.06813000000000007,0.4797047970479705,0.6439114391143912,0.9908592321755028,0.031078610603290646,0.031078610603290646,0.0031175931510492028,0.0031175931510492028,0.005484460694698323,0.005484460694698323,-0.002287171884878949,0.002287171884878949,0.032385018859430736,0.032385018859430736,0.01729406388333754,0.01729406388333754
shuffled_domain_rank,2025,6.0,0.4351005484460695,0.2967598337787693,0.8117001828153565,0.021171243730499393,0.0006708092077388761,0.06202245425475925,0.47513812154696133,0.6427255985267035,0.9926873857404022,0.025594149908592323,0.025594149908592323,0.0068745450846581235,0.0068745450846581235,-0.009140767824497242,-0.009140767824497242,-0.003611741584650295,0.003611741584650295,0.027818343358421593,0.027818343358421593,0.01610822329564987,0.01610822329564987
shuffled_domain_rank,2025,7.0,0.43144424131627057,0.29464243162300746,0.8117001828153565,0.02339619565504699,0.0014962463200344223,0.0767500000000001,0.46408839779005523,0.6279926335174953,0.9926873857404022,0.021937842778793404,0.021937842778793404,0.004757142928896285,0.004757142928896285,-0.009140767824497242,-0.009140767824497242,-0.0013867896601026976,0.0013867896601026976,0.01676861960151549,0.01676861960151549,0.001375258286441694,0.001375258286441694
shuffled_domain_rank,2025,8.0,0.42047531992687387,0.2868697621072658,0.8117001828153565,0.024175795268820428,0.0014962463200344223,0.06987127668992607,0.4622467771639042,0.6372007366482505,0.9926873857404022,0.010968921389396702,0.010968921389396702,-0.003015526586845396,-0.003015526586845396,-0.009140767824497242,-0.009140767824497242,-0.0006071900463292604,0.0006071900463292604,0.01492699897536448,0.01492699897536448,0.010583361417196846,0.010583361417196846
shuffled_domain_rank,2025,9.0,0.41316270566727603,0.28343484502233335,0.8336380255941499,0.025437123104272902,0.0020000000000000573,0.08521039134134226,0.4485294117647059,0.6121323529411765,0.9945155393053017,0.0036563071297988636,0.0036563071297988636,-0.006450443671777828,-0.006450443671777828,0.012797074954296161,0.012797074954296161,0.0006541377891232138,-0.0006541377891232138,0.001209633576166158,0.001209633576166158,-0.014485022289877136,-0.014485022289877136
shuffled_domain_rank,2025,10.0,0.43144424131627057,0.295928079054578,0.8226691042047533,0.023039681256009383,0.0009102702308650401,0.06813000000000007,0.470479704797048,0.6439114391143912,0.9908592321755028,0.021937842778793404,0.021937842778793404,0.006042790360466843,0.006042790360466843,0.001828153564899515,0.001828153564899515,-0.0017433040591403048,0.0017433040591403048,0.02315992660850824,0.02315992660850824,0.01729406388333754,0.01729406388333754
shuffled_domain_rank,2025,11.0,0.40585009140767825,0.2800483593360463,0.8208409506398537,0.025140772143116864,0.0020000000000000573,0.07712500000000017,0.4446494464944649,0.6162361623616236,0.9908592321755028,-0.003656307129798919,-0.003656307129798919,-0.00983692935806485,-0.00983692935806485,0.0,0.0,0.0003577868279671763,-0.0003577868279671763,-0.0026703316940748234,-0.0026703316940748234,-0.010381212869430057,-0.010381212869430057
shuffled_domain_rank,2025,12.0,0.4259597806215722,0.2810706704699399,0.7879341864716636,0.02426732902930824,0.0015527566855482178,0.07295849187132494,0.4612546125461255,0.6365313653136532,0.9908592321755028,0.016453382084095025,0.016453382084095025,-0.008814618224171289,-0.008814618224171289,-0.03290676416819016,-0.03290676416819016,-0.0005156562858414475,0.0005156562858414475,0.013934834357585746,0.013934834357585746,0.009913990082599522,0.009913990082599522
shuffled_domain_rank,2025,13.0,0.43144424131627057,0.2884113475826502,0.8244972577696527,0.023194129980513453,0.0009259259259256636,0.07294796706561413,0.46950092421441775,0.6414048059149723,0.9890310786106032,0.021937842778793404,0.021937842778793404,-0.0014739411114609857,-0.0014739411114609857,0.003656307129798919,0.003656307129798919,-0.0015888553346362355,0.0015888553346362355,0.022181146025878007,0.022181146025878007,0.014787430683918634,0.014787430683918634
shuffled_domain_rank,2025,14.0,0.42778793418647165,0.2878854138010631,0.8263254113345521,0.02300202390183719,0.0014962463200344223,0.06799710365502137,0.4622467771639042,0.6372007366482505,0.9926873857404022,0.018281535648994485,0.018281535648994485,-0.0019998748930480925,-0.0019998748930480925,0.005484460694698323,0.005484460694698323,-0.0017809614133124964,0.0017809614133124964,0.01492699897536448,0.01492699897536448,0.010583361417196846,0.010583361417196846
shuffled_domain_rank,2025,15.0,0.4424131627056673,0.3070115049849405,0.8336380255941499,0.022732217412389875,0.0004082653495424693,0.0675,0.48154981549815495,0.6383763837638377,0.9908592321755028,0.032906764168190106,0.032906764168190106,0.017126216290829333,0.017126216290829333,0.012797074954296161,0.012797074954296161,-0.0020507679027598133,0.0020507679027598133,0.03423003730961521,0.03423003730961521,0.011759008532783999,0.011759008532783999
shuffled_domain_rank,2025,16.0,0.4113345521023766,0.28356600713906804,0.7970749542961609,0.026423847214218484,0.0019999999999999463,0.08201122609379097,0.4483394833948339,0.6162361623616236,0.9908592321755028,0.0018281535648994596,0.0018281535648994596,-0.0063192815550431325,-0.0063192815550431325,-0.023765996343692808,-0.023765996343692808,0.0016408618990687955,-0.0016408618990687955,0.0010197052062941858,0.0010197052062941858,-0.010381212869430057,-0.010381212869430057
shuffled_domain_rank,2025,17.0,0.4113345521023766,0.2751981512851078,0.8208409506398537,0.025239415959911353,0.0020000000000000018,0.07510000000000011,0.44403669724770645,0.6165137614678899,0.9963436928702011,0.0018281535648994596,0.0018281535648994596,-0.014687137409003403,-0.014687137409003403,0.0,0.0,0.0004564306447616649,-0.0004564306447616649,-0.003283080940833294,-0.003283080940833294,-0.01010361376316371,-0.01010361376316371
shuffled_domain_rank,2025,18.0,0.4405850091407678,0.29641110307079294,0.8098720292504571,0.022891906844369207,0.0005350410859554788,0.06750000000000009,0.4797794117647059,0.6470588235294118,0.9945155393053017,0.031078610603290646,0.031078610603290646,0.00652581437668176,0.00652581437668176,-0.010968921389396646,-0.010968921389396646,-0.0018910784707804815,0.0018910784707804815,0.03245963357616616,0.03245963357616616,0.020441448298358145,0.020441448298358145
shuffled_domain_rank,2025,19.0,0.43327239488117003,0.293003919201591,0.8190127970749543,0.021945953014770186,0.0009259259259256636,0.06654841462008537,0.4677716390423573,0.6482504604051565,0.9926873857404022,0.023765996343692863,0.023765996343692863,0.003118630507479847,0.003118630507479847,-0.001828153564899404,-0.001828153564899404,-0.0028370323003795023,0.0028370323003795023,0.02045186085381756,0.02045186085381756,0.021633085174102895,0.021633085174102895
shuffled_domain_rank,2025,20.0,0.42778793418647165,0.2999744813804087,0.8263254113345521,0.023861411362086582,0.00145395783484914,0.0798074162679428,0.4612546125461255,0.6402214022140221,0.9908592321755028,0.018281535648994485,0.018281535648994485,0.010089192686297543,0.010089192686297543,0.005484460694698323,0.005484460694698323,-0.000921573953063106,0.000921573953063106,0.013934834357585746,0.013934834357585746,0.013604026982968476,0.013604026982968476
shuffled_domain_rank,2025,21.0,0.4296160877513711,0.2908252077364744,0.8007312614259597,0.023020387696504566,0.0014962463200344223,0.07227127668992613,0.46593001841620624,0.6427255985267035,0.9926873857404022,0.020109689213893944,0.020109689213893944,0.0009399190423632353,0.0009399190423632353,-0.020109689213894,-0.020109689213894,-0.0017625976186451224,0.0017625976186451224,0.018610240227666497,0.018610240227666497,0.01610822329564987,0.01610822329564987
shuffled_domain_rank,2025,22.0,0.4424131627056673,0.3027833664279504,0.8226691042047533,0.022082549664073498,0.0006590291993386344,0.06915565548253201,0.4797794117647059,0.6544117647058824,0.9945155393053017,0.032906764168190106,0.032906764168190106,0.01289807773383922,0.01289807773383922,0.001828153564899515,0.001828153564899515,-0.0027004356510761905,0.0027004356510761905,0.03245963357616616,0.03245963357616616,0.027794389474828707,0.027794389474828707
shuffled_domain_rank,2025,23.0,0.38939670932358317,0.2644475439403554,0.8171846435100548,0.025776104181572747,0.0026864983281448263,0.08526454960342256,0.427255985267035,0.6022099447513812,0.9926873857404022,-0.020109689213894,-0.020109689213894,-0.025437744753755764,-0.025437744753755764,-0.003656307129798919,-0.003656307129798919,0.0009931188664230595,-0.0009931188664230595,-0.02006379292150473,-0.02006379292150473,-0.02440743047967242,-0.02440743047967242
shuffled_domain_rank,2025,24.0,0.42778793418647165,0.29567480079964903,0.8025594149908593,0.022393783399180762,0.001226037185624751,0.06686696644759611,0.46309963099630996,0.6457564575645757,0.9908592321755028,0.018281535648994485,0.018281535648994485,0.005789512105537853,0.005789512105537853,-0.018281535648994485,-0.018281535648994485,-0.0023892019159689262,0.0023892019159689262,0.015779852807770223,0.015779852807770223,0.019139082333522017,0.019139082333522017
shuffled_domain_rank,2025,25.0,0.42230347349177333,0.2826573258814573,0.8226691042047533,0.022408330841111157,0.001773857553396485,0.06746855182751069,0.45940959409594095,0.6383763837638377,0.9908592321755028,0.012797074954296161,0.012797074954296161,-0.007227962812653865,-0.007227962812653865,0.001828153564899515,0.001828153564899515,-0.002374654474038531,0.002374654474038531,0.012089815907401213,0.012089815907401213,0.011759008532783999,0.011759008532783999
shuffled_domain_rank,2025,26.0,0.4296160877513711,0.2943808787597826,0.8190127970749543,0.02447640527950463,0.00145395783484914,0.0737037213190363,0.466789667896679,0.6328413284132841,0.9908592321755028,0.020109689213893944,0.020109689213893944,0.0044955900656714065,0.0044955900656714065,-0.001828153564899404,-0.001828153564899404,-0.0003065800356450571,0.0003065800356450571,0.019469889708139232,0.019469889708139232,0.006223953182230457,0.006223953182230457
shuffled_domain_rank,2025,27.0,0.42413162705667273,0.2931089206095067,0.8117001828153565,0.02286206763489161,0.0014109217622154668,0.07325328857788624,0.46494464944649444,0.6420664206642066,0.9908592321755028,0.014625228519195566,0.014625228519195566,0.0032236319153955417,0.0032236319153955417,-0.009140767824497242,-0.009140767824497242,-0.0019209176802580767,0.0019209176802580767,0.0176248712579547,0.0176248712579547,0.015449045433152953,0.015449045433152953
shuffled_domain_rank,2025,28.0,0.3930530164533821,0.2691368061757284,0.8208409506398537,0.026027775421504667,0.002353219535000395,0.08167539807294848,0.42830882352941174,0.6213235294117647,0.9945155393053017,-0.01645338208409508,-0.01645338208409508,-0.020748482518382794,-0.020748482518382794,0.0,0.0,0.0012447901063549795,-0.0012447901063549795,-0.019010954659128,-0.019010954659128,-0.005293845819288934,-0.005293845819288934
shuffled_domain_rank,2025,29.0,0.42413162705667273,0.27765755898412275,0.8153564899451554,0.02192711173075095,0.001554633525530924,0.06900946841474105,0.45955882352941174,0.6452205882352942,0.9945155393053017,0.014625228519195566,0.014625228519195566,-0.012227729709988422,-0.012227729709988422,-0.005484460694698323,-0.005484460694698323,-0.0028558735843987396,0.0028558735843987396,0.012239045340872001,0.012239045340872001,0.018603213004240504,0.018603213004240504
baseline_stats,1,,0.3820840950639854,0.2661732835773493,0.8117001828153565,0.0266035655456633,0.0033850655059881607,0.08510207481718166,0.4216417910447761,0.5932835820895522,0.979890310786106,0.0,0.0,0.0,0.0,0.0,0.0,0.0,-0.0,0.0,0.0,0.0,0.0
real_domain_rank,1,,0.3875685557586837,0.2667557825970726,0.8117001828153565,0.02713742223286185,0.002813772676786508,0.0850650268054241,0.4322820037105751,0.6048237476808905,0.9853747714808044,0.005484460694698323,0.005484460694698323,0.0005824990197232927,0.0005824990197232927,0.0,0.0,0.0005338566871985508,-0.0005338566871985508,0.01064021266579901,0.01064021266579901,0.011540165591338303,0.011540165591338303
shuffled_domain_rank,1,0.0,0.38939670932358317,0.274755148599811,0.8226691042047533,0.0252170526302902,0.0027777777777777124,0.08015103668261574,0.4267161410018553,0.601113172541744,0.9853747714808044,0.007312614259597783,0.007312614259597783,0.008581865022461665,0.008581865022461665,0.010968921389396757,0.010968921389396757,-0.0013865129153730997,0.0013865129153730997,0.005074349957079172,0.005074349957079172,0.007829590452191781,0.007829590452191781
shuffled_domain_rank,1,1.0,0.3912248628884826,0.27008688776674783,0.8062157221206582,0.0274159021228233,0.0026165601169002572,0.08871111111111103,0.43042671614100186,0.6029684601113172,0.9853747714808044,0.009140767824497242,0.009140767824497242,0.003913604189398512,0.003913604189398512,-0.005484460694698323,-0.005484460694698323,0.0008123365771600007,-0.0008123365771600007,0.008784925096225749,0.008784925096225749,0.009684878021764987,0.009684878021764987
shuffled_domain_rank,1,2.0,0.38939670932358317,0.26780654836269296,0.8190127970749543,0.02691942618767132,0.0028267939217014315,0.08556100628930821,0.4275092936802974,0.6003717472118959,0.9835466179159049,0.007312614259597783,0.007312614259597783,0.0016332647853436466,0.0016332647853436466,0.007312614259597838,0.007312614259597838,0.0003158606420080208,-0.0003158606420080208,0.005867502635521271,0.005867502635521271,0.00708816512234367,0.00708816512234367
shuffled_domain_rank,1,3.0,0.40950639853747717,0.2818592483686823,0.7952468007312614,0.024162499088721298,0.0020000000000000018,0.07340317035905282,0.44814814814814813,0.6277777777777778,0.9872029250457038,0.027422303473491783,0.027422303473491783,0.015685964791332996,0.015685964791332996,-0.01645338208409508,-0.01645338208409508,-0.0024410664569420003,0.0024410664569420003,0.026506357103372014,0.026506357103372014,0.03449419568822554,0.03449419568822554
shuffled_domain_rank,1,4.0,0.37842778793418647,0.2654938367220867,0.8171846435100548,0.027893520739545062,0.003149488582911364,0.09011829836829836,0.4163568773234201,0.5966542750929368,0.9835466179159049,-0.003656307129798919,-0.003656307129798919,-0.000679446855262611,-0.000679446855262611,0.005484460694698323,0.005484460694698323,0.0012899551938817637,-0.0012899551938817637,-0.005284913721356033,-0.005284913721356033,0.0033706930033845506,0.0033706930033845506
shuffled_domain_rank,1,5.0,0.38939670932358317,0.2738843494657448,0.8153564899451554,0.026032296980928057,0.0028169014084507005,0.08297478312498256,0.4312267657992565,0.604089219330855,0.9835466179159049,0.007312614259597783,0.007312614259597783,0.007711065888395485,0.007711065888395485,0.003656307129798919,0.003656307129798919,-0.000571268564735241,0.000571268564735241,0.009584974754480391,0.009584974754480391,0.01080563724130279,0.01080563724130279
shuffled_domain_rank,1,6.0,0.39853747714808047,0.270618190949875,0.8153564899451554,0.025402070376918696,0.0026864983281448263,0.08217914010421212,0.4359925788497217,0.6103896103896104,0.9853747714808044,0.01645338208409508,0.01645338208409508,0.004444907372525675,0.004444907372525675,0.003656307129798919,0.003656307129798919,-0.001201495168744602,0.001201495168744602,0.014350787804945586,0.014350787804945586,0.01710602830005814,0.01710602830005814
shuffled_domain_rank,1,7.0,0.37842778793418647,0.2690355618756156,0.8153564899451554,0.027394656540723514,0.0035714285714284477,0.08519999999999996,0.41929499072356213,0.5899814471243042,0.9853747714808044,-0.003656307129798919,-0.003656307129798919,0.0028622782982662964,0.0028622782982662964,0.003656307129798919,0.003656307129798919,0.000791090995060216,-0.000791090995060216,-0.002346800321213982,-0.002346800321213982,-0.0033021349652480048,-0.0033021349652480048
shuffled_domain_rank,1,8.0,0.40036563071297987,0.2771062842994772,0.8263254113345521,0.025157725606145088,0.0026165601169002572,0.08022658227848108,0.4359925788497217,0.6066790352504638,0.9853747714808044,0.018281535648994485,0.018281535648994485,0.010933000722127884,0.010933000722127884,0.014625228519195566,0.014625228519195566,-0.0014458399395182106,0.0014458399395182106,0.014350787804945586,0.014350787804945586,0.013395453160911619,0.013395453160911619
shuffled_domain_rank,1,9.0,0.3930530164533821,0.27293218095060084,0.8263254113345521,0.025001956891429263,0.002560216310282304,0.0817993850520341,0.4312267657992565,0.6171003717472119,0.9835466179159049,0.010968921389396702,0.010968921389396702,0.006758897373251527,0.006758897373251527,0.014625228519195566,0.014625228519195566,-0.001601608654234036,0.001601608654234036,0.009584974754480391,0.009584974754480391,0.023816789657659654,0.023816789657659654
shuffled_domain_rank,1,10.0,0.36745886654478976,0.2585721179769565,0.8098720292504571,0.02726376694928654,0.004205263157894712,0.08654146341463416,0.4070631970260223,0.5892193308550185,0.9835466179159049,-0.014625228519195621,-0.014625228519195621,-0.007601165600392812,-0.007601165600392812,-0.001828153564899404,-0.001828153564899404,0.0006602014036232416,-0.0006602014036232416,-0.014578594018753832,-0.014578594018753832,-0.004064251234533689,-0.004064251234533689
shuffled_domain_rank,1,11.0,0.36745886654478976,0.25395426032438023,0.8208409506398537,0.02714894928272863,0.004289452724996812,0.08795543510990672,0.4007421150278293,0.5844155844155844,0.9853747714808044,-0.014625228519195621,-0.014625228519195621,-0.012219023252969086,-0.012219023252969086,0.009140767824497242,0.009140767824497242,0.0005453837370653324,-0.0005453837370653324,-0.02089967601694681,-0.02089967601694681,-0.008867997673967842,-0.008867997673967842
shuffled_domain_rank,1,12.0,0.3820840950639854,0.2581623335954157,0.8281535648994516,0.026944119040791005,0.003014423076923123,0.08543557951482485,0.4185185185185185,0.6055555555555555,0.9872029250457038,0.0,0.0,-0.008010949981933635,-0.008010949981933635,0.01645338208409508,0.01645338208409508,0.0003405534951277066,-0.0003405534951277066,-0.0031232725262576033,-0.0031232725262576033,0.012271973466003283,0.012271973466003283
shuffled_domain_rank,1,13.0,0.3930530164533821,0.2724103790018892,0.8244972577696527,0.026038807831799765,0.0025038725036643505,0.08795543510990672,0.4322820037105751,0.6122448979591837,0.9853747714808044,0.010968921389396702,0.010968921389396702,0.0062370954245398735,0.0062370954245398735,0.012797074954296161,0.012797074954296161,-0.0005647577138635333,0.0005647577138635333,0.01064021266579901,0.01064021266579901,0.018961315869631457,0.018961315869631457
shuffled_domain_rank,1,14.0,0.37842778793418647,0.26694926307309014,0.8062157221206582,0.028708200221134718,0.0035357142857141977,0.08859036434808795,0.41821561338289964,0.5929368029739777,0.9835466179159049,-0.003656307129798919,-0.003656307129798919,0.0007759794957408195,0.0007759794957408195,-0.005484460694698323,-0.005484460694698323,0.0021046346754714194,-0.0021046346754714194,-0.0034261776618764728,-0.0034261776618764728,-0.0003467791155745692,-0.0003467791155745692
shuffled_domain_rank,1,15.0,0.376599634369287,0.2625578650651458,0.8098720292504571,0.027033388637614657,0.003014423076923123,0.08556100628930821,0.4200743494423792,0.6059479553903345,0.9835466179159049,-0.005484460694698379,-0.005484460694698379,-0.0036154185122035387,-0.0036154185122035387,-0.001828153564899404,-0.001828153564899404,0.00042982309195135904,-0.00042982309195135904,-0.0015674416023969129,-0.0015674416023969129,0.012664373300782295,0.012664373300782295
shuffled_domain_rank,1,16.0,0.40219378427787933,0.2752697661662031,0.8043875685557587,0.025814490818953983,0.0024999999999999467,0.08493960003094075,0.437847866419295,0.614100185528757,0.9853747714808044,0.020109689213893944,0.020109689213893944,0.00909648258885376,0.00909648258885376,-0.007312614259597838,-0.007312614259597838,-0.000789074726709315,0.000789074726709315,0.016206075374518902,0.016206075374518902,0.020816603439204773,0.020816603439204773
shuffled_domain_rank,1,17.0,0.3857404021937843,0.26706364406221295,0.8226691042047533,0.025312836796609568,0.0028169014084508115,0.08006379585326967,0.42513863216266173,0.5988909426987061,0.9890310786106032,0.003656307129798919,0.003656307129798919,0.0008903604848636282,0.0008903604848636282,0.010968921389396757,0.010968921389396757,-0.0012907287490537302,0.0012907287490537302,0.0034968411178856185,0.0034968411178856185,0.0056073606091539,0.0056073606091539
shuffled_domain_rank,1,18.0,0.376599634369287,0.26287259647147426,0.8098720292504571,0.026914108234169093,0.003014423076923123,0.08877777777777773,0.4197761194029851,0.6044776119402985,0.979890310786106,-0.005484460694698379,-0.005484460694698379,-0.0033006871058750553,-0.0033006871058750553,-0.001828153564899404,-0.001828153564899404,0.0003105426885057945,-0.0003105426885057945,-0.0018656716417910224,-0.0018656716417910224,0.011194029850746245,0.011194029850746245
shuffled_domain_rank,1,19.0,0.38939670932358317,0.2739548158866288,0.8226691042047533,0.028011999209696093,0.003028846153846354,0.08857946401686242,0.4267161410018553,0.5992578849721707,0.9853747714808044,0.007312614259597783,0.007312614259597783,0.007781532309279471,0.007781532309279471,0.010968921389396757,0.010968921389396757,0.0014084336640327946,-0.0014084336640327946,0.005074349957079172,0.005074349957079172,0.005974302882618465,0.005974302882618465
shuffled_domain_rank,1,20.0,0.3875685557586837,0.27145278153220914,0.8117001828153565,0.028756607452141984,0.002813772676786508,0.09007886557886559,0.41929499072356213,0.601113172541744,0.9853747714808044,0.005484460694698323,0.005484460694698323,0.005279497954859824,0.005279497954859824,0.0,0.0,0.002153041906478685,-0.002153041906478685,-0.002346800321213982,-0.002346800321213982,0.007829590452191781,0.007829590452191781
shuffled_domain_rank,1,21.0,0.3930530164533821,0.26643299801194537,0.8171846435100548,0.026086941093256228,0.0029999999999998916,0.08083582802084242,0.4267161410018553,0.6103896103896104,0.9853747714808044,0.010968921389396702,0.010968921389396702,0.0002597144345960478,0.0002597144345960478,0.005484460694698323,0.005484460694698323,-0.0005166244524070704,0.0005166244524070704,0.005074349957079172,0.005074349957079172,0.01710602830005814,0.01710602830005814
shuffled_domain_rank,1,22.0,0.376599634369287,0.26164619216650503,0.8153564899451554,0.02673070271337474,0.004205263157894712,0.08803071364046983,0.4163568773234201,0.5910780669144982,0.9835466179159049,-0.005484460694698379,-0.005484460694698379,-0.004527091410844286,-0.004527091410844286,0.003656307129798919,0.003656307129798919,0.00012713716771144135,-0.00012713716771144135,-0.005284913721356033,-0.005284913721356033,-0.0022055151750540736,-0.0022055151750540736
shuffled_domain_rank,1,23.0,0.3857404021937843,0.265998962222628,0.8098720292504571,0.026842698938114966,0.003149488582911364,0.08906666666666663,0.41821561338289964,0.5966542750929368,0.9835466179159049,0.003656307129798919,0.003656307129798919,-0.0001743213547213407,-0.0001743213547213407,-0.001828153564899404,-0.001828153564899404,0.0002391333924516674,-0.0002391333924516674,-0.0034261776618764728,-0.0034261776618764728,0.0033706930033845506,0.0033706930033845506
shuffled_domain_rank,1,24.0,0.38939670932358317,0.27033696070757185,0.7989031078610603,0.026522383034889567,0.0028153370426185487,0.08618048780487807,0.42592592592592593,0.6074074074074074,0.9872029250457038,0.007312614259597783,0.007312614259597783,0.004163677130222532,0.004163677130222532,-0.012797074954296161,-0.012797074954296161,-8.118251077373143e-05,8.118251077373143e-05,0.004284134881149815,0.004284134881149815,0.014123825317855165,0.014123825317855165
shuffled_domain_rank,1,25.0,0.37477148080438755,0.26107339841358373,0.8171846435100548,0.02775080516386216,0.0035714285714284477,0.0885576633544114,0.4177449168207024,0.5988909426987061,0.9890310786106032,-0.007312614259597838,-0.007312614259597838,-0.005099885163765583,-0.005099885163765583,0.005484460694698323,0.005484460694698323,0.0011472396181988614,-0.0011472396181988614,-0.0038968742240736987,-0.0038968742240736987,0.0056073606091539,0.0056073606091539
shuffled_domain_rank,1,26.0,0.39853747714808047,0.28174867603968917,0.8244972577696527,0.026320148464733684,0.002697168947338985,0.0848818984547461,0.4349442379182156,0.6022304832713755,0.9835466179159049,0.01645338208409508,0.01645338208409508,0.015575392462339854,0.015575392462339854,0.012797074954296161,0.012797074954296161,-0.0002834170809296148,0.0002834170809296148,0.01330244687343951,0.01330244687343951,0.008946901181823286,0.008946901181823286
shuffled_domain_rank,1,27.0,0.37842778793418647,0.27007429121649273,0.8226691042047533,0.027360597004869328,0.003270131011976374,0.0885576633544114,0.41035120147874304,0.5878003696857671,0.9890310786106032,-0.003656307129798919,-0.003656307129798919,0.0039010076391434167,0.0039010076391434167,0.010968921389396757,0.010968921389396757,0.0007570314592060291,-0.0007570314592060291,-0.011290589566033071,-0.011290589566033071,-0.0054832124037851315,-0.0054832124037851315
shuffled_domain_rank,1,28.0,0.3711151736745887,0.2587611415893936,0.8171846435100548,0.027879631404408467,0.0035357142857141977,0.08803071364046983,0.40892193308550184,0.5966542750929368,0.9835466179159049,-0.010968921389396702,-0.010968921389396702,-0.0074121419879557005,-0.0074121419879557005,0.005484460694698323,0.005484460694698323,0.0012760658587451686,-0.0012760658587451686,-0.012719857959274272,-0.012719857959274272,0.0033706930033845506,0.0033706930033845506
shuffled_domain_rank,1,29.0,0.376599634369287,0.26432325088220304,0.8062157221206582,0.027310966356054994,0.0028366864349522736,0.09007886557886559,0.4137291280148423,0.6029684601113172,0.9853747714808044,-0.005484460694698379,-0.005484460694698379,-0.0018500326951462753,-0.0018500326951462753,-0.005484460694698323,-0.005484460694698323,0.0007074008103916951,-0.0007074008103916951,-0.00791266302993382,-0.00791266302993382,0.009684878021764987,0.009684878021764987
baseline_stats,13,,0.4040219378427788,0.282620076436585,0.8153564899451554,0.026542000584804753,0.0027463549522372677,0.07938429047207238,0.44052044609665425,0.6022304832713755,0.9835466179159049,0.0,0.0,0.0,0.0,0.0,0.0,0.0,-0.0,0.0,0.0,0.0,0.0
real_domain_rank,13,,0.4149908592321755,0.28594992023874427,0.8098720292504571,0.02635245536494052,0.0019155316990164956,0.07922173320967876,0.45571955719557194,0.6143911439114391,0.9908592321755028,0.010968921389396702,0.010968921389396702,0.0033298438021592824,0.0033298438021592824,-0.005484460694698323,-0.005484460694698323,-0.00018954521986423375,0.00018954521986423375,0.015199111098917695,0.015199111098917695,0.012160660640063603,0.012160660640063603
shuffled_domain_rank,13,0.0,0.4040219378427788,0.28028349759427346,0.8135283363802559,0.02540765605066189,0.0026165601169002572,0.07785507083727465,0.44712430426716143,0.6307977736549165,0.9853747714808044,0.0,0.0,-0.002336578842311532,-0.002336578842311532,-0.001828153564899515,-0.001828153564899515,-0.0011343445341428643,0.0011343445341428643,0.006603858170507182,0.006603858170507182,0.028567290383541,0.028567290383541
shuffled_domain_rank,13,1.0,0.3820840950639854,0.2647737576556313,0.7952468007312614,0.028053571724137027,0.0034999999999999476,0.08083582802084242,0.41929499072356213,0.5992578849721707,0.9853747714808044,-0.021937842778793404,-0.021937842778793404,-0.017846318780953663,-0.017846318780953663,-0.020109689213894,-0.020109689213894,0.0015115711393322746,-0.0015115711393322746,-0.021225455373092117,-0.021225455373092117,-0.0029725982992048205,-0.0029725982992048205
shuffled_domain_rank,13,2.0,0.4040219378427788,0.27356696537440756,0.8062157221206582,0.027150995647451905,0.002640264381442603,0.08006379585326967,0.43622920517560076,0.609981515711645,0.9890310786106032,0.0,0.0,-0.009053111062177432,-0.009053111062177432,-0.009140767824497242,-0.009140767824497242,0.0006089950626471524,-0.0006089950626471524,-0.004291240921053485,-0.004291240921053485,0.007751032440269534,0.007751032440269534
shuffled_domain_rank,13,3.0,0.3802559414990859,0.2681234740992438,0.8062157221206582,0.027596155860907093,0.004205263157894712,0.08086271974202766,0.4203703703703704,0.5888888888888889,0.9872029250457038,-0.023765996343692863,-0.023765996343692863,-0.01449660233734118,-0.01449660233734118,-0.009140767824497242,-0.009140767824497242,0.00105415527610234,-0.00105415527610234,-0.020150075726283856,-0.020150075726283856,-0.01334159438248661,-0.01334159438248661
shuffled_domain_rank,13,4.0,0.4149908592321755,0.286954087516601,0.8190127970749543,0.02602892575414952,0.002327737004798436,0.07968100721016011,0.4537037037037037,0.6148148148148148,0.9872029250457038,0.010968921389396702,0.010968921389396702,0.00433401108001602,0.00433401108001602,0.003656307129798919,0.003656307129798919,-0.0005130748306552343,0.0005130748306552343,0.01318325760704947,0.01318325760704947,0.012584331543439298,0.012584331543439298
shuffled_domain_rank,13,5.0,0.3875685557586837,0.27498391070879463,0.8098720292504571,0.028666051612359723,0.0029999999999998916,0.08217914010421212,0.4232902033271719,0.589648798521257,0.9890310786106032,-0.01645338208409508,-0.01645338208409508,-0.007636165727790356,-0.007636165727790356,-0.005484460694698323,-0.005484460694698323,0.0021240510275549705,-0.0021240510275549705,-0.017230242769482373,-0.017230242769482373,-0.01258168475011856,-0.01258168475011856
shuffled_domain_rank,13,6.0,0.3857404021937843,0.2718577520575025,0.8153564899451554,0.02818087298027825,0.0035357142857141977,0.08900000000000005,0.4222222222222222,0.6,0.9872029250457038,-0.018281535648994485,-0.018281535648994485,-0.010762324379082477,-0.010762324379082477,0.0,0.0,0.0016388723954734973,-0.0016388723954734973,-0.01829822387443203,-0.01829822387443203,-0.0022304832713755385,-0.0022304832713755385
shuffled_domain_rank,13,7.0,0.37477148080438755,0.261127932517128,0.8025594149908593,0.028715433693447152,0.00423292273236292,0.0904048951048949,0.40925925925925927,0.5833333333333334,0.9872029250457038,-0.029250457038391242,-0.029250457038391242,-0.021492143919456974,-0.021492143919456974,-0.012797074954296161,-0.012797074954296161,0.0021734331086423996,-0.0021734331086423996,-0.03126118683739498,-0.03126118683739498,-0.018897149938042146,-0.018897149938042146
shuffled_domain_rank,13,8.0,0.41316270566727603,0.28684969763082463,0.8208409506398537,0.026181243835457488,0.0018422070686609088,0.08095000000000012,0.4537037037037037,0.6222222222222222,0.9872029250457038,0.009140767824497242,0.009140767824497242,0.004229621194239641,0.004229621194239641,0.005484460694698323,0.005484460694698323,-0.00036075674934726507,0.00036075674934726507,0.01318325760704947,0.01318325760704947,0.019991738950846716,0.019991738950846716
shuffled_domain_rank,13,9.0,0.4113345521023766,0.28801720194273267,0.8043875685557587,0.024118600499601843,0.0020000000000000018,0.07968100721016011,0.4462962962962963,0.6111111111111112,0.9872029250457038,0.007312614259597838,0.007312614259597838,0.005397125506147682,0.005397125506147682,-0.010968921389396757,-0.010968921389396757,-0.00242340008520291,0.00242340008520291,0.005775850199642052,0.005775850199642052,0.008880627839735644,0.008880627839735644
shuffled_domain_rank,13,10.0,0.39488117001828155,0.2792442402515473,0.8190127970749543,0.02807961137478711,0.0027777777777777124,0.08071645081289602,0.4288354898336414,0.5951940850277264,0.9890310786106032,-0.009140767824497242,-0.009140767824497242,-0.003375836185037673,-0.003375836185037673,0.003656307129798919,0.003656307129798919,0.0015376107899823556,-0.0015376107899823556,-0.011684956263012858,-0.011684956263012858,-0.0070363982436491,-0.0070363982436491
shuffled_domain_rank,13,11.0,0.40036563071297987,0.27549179697907894,0.8171846435100548,0.025960618165259918,0.002640264381442603,0.08015103668261574,0.437847866419295,0.6103896103896104,0.9853747714808044,-0.003656307129798919,-0.003656307129798919,-0.007128279457506048,-0.007128279457506048,0.001828153564899404,0.001828153564899404,-0.0005813824195448347,0.0005813824195448347,-0.0026725796773592325,-0.0026725796773592325,0.008159127118234855,0.008159127118234855
shuffled_domain_rank,13,12.0,0.3875685557586837,0.2742158261635006,0.8171846435100548,0.029569801587621274,0.003149488582911364,0.09003943278943284,0.42592592592592593,0.5907407407407408,0.9872029250457038,-0.01645338208409508,-0.01645338208409508,-0.00840425027308439,-0.00840425027308439,0.001828153564899404,0.001828153564899404,0.0030278010028165214,-0.0030278010028165214,-0.01459452017072832,-0.01459452017072832,-0.011489742530634728,-0.011489742530634728
shuffled_domain_rank,13,13.0,0.43144424131627057,0.2957693136462414,0.8043875685557587,0.025806034427018315,0.0011076047997504168,0.07968100721016011,0.4685185185185185,0.6314814814814815,0.9872029250457038,0.027422303473491783,0.027422303473491783,0.01314923720965644,0.01314923720965644,-0.010968921389396757,-0.010968921389396757,-0.0007359661577864378,0.0007359661577864378,0.02799807242186425,0.02799807242186425,0.029250998210106016,0.029250998210106016
shuffled_domain_rank,13,14.0,0.40036563071297987,0.284811010218696,0.8135283363802559,0.02930436268288396,0.0028153370426185487,0.09176661738927645,0.4388888888888889,0.6055555555555555,0.9872029250457038,-0.003656307129798919,-0.003656307129798919,0.002190933782110993,0.002190933782110993,-0.001828153564899515,-0.001828153564899515,0.002762362098079209,-0.002762362098079209,-0.0016315572077653662,-0.0016315572077653662,0.0033250722841799973,0.0033250722841799973
shuffled_domain_rank,13,15.0,0.4040219378427788,0.2778841483333405,0.8062157221206582,0.027141396667685405,0.0019999999999998908,0.08672195121951226,0.4450651769087523,0.6201117318435754,0.9817184643510055,0.0,0.0,-0.004735928103244469,-0.004735928103244469,-0.009140767824497242,-0.009140767824497242,0.0005993960828806523,-0.0005993960828806523,0.004544730812098052,0.004544730812098052,0.01788124857219986,0.01788124857219986
shuffled_domain_rank,13,16.0,0.3930530164533821,0.27757262259810805,0.8062157221206582,0.02664943243421994,0.0029999999999998916,0.07972353928161671,0.4322820037105751,0.5955473098330241,0.9853747714808044,-0.010968921389396702,-0.010968921389396702,-0.005047453838476934,-0.005047453838476934,-0.009140767824497242,-0.009140767824497242,0.0001074318494151856,-0.0001074318494151856,-0.008238442386079126,-0.008238442386079126,-0.006683173438351453,-0.006683173438351453
shuffled_domain_rank,13,17.0,0.4113345521023766,0.28879698232732837,0.8171846435100548,0.027598237056053295,0.0024390243902440156,0.08797723577235775,0.44712430426716143,0.6029684601113172,0.9853747714808044,0.007312614259597838,0.007312614259597838,0.006176905890743378,0.006176905890743378,0.001828153564899404,0.001828153564899404,0.0010562364712485423,-0.0010562364712485423,0.006603858170507182,0.006603858170507182,0.0007379768399417008,0.0007379768399417008
shuffled_domain_rank,13,18.0,0.4076782449725777,0.2851593633773402,0.8153564899451554,0.028039668040823966,0.00279577522728211,0.08604999999999999,0.44074074074074077,0.6148148148148148,0.9872029250457038,0.003656307129798919,0.003656307129798919,0.0025392869407552254,0.0025392869407552254,0.0,0.0,0.0014976674560192131,-0.0014976674560192131,0.0002202946440865161,0.0002202946440865161,0.012584331543439298,0.012584331543439298
shuffled_domain_rank,13,19.0,0.37842778793418647,0.2634949814695553,0.8153564899451554,0.026815912337215142,0.004205263157894712,0.08086271974202766,0.412962962962963,0.587037037037037,0.9872029250457038,-0.025594149908592323,-0.025594149908592323,-0.019125094967029688,-0.019125094967029688,0.0,0.0,0.00027391175241038915,-0.00027391175241038915,-0.027557483133691274,-0.027557483133691274,-0.015193446234338492,-0.015193446234338492
shuffled_domain_rank,13,20.0,0.4076782449725777,0.2850290931258148,0.8007312614259597,0.028333187597814124,0.0024999999999999467,0.08797723577235775,0.44341372912801486,0.6122448979591837,0.9853747714808044,0.003656307129798919,0.003656307129798919,0.002409016689229826,0.002409016689229826,-0.014625228519195677,-0.014625228519195677,0.001791187013009371,-0.001791187013009371,0.002893283031360605,0.002893283031360605,0.01001441468780817,0.01001441468780817
shuffled_domain_rank,13,21.0,0.4259597806215722,0.29360031494845856,0.8153564899451554,0.025465581926967514,0.0014981231600171285,0.07922173320967876,0.4612546125461255,0.6309963099630996,0.9908592321755028,0.021937842778793404,0.021937842778793404,0.010980238511873575,0.010980238511873575,0.0,0.0,-0.0010764186578372387,0.0010764186578372387,0.020734166449471236,0.020734166449471236,0.028765826691724117,0.028765826691724117
shuffled_domain_rank,13,22.0,0.41316270566727603,0.288751272943341,0.8025594149908593,0.026243566693765787,0.002558280058450102,0.07725000000000011,0.4483394833948339,0.6070110701107011,0.9908592321755028,0.009140767824497242,0.009140767824497242,0.0061311965067560315,0.0061311965067560315,-0.012797074954296161,-0.012797074954296161,-0.00029843389103896556,0.00029843389103896556,0.007819037298179676,0.007819037298179676,0.004780586839325585,0.004780586839325585
shuffled_domain_rank,13,23.0,0.3930530164533821,0.2737539872749451,0.8171846435100548,0.028733664353865755,0.0029999999999998916,0.088149593495935,0.4301675977653631,0.6070763500931099,0.9817184643510055,-0.010968921389396702,-0.010968921389396702,-0.00886608916163989,-0.00886608916163989,0.001828153564899404,0.001828153564899404,0.0021916637690610023,-0.0021916637690610023,-0.010352848331291131,-0.010352848331291131,0.004845866821734379,0.004845866821734379
shuffled_domain_rank,13,24.0,0.4040219378427788,0.2857124650448875,0.8190127970749543,0.027210261056904075,0.002640264381442603,0.08599999999999997,0.43807763401109057,0.6044362292051756,0.9890310786106032,0.0,0.0,0.003092388608302521,0.003092388608302521,0.003656307129798919,0.003656307129798919,0.0006682604720993218,-0.0006682604720993218,-0.0024428120855636837,-0.0024428120855636837,0.002205745933800074,0.002205745933800074
shuffled_domain_rank,13,25.0,0.4076782449725777,0.28726364121449355,0.8062157221206582,0.02729013762497876,0.002714932126696823,0.08599999999999997,0.4454713493530499,0.6081330868761553,0.9890310786106032,0.003656307129798919,0.003656307129798919,0.00464356477790856,0.00464356477790856,-0.009140767824497242,-0.009140767824497242,0.0007481370401740059,-0.0007481370401740059,0.0049509032563956334,0.0049509032563956334,0.005902603604779788,0.005902603604779788
shuffled_domain_rank,13,26.0,0.40950639853747717,0.28700283888099615,0.8062157221206582,0.026702428956367597,0.001975917553393991,0.08006379585326967,0.4454713493530499,0.6173752310536045,0.9890310786106032,0.005484460694698379,0.005484460694698379,0.004382762444411159,0.004382762444411159,-0.009140767824497242,-0.009140767824497242,0.00016042837156284365,-0.00016042837156284365,0.0049509032563956334,0.0049509032563956334,0.015144747782228962,0.015144747782228962
shuffled_domain_rank,13,27.0,0.40219378427787933,0.2781824457571106,0.8117001828153565,0.02669495959769309,0.0021082248096764844,0.07838767709318667,0.44216417910447764,0.6156716417910447,0.979890310786106,-0.0018281535648994596,-0.0018281535648994596,-0.004437630679474391,-0.004437630679474391,-0.003656307129798919,-0.003656307129798919,0.00015295901288833735,-0.00015295901288833735,0.0016437330078233892,0.0016437330078233892,0.013441158519669205,0.013441158519669205
shuffled_domain_rank,13,28.0,0.4149908592321755,0.28608711033303574,0.8098720292504571,0.02814285436705138,0.0018264227342206785,0.08654146341463416,0.45539033457249073,0.6226765799256505,0.9835466179159049,0.010968921389396702,0.010968921389396702,0.003467033896450755,0.003467033896450755,-0.005484460694698323,-0.005484460694698323,0.0016008537822466279,-0.0016008537822466279,0.014869888475836479,0.014869888475836479,0.020446096654274992,0.020446096654274992
shuffled_domain_rank,13,29.0,0.40585009140767825,0.2809014803639744,0.8098720292504571,0.02803774669574122,0.002471448446954183,0.08256122609379099,0.44074074074074077,0.6185185185185185,0.9872029250457038,0.0018281535648994596,0.0018281535648994596,-0.0017185960726106009,-0.0017185960726106009,-0.005484460694698323,-0.005484460694698323,0.0014957461109364675,-0.0014957461109364675,0.0002202946440865161,0.0002202946440865161,0.01628803524714295,0.01628803524714295
baseline_stats,500,,0.4040219378427788,0.27367590748908327,0.7879341864716636,0.02690679256818423,0.0022687663957499105,0.08069480573160644,0.43911439114391143,0.6346863468634686,0.9908592321755028,0.0,0.0,0.0,0.0,0.0,0.0,0.0,-0.0,0.0,0.0,0.0,0.0
real_domain_rank,500,,0.42047531992687387,0.284102518097114,0.8062157221206582,0.02556518816299776,0.001975917553393991,0.06518077838185768,0.45119705340699817,0.6261510128913443,0.9926873857404022,0.01645338208409508,0.01645338208409508,0.01042661060803074,0.01042661060803074,0.018281535648994596,0.018281535648994596,-0.001341604405186471,0.001341604405186471,0.01208266226308674,0.01208266226308674,-0.008535333972124248,-0.008535333972124248
shuffled_domain_rank,500,0.0,0.3930530164533821,0.26809162164821687,0.7970749542961609,0.028429066491313687,0.0028153370426185487,0.08217914010421212,0.42435424354243545,0.6180811808118081,0.9908592321755028,-0.010968921389396702,-0.010968921389396702,-0.005584285840866399,-0.005584285840866399,0.009140767824497353,0.009140767824497353,0.0015222739231294559,-0.0015222739231294559,-0.014760147601475981,-0.014760147601475981,-0.016605166051660514,-0.016605166051660514
shuffled_domain_rank,500,1.0,0.39488117001828155,0.2723841870599322,0.7897623400365631,0.027194539892213713,0.0028169014084505895,0.08866666666666656,0.4232902033271719,0.6155268022181146,0.9890310786106032,-0.009140767824497242,-0.009140767824497242,-0.0012917204291510442,-0.0012917204291510442,0.001828153564899515,0.001828153564899515,0.0002877473240294817,-0.0002877473240294817,-0.015824187816739554,-0.015824187816739554,-0.019159544645353965,-0.019159544645353965
shuffled_domain_rank,500,2.0,0.4186471663619744,0.2838309925057492,0.8080438756855576,0.025443911847969902,0.001975917553393991,0.07866666666666655,0.45286506469500926,0.6377079482439926,0.9890310786106032,0.014625228519195621,0.014625228519195621,0.010155085016665955,0.010155085016665955,0.020109689213894,0.020109689213894,-0.0014628807202143289,0.0014628807202143289,0.013750673551097825,0.013750673551097825,0.003021601380523986,0.003021601380523986
shuffled_domain_rank,500,3.0,0.3857404021937843,0.2640385928777342,0.8007312614259597,0.025862513659648766,0.003028846153846354,0.08058591982097076,0.42173112338858193,0.6040515653775322,0.9926873857404022,-0.018281535648994485,-0.018281535648994485,-0.00963731461134909,-0.00963731461134909,0.012797074954296161,0.012797074954296161,-0.0010442789085354648,0.0010442789085354648,-0.0173832677553295,-0.0173832677553295,-0.030634781485936347,-0.030634781485936347
shuffled_domain_rank,500,4.0,0.40585009140767825,0.27853760744575806,0.8025594149908593,0.025031768279476778,0.0025019362518321486,0.07525000000000012,0.4425925925925926,0.6185185185185185,0.9872029250457038,0.0018281535648994596,0.0018281535648994596,0.004861699956674792,0.004861699956674792,0.014625228519195677,0.014625228519195677,-0.0018750242887074532,0.0018750242887074532,0.003478201448681162,0.003478201448681162,-0.01616782834495012,-0.01616782834495012
shuffled_domain_rank,500,5.0,0.41316270566727603,0.28333423242527006,0.793418647166362,0.023447293419052828,0.0024390243902440156,0.07050000000000001,0.4436229205175601,0.634011090573013,0.9890310786106032,0.009140767824497242,0.009140767824497242,0.00965832493618679,0.00965832493618679,0.005484460694698434,0.005484460694698434,-0.003459499149131403,0.003459499149131403,0.004508529373648651,0.004508529373648651,-0.000675256290455617,-0.000675256290455617
shuffled_domain_rank,500,6.0,0.40036563071297987,0.2746458703178482,0.7970749542961609,0.024426988493645288,0.0025019362518321486,0.07967462762483314,0.43703703703703706,0.6259259259259259,0.9872029250457038,-0.003656307129798919,-0.003656307129798919,0.0009699628287649364,0.0009699628287649364,0.009140767824497353,0.009140767824497353,-0.002479804074538943,0.002479804074538943,-0.002077354106874374,-0.002077354106874374,-0.008760420937542701,-0.008760420937542701
shuffled_domain_rank,500,7.0,0.44789762340036565,0.30213973018851065,0.8190127970749543,0.02598314769376699,0.0009259259259256636,0.07924975174988873,0.47155963302752296,0.6422018348623854,0.9963436928702011,0.04387568555758686,0.04387568555758686,0.028463822699427377,0.028463822699427377,0.031078610603290757,0.031078610603290757,-0.0009236448744172412,0.0009236448744172412,0.03244524188361153,0.03244524188361153,0.00751548799891677,0.00751548799891677
shuffled_domain_rank,500,8.0,0.38939670932358317,0.2720109384981269,0.793418647166362,0.02581038262285244,0.0028153370426185487,0.08762439024390256,0.42435424354243545,0.6273062730627307,0.9908592321755028,-0.014625228519195621,-0.014625228519195621,-0.0016649689909563614,-0.0016649689909563614,0.005484460694698434,0.005484460694698434,-0.0010964099453317916,0.0010964099453317916,-0.014760147601475981,-0.014760147601475981,-0.007380073800737907,-0.007380073800737907
shuffled_domain_rank,500,9.0,0.39853747714808047,0.2737683897701289,0.8043875685557587,0.026404657321328826,0.00279577522728211,0.08065151556902722,0.42830882352941174,0.6213235294117647,0.9945155393053017,-0.005484460694698323,-0.005484460694698323,9.248228104563605e-05,9.248228104563605e-05,0.01645338208409508,0.01645338208409508,-0.000502135246855405,0.000502135246855405,-0.01080556761449969,-0.01080556761449969,-0.013362817451703868,-0.013362817451703868
shuffled_domain_rank,500,10.0,0.4076782449725777,0.2769961286424812,0.7897623400365631,0.025358603659209104,0.002560216310282304,0.07487500000000012,0.44280442804428044,0.6236162361623616,0.9908592321755028,0.003656307129798919,0.003656307129798919,0.0033202211533979176,0.0033202211533979176,0.001828153564899515,0.001828153564899515,-0.0015481889089751268,0.0015481889089751268,0.0036900369003690092,0.0036900369003690092,-0.011070110701106972,-0.011070110701106972
shuffled_domain_rank,500,11.0,0.4149908592321755,0.28345588510668024,0.8062157221206582,0.02590882720596422,0.0023687455718192085,0.07735000000000006,0.4483394833948339,0.6236162361623616,0.9908592321755028,0.010968921389396702,0.010968921389396702,0.009779977617596969,0.009779977617596969,0.018281535648994596,0.018281535648994596,-0.000997965362220011,0.000997965362220011,0.009225092250922495,0.009225092250922495,-0.011070110701106972,-0.011070110701106972
shuffled_domain_rank,500,12.0,0.38939670932358317,0.2752687221163336,0.8062157221206582,0.025119983149240955,0.0034999999999999476,0.07843333333333326,0.4198895027624309,0.6151012891344383,0.9926873857404022,-0.014625228519195621,-0.014625228519195621,0.0015928146272503052,0.0015928146272503052,0.018281535648994596,0.018281535648994596,-0.0017868094189432762,0.0017868094189432762,-0.01922488838148051,-0.01922488838148051,-0.019585057729030297,-0.019585057729030297
shuffled_domain_rank,500,13.0,0.40585009140767825,0.28421419747019677,0.8080438756855576,0.02270416630567382,0.0024999999999999467,0.06729413686101599,0.43646408839779005,0.6427255985267035,0.9926873857404022,0.0018281535648994596,0.0018281535648994596,0.010538289981113502,0.010538289981113502,0.020109689213894,0.020109689213894,-0.00420262626251041,0.00420262626251041,-0.00265030274612138,-0.00265030274612138,0.008039251663234936,0.008039251663234936
shuffled_domain_rank,500,14.0,0.39488117001828155,0.26932193190083403,0.7824497257769653,0.02475176020619563,0.0027463549522372677,0.07725000000000011,0.4317343173431734,0.6254612546125461,0.9908592321755028,-0.009140767824497242,-0.009140767824497242,-0.004353975588249237,-0.004353975588249237,-0.005484460694698323,-0.005484460694698323,-0.0021550323619886,0.0021550323619886,-0.0073800738007380184,-0.0073800738007380184,-0.009225092250922495,-0.009225092250922495
shuffled_domain_rank,500,15.0,0.41316270566727603,0.285295850831117,0.7952468007312614,0.024438469495459723,0.002000000000000113,0.07050000000000001,0.4436229205175601,0.6358595194085028,0.9890310786106032,0.009140767824497242,0.009140767824497242,0.011619943342033756,0.011619943342033756,0.007312614259597838,0.007312614259597838,-0.0024683230727245084,0.0024683230727245084,0.004508529373648651,0.004508529373648651,0.00117317254503424,0.00117317254503424
shuffled_domain_rank,500,16.0,0.3930530164533821,0.274896817595258,0.8062157221206582,0.024345939810395064,0.002471448446954183,0.07895820920827765,0.43308550185873607,0.6338289962825279,0.9835466179159049,-0.010968921389396702,-0.010968921389396702,0.0012209101061747551,0.0012209101061747551,0.018281535648994596,0.018281535648994596,-0.002560852757789167,0.002560852757789167,-0.006028889285175365,-0.006028889285175365,-0.0008573505809407189,-0.0008573505809407189
shuffled_domain_rank,500,17.0,0.3912248628884826,0.2713599355454061,0.7915904936014625,0.026693332047553867,0.0027463549522372677,0.08002126378181307,0.42435424354243545,0.6199261992619927,0.9908592321755028,-0.012797074954296161,-0.012797074954296161,-0.002315971943677164,-0.002315971943677164,0.003656307129798919,0.003656307129798919,-0.00021346052063036386,0.00021346052063036386,-0.014760147601475981,-0.014760147601475981,-0.014760147601475926,-0.014760147601475926
shuffled_domain_rank,500,18.0,0.396709323583181,0.2765331061382313,0.8043875685557587,0.026766952861502546,0.00279577522728211,0.08863396567299,0.43014705882352944,0.6158088235294118,0.9945155393053017,-0.007312614259597783,-0.007312614259597783,0.0028571986491480184,0.0028571986491480184,0.01645338208409508,0.01645338208409508,-0.00013983970668168463,0.00013983970668168463,-0.008967332320381993,-0.008967332320381993,-0.01887752333405679,-0.01887752333405679
shuffled_domain_rank,500,19.0,0.40219378427787933,0.2784058671369247,0.793418647166362,0.026153039958579732,0.00262841224917143,0.0776166666666667,0.43333333333333335,0.6259259259259259,0.9872029250457038,-0.0018281535648994596,-0.0018281535648994596,0.004729959647841453,0.004729959647841453,0.005484460694698434,0.005484460694698434,-0.0007537526096044987,0.0007537526096044987,-0.005781057810578083,-0.005781057810578083,-0.008760420937542701,-0.008760420937542701
shuffled_domain_rank,500,20.0,0.3857404021937843,0.2636383566179011,0.8062157221206582,0.02582333051678081,0.002999999999999947,0.07942462762483321,0.4225092250922509,0.6070110701107011,0.9908592321755028,-0.018281535648994485,-0.018281535648994485,-0.010037550871182188,-0.010037550871182188,0.018281535648994596,0.018281535648994596,-0.00108346205140342,0.00108346205140342,-0.016605166051660514,-0.016605166051660514,-0.027675276752767486,-0.027675276752767486
shuffled_domain_rank,500,21.0,0.4076782449725777,0.28011801884653004,0.7970749542961609,0.024782819434507882,0.002216449619352856,0.07963847513870348,0.4436229205175601,0.6358595194085028,0.9890310786106032,0.003656307129798919,0.003656307129798919,0.006442111357446767,0.006442111357446767,0.009140767824497353,0.009140767824497353,-0.002123973133676349,0.002123973133676349,0.004508529373648651,0.004508529373648651,0.00117317254503424,0.00117317254503424
shuffled_domain_rank,500,22.0,0.3875685557586837,0.27442994884897626,0.7970749542961609,0.027205345637974512,0.003149488582911364,0.08859036434808795,0.41821561338289964,0.6096654275092936,0.9835466179159049,-0.01645338208409508,-0.01645338208409508,0.0007540413598929874,0.0007540413598929874,0.009140767824497353,0.009140767824497353,0.0002985530697902812,-0.0002985530697902812,-0.02089877776101179,-0.02089877776101179,-0.025020919354174942,-0.025020919354174942
shuffled_domain_rank,500,23.0,0.40036563071297987,0.27273717872264086,0.7952468007312614,0.025409296953828205,0.0025019362518321486,0.07993619963889981,0.43566176470588236,0.6268382352941176,0.9945155393053017,-0.003656307129798919,-0.003656307129798919,-0.0009387287664424093,-0.0009387287664424093,0.007312614259597838,0.007312614259597838,-0.0014974956143560259,0.0014974956143560259,-0.0034526264380290717,-0.0034526264380290717,-0.007848111569350946,-0.007848111569350946
shuffled_domain_rank,500,24.0,0.4259597806215722,0.29377020284871685,0.7915904936014625,0.023522934592463626,0.0014981231600171285,0.06547669041325048,0.4575645756457565,0.6439114391143912,0.9908592321755028,0.021937842778793404,0.021937842778793404,0.020094295359633585,0.020094295359633585,0.003656307129798919,0.003656307129798919,-0.0033838579757206055,0.0033838579757206055,0.018450184501845046,0.018450184501845046,0.009225092250922606,0.009225092250922606
shuffled_domain_rank,500,25.0,0.39488117001828155,0.2696782303058825,0.8007312614259597,0.027083178369217056,0.002560216310282304,0.084885579514825,0.4317343173431734,0.6217712177121771,0.9908592321755028,-0.009140767824497242,-0.009140767824497242,-0.003997677183200765,-0.003997677183200765,0.012797074954296161,0.012797074954296161,0.00017638580103282453,-0.00017638580103282453,-0.0073800738007380184,-0.0073800738007380184,-0.012915129151291449,-0.012915129151291449
shuffled_domain_rank,500,26.0,0.40219378427787933,0.2776576293659932,0.7915904936014625,0.027214504625805838,0.0024390243902440156,0.08866666666666656,0.43622920517560076,0.6321626617375231,0.9890310786106032,-0.0018281535648994596,-0.0018281535648994596,0.003981721876909927,0.003981721876909927,0.003656307129798919,0.003656307129798919,0.00030771205762160705,-0.00030771205762160705,-0.002885185968310666,-0.002885185968310666,-0.002523685125945474,-0.002523685125945474
shuffled_domain_rank,500,27.0,0.38939670932358317,0.2716830800516255,0.7970749542961609,0.024487320691524133,0.00279577522728211,0.07725000000000011,0.4261992619926199,0.6254612546125461,0.9908592321755028,-0.014625228519195621,-0.014625228519195621,-0.001992827437457767,-0.001992827437457767,0.009140767824497353,0.009140767824497353,-0.002419471876660098,0.002419471876660098,-0.012915129151291505,-0.012915129151291505,-0.009225092250922495,-0.009225092250922495
shuffled_domain_rank,500,28.0,0.41316270566727603,0.2802950223421307,0.7989031078610603,0.02354939833971741,0.0018422070686609088,0.07045000000000003,0.45018450184501846,0.6476014760147601,0.9908592321755028,0.009140767824497242,0.009140767824497242,0.0066191148530474475,0.0066191148530474475,0.010968921389396757,0.010968921389396757,-0.0033573942284668215,0.0033573942284668215,0.011070110701107028,0.011070110701107028,0.01291512915129156,0.01291512915129156
shuffled_domain_rank,500,29.0,0.4149908592321755,0.2776596064090627,0.7824497257769653,0.02386472771022527,0.0019999999999998908,0.06718551827510666,0.4491682070240296,0.6395563770794824,0.9890310786106032,0.010968921389396702,0.010968921389396702,0.003983698919979406,0.003983698919979406,-0.005484460694698323,-0.005484460694698323,-0.0030420648579589614,0.0030420648579589614,0.010053815880118167,0.010053815880118167,0.004870030216013843,0.004870030216013843
baseline_stats,808,,0.3912248628884826,0.2631872237198596,0.7952468007312614,0.02746794484697998,0.0026864983281448263,0.08813333333333327,0.42173112338858193,0.6077348066298343,0.9926873857404022,0.0,0.0,0.0,0.0,0.0,0.0,0.0,-0.0,0.0,0.0,0.0,0.0
real_domain_rank,808,,0.40219378427787933,0.26768272267852,0.7769652650822669,0.026016961811173075,0.0021337073398784434,0.07599999999999996,0.4354243542435424,0.6217712177121771,0.9908592321755028,0.010968921389396702,0.010968921389396702,0.0044954989586604155,0.0044954989586604155,-0.018281535648994485,-0.018281535648994485,-0.0014509830358069055,0.0014509830358069055,0.013693230854960492,0.013693230854960492,0.014036411082342881,0.014036411082342881
shuffled_domain_rank,808,0.0,0.4040219378427788,0.26244411123599165,0.7897623400365631,0.02506079777662955,0.0025038725036643505,0.06898510675970411,0.43462246777163904,0.6169429097605893,0.9926873857404022,0.012797074954296161,0.012797074954296161,-0.0007431124838679359,-0.0007431124838679359,-0.005484460694698323,-0.005484460694698323,-0.0024071470703504287,0.0024071470703504287,0.012891344383057113,0.012891344383057113,0.009208103130755041,0.009208103130755041
shuffled_domain_rank,808,1.0,0.39853747714808047,0.26608149850200513,0.8062157221206582,0.02570946861805527,0.0024999999999999467,0.07579999999999999,0.429097605893186,0.6114180478821363,0.9926873857404022,0.007312614259597838,0.007312614259597838,0.002894274782145545,0.002894274782145545,0.010968921389396757,0.010968921389396757,-0.001758476228924711,0.001758476228924711,0.007366482504604088,0.007366482504604088,0.0036832412523020164,0.0036832412523020164
shuffled_domain_rank,808,2.0,0.40585009140767825,0.27255230811494074,0.7842778793418648,0.026532852947976412,0.002427716180867734,0.08733333333333326,0.4358974358974359,0.6190476190476191,0.9981718464351006,0.014625228519195621,0.014625228519195621,0.009365084395081158,0.009365084395081158,-0.010968921389396646,-0.010968921389396646,-0.0009350918990035685,0.0009350918990035685,0.014166312508853973,0.014166312508853973,0.011312812417784812,0.011312812417784812
shuffled_domain_rank,808,3.0,0.4040219378427788,0.2715893801394243,0.7915904936014625,0.0261421070043544,0.002469512195121981,0.07993619963889981,0.4375,0.6102941176470589,0.9945155393053017,0.012797074954296161,0.012797074954296161,0.00840215641956471,0.00840215641956471,-0.003656307129798919,-0.003656307129798919,-0.0013258378426255803,0.0013258378426255803,0.01576887661141807,0.01576887661141807,0.002559311017224619,0.002559311017224619
shuffled_domain_rank,808,4.0,0.4149908592321755,0.2751450792439915,0.8007312614259597,0.02424785574611933,0.0019999999999998908,0.06987127668992607,0.44751381215469616,0.6298342541436464,0.9926873857404022,0.023765996343692863,0.023765996343692863,0.011957855524131922,0.011957855524131922,0.005484460694698323,0.005484460694698323,-0.0032200891008606486,0.0032200891008606486,0.025782688766114226,0.025782688766114226,0.022099447513812098,0.022099447513812098
shuffled_domain_rank,808,5.0,0.3857404021937843,0.26103078192440443,0.7970749542961609,0.02771233138206322,0.003149488582911364,0.0888222222222222,0.41544117647058826,0.5974264705882353,0.9945155393053017,-0.005484460694698323,-0.005484460694698323,-0.002156441795455155,-0.002156441795455155,0.001828153564899515,0.001828153564899515,0.0002443865350832408,-0.0002443865350832408,-0.006289946917993672,-0.006289946917993672,-0.010308336041598976,-0.010308336041598976
shuffled_domain_rank,808,6.0,0.39853747714808047,0.25811804705633845,0.7824497257769653,0.02756095986851993,0.0024999999999999467,0.08759999999999998,0.42935779816513764,0.6275229357798165,0.9963436928702011,0.007312614259597838,0.007312614259597838,-0.0050691766635211355,-0.0050691766635211355,-0.012797074954296161,-0.012797074954296161,9.301502153994876e-05,-9.301502153994876e-05,0.007626674776555709,0.007626674776555709,0.019788129149982292,0.019788129149982292
shuffled_domain_rank,808,7.0,0.42778793418647165,0.283700311745899,0.7989031078610603,0.023954440252214545,0.001554633525530924,0.07265317035905282,0.4575645756457565,0.6328413284132841,0.9908592321755028,0.036563071297989025,0.036563071297989025,0.020513088026039406,0.020513088026039406,0.003656307129798919,0.003656307129798919,-0.0035135045947654354,0.0035135045947654354,0.03583345225717455,0.03583345225717455,0.025106521783449853,0.025106521783449853
shuffled_domain_rank,808,8.0,0.39853747714808047,0.26114178609325184,0.7769652650822669,0.02647479597440205,0.002427716180867734,0.07674999999999998,0.4340659340659341,0.6208791208791209,0.9981718464351006,0.007312614259597838,0.007312614259597838,-0.002045437626607749,-0.002045437626607749,-0.018281535648994485,-0.018281535648994485,-0.0009931488725779293,0.0009931488725779293,0.012334810677352148,0.012334810677352148,0.013144314249286637,0.013144314249286637
shuffled_domain_rank,808,9.0,0.40585009140767825,0.26970222386657267,0.8062157221206582,0.02659476564985684,0.001987958776696941,0.08498312835067799,0.44095940959409596,0.6199261992619927,0.9908592321755028,0.014625228519195621,0.014625228519195621,0.006515000146713079,0.006515000146713079,0.010968921389396757,0.010968921389396757,-0.000873179197123139,0.000873179197123139,0.019228286205514034,0.019228286205514034,0.012191392632158404,0.012191392632158404
shuffled_domain_rank,808,10.0,0.40036563071297987,0.2689158102119799,0.8025594149908593,0.02511936620423167,0.0024390243902440156,0.0736805035808764,0.43462246777163904,0.6169429097605893,0.9926873857404022,0.009140767824497242,0.009140767824497242,0.0057285864921203244,0.0057285864921203244,0.007312614259597838,0.007312614259597838,-0.00234857864274831,0.00234857864274831,0.012891344383057113,0.012891344383057113,0.009208103130755041,0.009208103130755041
shuffled_domain_rank,808,11.0,0.40219378427787933,0.26840454644347106,0.7879341864716636,0.027213543459375118,0.0025277922535721364,0.08415374203126358,0.43566176470588236,0.6176470588235294,0.9945155393053017,0.010968921389396702,0.010968921389396702,0.005217322723611473,0.005217322723611473,-0.007312614259597838,-0.007312614259597838,-0.0002544013876048627,0.0002544013876048627,0.01393064131730043,0.01393064131730043,0.009912252193695181,0.009912252193695181
shuffled_domain_rank,808,12.0,0.4040219378427788,0.26872809564157496,0.7824497257769653,0.025136623658010965,0.002267414679756774,0.07560000000000003,0.43486238532110094,0.6165137614678899,0.9963436928702011,0.012797074954296161,0.012797074954296161,0.0055408719217153735,0.0055408719217153735,-0.012797074954296161,-0.012797074954296161,-0.002331321188969015,0.002331321188969015,0.013131261932519012,0.013131261932519012,0.008778954838055686,0.008778954838055686
shuffled_domain_rank,808,13.0,0.40219378427787933,0.26064655957468236,0.7915904936014625,0.025624460938555773,0.002427716180867734,0.07735000000000006,0.43357933579335795,0.6199261992619927,0.9908592321755028,0.010968921389396702,0.010968921389396702,-0.0025406641451772294,-0.0025406641451772294,-0.003656307129798919,-0.003656307129798919,-0.0018434839084242073,0.0018434839084242073,0.011848212404776015,0.011848212404776015,0.012191392632158404,0.012191392632158404
shuffled_domain_rank,808,14.0,0.3711151736745887,0.25035879490725615,0.7842778793418648,0.029625119821273388,0.0041999999999999815,0.08977777777777786,0.39779005524861877,0.576427255985267,0.9926873857404022,-0.020109689213893944,-0.020109689213893944,-0.012828428812603432,-0.012828428812603432,-0.010968921389396646,-0.010968921389396646,0.0021571749742934077,-0.0021571749742934077,-0.023941068139963162,-0.023941068139963162,-0.03130755064456725,-0.03130755064456725
shuffled_domain_rank,808,15.0,0.39853747714808047,0.2655653169839071,0.7915904936014625,0.027877693093693062,0.0027007152274208246,0.08266564175339008,0.4267399267399267,0.6098901098901099,0.9981718464351006,0.007312614259597838,0.007312614259597838,0.0023780932640475316,0.0023780932640475316,-0.003656307129798919,-0.003656307129798919,0.00040974824671308196,-0.00040974824671308196,0.005008803351344793,0.005008803351344793,0.002155303260275687,0.002155303260275687
shuffled_domain_rank,808,16.0,0.4040219378427788,0.2670344031657295,0.773308957952468,0.02427797521913951,0.0022082039857457825,0.06925000000000005,0.4375,0.6139705882352942,0.9945155393053017,0.012797074954296161,0.012797074954296161,0.0038471794458699304,0.0038471794458699304,-0.021937842778793404,-0.021937842778793404,-0.0031899696278404714,0.0031899696278404714,0.01576887661141807,0.01576887661141807,0.0062357816054599,0.0062357816054599
shuffled_domain_rank,808,17.0,0.37477148080438755,0.24817392532575108,0.8007312614259597,0.028712659935644168,0.0034999999999999476,0.08955555555555564,0.4036697247706422,0.5944954128440367,0.9963436928702011,-0.01645338208409508,-0.01645338208409508,-0.015013298394108504,-0.015013298394108504,0.005484460694698323,0.005484460694698323,0.0012447150886641875,-0.0012447150886641875,-0.018061398617939706,-0.018061398617939706,-0.013239393785797526,-0.013239393785797526
shuffled_domain_rank,808,18.0,0.39488117001828155,0.26598216635076793,0.8117001828153565,0.027414999311592806,0.00279577522728211,0.08733333333333326,0.4194139194139194,0.5952380952380952,0.9981718464351006,0.003656307129798919,0.003656307129798919,0.002794942630908348,0.002794942630908348,0.01645338208409508,0.01645338208409508,-5.294553538717425e-05,5.294553538717425e-05,-0.0023172039746625073,-0.0023172039746625073,-0.012496711391739024,-0.012496711391739024
shuffled_domain_rank,808,19.0,0.40585009140767825,0.26409847416353077,0.7879341864716636,0.025197320115567943,0.002216449619352856,0.07892028334909869,0.43462246777163904,0.6169429097605893,0.9926873857404022,0.014625228519195621,0.014625228519195621,0.0009112504436711855,0.0009112504436711855,-0.007312614259597838,-0.007312614259597838,-0.0022706247314120374,0.0022706247314120374,0.012891344383057113,0.012891344383057113,0.009208103130755041,0.009208103130755041
shuffled_domain_rank,808,20.0,0.3912248628884826,0.2627947487279692,0.7897623400365631,0.027415573421264487,0.002816412363067289,0.08759999999999998,0.41834862385321103,0.6073394495412844,0.9963436928702011,0.0,0.0,-0.00039247499189037915,-0.00039247499189037915,-0.005484460694698323,-0.005484460694698323,-5.237142571549308e-05,5.237142571549308e-05,-0.0033824995353708975,-0.0033824995353708975,-0.0003953570885498747,-0.0003953570885498747
shuffled_domain_rank,808,21.0,0.39853747714808047,0.262555113441973,0.7970749542961609,0.02708427776126029,0.00262841224917143,0.08045637958532699,0.4317343173431734,0.6051660516605166,0.9908592321755028,0.007312614259597838,0.007312614259597838,-0.0006321102778865662,-0.0006321102778865662,0.001828153564899515,0.001828153564899515,-0.000383667085719689,0.000383667085719689,0.010003193954591483,0.010003193954591483,-0.0025687549693176326,-0.0025687549693176326
shuffled_domain_rank,808,22.0,0.40585009140767825,0.26901219418667077,0.8007312614259597,0.023565353144812597,0.002000000000000113,0.06898510675970411,0.43830570902394106,0.6206261510128913,0.9926873857404022,0.014625228519195621,0.014625228519195621,0.005824970466811186,0.005824970466811186,0.005484460694698323,0.005484460694698323,-0.0039025917021673837,0.0039025917021673837,0.01657458563535913,0.01657458563535913,0.012891344383057057,0.012891344383057057
shuffled_domain_rank,808,23.0,0.3912248628884826,0.265312045481407,0.7952468007312614,0.026427200404304164,0.0028153370426185487,0.08167539807294848,0.41911764705882354,0.6066176470588235,0.9945155393053017,0.0,0.0,0.002124821761547435,0.002124821761547435,0.0,0.0,-0.0010407444426758158,0.0010407444426758158,-0.0026134763297583907,-0.0026134763297583907,-0.001117159571010773,-0.001117159571010773
shuffled_domain_rank,808,24.0,0.40585009140767825,0.26425627735517937,0.7879341864716636,0.025104515065883546,0.002416407971491452,0.07235837365249134,0.43462246777163904,0.6169429097605893,0.9926873857404022,0.014625228519195621,0.014625228519195621,0.0010690536353197833,0.0010690536353197833,-0.007312614259597838,-0.007312614259597838,-0.0023634297810964343,0.0023634297810964343,0.012891344383057113,0.012891344383057113,0.009208103130755041,0.009208103130755041
shuffled_domain_rank,808,25.0,0.3912248628884826,0.25850505556350906,0.7879341864716636,0.02727420696438413,0.0027643524017416654,0.08167539807294848,0.4209558823529412,0.6029411764705882,0.9945155393053017,0.0,0.0,-0.00468216815635053,-0.00468216815635053,-0.007312614259597838,-0.007312614259597838,-0.00019373788259584995,0.00019373788259584995,-0.0007752410356407502,-0.0007752410356407502,-0.004793630159246054,-0.004793630159246054
shuffled_domain_rank,808,26.0,0.40036563071297987,0.2642301492817336,0.7879341864716636,0.025343206660275248,0.002416407971491452,0.07878308508322214,0.43119266055045874,0.618348623853211,0.9963436928702011,0.009140767824497242,0.009140767824497242,0.0010429255618740196,0.0010429255618740196,-0.007312614259597838,-0.007312614259597838,-0.0021247381867047326,0.0021247381867047326,0.00946153716187681,0.00946153716187681,0.010613817223376731,0.010613817223376731
shuffled_domain_rank,808,27.0,0.3857404021937843,0.26133127744075074,0.7787934186471663,0.029072820899683948,0.0027007152274208246,0.09027602952602938,0.41911764705882354,0.5974264705882353,0.9945155393053017,-0.005484460694698323,-0.005484460694698323,-0.0018559462791088444,-0.0018559462791088444,-0.01645338208409508,-0.01645338208409508,0.0016048760527039678,-0.0016048760527039678,-0.0026134763297583907,-0.0026134763297583907,-0.010308336041598976,-0.010308336041598976
shuffled_domain_rank,808,28.0,0.3912248628884826,0.26178138062697714,0.8135283363802559,0.026350057066674436,0.0027321380529612693,0.07993619963889981,0.42463235294117646,0.6084558823529411,0.9945155393053017,0.0,0.0,-0.0014058430928824417,-0.0014058430928824417,0.018281535648994485,0.018281535648994485,-0.0011178877803055438,0.0011178877803055438,0.002901229552594531,0.002901229552594531,0.0007210757231068676,0.0007210757231068676
shuffled_domain_rank,808,29.0,0.396709323583181,0.2673460387310208,0.8007312614259597,0.024944095079215994,0.002558280058450102,0.08045637958532699,0.4261992619926199,0.6143911439114391,0.9908592321755028,0.005484460694698379,0.005484460694698379,0.004158815011161221,0.004158815011161221,0.005484460694698323,0.005484460694698323,-0.002523849767763986,0.002523849767763986,0.004468138604037997,0.004468138604037997,0.006656337281604863,0.006656337281604863
baseline_stats,314,,0.39488117001828155,0.27325663814147316,0.8135283363802559,0.026983974603762482,0.0029999999999998916,0.08217914010421212,0.42357274401473294,0.6077348066298343,0.9926873857404022,0.0,0.0,0.0,0.0,0.0,0.0,0.0,-0.0,0.0,0.0,0.0,0.0
real_domain_rank,314,,0.4149908592321755,0.28274930119643776,0.8043875685557587,0.0243346650717316,0.0020000000000000018,0.06659832237979936,0.45036764705882354,0.6176470588235294,0.9945155393053017,0.020109689213893944,0.020109689213893944,0.0094926630549646,0.0094926630549646,-0.009140767824497242,-0.009140767824497242,-0.00264930953203088,0.00264930953203088,0.0267949030440906,0.0267949030440906,0.009912252193695181,0.009912252193695181
shuffled_domain_rank,314,0.0,0.40950639853747717,0.2799797420002588,0.8098720292504571,0.02560530461988849,0.0025019362518321486,0.08174033331681728,0.4411764705882353,0.6231617647058824,0.9945155393053017,0.014625228519195621,0.014625228519195621,0.006723103858785662,0.006723103858785662,-0.003656307129798808,-0.003656307129798808,-0.0013786699838739917,0.0013786699838739917,0.017603726573502343,0.017603726573502343,0.015426958076048103,0.015426958076048103
shuffled_domain_rank,314,1.0,0.3930530164533821,0.27253677697844136,0.8007312614259597,0.027181374563247176,0.0030069603903559727,0.08353189845474607,0.42463235294117646,0.6029411764705882,0.9945155393053017,-0.0018281535648994596,-0.0018281535648994596,-0.0007198611630317986,-0.0007198611630317986,-0.012797074954296161,-0.012797074954296161,0.00019739995948469397,-0.00019739995948469397,0.0010596089264435227,0.0010596089264435227,-0.004793630159246054,-0.004793630159246054
shuffled_domain_rank,314,2.0,0.40036563071297987,0.26723281129012727,0.8135283363802559,0.026000001920028028,0.0028153370426185487,0.08036913875598091,0.4338235294117647,0.6139705882352942,0.9945155393053017,0.005484460694698323,0.005484460694698323,-0.006023826851345893,-0.006023826851345893,0.0,0.0,-0.000983972683734454,0.000983972683734454,0.01025078539703178,0.01025078539703178,0.0062357816054599,0.0062357816054599
shuffled_domain_rank,314,3.0,0.4113345521023766,0.27842000600867856,0.8025594149908593,0.026375127230767546,0.001975917553393991,0.08728185117967345,0.44567219152854515,0.6316758747697975,0.9926873857404022,0.01645338208409508,0.01645338208409508,0.005163367867205393,0.005163367867205393,-0.010968921389396646,-0.010968921389396646,-0.0006088473729949362,0.0006088473729949362,0.02209944751381221,0.02209944751381221,0.023941068139963217,0.023941068139963217
shuffled_domain_rank,314,4.0,0.39488117001828155,0.2595977255292548,0.8098720292504571,0.0271693686288314,0.0024999999999999467,0.08599999999999997,0.43068391866913125,0.6229205175600739,0.9890310786106032,0.0,0.0,-0.013658912612218355,-0.013658912612218355,-0.003656307129798808,-0.003656307129798808,0.0001853940250689176,-0.0001853940250689176,0.007111174654398311,0.007111174654398311,0.015185710930239682,0.015185710930239682
shuffled_domain_rank,314,5.0,0.40950639853747717,0.2798364469703651,0.8135283363802559,0.024665400256376105,0.0020000000000000573,0.07637500000000003,0.44669117647058826,0.6286764705882353,0.9945155393053017,0.014625228519195621,0.014625228519195621,0.00657980882889192,0.00657980882889192,0.0,0.0,-0.002318574347386377,0.002318574347386377,0.02311843245585532,0.02311843245585532,0.020941663958401024,0.020941663958401024
shuffled_domain_rank,314,6.0,0.4186471663619744,0.27181461882503466,0.8043875685557587,0.025789767734628127,0.001941391941391979,0.07843333333333326,0.44935543278084716,0.6390423572744015,0.9926873857404022,0.023765996343692863,0.023765996343692863,-0.0014420193164385031,-0.0014420193164385031,-0.009140767824497242,-0.009140767824497242,-0.0011942068691343545,0.0011942068691343545,0.025782688766114226,0.025782688766114226,0.03130755064456725,0.03130755064456725
shuffled_domain_rank,314,7.0,0.39853747714808047,0.27042328695468526,0.8098720292504571,0.024379182591204786,0.0024390243902440156,0.08006379585326967,0.4288354898336414,0.6284658040665434,0.9890310786106032,0.003656307129798919,0.003656307129798919,-0.0028333511867879024,-0.0028333511867879024,-0.003656307129798808,-0.003656307129798808,-0.002604792012557696,0.002604792012557696,0.005262745818908454,0.005262745818908454,0.020730997436709142,0.020730997436709142
shuffled_domain_rank,314,8.0,0.40036563071297987,0.2725922261694274,0.8153564899451554,0.026349758511316795,0.002469512195121981,0.08635,0.4338235294117647,0.625,0.9945155393053017,0.005484460694698323,0.005484460694698323,-0.0006644119720457531,-0.0006644119720457531,0.001828153564899515,0.001828153564899515,-0.0006342160924456865,0.0006342160924456865,0.01025078539703178,0.01025078539703178,0.017265193370165743,0.017265193370165743
shuffled_domain_rank,314,9.0,0.4186471663619744,0.27719408352497754,0.8025594149908593,0.023191915089471934,0.0016092670510620133,0.07027127668992604,0.4585635359116022,0.6482504604051565,0.9926873857404022,0.023765996343692863,0.023765996343692863,0.003937445383504379,0.003937445383504379,-0.010968921389396646,-0.010968921389396646,-0.003792059514290548,0.003792059514290548,0.03499079189686927,0.03499079189686927,0.04051565377532229,0.04051565377532229
shuffled_domain_rank,314,10.0,0.40036563071297987,0.27384630909860536,0.8025594149908593,0.024518886463477715,0.002677598254069713,0.08045637958532699,0.42988929889298894,0.6254612546125461,0.9908592321755028,0.005484460694698323,0.005484460694698323,0.0005896709571321934,0.0005896709571321934,-0.010968921389396646,-0.010968921389396646,-0.002465088140284767,0.002465088140284767,0.006316554878255998,0.006316554878255998,0.017726447982711835,0.017726447982711835
shuffled_domain_rank,314,11.0,0.38939670932358317,0.27144811239390726,0.8171846435100548,0.027460274001885315,0.0029108805309089325,0.08863396567299,0.4227941176470588,0.6121323529411765,0.9945155393053017,-0.005484460694698379,-0.005484460694698379,-0.0018085257475659033,-0.0018085257475659033,0.003656307129798919,0.003656307129798919,0.0004762993981228328,-0.0004762993981228328,-0.0007786263676741179,-0.0007786263676741179,0.00439754631134226,0.00439754631134226
shuffled_domain_rank,314,12.0,0.4040219378427788,0.27401589739167637,0.8025594149908593,0.026163378912276623,0.0026165601169002572,0.07997873171035644,0.43278084714548803,0.6243093922651933,0.9926873857404022,0.009140767824497242,0.009140767824497242,0.0007592592502032036,0.0007592592502032036,-0.010968921389396646,-0.010968921389396646,-0.0008205956914858585,0.0008205956914858585,0.009208103130755096,0.009208103130755096,0.016574585635359074,0.016574585635359074
shuffled_domain_rank,314,13.0,0.3857404021937843,0.2676342319626331,0.8171846435100548,0.02589437050604833,0.002813772676786508,0.08041275917065395,0.4180478821362799,0.6077348066298343,0.9926873857404022,-0.009140767824497242,-0.009140767824497242,-0.005622406178840078,-0.005622406178840078,0.003656307129798919,0.003656307129798919,-0.0010896040977141502,0.0010896040977141502,-0.0055248618784530246,-0.0055248618784530246,0.0,0.0
shuffled_domain_rank,314,14.0,0.43144424131627057,0.28616004089309655,0.7989031078610603,0.023622329947613933,0.00145395783484914,0.07899693259709241,0.46139705882352944,0.6488970588235294,0.9945155393053017,0.036563071297989025,0.036563071297989025,0.012903402751623383,0.012903402751623383,-0.014625228519195566,-0.014625228519195566,-0.003361644656148549,0.003361644656148549,0.0378243148087965,0.0378243148087965,0.04116225219369518,0.04116225219369518
shuffled_domain_rank,314,15.0,0.42230347349177333,0.28453334745965325,0.7897623400365631,0.024907112315881576,0.001932234432234503,0.07952953885300443,0.45036764705882354,0.6378676470588235,0.9945155393053017,0.027422303473491783,0.027422303473491783,0.01127670931818009,0.01127670931818009,-0.023765996343692808,-0.023765996343692808,-0.0020768622878809054,0.0020768622878809054,0.0267949030440906,0.0267949030440906,0.030132840428989227,0.030132840428989227
shuffled_domain_rank,314,16.0,0.40219378427787933,0.2694697876002421,0.8062157221206582,0.027038142455683797,0.002714932126696823,0.08780487804878057,0.43807763401109057,0.6229205175600739,0.9890310786106032,0.007312614259597783,0.007312614259597783,-0.0037868505412310682,-0.0037868505412310682,-0.007312614259597727,-0.007312614259597727,5.416785192131554e-05,-5.416785192131554e-05,0.014504889996357628,0.014504889996357628,0.015185710930239682,0.015185710930239682
shuffled_domain_rank,314,17.0,0.41681901279707495,0.27255943032994007,0.7970749542961609,0.024389085778279446,0.0018422070686609088,0.07993619963889981,0.45036764705882354,0.6268382352941176,0.9945155393053017,0.021937842778793404,0.021937842778793404,-0.000697207811533096,-0.000697207811533096,-0.01645338208409497,-0.01645338208409497,-0.002594888825483036,0.002594888825483036,0.0267949030440906,0.0267949030440906,0.019103428664283384,0.019103428664283384
shuffled_domain_rank,314,18.0,0.41316270566727603,0.2864895497753797,0.8153564899451554,0.02495018269219815,0.0020000000000000018,0.08564938505203401,0.44485294117647056,0.6341911764705882,0.9945155393053017,0.018281535648994485,0.018281535648994485,0.013232911633906552,0.013232911633906552,0.001828153564899515,0.001828153564899515,-0.002033791911564331,0.002033791911564331,0.021280197161737624,0.021280197161737624,0.026456369840753946,0.026456369840753946
shuffled_domain_rank,314,19.0,0.4076782449725777,0.27738653115221906,0.8098720292504571,0.025625677195094995,0.0023687455718192085,0.07993619963889981,0.4411764705882353,0.625,0.9945155393053017,0.012797074954296161,0.012797074954296161,0.0041298930107459,0.0041298930107459,-0.003656307129798808,-0.003656307129798808,-0.0013582974086674866,0.0013582974086674866,0.017603726573502343,0.017603726573502343,0.017265193370165743,0.017265193370165743
shuffled_domain_rank,314,20.0,0.39853747714808047,0.268154042099959,0.8190127970749543,0.02589486166339443,0.0027777777777777124,0.07949322675777143,0.42752293577981654,0.6165137614678899,0.9963436928702011,0.003656307129798919,0.003656307129798919,-0.00510259604151414,-0.00510259604151414,0.005484460694698434,0.005484460694698434,-0.0010891129403680505,0.0010891129403680505,0.003950191765083599,0.003950191765083599,0.008778954838055686,0.008778954838055686
shuffled_domain_rank,314,21.0,0.42413162705667273,0.28720894923374757,0.8007312614259597,0.025690810584663624,0.0018264227342206785,0.08403564048600971,0.45955882352941174,0.6433823529411765,0.9945155393053017,0.029250457038391187,0.029250457038391187,0.013952311092274405,0.013952311092274405,-0.012797074954296161,-0.012797074954296161,-0.0012931640190988573,0.0012931640190988573,0.035986079514678804,0.035986079514678804,0.03564754631134226,0.03564754631134226
shuffled_domain_rank,314,22.0,0.39853747714808047,0.2695262353408661,0.7970749542961609,0.02566672557888408,0.00279577522728211,0.07921448543440267,0.4261992619926199,0.6162361623616236,0.9908592321755028,0.003656307129798919,0.003656307129798919,-0.0037304028006070467,-0.0037304028006070467,-0.01645338208409497,-0.01645338208409497,-0.001317249024878401,0.001317249024878401,0.0026265179778869885,0.0026265179778869885,0.00850135573178934,0.00850135573178934
shuffled_domain_rank,314,23.0,0.40036563071297987,0.2708057511906947,0.8135283363802559,0.02549248236985559,0.002714932126696823,0.08217914010421212,0.43278084714548803,0.6206261510128913,0.9926873857404022,0.005484460694698323,0.005484460694698323,-0.0024508869507784414,-0.0024508869507784414,0.0,0.0,-0.001491492233906891,0.001491492233906891,0.009208103130755096,0.009208103130755096,0.012891344383057057,0.012891344383057057
shuffled_domain_rank,314,24.0,0.39853747714808047,0.2710194413861197,0.8171846435100548,0.026396096060284393,0.0026864983281448263,0.0867079254079254,0.43278084714548803,0.6187845303867403,0.9926873857404022,0.003656307129798919,0.003656307129798919,-0.0022371967553534433,-0.0022371967553534433,0.003656307129798919,0.003656307129798919,-0.0005878785434780889,0.0005878785434780889,0.009208103130755096,0.009208103130755096,0.011049723756906049,0.011049723756906049
shuffled_domain_rank,314,25.0,0.38391224862888484,0.25379896583042233,0.7897623400365631,0.0277435960260682,0.0035714285714284477,0.08834159347844749,0.4125230202578269,0.6058931860036832,0.9926873857404022,-0.010968921389396702,-0.010968921389396702,-0.019457672311050833,-0.019457672311050833,-0.023765996343692808,-0.023765996343692808,0.0007596214223057167,-0.0007596214223057167,-0.011049723756906049,-0.011049723756906049,-0.0018416206261510082,-0.0018416206261510082
shuffled_domain_rank,314,26.0,0.4040219378427788,0.2699042485411896,0.8098720292504571,0.02510545516141381,0.002000000000000113,0.08067316065031682,0.43646408839779005,0.6279926335174953,0.9926873857404022,0.009140767824497242,0.009140767824497242,-0.0033523896002835563,-0.0033523896002835563,-0.003656307129798808,-0.003656307129798808,-0.0018785194423486702,0.0018785194423486702,0.012891344383057113,0.012891344383057113,0.02025782688766109,0.02025782688766109
shuffled_domain_rank,314,27.0,0.4149908592321755,0.27797773063215164,0.8153564899451554,0.02459703714665439,0.0019999999999999463,0.0754442970822281,0.45202952029520294,0.6402214022140221,0.9908592321755028,0.020109689213893944,0.020109689213893944,0.00472109249067848,0.00472109249067848,0.001828153564899515,0.001828153564899515,-0.002386937457108093,0.002386937457108093,0.028456776280469998,0.028456776280469998,0.03248659558418787,0.03248659558418787
shuffled_domain_rank,314,28.0,0.42047531992687387,0.28112998474645295,0.8062157221206582,0.0247818015429023,0.0017092527159644488,0.07956585094823745,0.4548802946593002,0.6372007366482505,0.9926873857404022,0.025594149908592323,0.025594149908592323,0.007873346604979792,0.007873346604979792,-0.007312614259597727,-0.007312614259597727,-0.002202173060860183,0.002202173060860183,0.03130755064456725,0.03130755064456725,0.029465930018416242,0.029465930018416242
shuffled_domain_rank,314,29.0,0.3912248628884826,0.2649299225531205,0.8062157221206582,0.025940504011730654,0.0029925373134327415,0.0835391684760899,0.4209558823529412,0.6066176470588235,0.9945155393053017,-0.003656307129798919,-0.003656307129798919,-0.008326715588352684,-0.008326715588352684,-0.007312614259597727,-0.007312614259597727,-0.0010434705920318275,0.0010434705920318275,-0.0026168616617917584,-0.0026168616617917584,-0.001117159571010773,-0.001117159571010773
baseline_stats,271,,0.4040219378427788,0.2684569016981176,0.8171846435100548,0.022787854611655774,0.0019999999999999463,0.06917074510466714,0.4446494464944649,0.6291512915129152,0.9908592321755028,0.0,0.0,0.0,0.0,0.0,0.0,0.0,-0.0,0.0,0.0,0.0,0.0
real_domain_rank,271,,0.39853747714808047,0.2664176575815174,0.8244972577696527,0.022737706167380228,0.002108224809676429,0.06283121597096189,0.4375,0.6158088235294118,0.9945155393053017,-0.005484460694698323,-0.005484460694698323,-0.0020392441166001696,-0.0020392441166001696,0.007312614259597838,0.007312614259597838,-5.0148444275546766e-05,5.0148444275546766e-05,-0.007149446494464917,-0.007149446494464917,-0.013342467983503359,-0.013342467983503359
shuffled_domain_rank,271,0.0,0.40950639853747717,0.2644922954437185,0.8244972577696527,0.023614524885443994,0.0020000000000000018,0.06409736842105267,0.44669117647058826,0.625,0.9945155393053017,0.005484460694698379,0.005484460694698379,-0.0039646062543990945,-0.0039646062543990945,0.007312614259597838,0.007312614259597838,0.0008266702737882194,-0.0008266702737882194,0.002041729976123341,0.002041729976123341,-0.004151291512915156,-0.004151291512915156
shuffled_domain_rank,271,1.0,0.3912248628884826,0.2521888920546182,0.8171846435100548,0.02426061236797779,0.002640264381442603,0.07151133361922059,0.42935779816513764,0.6110091743119266,0.9963436928702011,-0.012797074954296161,-0.012797074954296161,-0.016268009643499393,-0.016268009643499393,0.0,0.0,0.001472757756322017,-0.001472757756322017,-0.015291648329327279,-0.015291648329327279,-0.018142117200988572,-0.018142117200988572
shuffled_domain_rank,271,2.0,0.40585009140767825,0.27234817162700103,0.8281535648994516,0.021874575926897455,0.002108224809676429,0.06283121597096189,0.4411764705882353,0.6213235294117647,0.9945155393053017,0.0018281535648994596,0.0018281535648994596,0.003891269928883445,0.003891269928883445,0.010968921389396757,0.010968921389396757,-0.0009132786847583195,0.0009132786847583195,-0.003472975906229636,-0.003472975906229636,-0.007827762101150437,-0.007827762101150437
shuffled_domain_rank,271,3.0,0.38939670932358317,0.25072586119097745,0.8281535648994516,0.023241317614409108,0.0024999999999999467,0.06387232231522202,0.42385321100917434,0.6238532110091743,0.9963436928702011,-0.014625228519195621,-0.014625228519195621,-0.01773104050714014,-0.01773104050714014,0.010968921389396757,0.010968921389396757,0.00045346300275333346,-0.00045346300275333346,-0.020796235485290582,-0.020796235485290582,-0.00529808050374081,-0.00529808050374081
shuffled_domain_rank,271,4.0,0.4113345521023766,0.27419922622138443,0.8336380255941499,0.02298972125520718,0.001958654747392985,0.06637986279257466,0.44669117647058826,0.6323529411764706,0.9945155393053017,0.007312614259597838,0.007312614259597838,0.00574232452326684,0.00574232452326684,0.01645338208409508,0.01645338208409508,0.00020186664355140507,-0.00020186664355140507,0.002041729976123341,0.002041729976123341,0.003201649663555406,0.003201649663555406
shuffled_domain_rank,271,5.0,0.40219378427787933,0.263060177201226,0.8190127970749543,0.023338768907288338,0.0022242962382477693,0.06879946841474104,0.43933823529411764,0.6231617647058824,0.9945155393053017,-0.0018281535648994596,-0.0018281535648994596,-0.005396724496891603,-0.005396724496891603,0.001828153564899515,0.001828153564899515,0.0005509142956325631,-0.0005509142956325631,-0.005311211200347277,-0.005311211200347277,-0.005989526807032797,-0.005989526807032797
shuffled_domain_rank,271,6.0,0.40585009140767825,0.26509631103837783,0.8336380255941499,0.02347752387029233,0.002316428795422154,0.06734275913755339,0.43956043956043955,0.6208791208791209,0.9981718464351006,0.0018281535648994596,0.0018281535648994596,-0.0033605906597397595,-0.0033605906597397595,0.01645338208409508,0.01645338208409508,0.000689669258636557,-0.000689669258636557,-0.005089006934025364,-0.005089006934025364,-0.008272170633794262,-0.008272170633794262
shuffled_domain_rank,271,7.0,0.4113345521023766,0.26604332914446466,0.8080438756855576,0.023548789938700045,0.0019155316990164956,0.06879946841474106,0.44485294117647056,0.6176470588235294,0.9945155393053017,0.007312614259597838,0.007312614259597838,-0.0024135725536529318,-0.0024135725536529318,-0.009140767824497242,-0.009140767824497242,0.0007609353270442709,-0.0007609353270442709,0.0002034946820056449,0.0002034946820056449,-0.011504232689385718,-0.011504232689385718
shuffled_domain_rank,271,8.0,0.4149908592321755,0.277649534283584,0.8080438756855576,0.022228758257112888,0.00145395783484914,0.06637986279257466,0.4540441176470588,0.6360294117647058,0.9945155393053017,0.010968921389396702,0.010968921389396702,0.009192632585466431,0.009192632585466431,-0.009140767824497242,-0.009140767824497242,-0.0005590963545428866,0.0005590963545428866,0.009394671152593903,0.009394671152593903,0.006878120251790687,0.006878120251790687
shuffled_domain_rank,271,9.0,0.40219378427787933,0.26739623290381037,0.8153564899451554,0.023157250780671657,0.0020000000000000018,0.06664841462008537,0.43830570902394106,0.6224677716390423,0.9926873857404022,-0.0018281535648994596,-0.0018281535648994596,-0.001060668794307218,-0.001060668794307218,-0.001828153564899404,-0.001828153564899404,0.00036939616901588215,-0.00036939616901588215,-0.006343737470523858,-0.006343737470523858,-0.006683519873872834,-0.006683519873872834
shuffled_domain_rank,271,10.0,0.3930530164533821,0.251137038138714,0.8153564899451554,0.024005878873660198,0.0027643524017416654,0.07230104923325262,0.43014705882352944,0.6176470588235294,0.9945155393053017,-0.010968921389396702,-0.010968921389396702,-0.01731986355940357,-0.01731986355940357,-0.001828153564899404,-0.001828153564899404,0.0012180242620044232,-0.0012180242620044232,-0.01450238767093548,-0.01450238767093548,-0.011504232689385718,-0.011504232689385718
shuffled_domain_rank,271,11.0,0.3930530164533821,0.2549313448479171,0.8062157221206582,0.02378162648561377,0.002677598254069713,0.06750000000000009,0.43014705882352944,0.6231617647058824,0.9945155393053017,-0.010968921389396702,-0.010968921389396702,-0.013525556850200515,-0.013525556850200515,-0.010968921389396646,-0.010968921389396646,0.0009937718739579972,-0.0009937718739579972,-0.01450238767093548,-0.01450238767093548,-0.005989526807032797,-0.005989526807032797
shuffled_domain_rank,271,12.0,0.3802559414990859,0.245882160262664,0.8190127970749543,0.023755215639053716,0.0028153370426185487,0.06879946841474106,0.41544117647058826,0.6158088235294118,0.9945155393053017,-0.023765996343692863,-0.023765996343692863,-0.0225747414354536,-0.0225747414354536,0.001828153564899515,0.001828153564899515,0.0009673610273979415,-0.0009673610273979415,-0.02920827002387666,-0.02920827002387666,-0.013342467983503359,-0.013342467983503359
shuffled_domain_rank,271,13.0,0.3875685557586837,0.2572616016809304,0.8354661791590493,0.02325814175837832,0.002714932126696823,0.07356488527614449,0.42385321100917434,0.6073394495412844,0.9963436928702011,-0.01645338208409508,-0.01645338208409508,-0.011195300017187215,-0.011195300017187215,0.018281535648994485,0.018281535648994485,0.0004702871467225471,-0.0004702871467225471,-0.020796235485290582,-0.020796235485290582,-0.021811841971630774,-0.021811841971630774
shuffled_domain_rank,271,14.0,0.4076782449725777,0.268682754988052,0.8117001828153565,0.02443564840246053,0.0019155316990164956,0.0746250000000001,0.43933823529411764,0.6305147058823529,0.9945155393053017,0.003656307129798919,0.003656307129798919,0.0002258532899344079,0.0002258532899344079,-0.005484460694698323,-0.005484460694698323,0.0016477937908047566,-0.0016477937908047566,-0.005311211200347277,-0.005311211200347277,0.0013634143694377654,0.0013634143694377654
shuffled_domain_rank,271,15.0,0.40585009140767825,0.26369858459410694,0.8226691042047533,0.02469893094284222,0.002316428795422154,0.07462183171234904,0.43772893772893773,0.6117216117216118,0.9981718464351006,0.0018281535648994596,0.0018281535648994596,-0.004758317104010645,-0.004758317104010645,0.005484460694698434,0.005484460694698434,0.001911076331186444,-0.001911076331186444,-0.006920508765527189,-0.006920508765527189,-0.017429679791303387,-0.017429679791303387
shuffled_domain_rank,271,16.0,0.40219378427787933,0.2735107464367065,0.8117001828153565,0.023073377506652525,0.0021160714285713422,0.06445458221024264,0.43933823529411764,0.625,0.9945155393053017,-0.0018281535648994596,-0.0018281535648994596,0.005053844738588886,0.005053844738588886,-0.005484460694698323,-0.005484460694698323,0.0002855228949967502,-0.0002855228949967502,-0.005311211200347277,-0.005311211200347277,-0.004151291512915156,-0.004151291512915156
shuffled_domain_rank,271,17.0,0.38939670932358317,0.24759677564290125,0.8336380255941499,0.024603501131209366,0.002714932126696823,0.07365744263807235,0.42357274401473294,0.6114180478821363,0.9926873857404022,-0.014625228519195621,-0.014625228519195621,-0.020860126055216338,-0.020860126055216338,0.01645338208409508,0.01645338208409508,0.0018156465195535917,-0.0018156465195535917,-0.02107670247973198,-0.02107670247973198,-0.017733243630778883,-0.017733243630778883
shuffled_domain_rank,271,18.0,0.38939670932358317,0.2537242103272919,0.8244972577696527,0.025094900377662765,0.0026165601169002572,0.0767500000000001,0.429097605893186,0.6132596685082873,0.9926873857404022,-0.014625228519195621,-0.014625228519195621,-0.014732691370825668,-0.014732691370825668,0.007312614259597838,0.007312614259597838,0.002307045766006991,-0.002307045766006991,-0.015551840601278899,-0.015551840601278899,-0.015891623004627875,-0.015891623004627875
shuffled_domain_rank,271,19.0,0.40219378427787933,0.2687302756099815,0.8190127970749543,0.024059043688303722,0.002187499999999898,0.07365744263807235,0.4419889502762431,0.6224677716390423,0.9926873857404022,-0.0018281535648994596,-0.0018281535648994596,0.0002733739118638834,0.0002733739118638834,0.001828153564899515,0.001828153564899515,0.0012711890766479474,-0.0012711890766479474,-0.0026604962182218417,-0.0026604962182218417,-0.006683519873872834,-0.006683519873872834
shuffled_domain_rank,271,20.0,0.3912248628884826,0.2609760444636696,0.8190127970749543,0.02358406316503814,0.002558280058450102,0.06785000000000008,0.4267399267399267,0.6153846153846154,0.9981718464351006,-0.012797074954296161,-0.012797074954296161,-0.0074808572344479685,-0.0074808572344479685,0.001828153564899515,0.001828153564899515,0.0007962085533823639,-0.0007962085533823639,-0.017909519754538195,-0.017909519754538195,-0.013766676128299737,-0.013766676128299737
shuffled_domain_rank,271,21.0,0.3875685557586837,0.269231600830728,0.8263254113345521,0.02602542623241401,0.0027643524017416654,0.07936867592292068,0.42463235294117646,0.6011029411764706,0.9945155393053017,-0.01645338208409508,-0.01645338208409508,0.0007746991326104125,0.0007746991326104125,0.009140767824497242,0.009140767824497242,0.0032375716207582346,-0.0032375716207582346,-0.020017093553288456,-0.020017093553288456,-0.028048350336444594,-0.028048350336444594
shuffled_domain_rank,271,22.0,0.38939670932358317,0.2575965436239397,0.8281535648994516,0.023143281652358818,0.00262841224917143,0.067405655482532,0.42463235294117646,0.6158088235294118,0.9945155393053017,-0.014625228519195621,-0.014625228519195621,-0.0108603580741779,-0.0108603580741779,0.010968921389396757,0.010968921389396757,0.00035542704070304354,-0.00035542704070304354,-0.020017093553288456,-0.020017093553288456,-0.013342467983503359,-0.013342467983503359
shuffled_domain_rank,271,23.0,0.38939670932358317,0.2545542014085802,0.8226691042047533,0.023651632496183263,0.002341911325624113,0.067405655482532,0.42830882352941174,0.6029411764705882,0.9945155393053017,-0.014625228519195621,-0.014625228519195621,-0.013902700289537384,-0.013902700289537384,0.005484460694698434,0.005484460694698434,0.000863777884527489,-0.000863777884527489,-0.016340622965053175,-0.016340622965053175,-0.026210115042326954,-0.026210115042326954
shuffled_domain_rank,271,24.0,0.4076782449725777,0.2724994123495299,0.7989031078610603,0.023296958444506796,0.002000000000000113,0.07204151074262878,0.44403669724770645,0.6165137614678899,0.9963436928702011,0.003656307129798919,0.003656307129798919,0.004042510651412312,0.004042510651412312,-0.018281535648994485,-0.018281535648994485,0.0005091038328510211,-0.0005091038328510211,-0.0006127492467584705,-0.0006127492467584705,-0.012637530045025214,-0.012637530045025214
shuffled_domain_rank,271,25.0,0.3912248628884826,0.25347514460021653,0.8135283363802559,0.025547384958722812,0.0029009880176580904,0.07836740109359926,0.4264705882352941,0.6029411764705882,0.9945155393053017,-0.012797074954296161,-0.012797074954296161,-0.01498175709790106,-0.01498175709790106,-0.003656307129798919,-0.003656307129798919,0.002759530347067038,-0.002759530347067038,-0.018178858259170816,-0.018178858259170816,-0.026210115042326954,-0.026210115042326954
shuffled_domain_rank,271,26.0,0.4113345521023766,0.2711121065586748,0.8226691042047533,0.024316596417092433,0.0019999999999998908,0.07700000000000005,0.44935543278084716,0.6298342541436464,0.9926873857404022,0.007312614259597838,0.007312614259597838,0.002655204860557203,0.002655204860557203,0.005484460694698434,0.005484460694698434,0.0015287418054366585,-0.0015287418054366585,0.004705986286382247,0.004705986286382247,0.0006829626307311987,0.0006829626307311987
shuffled_domain_rank,271,27.0,0.37842778793418647,0.23975558606054545,0.829981718464351,0.02444365568470532,0.002813772676786508,0.06750000000000009,0.4162062615101289,0.6095764272559853,0.9926873857404022,-0.025594149908592323,-0.025594149908592323,-0.02870131563757214,-0.02870131563757214,0.012797074954296161,0.012797074954296161,0.001655801073049544,-0.001655801073049544,-0.028443184984336012,-0.028443184984336012,-0.01957486425692989,-0.01957486425692989
shuffled_domain_rank,271,28.0,0.3875685557586837,0.2542453139636638,0.8135283363802559,0.024756505095220444,0.0028169014084505895,0.07140425531914908,0.42201834862385323,0.6073394495412844,0.9963436928702011,-0.01645338208409508,-0.01645338208409508,-0.014211587734453801,-0.014211587734453801,-0.003656307129798919,-0.003656307129798919,0.00196865048356467,-0.00196865048356467,-0.022631097870611683,-0.022631097870611683,-0.021811841971630774,-0.021811841971630774
shuffled_domain_rank,271,29.0,0.3820840950639854,0.25891461145791916,0.8208409506398537,0.02519289102526417,0.0029999999999998916,0.07356488527614449,0.41651376146788993,0.6018348623853211,0.9963436928702011,-0.021937842778793404,-0.021937842778793404,-0.009542290240198426,-0.009542290240198426,0.003656307129798919,0.003656307129798919,0.002405036413608397,-0.002405036413608397,-0.028135685026574986,-0.028135685026574986,-0.027316429127594022,-0.027316429127594022
baseline_stats,1000,,0.42778793418647165,0.29138420063887027,0.8062157221206582,0.02356986079652534,0.0013264929901315448,0.06740260479255905,0.4666666666666667,0.6333333333333333,0.9872029250457038,0.0,0.0,0.0,0.0,0.0,0.0,0.0,-0.0,0.0,0.0,0.0,0.0
real_domain_rank,1000,,0.4259597806215722,0.28352943331469366,0.7989031078610603,0.02396131052661803,0.00128928367357517,0.0675,0.4676524953789279,0.6303142329020333,0.9890310786106032,-0.0018281535648994596,-0.0018281535648994596,-0.007854767324176615,-0.007854767324176615,-0.007312614259597838,-0.007312614259597838,0.00039144973009268974,-0.00039144973009268974,0.0009858287122612164,0.0009858287122612164,-0.003019100431300048,-0.003019100431300048
shuffled_domain_rank,1000,0.0,0.42413162705667273,0.2820862111405082,0.8062157221206582,0.02639606707497398,0.0018264227342206785,0.07879276539612212,0.46111111111111114,0.6296296296296297,0.9872029250457038,-0.003656307129798919,-0.003656307129798919,-0.00929798949836208,-0.00929798949836208,0.0,0.0,0.0028262062784486404,-0.0028262062784486404,-0.005555555555555536,-0.005555555555555536,-0.0037037037037036535,-0.0037037037037036535
shuffled_domain_rank,1000,1.0,0.4149908592321755,0.27800705449888286,0.7989031078610603,0.02610974719580803,0.0019999999999998908,0.07963847513870348,0.45471349353049906,0.6192236598890942,0.9890310786106032,-0.012797074954296161,-0.012797074954296161,-0.013377146139987417,-0.013377146139987417,-0.007312614259597838,-0.007312614259597838,0.0025398863992826884,-0.0025398863992826884,-0.011953173136167616,-0.011953173136167616,-0.01410967344423908,-0.01410967344423908
shuffled_domain_rank,1000,2.0,0.43875685557586835,0.29322881672176765,0.7989031078610603,0.022038037503773072,0.0006708092077388761,0.06289359763043972,0.47513812154696133,0.6482504604051565,0.9926873857404022,0.010968921389396702,0.010968921389396702,0.0018446160828973768,0.0018446160828973768,-0.007312614259597838,-0.007312614259597838,-0.0015318232927522685,0.0015318232927522685,0.00847145488029466,0.00847145488029466,0.014917127071823244,0.014917127071823244
shuffled_domain_rank,1000,3.0,0.43327239488117003,0.2965605082820825,0.8190127970749543,0.0223749555450648,0.0009259259259256636,0.062100706311232594,0.4749536178107607,0.640074211502783,0.9853747714808044,0.005484460694698379,0.005484460694698379,0.005176307643212252,0.005176307643212252,0.012797074954296161,0.012797074954296161,-0.0011949052514605395,0.0011949052514605395,0.008286951144094001,0.008286951144094001,0.006740878169449682,0.006740878169449682
shuffled_domain_rank,1000,4.0,0.42778793418647165,0.28466069567935165,0.8098720292504571,0.02341460503993545,0.00145395783484914,0.07298189167808881,0.4648148148148148,0.6351851851851852,0.9872029250457038,0.0,0.0,-0.0067235049595186225,-0.0067235049595186225,0.003656307129798919,0.003656307129798919,-0.0001552557565898914,0.0001552557565898914,-0.0018518518518518823,-0.0018518518518518823,0.0018518518518518823,0.0018518518518518823
shuffled_domain_rank,1000,5.0,0.41316270566727603,0.2793780022841808,0.8043875685557587,0.024676761012374225,0.0018761726078799223,0.07575000000000008,0.4516728624535316,0.6189591078066915,0.9835466179159049,-0.014625228519195621,-0.014625228519195621,-0.012006198354689468,-0.012006198354689468,-0.001828153564899515,-0.001828153564899515,0.0011069002158488848,-0.0011069002158488848,-0.014993804213135065,-0.014993804213135065,-0.014374225526641804,-0.014374225526641804
shuffled_domain_rank,1000,6.0,0.40585009140767825,0.2702417029077314,0.7970749542961609,0.02507602297672122,0.0019999999999998908,0.07119999999999997,0.4489795918367347,0.6252319109461967,0.9853747714808044,-0.021937842778793404,-0.021937842778793404,-0.021142497731138854,-0.021142497731138854,-0.009140767824497242,-0.009140767824497242,0.001506162180195881,-0.001506162180195881,-0.01768707482993198,-0.01768707482993198,-0.008101422387136625,-0.008101422387136625
shuffled_domain_rank,1000,7.0,0.4405850091407678,0.2985515324963333,0.8062157221206582,0.022270375374810136,0.0006590291993386344,0.06740260479255905,0.4777777777777778,0.6425925925925926,0.9872029250457038,0.012797074954296161,0.012797074954296161,0.007167331857463044,0.007167331857463044,0.0,0.0,-0.001299485421715204,0.001299485421715204,0.011111111111111127,0.011111111111111127,0.0092592592592593,0.0092592592592593
shuffled_domain_rank,1000,8.0,0.42230347349177333,0.2858055706710327,0.8135283363802559,0.022947830750324864,0.00145395783484914,0.0645850972977323,0.46296296296296297,0.6370370370370371,0.9872029250457038,-0.005484460694698323,-0.005484460694698323,-0.0055786299678375895,-0.0055786299678375895,0.007312614259597727,0.007312614259597727,-0.0006220300462004766,0.0006220300462004766,-0.003703703703703709,-0.003703703703703709,0.0037037037037037646,0.0037037037037037646
shuffled_domain_rank,1000,9.0,0.42413162705667273,0.28833504215083167,0.8080438756855576,0.023639701516643668,0.0014340843200080222,0.07032872131903622,0.45925925925925926,0.6314814814814815,0.9872029250457038,-0.003656307129798919,-0.003656307129798919,-0.003049158488038606,-0.003049158488038606,0.001828153564899404,0.001828153564899404,6.984072011832765e-05,-6.984072011832765e-05,-0.007407407407407418,-0.007407407407407418,-0.0018518518518517713,-0.0018518518518517713
shuffled_domain_rank,1000,10.0,0.4076782449725777,0.27552379602568483,0.8135283363802559,0.023484296351210316,0.0019999999999999463,0.07050000000000017,0.44814814814814813,0.6240740740740741,0.9872029250457038,-0.020109689213893944,-0.020109689213893944,-0.01586040461318544,-0.01586040461318544,0.007312614259597727,0.007312614259597727,-8.556444531502422e-05,8.556444531502422e-05,-0.018518518518518545,-0.018518518518518545,-0.00925925925925919,-0.00925925925925919
shuffled_domain_rank,1000,11.0,0.41681901279707495,0.2775789499782318,0.7952468007312614,0.025684109803493643,0.0019230769230770273,0.07927535418637333,0.45286506469500926,0.6247689463955638,0.9890310786106032,-0.010968921389396702,-0.010968921389396702,-0.01380525066063848,-0.01380525066063848,-0.010968921389396757,-0.010968921389396757,0.002114249006968303,-0.002114249006968303,-0.013801601971657418,-0.013801601971657418,-0.008564386937769508,-0.008564386937769508
shuffled_domain_rank,1000,12.0,0.4186471663619744,0.27880091519700057,0.793418647166362,0.02320491384580263,0.0019999999999998908,0.06711418765703402,0.4575645756457565,0.6273062730627307,0.9908592321755028,-0.009140767824497242,-0.009140767824497242,-0.012583285441869707,-0.012583285441869707,-0.012797074954296161,-0.012797074954296161,-0.0003649469507227103,0.0003649469507227103,-0.009102091020910197,-0.009102091020910197,-0.006027060270602624,-0.006027060270602624
shuffled_domain_rank,1000,13.0,0.4149908592321755,0.27985068415081576,0.7970749542961609,0.02268229016083394,0.0019999999999998908,0.06664841462008537,0.4530386740331492,0.6224677716390423,0.9926873857404022,-0.012797074954296161,-0.012797074954296161,-0.011533516488054507,-0.011533516488054507,-0.009140767824497242,-0.009140767824497242,-0.0008875706356913995,0.0008875706356913995,-0.013627992633517494,-0.013627992633517494,-0.010865561694290982,-0.010865561694290982
shuffled_domain_rank,1000,14.0,0.43144424131627057,0.2835979760036415,0.8153564899451554,0.02252921212713374,0.0014116693496638577,0.061172587847019955,0.46950092421441775,0.6321626617375231,0.9890310786106032,0.003656307129798919,0.003656307129798919,-0.007786224635228767,-0.007786224635228767,0.009140767824497242,0.009140767824497242,-0.0010406486693915994,0.0010406486693915994,0.0028342575477510734,0.0028342575477510734,-0.001170671595810191,-0.001170671595810191
shuffled_domain_rank,1000,15.0,0.4186471663619744,0.2797425717238245,0.8153564899451554,0.023319915561116775,0.0019230769230770273,0.06503710365502137,0.45640074211502785,0.6252319109461967,0.9853747714808044,-0.009140767824497242,-0.009140767824497242,-0.011641628915045776,-0.011641628915045776,0.009140767824497242,0.009140767824497242,-0.0002499452354085656,0.0002499452354085656,-0.010265924551638828,-0.010265924551638828,-0.008101422387136625,-0.008101422387136625
shuffled_domain_rank,1000,16.0,0.41681901279707495,0.2851418389445554,0.8062157221206582,0.02579559191244818,0.0017692605043236331,0.0729947967065615,0.45387453874538747,0.6217712177121771,0.9908592321755028,-0.010968921389396702,-0.010968921389396702,-0.0062423616943148574,-0.0062423616943148574,0.0,0.0,0.002225731115922839,-0.002225731115922839,-0.012792127921279206,-0.012792127921279206,-0.011562115621156166,-0.011562115621156166
shuffled_domain_rank,1000,17.0,0.43327239488117003,0.294882749068934,0.8098720292504571,0.022051367700751872,0.0009997156691477493,0.062395644283121686,0.4739776951672863,0.6412639405204461,0.9835466179159049,0.005484460694698379,0.005484460694698379,0.0034985484300637526,0.0034985484300637526,0.003656307129798919,0.003656307129798919,-0.0015184930957734682,0.0015184930957734682,0.0073110285006195985,0.0073110285006195985,0.007930607187112804,0.007930607187112804
shuffled_domain_rank,1000,18.0,0.42413162705667273,0.28486187515765543,0.8098720292504571,0.024478142085675118,0.0014962463200344223,0.06750000000000012,0.4676524953789279,0.6358595194085028,0.9890310786106032,-0.003656307129798919,-0.003656307129798919,-0.006522325481214841,-0.006522325481214841,0.003656307129798919,0.003656307129798919,0.0009082812891497774,-0.0009082812891497774,0.0009858287122612164,0.0009858287122612164,0.002526186075169523,0.002526186075169523
shuffled_domain_rank,1000,19.0,0.4369287020109689,0.2847573516870504,0.8135283363802559,0.024188081293126888,0.0007331069243852184,0.06768563834496315,0.4777777777777778,0.6481481481481481,0.9872029250457038,0.009140767824497242,0.009140767824497242,-0.006626848951819864,-0.006626848951819864,0.007312614259597727,0.007312614259597727,0.0006182204966015473,-0.0006182204966015473,0.011111111111111127,0.011111111111111127,0.014814814814814836,0.014814814814814836
shuffled_domain_rank,1000,20.0,0.4296160877513711,0.2869378938638201,0.8007312614259597,0.024930477190492507,0.0010000000000000009,0.07400000000000016,0.46938775510204084,0.6233766233766234,0.9853747714808044,0.0018281535648994596,0.0018281535648994596,-0.004446306775050146,-0.004446306775050146,-0.005484460694698434,-0.005484460694698434,0.0013606163939671664,-0.0013606163939671664,0.0027210884353741638,0.0027210884353741638,-0.009956709956709942,-0.009956709956709942
shuffled_domain_rank,1000,21.0,0.44789762340036565,0.3069015974531679,0.8153564899451554,0.022723641396125902,0.00023148148148144365,0.067871276689926,0.4897959183673469,0.6549165120593692,0.9853747714808044,0.020109689213894,0.020109689213894,0.015517396814297646,0.015517396814297646,0.009140767824497242,0.009140767824497242,-0.000846219400399438,0.000846219400399438,0.023129251700680253,0.023129251700680253,0.02158317872603588,0.02158317872603588
shuffled_domain_rank,1000,22.0,0.42413162705667273,0.2804872057365619,0.7970749542961609,0.026454018417229313,0.001961538461538459,0.07960216304347048,0.45940959409594095,0.6199261992619927,0.9908592321755028,-0.003656307129798919,-0.003656307129798919,-0.010896994902308388,-0.010896994902308388,-0.009140767824497242,-0.009140767824497242,0.0028841576207039726,-0.0028841576207039726,-0.00725707257072572,-0.00725707257072572,-0.013407134071340643,-0.013407134071340643
shuffled_domain_rank,1000,23.0,0.42230347349177333,0.29007156013354246,0.8098720292504571,0.023388116618012635,0.0014981231600171285,0.07938429047207238,0.4628252788104089,0.6338289962825279,0.9835466179159049,-0.005484460694698323,-0.005484460694698323,-0.0013126405053278112,-0.0013126405053278112,0.003656307129798919,0.003656307129798919,-0.00018174417851270566,0.00018174417851270566,-0.003841387856257761,-0.003841387856257761,0.0004956629491945641,0.0004956629491945641
shuffled_domain_rank,1000,24.0,0.4040219378427788,0.27247923305459304,0.8025594149908593,0.024959931132444754,0.002327737004798436,0.0776166666666667,0.4425925925925926,0.6092592592592593,0.9872029250457038,-0.023765996343692863,-0.023765996343692863,-0.018904967584277232,-0.018904967584277232,-0.003656307129798919,-0.003656307129798919,0.001390070335919414,-0.001390070335919414,-0.02407407407407408,-0.02407407407407408,-0.024074074074074026,-0.024074074074074026
shuffled_domain_rank,1000,25.0,0.41681901279707495,0.2794019781090404,0.8025594149908593,0.02508748495194587,0.0018292682926828174,0.06987127668992607,0.4567219152854512,0.6224677716390423,0.9926873857404022,-0.010968921389396702,-0.010968921389396702,-0.011982222529829889,-0.011982222529829889,-0.003656307129798919,-0.003656307129798919,0.0015176241554205293,-0.0015176241554205293,-0.009944751381215478,-0.009944751381215478,-0.010865561694290982,-0.010865561694290982
shuffled_domain_rank,1000,26.0,0.42413162705667273,0.28669668650953367,0.7989031078610603,0.023241328090865914,0.0014962463200344223,0.06935638344963008,0.46210720887245843,0.6395563770794824,0.9890310786106032,-0.003656307129798919,-0.003656307129798919,-0.004687514129336601,-0.004687514129336601,-0.007312614259597838,-0.007312614259597838,-0.00032853270565942616,0.00032853270565942616,-0.004559457794208244,-0.004559457794208244,0.006223043746149126,0.006223043746149126
shuffled_domain_rank,1000,27.0,0.4351005484460695,0.294645158598647,0.7952468007312614,0.022895034403048787,0.0006590291993386344,0.0730402517904382,0.47962962962962963,0.6425925925925926,0.9872029250457038,0.007312614259597838,0.007312614259597838,0.0032609579597767113,0.0032609579597767113,-0.010968921389396757,-0.010968921389396757,-0.0006748263934765533,0.0006748263934765533,0.012962962962962954,0.012962962962962954,0.0092592592592593,0.0092592592592593
shuffled_domain_rank,1000,28.0,0.43327239488117003,0.2927590666588053,0.8062157221206582,0.022446448738668637,0.0009259259259256636,0.0675,0.4714548802946593,0.6390423572744015,0.9926873857404022,0.005484460694698379,0.005484460694698379,0.0013748660199350282,0.0013748660199350282,0.0,0.0,-0.0011234120578567028,0.0011234120578567028,0.0047882136279926435,0.0047882136279926435,0.005709023941068203,0.005709023941068203
shuffled_domain_rank,1000,29.0,0.4259597806215722,0.2873015229630791,0.8098720292504571,0.025377435717994386,0.0016046263579821418,0.07704479670656159,0.46309963099630996,0.6273062730627307,0.9908592321755028,-0.0018281535648994596,-0.0018281535648994596,-0.00408267767579118,-0.00408267767579118,0.003656307129798919,0.003656307129798919,0.0018075749214690462,-0.0018075749214690462,-0.0035670356703567108,-0.0035670356703567108,-0.006027060270602624,-0.006027060270602624
baseline_stats,3,,0.4076782449725777,0.2869127775405999,0.8117001828153565,0.026665318718351372,0.0019999999999998908,0.07963847513870348,0.4436229205175601,0.6173752310536045,0.9890310786106032,0.0,0.0,0.0,0.0,0.0,0.0,0.0,-0.0,0.0,0.0,0.0,0.0
real_domain_rank,3,,0.43327239488117003,0.2921530238668033,0.8007312614259597,0.0242381694963438,0.0006472491909383926,0.06450000000000009,0.4731977818853974,0.6395563770794824,0.9890310786106032,0.025594149908592323,0.025594149908592323,0.005240246326203402,0.005240246326203402,-0.010968921389396757,-0.010968921389396757,-0.002427149222007572,0.002427149222007572,0.029574861367837324,0.029574861367837324,0.02218114602587795,0.02218114602587795
shuffled_domain_rank,3,0.0,0.4149908592321755,0.2889773779051539,0.8080438756855576,0.026022110752285558,0.0019275729223194454,0.08045637958532699,0.45387453874538747,0.6107011070110702,0.9908592321755028,0.007312614259597783,0.007312614259597783,0.00206460036455397,0.00206460036455397,-0.003656307129798919,-0.003656307129798919,-0.000643207966065814,0.000643207966065814,0.010251618227827386,0.010251618227827386,-0.006674124042534313,-0.006674124042534313
shuffled_domain_rank,3,1.0,0.396709323583181,0.2738770312397758,0.793418647166362,0.028024405008584923,0.0030000000000000027,0.08430085482626658,0.430939226519337,0.6022099447513812,0.9926873857404022,-0.010968921389396702,-0.010968921389396702,-0.013035746300824103,-0.013035746300824103,-0.018281535648994485,-0.018281535648994485,0.0013590862902335514,-0.0013590862902335514,-0.012683693998223056,-0.012683693998223056,-0.015165286302223246,-0.015165286302223246
shuffled_domain_rank,3,2.0,0.40219378427787933,0.2807989078648628,0.7842778793418648,0.02759912256306159,0.0026165601169002572,0.08041275917065395,0.43462246777163904,0.6040515653775322,0.9926873857404022,-0.005484460694698379,-0.005484460694698379,-0.006113869675737127,-0.006113869675737127,-0.027422303473491727,-0.027422303473491727,0.0009338038447102188,-0.0009338038447102188,-0.00900045274592104,-0.00900045274592104,-0.013323665676072238,-0.013323665676072238
shuffled_domain_rank,3,3.0,0.4076782449725777,0.273067929563287,0.8007312614259597,0.02831829782177434,0.0026165601169002572,0.08866666666666656,0.43807763401109057,0.6118299445471349,0.9890310786106032,0.0,0.0,-0.01384484797731289,-0.01384484797731289,-0.010968921389396757,-0.010968921389396757,0.001652979103422967,-0.001652979103422967,-0.005545286506469516,-0.005545286506469516,-0.005545286506469571,-0.005545286506469571
shuffled_domain_rank,3,4.0,0.40036563071297987,0.27446735054406546,0.8025594149908593,0.025977992484227025,0.0026165601169002572,0.08098,0.43462246777163904,0.6077348066298343,0.9926873857404022,-0.007312614259597838,-0.007312614259597838,-0.012445426996534448,-0.012445426996534448,-0.009140767824497242,-0.009140767824497242,-0.0006873262341243469,0.0006873262341243469,-0.00900045274592104,-0.00900045274592104,-0.009640424423770222,-0.009640424423770222
shuffled_domain_rank,3,5.0,0.4351005484460695,0.3008686706375789,0.7970749542961609,0.02312744066179298,0.0014080164439876919,0.07245837365249133,0.46593001841620624,0.6445672191528545,0.9926873857404022,0.027422303473491783,0.027422303473491783,0.013955893096978977,0.013955893096978977,-0.014625228519195566,-0.014625228519195566,-0.003537878056558391,0.003537878056558391,0.022307097898646155,0.022307097898646155,0.027191988099250053,0.027191988099250053
shuffled_domain_rank,3,6.0,0.3875685557586837,0.2681862687988484,0.8062157221206582,0.026415217333156955,0.003270131011976374,0.08537286612758316,0.4269870609981516,0.6025878003696857,0.9890310786106032,-0.020109689213894,-0.020109689213894,-0.018726508741751524,-0.018726508741751524,-0.005484460694698323,-0.005484460694698323,-0.00025010138519441713,0.00025010138519441713,-0.01663585951940849,-0.01663585951940849,-0.014787430683918745,-0.014787430683918745
shuffled_domain_rank,3,7.0,0.41681901279707495,0.2835379349337868,0.793418647166362,0.024998568002006494,0.0022321428571426827,0.07843333333333326,0.44935543278084716,0.6206261510128913,0.9926873857404022,0.009140767824497242,0.009140767824497242,-0.003374842606813089,-0.003374842606813089,-0.018281535648994485,-0.018281535648994485,-0.0016667507163448773,0.0016667507163448773,0.005732512263287082,0.005732512263287082,0.0032509199592868354,0.0032509199592868354
shuffled_domain_rank,3,8.0,0.4259597806215722,0.29223762663162506,0.8062157221206582,0.025474439935931344,0.0016092670510620133,0.07872464886887534,0.4567219152854512,0.6335174953959485,0.9926873857404022,0.018281535648994485,0.018281535648994485,0.005324849091025152,0.005324849091025152,-0.005484460694698323,-0.005484460694698323,-0.0011908787824200275,0.0011908787824200275,0.013098994767891114,0.013098994767891114,0.016142264342344004,0.016142264342344004
shuffled_domain_rank,3,9.0,0.39853747714808047,0.27457055111408957,0.8025594149908593,0.02761346838652558,0.002560216310282304,0.08886666666666668,0.43357933579335795,0.6107011070110702,0.9908592321755028,-0.009140767824497242,-0.009140767824497242,-0.012342226426510339,-0.012342226426510339,-0.009140767824497242,-0.009140767824497242,0.0009481496681742092,-0.0009481496681742092,-0.010043584724202137,-0.010043584724202137,-0.006674124042534313,-0.006674124042534313
shuffled_domain_rank,3,10.0,0.4113345521023766,0.2842691412955452,0.8025594149908593,0.025817992016895688,0.002427716180867734,0.07867391444194265,0.4462962962962963,0.6129629629629629,0.9872029250457038,0.003656307129798919,0.003656307129798919,-0.0026436362450547035,-0.0026436362450547035,-0.009140767824497242,-0.009140767824497242,-0.0008473267014556841,0.0008473267014556841,0.00267337577873622,0.00267337577873622,-0.004412268090641547,-0.004412268090641547
shuffled_domain_rank,3,11.0,0.4424131627056673,0.30291629767572087,0.793418647166362,0.025468749548271715,0.0007331069243852184,0.07487500000000012,0.470479704797048,0.6346863468634686,0.9908592321755028,0.034734917733089565,0.034734917733089565,0.016003520135120963,0.016003520135120963,-0.018281535648994485,-0.018281535648994485,-0.0011965691700796567,0.0011965691700796567,0.0268567842794879,0.0268567842794879,0.017311115809864108,0.017311115809864108
shuffled_domain_rank,3,12.0,0.42778793418647165,0.294686185806654,0.7989031078610603,0.02364587031777043,0.0014116693496638577,0.0737500000000002,0.46210720887245843,0.6395563770794824,0.9890310786106032,0.020109689213893944,0.020109689213893944,0.007773408266054105,0.007773408266054105,-0.012797074954296161,-0.012797074954296161,-0.003019448400580941,0.003019448400580941,0.01848428835489835,0.01848428835489835,0.02218114602587795,0.02218114602587795
shuffled_domain_rank,3,13.0,0.4149908592321755,0.2873322692474986,0.7989031078610603,0.02490409486317784,0.0014999999999998348,0.07891901056328271,0.45454545454545453,0.6252319109461967,0.9853747714808044,0.007312614259597783,0.007312614259597783,0.0004194917068987003,0.0004194917068987003,-0.012797074954296161,-0.012797074954296161,-0.001761223855173532,0.001761223855173532,0.010922534027894448,0.010922534027894448,0.0078566798925922,0.0078566798925922
shuffled_domain_rank,3,14.0,0.4369287020109689,0.305422527861448,0.8025594149908593,0.024267395433090214,0.001073505412369835,0.073589593413123,0.4677716390423573,0.6279926335174953,0.9926873857404022,0.029250457038391187,0.029250457038391187,0.018509750320848117,0.018509750320848117,-0.009140767824497242,-0.009140767824497242,-0.002397923285261158,0.002397923285261158,0.02414871852479722,0.02414871852479722,0.010617402463890868,0.010617402463890868
shuffled_domain_rank,3,15.0,0.41316270566727603,0.28904407370507806,0.8117001828153565,0.025813894223036545,0.002216449619352856,0.07872464886887534,0.4419889502762431,0.6095764272559853,0.9926873857404022,0.005484460694698323,0.005484460694698323,0.002131296164478158,0.002131296164478158,0.0,0.0,-0.0008514244953148273,0.0008514244953148273,-0.0016339702413170065,-0.0016339702413170065,-0.007798803797619214,-0.007798803797619214
shuffled_domain_rank,3,16.0,0.41316270566727603,0.28444923665238353,0.8007312614259597,0.025663405044884822,0.002316428795422154,0.07861522997748482,0.44649446494464945,0.6180811808118081,0.9908592321755028,0.005484460694698323,0.005484460694698323,-0.0024635408882163756,-0.0024635408882163756,-0.010968921389396757,-0.010968921389396757,-0.00100191367346655,0.00100191367346655,0.0028715444270893675,0.0028715444270893675,0.0007059497582035945,0.0007059497582035945
shuffled_domain_rank,3,17.0,0.4113345521023766,0.2805073739724088,0.8025594149908593,0.025943170989383976,0.0020000000000000018,0.08353189845474607,0.4430147058823529,0.6139705882352942,0.9945155393053017,0.003656307129798919,0.003656307129798919,-0.0064054035681910815,-0.0064054035681910815,-0.009140767824497242,-0.009140767824497242,-0.0007221477289673962,0.0007221477289673962,-0.0006082146352071605,-0.0006082146352071605,-0.0034046428183103217,-0.0034046428183103217
shuffled_domain_rank,3,18.0,0.40036563071297987,0.27534391985611495,0.7915904936014625,0.025761274104992727,0.002416407971491452,0.07997873171035644,0.43646408839779005,0.6187845303867403,0.9926873857404022,-0.007312614259597838,-0.007312614259597838,-0.011568857684484957,-0.011568857684484957,-0.020109689213894,-0.020109689213894,-0.0009040446133586448,0.0009040446133586448,-0.007158832119770031,-0.007158832119770031,0.0014092993331358272,0.0014092993331358272
shuffled_domain_rank,3,19.0,0.4149908592321755,0.28917496652012553,0.8007312614259597,0.02608281422249512,0.0018422070686609088,0.08445815515610226,0.45018450184501846,0.6143911439114391,0.9908592321755028,0.007312614259597783,0.007312614259597783,0.0022621889795256256,0.0022621889795256256,-0.010968921389396757,-0.010968921389396757,-0.0005825044958562529,0.0005825044958562529,0.006561581327458377,0.006561581327458377,-0.002984087142165359,-0.002984087142165359
shuffled_domain_rank,3,20.0,0.41316270566727603,0.2864994427094496,0.8062157221206582,0.025732975090871153,0.002216449619352856,0.08396502680542417,0.44567219152854515,0.6187845303867403,0.9926873857404022,0.005484460694698323,0.005484460694698323,-0.00041333483115030267,-0.00041333483115030267,-0.005484460694698323,-0.005484460694698323,-0.0009323436274802192,0.0009323436274802192,0.0020492710109850654,0.0020492710109850654,0.0014092993331358272,0.0014092993331358272
shuffled_domain_rank,3,21.0,0.40219378427787933,0.27684334050276793,0.7952468007312614,0.028204007203320544,0.0028169014084505895,0.08599999999999997,0.43253234750462105,0.6044362292051756,0.9890310786106032,-0.005484460694698379,-0.005484460694698379,-0.010069437037831974,-0.010069437037831974,-0.01645338208409508,-0.01645338208409508,0.0015386884849691723,-0.0015386884849691723,-0.011090573012939031,-0.011090573012939031,-0.012939001848428888,-0.012939001848428888
shuffled_domain_rank,3,22.0,0.4296160877513711,0.2922738597654665,0.8098720292504571,0.024183023352493282,0.00145395783484914,0.07258880870401585,0.4612546125461255,0.6291512915129152,0.9908592321755028,0.021937842778793404,0.021937842778793404,0.005361082224866587,0.005361082224866587,-0.001828153564899404,-0.001828153564899404,-0.0024822953658580893,0.0024822953658580893,0.017631692028565404,0.017631692028565404,0.011776060459310678,0.011776060459310678
shuffled_domain_rank,3,23.0,0.38939670932358317,0.2707197679757435,0.8043875685557587,0.028270008055092555,0.003469883555332065,0.08599999999999997,0.4232902033271719,0.5988909426987061,0.9890310786106032,-0.01828153564899454,-0.01828153564899454,-0.01619300956485642,-0.01619300956485642,-0.007312614259597838,-0.007312614259597838,0.001604689336741183,-0.001604689336741183,-0.020332717190388205,-0.020332717190388205,-0.01848428835489835,-0.01848428835489835
shuffled_domain_rank,3,24.0,0.4296160877513711,0.2958403581188132,0.7897623400365631,0.025828376263187965,0.0014098428968257748,0.08045637958532699,0.46309963099630996,0.6309963099630996,0.9908592321755028,0.021937842778793404,0.021937842778793404,0.008927580578213301,0.008927580578213301,-0.021937842778793404,-0.021937842778793404,-0.0008369424551634072,0.0008369424551634072,0.01947671047874988,0.01947671047874988,0.013621078909495155,0.013621078909495155
shuffled_domain_rank,3,25.0,0.42413162705667273,0.2900591964105453,0.793418647166362,0.025724530127172913,0.0017164221134102764,0.08439815515610229,0.45387453874538747,0.6346863468634686,0.9908592321755028,0.016453382084095025,0.016453382084095025,0.0031464188699453777,0.0031464188699453777,-0.018281535648994485,-0.018281535648994485,-0.0009407885911784583,0.0009407885911784583,0.010251618227827386,0.010251618227827386,0.017311115809864108,0.017311115809864108
shuffled_domain_rank,3,26.0,0.3930530164533821,0.2726433720713937,0.7970749542961609,0.027842301449791832,0.0034999999999999476,0.08196331208336971,0.427255985267035,0.6022099447513812,0.9926873857404022,-0.014625228519195621,-0.014625228519195621,-0.014269405469206187,-0.014269405469206187,-0.014625228519195566,-0.014625228519195566,0.0011769827314404603,-0.0011769827314404603,-0.016366935250525072,-0.016366935250525072,-0.015165286302223246,-0.015165286302223246
shuffled_domain_rank,3,27.0,0.38939670932358317,0.2623319188901834,0.8080438756855576,0.027732895617156778,0.0025038725036643505,0.08609999999999997,0.4267161410018553,0.6122448979591837,0.9853747714808044,-0.01828153564899454,-0.01828153564899454,-0.02458085865041648,-0.02458085865041648,-0.003656307129798919,-0.003656307129798919,0.0010675768988054057,-0.0010675768988054057,-0.016906779515704795,-0.016906779515704795,-0.0051303330944207914,-0.0051303330944207914
shuffled_domain_rank,3,28.0,0.41316270566727603,0.28193383551714074,0.7897623400365631,0.026455953701648695,0.0018422070686609088,0.07712500000000017,0.44649446494464945,0.6217712177121771,0.9908592321755028,0.005484460694698323,0.005484460694698323,-0.004978942023459165,-0.004978942023459165,-0.021937842778793404,-0.021937842778793404,-0.000209365016702677,0.000209365016702677,0.0028715444270893675,0.0028715444270893675,0.004395986658572659,0.004395986658572659
shuffled_domain_rank,3,29.0,0.41316270566727603,0.283570977882235,0.7989031078610603,0.025828309645533287,0.0019275729223194454,0.08104,0.45018450184501846,0.6217712177121771,0.9908592321755028,0.005484460694698323,0.005484460694698323,-0.003341799658364897,-0.003341799658364897,-0.012797074954296161,-0.012797074954296161,-0.0008370090728180846,0.0008370090728180846,0.006561581327458377,0.006561581327458377,0.004395986658572659,0.004395986658572659
baseline_stats,17,,0.4369287020109689,0.2931147908685374,0.8098720292504571,0.023451078312406826,0.0008606652834786122,0.0644500000000001,0.477859778597786,0.6383763837638377,0.9908592321755028,0.0,0.0,0.0,0.0,0.0,0.0,0.0,-0.0,0.0,0.0,0.0,0.0
real_domain_rank,17,,0.43144424131627057,0.29447763040042846,0.7989031078610603,0.023489306538125667,0.0008273018154443257,0.06534231983012014,0.4696132596685083,0.6390423572744015,0.9926873857404022,-0.005484460694698323,-0.005484460694698323,0.0013628395318910358,0.0013628395318910358,-0.010968921389396757,-0.010968921389396757,3.8228225718840714e-05,-3.8228225718840714e-05,-0.00824651892927769,-0.00824651892927769,0.0006659735105638553,0.0006659735105638553
shuffled_domain_rank,17,0.0,0.4149908592321755,0.2756581574532104,0.8190127970749543,0.022855686081460165,0.0019275729223194454,0.06700206374532826,0.45202952029520294,0.6383763837638377,0.9908592321755028,-0.021937842778793404,-0.021937842778793404,-0.01745663341532705,-0.01745663341532705,0.009140767824497242,0.009140767824497242,-0.0005953922309466612,0.0005953922309466612,-0.025830258302583065,-0.025830258302583065,0.0,0.0
shuffled_domain_rank,17,1.0,0.4149908592321755,0.28462761790210717,0.8153564899451554,0.02331471821099304,0.001975917553393991,0.06848803737982076,0.45321100917431195,0.6311926605504588,0.9963436928702011,-0.021937842778793404,-0.021937842778793404,-0.008487172966430256,-0.008487172966430256,0.005484460694698323,0.005484460694698323,-0.00013636010141378566,0.00013636010141378566,-0.02464876942347405,-0.02464876942347405,-0.007183723213378901,-0.007183723213378901
shuffled_domain_rank,17,2.0,0.42047531992687387,0.2776593155845537,0.7989031078610603,0.024443076024958592,0.0018264227342206785,0.07035000000000002,0.4577205882352941,0.6323529411764706,0.9945155393053017,-0.016453382084095025,-0.016453382084095025,-0.015455475283983722,-0.015455475283983722,-0.010968921389396757,-0.010968921389396757,0.0009919977125517655,-0.0009919977125517655,-0.0201391903624919,-0.0201391903624919,-0.006023442587367089,-0.006023442587367089
shuffled_domain_rank,17,3.0,0.4040219378427788,0.2672484254040736,0.8025594149908593,0.024355925008897293,0.0024390243902440156,0.07272977055228876,0.44751381215469616,0.6224677716390423,0.9926873857404022,-0.032906764168190106,-0.032906764168190106,-0.025866365464463803,-0.025866365464463803,-0.007312614259597838,-0.007312614259597838,0.0009048466964904668,-0.0009048466964904668,-0.030345966443089845,-0.030345966443089845,-0.01590861212479533,-0.01590861212479533
shuffled_domain_rank,17,4.0,0.41681901279707495,0.28554138397042533,0.8098720292504571,0.02285268948163146,0.0018422070686609088,0.067216966447596,0.46111111111111114,0.6388888888888888,0.9872029250457038,-0.020109689213893944,-0.020109689213893944,-0.0075734068981120894,-0.0075734068981120894,0.0,0.0,-0.000598388830775367,0.000598388830775367,-0.016748667486674862,-0.016748667486674862,0.0005125051250511881,0.0005125051250511881
shuffled_domain_rank,17,5.0,0.40950639853747717,0.27259882627221627,0.8208409506398537,0.023464501536469267,0.001776703111858624,0.0675000000000001,0.45018450184501846,0.6328413284132841,0.9908592321755028,-0.027422303473491727,-0.027422303473491727,-0.020515964596321157,-0.020515964596321157,0.010968921389396646,0.010968921389396646,1.342322406244073e-05,-1.342322406244073e-05,-0.02767527675276754,-0.02767527675276754,-0.005535055350553542,-0.005535055350553542
shuffled_domain_rank,17,6.0,0.42413162705667273,0.2832018123708445,0.8244972577696527,0.02399490999962322,0.001776703111858624,0.07355849187132488,0.4648148148148148,0.6370370370370371,0.9872029250457038,-0.012797074954296161,-0.012797074954296161,-0.009912978497692904,-0.009912978497692904,0.014625228519195566,0.014625228519195566,0.000543831687216393,-0.000543831687216393,-0.013044963782971208,-0.013044963782971208,-0.0013393467268005832,-0.0013393467268005832
shuffled_domain_rank,17,7.0,0.4259597806215722,0.28323454575301343,0.8153564899451554,0.023123168109746295,0.0014962463200344223,0.06450000000000009,0.46210720887245843,0.6358595194085028,0.9890310786106032,-0.010968921389396702,-0.010968921389396702,-0.009880245115523989,-0.009880245115523989,0.005484460694698323,0.005484460694698323,-0.0003279102026605314,0.0003279102026605314,-0.01575256972532757,-0.01575256972532757,-0.0025168643553348247,-0.0025168643553348247
shuffled_domain_rank,17,8.0,0.40950639853747717,0.2701998971372601,0.8062157221206582,0.025010946284197026,0.0020937500000000053,0.06879946841474106,0.44669117647058826,0.6286764705882353,0.9945155393053017,-0.027422303473491727,-0.027422303473491727,-0.022914893731277308,-0.022914893731277308,-0.003656307129798919,-0.003656307129798919,0.0015598679717902,-0.0015598679717902,-0.031168602127197742,-0.031168602127197742,-0.00969991317560237,-0.00969991317560237
shuffled_domain_rank,17,9.0,0.40219378427787933,0.26997385359843146,0.8171846435100548,0.024790980197787953,0.0020937500000000053,0.06879946841474106,0.4411764705882353,0.6194852941176471,0.9945155393053017,-0.034734917733089565,-0.034734917733089565,-0.023140937270105966,-0.023140937270105966,0.007312614259597727,0.007312614259597727,0.001339901885381127,-0.001339901885381127,-0.03668330800955072,-0.03668330800955072,-0.018891089646190573,-0.018891089646190573
shuffled_domain_rank,17,10.0,0.40950639853747717,0.27407917226306566,0.8080438756855576,0.02644726657365923,0.0027270185291145554,0.08036913875598091,0.4430147058823529,0.6047794117647058,0.9945155393053017,-0.027422303473491727,-0.027422303473491727,-0.01903561860547176,-0.01903561860547176,-0.001828153564899515,-0.001828153564899515,0.002996188261252402,-0.002996188261252402,-0.03484507271543308,-0.03484507271543308,-0.03359697199913181,-0.03359697199913181
shuffled_domain_rank,17,11.0,0.4149908592321755,0.2776241170227487,0.8043875685557587,0.02423319913999181,0.0019999999999998908,0.06935638344963008,0.45471349353049906,0.6303142329020333,0.9890310786106032,-0.021937842778793404,-0.021937842778793404,-0.015490673845788727,-0.015490673845788727,-0.005484460694698434,-0.005484460694698434,0.0007821208275849839,-0.0007821208275849839,-0.023146285067286942,-0.023146285067286942,-0.008062150861804396,-0.008062150861804396
shuffled_domain_rank,17,12.0,0.42778793418647165,0.2860486020221139,0.8080438756855576,0.025011197334675855,0.00145395783484914,0.07707872131903624,0.46494464944649444,0.6476014760147601,0.9908592321755028,-0.009140767824497242,-0.009140767824497242,-0.007066188846423516,-0.007066188846423516,-0.001828153564899515,-0.001828153564899515,0.001560119022269029,-0.001560119022269029,-0.01291512915129156,-0.01291512915129156,0.009225092250922495,0.009225092250922495
shuffled_domain_rank,17,13.0,0.4113345521023766,0.2812607169794432,0.8281535648994516,0.022333966004955103,0.0018551458446390001,0.06450000000000009,0.4510166358595194,0.6303142329020333,0.9890310786106032,-0.025594149908592267,-0.025594149908592267,-0.011854073889094208,-0.011854073889094208,0.018281535648994485,0.018281535648994485,-0.0011171123074517238,0.0011171123074517238,-0.0268431427382666,-0.0268431427382666,-0.008062150861804396,-0.008062150861804396
shuffled_domain_rank,17,14.0,0.40585009140767825,0.2718763294836828,0.8208409506398537,0.025035964962730885,0.002187499999999898,0.07040000000000002,0.44567219152854515,0.6261510128913443,0.9926873857404022,-0.031078610603290646,-0.031078610603290646,-0.021238461384854634,-0.021238461384854634,0.010968921389396646,0.010968921389396646,0.0015848866503240591,-0.0015848866503240591,-0.03218758706924085,-0.03218758706924085,-0.012225370872493313,-0.012225370872493313
shuffled_domain_rank,17,15.0,0.43327239488117003,0.28414505223112296,0.8153564899451554,0.02228659341115783,0.0008946145358044166,0.06294010889292198,0.4714548802946593,0.6519337016574586,0.9926873857404022,-0.0036563071297988636,-0.0036563071297988636,-0.00896973863741446,-0.00896973863741446,0.005484460694698323,0.005484460694698323,-0.001164484901248996,0.001164484901248996,-0.006404898303126683,-0.006404898303126683,0.013557317893620913,0.013557317893620913
shuffled_domain_rank,17,16.0,0.42230347349177333,0.2841373729161603,0.8171846435100548,0.02258509900588745,0.0016092670510620133,0.06202245425475925,0.4604051565377532,0.6427255985267035,0.9926873857404022,-0.014625228519195566,-0.014625228519195566,-0.00897741795237711,-0.00897741795237711,0.007312614259597727,0.007312614259597727,-0.0008659793065193752,0.0008659793065193752,-0.017454622060032787,-0.017454622060032787,0.004349214762865872,0.004349214762865872
shuffled_domain_rank,17,17.0,0.4149908592321755,0.27854424712129955,0.8153564899451554,0.023569495077104187,0.0017474835008394196,0.06768563834496315,0.45740740740740743,0.6351851851851852,0.9872029250457038,-0.021937842778793404,-0.021937842778793404,-0.014570543747237874,-0.014570543747237874,0.005484460694698323,0.005484460694698323,0.00011841676469736065,-0.00011841676469736065,-0.02045237119037857,-0.02045237119037857,-0.0031911985786524655,-0.0031911985786524655
shuffled_domain_rank,17,18.0,0.41681901279707495,0.28028525315712677,0.8043875685557587,0.023010014610230983,0.0018292682926828174,0.06750000000000012,0.4565619223659889,0.634011090573013,0.9890310786106032,-0.020109689213893944,-0.020109689213893944,-0.012829537711410655,-0.012829537711410655,-0.005484460694698434,-0.005484460694698434,-0.00044106370217584373,0.00044106370217584373,-0.021297856231797085,-0.021297856231797085,-0.004365293190824682,-0.004365293190824682
shuffled_domain_rank,17,19.0,0.4113345521023766,0.2775620138676306,0.8117001828153565,0.023391624614348953,0.0019999999999998908,0.06935638344963008,0.45471349353049906,0.6247689463955638,0.9890310786106032,-0.025594149908592267,-0.025594149908592267,-0.015552777000906848,-0.015552777000906848,0.001828153564899404,0.001828153564899404,-5.94536980578729e-05,5.94536980578729e-05,-0.023146285067286942,-0.023146285067286942,-0.013607437368273856,-0.013607437368273856
shuffled_domain_rank,17,20.0,0.4113345521023766,0.27692463763366637,0.8043875685557587,0.02473123319519464,0.0019275729223194454,0.07680000000000026,0.45018450184501846,0.6309963099630996,0.9908592321755028,-0.025594149908592267,-0.025594149908592267,-0.016190153234871052,-0.016190153234871052,-0.005484460694698434,-0.005484460694698434,0.0012801548827878137,-0.0012801548827878137,-0.02767527675276754,-0.02767527675276754,-0.0073800738007380184,-0.0073800738007380184
shuffled_domain_rank,17,21.0,0.42230347349177333,0.28514691027721956,0.8171846435100548,0.024278799877656996,0.0017192676718724154,0.06913929693217781,0.4612546125461255,0.6328413284132841,0.9908592321755028,-0.014625228519195566,-0.014625228519195566,-0.007967880591317866,-0.007967880591317866,0.007312614259597727,0.007312614259597727,0.0008277215652501696,-0.0008277215652501696,-0.016605166051660514,-0.016605166051660514,-0.005535055350553542,-0.005535055350553542
shuffled_domain_rank,17,22.0,0.4076782449725777,0.2748462820295457,0.8117001828153565,0.024321833151595067,0.002321083172146965,0.07217232791421661,0.44403669724770645,0.6201834862385321,0.9963436928702011,-0.029250457038391187,-0.029250457038391187,-0.018268508838991726,-0.018268508838991726,0.001828153564899404,0.001828153564899404,0.0008707548391882411,-0.0008707548391882411,-0.033823081350079554,-0.033823081350079554,-0.018192897525305507,-0.018192897525305507
shuffled_domain_rank,17,23.0,0.4405850091407678,0.29541414162121304,0.8190127970749543,0.022033054536571582,0.0007954046410315607,0.06289359763043972,0.47697974217311234,0.6537753222836096,0.9926873857404022,0.003656307129798919,0.003656307129798919,0.002299350752675622,0.002299350752675622,0.009140767824497242,0.009140767824497242,-0.0014180237758352442,0.0014180237758352442,-0.0008800364246736581,-0.0008800364246736581,0.01539893851977192,0.01539893851977192
shuffled_domain_rank,17,24.0,0.43144424131627057,0.2940294596201383,0.8263254113345521,0.024161716504937678,0.0014981231600171285,0.07599999999999996,0.46691176470588236,0.6323529411764706,0.9945155393053017,-0.005484460694698323,-0.005484460694698323,0.0009146687516009,0.0009146687516009,0.01645338208409497,0.01645338208409497,0.0007106381925308519,-0.0007106381925308519,-0.01094801389190364,-0.01094801389190364,-0.006023442587367089,-0.006023442587367089
shuffled_domain_rank,17,25.0,0.4076782449725777,0.27702403203928877,0.8007312614259597,0.02357397471450823,0.0024390243902440156,0.0675,0.4491682070240296,0.6303142329020333,0.9890310786106032,-0.029250457038391187,-0.029250457038391187,-0.016090758829248653,-0.016090758829248653,-0.009140767824497353,-0.009140767824497353,0.00012289640210140507,-0.00012289640210140507,-0.028691571573756403,-0.028691571573756403,-0.008062150861804396,-0.008062150861804396
shuffled_domain_rank,17,26.0,0.43327239488117003,0.29220691354726014,0.8226691042047533,0.023695910501227463,0.0014763728051933045,0.06283121597096189,0.46875,0.6452205882352942,0.9945155393053017,-0.0036563071297988636,-0.0036563071297988636,-0.0009078773212772839,-0.0009078773212772839,0.012797074954296161,0.012797074954296161,0.0002448321888206366,-0.0002448321888206366,-0.009109778597786,-0.009109778597786,0.006844204471456505,0.006844204471456505
shuffled_domain_rank,17,27.0,0.41681901279707495,0.27902130536272424,0.8226691042047533,0.02336366576427256,0.0014999999999998348,0.06446972147349513,0.4604051565377532,0.6500920810313076,0.9926873857404022,-0.020109689213893944,-0.020109689213893944,-0.014093485505813186,-0.014093485505813186,0.012797074954296161,0.012797074954296161,-8.741254813426566e-05,8.741254813426566e-05,-0.017454622060032787,-0.017454622060032787,0.011715697267469904,0.011715697267469904
shuffled_domain_rank,17,28.0,0.42047531992687387,0.27846094322029047,0.8062157221206582,0.023895935135346862,0.0017692605043236331,0.0644500000000001,0.45940959409594095,0.6365313653136532,0.9908592321755028,-0.016453382084095025,-0.016453382084095025,-0.014653847648246954,-0.014653847648246954,-0.003656307129798919,-0.003656307129798919,0.000444856822940036,-0.000444856822940036,-0.018450184501845046,-0.018450184501845046,-0.0018450184501844769,-0.0018450184501844769
shuffled_domain_rank,17,29.0,0.4296160877513711,0.2923143480667618,0.8208409506398537,0.02540251980599072,0.0009997156691477493,0.07300849187132491,0.470479704797048,0.6383763837638377,0.9908592321755028,-0.007312614259597783,-0.007312614259597783,-0.0008004428017756027,-0.0008004428017756027,0.010968921389396646,0.010968921389396646,0.0019514414935838942,-0.0019514414935838942,-0.0073800738007380184,-0.0073800738007380184,0.0,0.0
baseline_stats,55,,0.41316270566727603,0.3004028198660697,0.8098720292504571,0.02462683846568005,0.0018551458446390001,0.07750000000000001,0.4510166358595194,0.6395563770794824,0.9890310786106032,0.0,0.0,0.0,0.0,0.0,0.0,0.0,-0.0,0.0,0.0,0.0,0.0
real_domain_rank,55,,0.4296160877513711,0.3016429911146412,0.829981718464351,0.024782747689767314,0.001226037185624751,0.07599999999999996,0.46863468634686345,0.6512915129151291,0.9908592321755028,0.01645338208409508,0.01645338208409508,0.0012401712485715088,0.0012401712485715088,0.02010968921389389,0.02010968921389389,0.00015590922408726185,-0.00015590922408726185,0.01761805048734405,0.01761805048734405,0.01173513583564667,0.01173513583564667
shuffled_domain_rank,55,0.0,0.40219378427787933,0.2856884971429717,0.8171846435100548,0.02743358481720372,0.0028169014084505895,0.08546666666666668,0.43462246777163904,0.6095764272559853,0.9926873857404022,-0.010968921389396702,-0.010968921389396702,-0.014714322723098028,-0.014714322723098028,0.007312614259597727,0.007312614259597727,0.0028067463515236667,-0.0028067463515236667,-0.016394168087880356,-0.016394168087880356,-0.029979949823497165,-0.029979949823497165
shuffled_domain_rank,55,1.0,0.4259597806215722,0.30019267893289975,0.8190127970749543,0.026954793546764083,0.0014763728051933045,0.08002126378181307,0.46494464944649444,0.6328413284132841,0.9908592321755028,0.012797074954296161,0.012797074954296161,-0.00021014093316995552,-0.00021014093316995552,0.009140767824497242,0.009140767824497242,0.0023279550810840315,-0.0023279550810840315,0.013928013586975041,0.013928013586975041,-0.00671504866619832,-0.00671504866619832
shuffled_domain_rank,55,2.0,0.4186471663619744,0.29905071307317205,0.8098720292504571,0.025360823921366814,0.0018235771757585395,0.0737500000000002,0.4565619223659889,0.6395563770794824,0.9890310786106032,0.005484460694698379,0.005484460694698379,-0.001352106792897656,-0.001352106792897656,0.0,0.0,0.0007339854556867621,-0.0007339854556867621,0.005545286506469516,0.005545286506469516,0.0,0.0
shuffled_domain_rank,55,3.0,0.3912248628884826,0.2721484910686468,0.8226691042047533,0.02747103225196571,0.003014423076923123,0.089888888888889,0.42435424354243545,0.6088560885608856,0.9908592321755028,-0.021937842778793404,-0.021937842778793404,-0.0282543287974229,-0.0282543287974229,0.012797074954296161,0.012797074954296161,0.00284419378628566,-0.00284419378628566,-0.02666239231708395,-0.02666239231708395,-0.030700288518596852,-0.030700288518596852
shuffled_domain_rank,55,4.0,0.4405850091407678,0.3102471457515052,0.8153564899451554,0.02526521908198031,0.001073505412369835,0.07997873171035644,0.4696132596685083,0.6372007366482505,0.9926873857404022,0.027422303473491783,0.027422303473491783,0.00984432588543549,0.00984432588543549,0.005484460694698323,0.005484460694698323,0.0006383806163002582,-0.0006383806163002582,0.01859662380898891,0.01859662380898891,-0.0023556404312319312,-0.0023556404312319312
shuffled_domain_rank,55,5.0,0.4296160877513711,0.2954704330548436,0.8117001828153565,0.023802726217028676,0.0014109217622154668,0.07045000000000003,0.4612546125461255,0.6346863468634686,0.9908592321755028,0.01645338208409508,0.01645338208409508,-0.004932386811226097,-0.004932386811226097,0.001828153564899404,0.001828153564899404,-0.0008241122486513756,0.0008241122486513756,0.010237976686606087,0.010237976686606087,-0.004870030216013843,-0.004870030216013843
shuffled_domain_rank,55,6.0,0.4259597806215722,0.3036059688287391,0.8190127970749543,0.024250922046323106,0.0014763728051933045,0.0737037213190363,0.4575645756457565,0.6476014760147601,0.9908592321755028,0.012797074954296161,0.012797074954296161,0.0032031489626693777,0.0032031489626693777,0.009140767824497242,0.009140767824497242,-0.00037591641935694545,0.00037591641935694545,0.006547939786237078,0.006547939786237078,0.008045098935277717,0.008045098935277717
shuffled_domain_rank,55,7.0,0.4186471663619744,0.28781204282233497,0.8043875685557587,0.02371288118018602,0.0018264227342206785,0.07331063834496335,0.45387453874538747,0.6365313653136532,0.9908592321755028,0.005484460694698379,0.005484460694698379,-0.012590777043734735,-0.012590777043734735,-0.005484460694698434,-0.005484460694698434,-0.0009139572854940312,0.0009139572854940312,0.002857902885868069,0.002857902885868069,-0.0030250117658292552,-0.0030250117658292552
shuffled_domain_rank,55,8.0,0.42413162705667273,0.287158583116573,0.8135283363802559,0.02378261347466237,0.0014080164439876919,0.0737500000000002,0.4602587800369686,0.6561922365988909,0.9890310786106032,0.010968921389396702,0.010968921389396702,-0.013244236749496707,-0.013244236749496707,0.003656307129798808,0.003656307129798808,-0.0008442249910176822,0.0008442249910176822,0.009242144177449174,0.009242144177449174,0.01663585951940849,0.01663585951940849
shuffled_domain_rank,55,9.0,0.4351005484460695,0.31043790665506493,0.8226691042047533,0.025158867124463566,0.0008766138706849946,0.07942462762483321,0.47232472324723246,0.6476014760147601,0.9908592321755028,0.02193784277879346,0.02193784277879346,0.010035086788995229,0.010035086788995229,0.012797074954296161,0.012797074954296161,0.0005320286587835142,-0.0005320286587835142,0.02130808738771306,0.02130808738771306,0.008045098935277717,0.008045098935277717
shuffled_domain_rank,55,10.0,0.40219378427787933,0.2857550658134438,0.7970749542961609,0.025244731014114976,0.002640264381442603,0.07921078011096282,0.44014732965009207,0.6206261510128913,0.9926873857404022,-0.010968921389396702,-0.010968921389396702,-0.014647754052625916,-0.014647754052625916,-0.012797074954296161,-0.012797074954296161,0.0006178925484349243,-0.0006178925484349243,-0.010869306209427332,-0.010869306209427332,-0.018930226066591116,-0.018930226066591116
shuffled_domain_rank,55,11.0,0.3875685557586837,0.27990262154967555,0.8153564899451554,0.02818869657099614,0.0028153370426185487,0.09048943278943279,0.4225092250922509,0.6162361623616236,0.9908592321755028,-0.025594149908592323,-0.025594149908592323,-0.020500198316394158,-0.020500198316394158,0.005484460694698323,0.005484460694698323,0.003561858105316087,-0.003561858105316087,-0.028507410767268482,-0.028507410767268482,-0.023320214717858834,-0.023320214717858834
shuffled_domain_rank,55,12.0,0.4149908592321755,0.2921400999868154,0.8117001828153565,0.023280225629626516,0.0016617885878791872,0.07295849187132494,0.45571955719557194,0.6402214022140221,0.9908592321755028,0.0018281535648994596,0.0018281535648994596,-0.00826271987925431,-0.00826271987925431,0.001828153564899404,0.001828153564899404,-0.001346612836053536,0.001346612836053536,0.004702921336052546,0.004702921336052546,0.0006650251345396985,0.0006650251345396985
shuffled_domain_rank,55,13.0,0.42047531992687387,0.30063631127681584,0.8098720292504571,0.024846739533381658,0.0016617885878791872,0.07577500000000006,0.45387453874538747,0.6365313653136532,0.9908592321755028,0.007312614259597838,0.007312614259597838,0.0002334914107461339,0.0002334914107461339,0.0,0.0,0.00021990106770160625,-0.00021990106770160625,0.002857902885868069,0.002857902885868069,-0.0030250117658292552,-0.0030250117658292552
shuffled_domain_rank,55,14.0,0.42413162705667273,0.2964036694547882,0.8098720292504571,0.024093337525889862,0.0014763728051933045,0.07735000000000006,0.4575645756457565,0.6402214022140221,0.9908592321755028,0.010968921389396702,0.010968921389396702,-0.003999150411281516,-0.003999150411281516,0.0,0.0,-0.0005335009397901894,0.0005335009397901894,0.006547939786237078,0.006547939786237078,0.0006650251345396985,0.0006650251345396985
shuffled_domain_rank,55,15.0,0.4076782449725777,0.2888622457484607,0.8208409506398537,0.026885616662432065,0.0024390243902440156,0.08088666666666669,0.44712430426716143,0.62708719851577,0.9853747714808044,-0.005484460694698323,-0.005484460694698323,-0.011540574117609004,-0.011540574117609004,0.010968921389396646,0.010968921389396646,0.0022587781967520135,-0.0022587781967520135,-0.003892331592357967,-0.003892331592357967,-0.012469178563712435,-0.012469178563712435
shuffled_domain_rank,55,16.0,0.4351005484460695,0.30224908271302525,0.8135283363802559,0.025393841512652088,0.00128928367357517,0.08050000000000002,0.4658040665434381,0.6432532347504621,0.9890310786106032,0.02193784277879346,0.02193784277879346,0.0018462628469555487,0.0018462628469555487,0.003656307129798808,0.003656307129798808,0.0007670030469720361,-0.0007670030469720361,0.01478743068391869,0.01478743068391869,0.003696857670979714,0.003696857670979714
shuffled_domain_rank,55,17.0,0.40950639853747717,0.29111623143881205,0.8153564899451554,0.024652160082622453,0.0024999999999999467,0.07828868578632198,0.4436229205175601,0.6155268022181146,0.9890310786106032,-0.0036563071297988636,-0.0036563071297988636,-0.009286588427257658,-0.009286588427257658,0.005484460694698323,0.005484460694698323,2.5321616942401703e-05,-2.5321616942401703e-05,-0.007393715341959317,-0.007393715341959317,-0.02402957486136781,-0.02402957486136781
shuffled_domain_rank,55,18.0,0.42413162705667273,0.30661173578611883,0.8153564899451554,0.023976954560177222,0.0018264227342206785,0.07712500000000017,0.45940959409594095,0.6512915129151291,0.9908592321755028,0.010968921389396702,0.010968921389396702,0.0062089159200491295,0.0062089159200491295,0.005484460694698323,0.005484460694698323,-0.0006498839055028294,0.0006498839055028294,0.008392958236421555,0.008392958236421555,0.01173513583564667,0.01173513583564667
shuffled_domain_rank,55,19.0,0.41316270566727603,0.2851726988369041,0.8208409506398537,0.024635250856418264,0.0018551458446390001,0.06935638344963008,0.4491682070240296,0.6266173752310537,0.9890310786106032,0.0,0.0,-0.0152301210291656,-0.0152301210291656,0.010968921389396646,0.010968921389396646,8.412390738211928e-06,-8.412390738211928e-06,-0.0018484288354898015,-0.0018484288354898015,-0.012939001848428777,-0.012939001848428777
shuffled_domain_rank,55,20.0,0.41316270566727603,0.2805329445328067,0.8171846435100548,0.025995755522603782,0.0018235771757585395,0.07873914441942753,0.4510166358595194,0.6432532347504621,0.9890310786106032,0.0,0.0,-0.01986987533326301,-0.01986987533326301,0.007312614259597727,0.007312614259597727,0.0013689170569237304,-0.0013689170569237304,0.0,0.0,0.003696857670979714,0.003696857670979714
shuffled_domain_rank,55,21.0,0.40585009140767825,0.2796316961402747,0.8208409506398537,0.0253616429893788,0.0020000000000000018,0.07942462762483321,0.4446494464944649,0.6254612546125461,0.9908592321755028,-0.007312614259597783,-0.007312614259597783,-0.020771123725794982,-0.020771123725794982,0.010968921389396646,0.010968921389396646,0.0007348045236987497,-0.0007348045236987497,-0.006367189365054482,-0.006367189365054482,-0.014095122466936338,-0.014095122466936338
shuffled_domain_rank,55,22.0,0.42230347349177333,0.2986468126657833,0.8135283363802559,0.025661701260670827,0.0014109217622154668,0.08045637958532699,0.45940959409594095,0.6439114391143912,0.9908592321755028,0.009140767824497298,0.009140767824497298,-0.0017560072002864024,-0.0017560072002864024,0.003656307129798808,0.003656307129798808,0.0010348627949907756,-0.0010348627949907756,0.008392958236421555,0.008392958236421555,0.004355062034908763,0.004355062034908763
shuffled_domain_rank,55,23.0,0.42413162705667273,0.2953582249240527,0.8263254113345521,0.025005542777354187,0.0014999999999998348,0.07720000000000002,0.4548802946593002,0.6316758747697975,0.9926873857404022,0.010968921389396702,0.010968921389396702,-0.005044594942016978,-0.005044594942016978,0.01645338208409497,0.01645338208409497,0.00037870431167413496,-0.00037870431167413496,0.003863658799780789,0.003863658799780789,-0.007880502309684956,-0.007880502309684956
shuffled_domain_rank,55,24.0,0.42778793418647165,0.3011689190598404,0.8025594149908593,0.02670903136032046,0.0014981231600171285,0.0832433333333334,0.4612546125461255,0.6365313653136532,0.9908592321755028,0.014625228519195621,0.014625228519195621,0.0007660991937706862,0.0007660991937706862,-0.007312614259597838,-0.007312614259597838,0.002082192894640407,-0.002082192894640407,0.010237976686606087,0.010237976686606087,-0.0030250117658292552,-0.0030250117658292552
shuffled_domain_rank,55,25.0,0.42230347349177333,0.3024646849428483,0.8007312614259597,0.02364865691196862,0.0014962463200344223,0.07750000000000001,0.46395563770794823,0.6395563770794824,0.9890310786106032,0.009140767824497298,0.009140767824497298,0.0020618650767785796,0.0020618650767785796,-0.009140767824497353,-0.009140767824497353,-0.0009781815537114324,0.0009781815537114324,0.012939001848428833,0.012939001848428833,0.0,0.0
shuffled_domain_rank,55,26.0,0.42230347349177333,0.3001888805320731,0.8098720292504571,0.026842200753215292,0.0014981231600171285,0.0832433333333334,0.4575645756457565,0.6328413284132841,0.9908592321755028,0.009140767824497298,0.009140767824497298,-0.00021393933399660447,-0.00021393933399660447,0.0,0.0,0.0022153622875352406,-0.0022153622875352406,0.006547939786237078,0.006547939786237078,-0.00671504866619832,-0.00671504866619832
shuffled_domain_rank,55,27.0,0.396709323583181,0.28718433937763216,0.8226691042047533,0.02637512704188807,0.0026165601169002572,0.0831533333333334,0.43278084714548803,0.6224677716390423,0.9926873857404022,-0.016453382084095025,-0.016453382084095025,-0.013218480488437545,-0.013218480488437545,0.012797074954296161,0.012797074954296161,0.0017482885762080194,-0.0017482885762080194,-0.018235788714031365,-0.018235788714031365,-0.017088605440440108,-0.017088605440440108
shuffled_domain_rank,55,28.0,0.41681901279707495,0.2948000789116217,0.8171846435100548,0.026096337314152798,0.001975917553393991,0.08050000000000002,0.4510166358595194,0.634011090573013,0.9890310786106032,0.003656307129798919,0.003656307129798919,-0.0056027409544480156,-0.0056027409544480156,0.007312614259597727,0.007312614259597727,0.0014694988484727466,-0.0014694988484727466,0.0,0.0,-0.00554528650646946,-0.00554528650646946
shuffled_domain_rank,55,29.0,0.4296160877513711,0.30565934972314834,0.8190127970749543,0.02622694463162463,0.0008766138706849946,0.0832433333333334,0.46863468634686345,0.6512915129151291,0.9908592321755028,0.01645338208409508,0.01645338208409508,0.00525652985707864,0.00525652985707864,0.009140767824497242,0.009140767824497242,0.001600106165944578,-0.001600106165944578,0.01761805048734405,0.01761805048734405,0.01173513583564667,0.01173513583564667
baseline_stats,128,,0.396709323583181,0.28006462555795236,0.7970749542961609,0.027336934444457374,0.00279577522728211,0.08230151556902726,0.4312267657992565,0.6133828996282528,0.9835466179159049,0.0,0.0,0.0,0.0,0.0,0.0,0.0,-0.0,0.0,0.0,0.0,0.0
real_domain_rank,128,,0.42413162705667273,0.29968396737674585,0.8117001828153565,0.024366151050443458,0.0013869382407274977,0.06775000000000017,0.46111111111111114,0.6277777777777778,0.9872029250457038,0.027422303473491727,0.027422303473491727,0.01961934181879349,0.01961934181879349,0.014625228519195566,0.014625228519195566,-0.0029707833940139164,0.0029707833940139164,0.029884345311854632,0.029884345311854632,0.014394878149525003,0.014394878149525003
shuffled_domain_rank,128,0.0,0.42413162705667273,0.2919500132507185,0.8080438756855576,0.025071938920371333,0.001659259883513231,0.07412500000000027,0.45555555555555555,0.6296296296296297,0.9872029250457038,0.027422303473491727,0.027422303473491727,0.011885387692766147,0.011885387692766147,0.010968921389396646,0.010968921389396646,-0.0022649955240860407,0.0022649955240860407,0.02432878975629904,0.02432878975629904,0.016246730001376886,0.016246730001376886
shuffled_domain_rank,128,1.0,0.4259597806215722,0.2926076344886857,0.8080438756855576,0.024222464683714747,0.001410174174767076,0.06724841462008535,0.4582560296846011,0.640074211502783,0.9853747714808044,0.029250457038391187,0.029250457038391187,0.012543008930733346,0.012543008930733346,0.010968921389396646,0.010968921389396646,-0.003114469760742627,0.003114469760742627,0.0270292638853446,0.0270292638853446,0.02669131187453022,0.02669131187453022
shuffled_domain_rank,128,2.0,0.41681901279707495,0.284905861872585,0.8043875685557587,0.02442781553195665,0.0014999999999998348,0.06724841462008535,0.45269016697588127,0.640074211502783,0.9853747714808044,0.020109689213893944,0.020109689213893944,0.004841236314632624,0.004841236314632624,0.007312614259597727,0.007312614259597727,-0.002909118912500723,0.002909118912500723,0.021463401176624763,0.021463401176624763,0.02669131187453022,0.02669131187453022
shuffled_domain_rank,128,3.0,0.42413162705667273,0.29523839852482664,0.8043875685557587,0.024588282628733932,0.0016617885878791872,0.0647685518275108,0.45740740740740743,0.6333333333333333,0.9872029250457038,0.027422303473491727,0.027422303473491727,0.015173772966874277,0.015173772966874277,0.007312614259597727,0.007312614259597727,-0.0027486518157234414,0.0027486518157234414,0.026180641608150923,0.026180641608150923,0.01995043370508054,0.01995043370508054
shuffled_domain_rank,128,4.0,0.43327239488117003,0.2998598630440557,0.7989031078610603,0.023941377946052313,0.001349728924171123,0.06942074510466709,0.46296296296296297,0.6370370370370371,0.9872029250457038,0.036563071297989025,0.036563071297989025,0.019795237486103345,0.019795237486103345,0.001828153564899404,0.001828153564899404,-0.0033955564984050612,0.0033955564984050612,0.03173619716370646,0.03173619716370646,0.023654137408784304,0.023654137408784304
shuffled_domain_rank,128,5.0,0.4149908592321755,0.28860452973505435,0.8007312614259597,0.024866227030375353,0.0019155316990164956,0.06780000000000018,0.45,0.6370370370370371,0.9872029250457038,0.018281535648994485,0.018281535648994485,0.008539904177101987,0.008539904177101987,0.003656307129798808,0.003656307129798808,-0.002470707414082021,0.002470707414082021,0.018773234200743505,0.018773234200743505,0.023654137408784304,0.023654137408784304
shuffled_domain_rank,128,6.0,0.42230347349177333,0.2922602807322492,0.8025594149908593,0.024858342696135533,0.0018422070686609088,0.07300849187132491,0.4575645756457565,0.6236162361623616,0.9908592321755028,0.025594149908592323,0.025594149908592323,0.012195655174296827,0.012195655174296827,0.005484460694698323,0.005484460694698323,-0.0024785917483218407,0.0024785917483218407,0.02633780984649997,0.02633780984649997,0.01023333653410885,0.01023333653410885
shuffled_domain_rank,128,7.0,0.42047531992687387,0.2907433931198481,0.8098720292504571,0.026072402174560107,0.0020000000000000018,0.08010741626794271,0.45185185185185184,0.6166666666666667,0.9872029250457038,0.023765996343692863,0.023765996343692863,0.01067876756189573,0.01067876756189573,0.012797074954296161,0.012797074954296161,-0.0012645322698972665,0.0012645322698972665,0.02062508605259533,0.02062508605259533,0.0032837670384139317,0.0032837670384139317
shuffled_domain_rank,128,8.0,0.42047531992687387,0.2898758325614221,0.8062157221206582,0.022175243880405225,0.0016092670510620133,0.06410000000000006,0.4582560296846011,0.6437847866419295,0.9853747714808044,0.023765996343692863,0.023765996343692863,0.009811207003469713,0.009811207003469713,0.009140767824497242,0.009140767824497242,-0.005161690564052149,0.005161690564052149,0.0270292638853446,0.0270292638853446,0.030401887013676743,0.030401887013676743
shuffled_domain_rank,128,9.0,0.4149908592321755,0.28318956275772983,0.8098720292504571,0.025985650077329406,0.0022195121951220087,0.08045637958532699,0.44280442804428044,0.6125461254612546,0.9908592321755028,0.018281535648994485,0.018281535648994485,0.0031249371997774666,0.0031249371997774666,0.012797074954296161,0.012797074954296161,-0.0013512843671279681,0.0013512843671279681,0.011577662245023934,0.011577662245023934,-0.0008367741669981221,-0.0008367741669981221
shuffled_domain_rank,128,10.0,0.41681901279707495,0.2875150782915809,0.7915904936014625,0.024627544685489406,0.001987958776696941,0.07037500000000016,0.45185185185185184,0.6222222222222222,0.9872029250457038,0.020109689213893944,0.020109689213893944,0.007450452733628543,0.007450452733628543,-0.005484460694698434,-0.005484460694698434,-0.002709389758967968,0.002709389758967968,0.02062508605259533,0.02062508605259533,0.008839322593969468,0.008839322593969468
shuffled_domain_rank,128,11.0,0.42778793418647165,0.2974963919039643,0.8281535648994516,0.023292716105979328,0.0018422070686609088,0.06750000000000002,0.45555555555555555,0.6314814814814815,0.9872029250457038,0.031078610603290646,0.031078610603290646,0.017431766346011957,0.017431766346011957,0.031078610603290646,0.031078610603290646,-0.004044218338478046,0.004044218338478046,0.02432878975629904,0.02432878975629904,0.018098581853228768,0.018098581853228768
shuffled_domain_rank,128,12.0,0.43144424131627057,0.2951597530451574,0.8025594149908593,0.024159295425562503,0.001410174174767076,0.06709909326424883,0.4622467771639042,0.6427255985267035,0.9926873857404022,0.034734917733089565,0.034734917733089565,0.01509512748720504,0.01509512748720504,0.005484460694698323,0.005484460694698323,-0.0031776390188948712,0.0031776390188948712,0.031020011364647715,0.031020011364647715,0.02934269889845076,0.02934269889845076
shuffled_domain_rank,128,13.0,0.42047531992687387,0.29025395707406276,0.8098720292504571,0.024721113286907966,0.0018422070686609088,0.07487500000000012,0.45387453874538747,0.6273062730627307,0.9908592321755028,0.023765996343692863,0.023765996343692863,0.0101893315161104,0.0101893315161104,0.012797074954296161,0.012797074954296161,-0.0026158211575494084,0.0026158211575494084,0.022647772946130962,0.022647772946130962,0.013923373434477915,0.013923373434477915
shuffled_domain_rank,128,14.0,0.4259597806215722,0.2934966656246744,0.8117001828153565,0.023746605205178815,0.0016092670510620133,0.06750000000000012,0.4584103512014787,0.634011090573013,0.9890310786106032,0.029250457038391187,0.029250457038391187,0.01343204006672205,0.01343204006672205,0.014625228519195566,0.014625228519195566,-0.0035903292392785585,0.0035903292392785585,0.02718358540222221,0.02718358540222221,0.020628190944760205,0.020628190944760205
shuffled_domain_rank,128,15.0,0.40950639853747717,0.2840878076610847,0.7989031078610603,0.02663645265473719,0.001975917553393991,0.08217914010421212,0.44712430426716143,0.6252319109461967,0.9853747714808044,0.012797074954296161,0.012797074954296161,0.00402318210313235,0.00402318210313235,0.001828153564899404,0.001828153564899404,-0.0007004817897201844,0.0007004817897201844,0.015897538467904926,0.015897538467904926,0.011849011317943914,0.011849011317943914
shuffled_domain_rank,128,16.0,0.40219378427787933,0.27761599623978256,0.8025594149908593,0.026286184341049377,0.00279577522728211,0.08045637958532699,0.4317343173431734,0.6180811808118081,0.9908592321755028,0.005484460694698323,0.005484460694698323,-0.0024486293181698038,-0.0024486293181698038,0.005484460694698323,0.005484460694698323,-0.001050750103407997,0.001050750103407997,0.0005075515439169065,0.0005075515439169065,0.0046982811835553084,0.0046982811835553084
shuffled_domain_rank,128,17.0,0.4186471663619744,0.2859985208916675,0.8062157221206582,0.0232172629434966,0.001987958776696941,0.06750000000000002,0.45185185185185184,0.6296296296296297,0.9872029250457038,0.021937842778793404,0.021937842778793404,0.0059338953337151334,0.0059338953337151334,0.009140767824497242,0.009140767824497242,-0.004119671500960775,0.004119671500960775,0.02062508605259533,0.02062508605259533,0.016246730001376886,0.016246730001376886
shuffled_domain_rank,128,18.0,0.40219378427787933,0.27748411258187455,0.7970749542961609,0.024435609100732003,0.00262841224917143,0.0708250000000001,0.43703703703703706,0.6222222222222222,0.9872029250457038,0.005484460694698323,0.005484460694698323,-0.002580512976077809,-0.002580512976077809,0.0,0.0,-0.002901325343725371,0.002901325343725371,0.005810271237780551,0.005810271237780551,0.008839322593969468,0.008839322593969468
shuffled_domain_rank,128,19.0,0.40950639853747717,0.2920640529683083,0.8190127970749543,0.026261369686992986,0.002560216310282304,0.08002126378181307,0.43911439114391143,0.6199261992619927,0.9908592321755028,0.012797074954296161,0.012797074954296161,0.011999427410355923,0.011999427410355923,0.021937842778793404,0.021937842778793404,-0.0010755647574643874,0.0010755647574643874,0.007887625344654925,0.007887625344654925,0.006543299633739896,0.006543299633739896
shuffled_domain_rank,128,20.0,0.4186471663619744,0.28778787005271445,0.8043875685557587,0.025725875127970182,0.0020000000000000018,0.07942462762483321,0.4483394833948339,0.6273062730627307,0.9908592321755028,0.021937842778793404,0.021937842778793404,0.007723244494762083,0.007723244494762083,0.007312614259597727,0.007312614259597727,-0.0016110593164871921,0.0016110593164871921,0.01711271759557742,0.01711271759557742,0.013923373434477915,0.013923373434477915
shuffled_domain_rank,128,21.0,0.38939670932358317,0.2617346370416177,0.8135283363802559,0.026238740802193333,0.0028366864349522736,0.07500000000000007,0.4232902033271719,0.609981515711645,0.9890310786106032,-0.007312614259597838,-0.007312614259597838,-0.01832998851633466,-0.01832998851633466,0.01645338208409497,0.01645338208409497,-0.0010981936422640413,0.0010981936422640413,-0.00793656247208463,-0.00793656247208463,-0.0034013839166077142,-0.0034013839166077142
shuffled_domain_rank,128,22.0,0.4259597806215722,0.29997047319193915,0.8007312614259597,0.026321852045819934,0.0018551458446390001,0.08050000000000002,0.45471349353049906,0.6266173752310537,0.9890310786106032,0.029250457038391187,0.029250457038391187,0.019905847633986784,0.019905847633986784,0.003656307129798808,0.003656307129798808,-0.0010150823986374395,0.0010150823986374395,0.02348672773124255,0.02348672773124255,0.013234475602800888,0.013234475602800888
shuffled_domain_rank,128,23.0,0.4186471663619744,0.2878605729748967,0.8007312614259597,0.025107908285446148,0.002469512195121981,0.07030529030356625,0.44649446494464945,0.6199261992619927,0.9908592321755028,0.021937842778793404,0.021937842778793404,0.007795947416944338,0.007795947416944338,0.003656307129798808,0.003656307129798808,-0.0022290261590112263,0.0022290261590112263,0.015267699145392943,0.015267699145392943,0.006543299633739896,0.006543299633739896
shuffled_domain_rank,128,24.0,0.4149908592321755,0.28540818818493763,0.8043875685557587,0.024393068582927824,0.0018264227342206785,0.0708250000000001,0.44814814814814813,0.6333333333333333,0.9872029250457038,0.018281535648994485,0.018281535648994485,0.005343562626985265,0.005343562626985265,0.007312614259597727,0.007312614259597727,-0.0029438658615295495,0.0029438658615295495,0.016921382348891623,0.016921382348891623,0.01995043370508054,0.01995043370508054
shuffled_domain_rank,128,25.0,0.40950639853747717,0.2811969370509667,0.8135283363802559,0.0246840186635551,0.0026165601169002572,0.07050000000000001,0.43807763401109057,0.6229205175600739,0.9890310786106032,0.012797074954296161,0.012797074954296161,0.0011323114930143485,0.0011323114930143485,0.01645338208409497,0.01645338208409497,-0.0026529157809022756,0.0026529157809022756,0.00685086821183406,0.00685086821183406,0.009537617931821174,0.009537617931821174
shuffled_domain_rank,128,26.0,0.41316270566727603,0.28538637372031067,0.8025594149908593,0.02569377600819588,0.002187499999999898,0.07500000000000007,0.4454713493530499,0.6303142329020333,0.9890310786106032,0.016453382084095025,0.016453382084095025,0.0053217481623583085,0.0053217481623583085,0.005484460694698323,0.005484460694698323,-0.0016431584362614944,0.0016431584362614944,0.014244583553793377,0.014244583553793377,0.01693133327378049,0.01693133327378049
shuffled_domain_rank,128,27.0,0.41681901279707495,0.28951594306879164,0.8098720292504571,0.02470913403528739,0.0018422070686609088,0.07867391444194265,0.4462962962962963,0.6222222222222222,0.9872029250457038,0.020109689213893944,0.020109689213893944,0.009451317510839274,0.009451317510839274,0.012797074954296161,0.012797074954296161,-0.002627800409169982,0.002627800409169982,0.015069530497039796,0.015069530497039796,0.008839322593969468,0.008839322593969468
shuffled_domain_rank,128,28.0,0.4040219378427788,0.27969235426248157,0.8025594149908593,0.024896279869865534,0.0025019362518321486,0.0708250000000001,0.4351851851851852,0.6314814814814815,0.9872029250457038,0.007312614259597783,0.007312614259597783,-0.00037227129547079407,-0.00037227129547079407,0.005484460694698323,0.005484460694698323,-0.00244065457459184,0.00244065457459184,0.003958419385928669,0.003958419385928669,0.018098581853228768,0.018098581853228768
shuffled_domain_rank,128,29.0,0.4149908592321755,0.28431037082689214,0.8190127970749543,0.025110551011051384,0.002469512195121981,0.0734250000000003,0.4446494464944649,0.6217712177121771,0.9908592321755028,0.018281535648994485,0.018281535648994485,0.004245745268939782,0.004245745268939782,0.021937842778793404,0.021937842778793404,-0.00222638343340599,0.00222638343340599,0.013422680695208411,0.013422680695208411,0.008388318083924373,0.008388318083924373
baseline_stats,256,,0.4113345521023766,0.27437084343977086,0.8244972577696527,0.023843220477371894,0.002471448446954183,0.06879946841474104,0.4411764705882353,0.6194852941176471,0.9945155393053017,0.0,0.0,0.0,0.0,0.0,0.0,0.0,-0.0,0.0,0.0,0.0,0.0
real_domain_rank,256,,0.42230347349177333,0.28515534332629955,0.8190127970749543,0.022786310969368125,0.00128928367357517,0.0642315789473685,0.4585635359116022,0.6390423572744015,0.9926873857404022,0.010968921389396702,0.010968921389396702,0.010784499886528687,0.010784499886528687,-0.005484460694698323,-0.005484460694698323,-0.0010569095080037692,0.0010569095080037692,0.017387065323366924,0.017387065323366924,0.01955706315675443,0.01955706315675443
shuffled_domain_rank,256,0.0,0.42413162705667273,0.2879798512991876,0.8336380255941499,0.025287542130144433,0.0017241379310344307,0.07245837365249133,0.4604051565377532,0.6261510128913443,0.9926873857404022,0.012797074954296106,0.012797074954296106,0.01360900785941671,0.01360900785941671,0.009140767824497242,0.009140767824497242,0.0014443216527725393,-0.0014443216527725393,0.019228685949517932,0.019228685949517932,0.00666571877369726,0.00666571877369726
shuffled_domain_rank,256,1.0,0.4076782449725777,0.27421876752315616,0.8281535648994516,0.02641077628850232,0.0027777777777777124,0.08032769502774072,0.43830570902394106,0.6151012891344383,0.9926873857404022,-0.003656307129798919,-0.003656307129798919,-0.00015207591661470232,-0.00015207591661470232,0.003656307129798919,0.003656307129798919,0.002567555811130426,-0.002567555811130426,-0.002870761564294222,-0.002870761564294222,-0.004384004983208789,-0.004384004983208789
shuffled_domain_rank,256,2.0,0.40585009140767825,0.27075798174196347,0.8208409506398537,0.024895035130782093,0.002813772676786508,0.06690000000000006,0.43830570902394106,0.6243093922651933,0.9926873857404022,-0.005484460694698379,-0.005484460694698379,-0.00361286169780739,-0.00361286169780739,-0.003656307129798919,-0.003656307129798919,0.001051814653410199,-0.001051814653410199,-0.002870761564294222,-0.002870761564294222,0.004824098147546252,0.004824098147546252
shuffled_domain_rank,256,3.0,0.4149908592321755,0.27694687972242843,0.8171846435100548,0.02436545052252707,0.0020937500000000053,0.06449832237979945,0.45036764705882354,0.6213235294117647,0.9945155393053017,0.0036563071297988636,0.0036563071297988636,0.002576036282657568,0.002576036282657568,-0.007312614259597838,-0.007312614259597838,0.0005222300451551767,-0.0005222300451551767,0.009191176470588258,0.009191176470588258,0.0018382352941176405,0.0018382352941176405
shuffled_domain_rank,256,4.0,0.41681901279707495,0.2758533504909703,0.8153564899451554,0.02467154982472087,0.0026165601169002572,0.07431488527614444,0.44220183486238535,0.6220183486238532,0.9963436928702011,0.005484460694698323,0.005484460694698323,0.0014825070511994554,0.0014825070511994554,-0.009140767824497242,-0.009140767824497242,0.0008283293473489751,-0.0008283293473489751,0.0010253642741500646,0.0010253642741500646,0.0025330545062061116,0.0025330545062061116
shuffled_domain_rank,256,5.0,0.4149908592321755,0.2862198069672984,0.8281535648994516,0.024526491495149037,0.002471448446954183,0.07599999999999996,0.4430147058823529,0.6213235294117647,0.9945155393053017,0.0036563071297988636,0.0036563071297988636,0.011848963527527512,0.011848963527527512,0.003656307129798919,0.003656307129798919,0.0006832710177771435,-0.0006832710177771435,0.0018382352941176405,0.0018382352941176405,0.0018382352941176405,0.0018382352941176405
shuffled_domain_rank,256,6.0,0.42230347349177333,0.2822797588281953,0.8171846435100548,0.024645162446617012,0.002327737004798436,0.06993563834496308,0.45202952029520294,0.6309963099630996,0.9908592321755028,0.010968921389396702,0.010968921389396702,0.00790891538842442,0.00790891538842442,-0.007312614259597838,-0.007312614259597838,0.0008019419692451187,-0.0008019419692451187,0.010853049706967655,0.010853049706967655,0.011511015845452555,0.011511015845452555
shuffled_domain_rank,256,7.0,0.4259597806215722,0.28545846065553176,0.8153564899451554,0.02518523779453687,0.0018292682926828174,0.0745895934131229,0.4567219152854512,0.6261510128913443,0.9926873857404022,0.014625228519195566,0.014625228519195566,0.011087617215760903,0.011087617215760903,-0.009140767824497242,-0.009140767824497242,0.0013420173171649757,-0.0013420173171649757,0.015545444697215915,0.015545444697215915,0.00666571877369726,0.00666571877369726
shuffled_domain_rank,256,8.0,0.4186471663619744,0.27826661346861636,0.8372943327239488,0.02382104530869094,0.0025038725036643505,0.06294010889292198,0.45119705340699817,0.6335174953959485,0.9926873857404022,0.007312614259597783,0.007312614259597783,0.003895770028845502,0.003895770028845502,0.012797074954296161,0.012797074954296161,-2.21751686809539e-05,2.21751686809539e-05,0.010020582818762891,0.010020582818762891,0.014032201278301404,0.014032201278301404
shuffled_domain_rank,256,9.0,0.42230347349177333,0.28145647175947747,0.8244972577696527,0.02431855074470024,0.002201974809676377,0.07524999999999994,0.4522058823529412,0.6305147058823529,0.9945155393053017,0.010968921389396702,0.010968921389396702,0.007085628319706605,0.007085628319706605,0.0,0.0,0.00047533026732834646,-0.00047533026732834646,0.011029411764705899,0.011029411764705899,0.011029411764705843,0.011029411764705843
shuffled_domain_rank,256,10.0,0.4259597806215722,0.2847692642007508,0.829981718464351,0.024330167285944043,0.0021082248096764844,0.067405655482532,0.4522058823529412,0.6231617647058824,0.9945155393053017,0.014625228519195566,0.014625228519195566,0.010398420760979965,0.010398420760979965,0.005484460694698323,0.005484460694698323,0.0004869468085721487,-0.0004869468085721487,0.011029411764705899,0.011029411764705899,0.003676470588235281,0.003676470588235281
shuffled_domain_rank,256,11.0,0.43144424131627057,0.287531844930198,0.8171846435100548,0.02292289322398593,0.001554633525530924,0.06980691503488906,0.45955882352941174,0.6415441176470589,0.9945155393053017,0.020109689213893944,0.020109689213893944,0.013161001490427149,0.013161001490427149,-0.007312614259597838,-0.007312614259597838,-0.0009203272533859636,0.0009203272533859636,0.01838235294117646,0.01838235294117646,0.022058823529411797,0.022058823529411797
shuffled_domain_rank,256,12.0,0.41681901279707495,0.2801963328377351,0.8281535648994516,0.02412639236609405,0.0025038725036643505,0.06813174182139707,0.44220183486238535,0.618348623853211,0.9963436928702011,0.005484460694698323,0.005484460694698323,0.005825489397964234,0.005825489397964234,0.003656307129798919,0.003656307129798919,0.0002831718887221571,-0.0002831718887221571,0.0010253642741500646,0.0010253642741500646,-0.0011366702644360904,-0.0011366702644360904
shuffled_domain_rank,256,13.0,0.4076782449725777,0.2672124552619129,0.8171846435100548,0.023532148567467347,0.0027463549522372677,0.06879946841474104,0.43933823529411764,0.6231617647058824,0.9945155393053017,-0.003656307129798919,-0.003656307129798919,-0.007158388177857966,-0.007158388177857966,-0.007312614259597838,-0.007312614259597838,-0.0003110719099045471,0.0003110719099045471,-0.0018382352941176405,-0.0018382352941176405,0.003676470588235281,0.003676470588235281
shuffled_domain_rank,256,14.0,0.4113345521023766,0.2777129426397053,0.8190127970749543,0.022899828878746607,0.001987958776696941,0.06887074510466724,0.4446494464944649,0.6383763837638377,0.9908592321755028,0.0,0.0,0.003342099199934445,0.003342099199934445,-0.005484460694698323,-0.005484460694698323,-0.0009433915986252865,0.0009433915986252865,0.003472975906229636,0.003472975906229636,0.018891089646190573,0.018891089646190573
shuffled_domain_rank,256,15.0,0.40585009140767825,0.27431329600489907,0.8208409506398537,0.02477995623458567,0.002560216310282304,0.07518616395710821,0.4375,0.6231617647058824,0.9945155393053017,-0.005484460694698379,-0.005484460694698379,-5.7547434871796366e-05,-5.7547434871796366e-05,-0.003656307129798919,-0.003656307129798919,0.0009367357572137754,-0.0009367357572137754,-0.003676470588235281,-0.003676470588235281,0.003676470588235281,0.003676470588235281
shuffled_domain_rank,256,16.0,0.4186471663619744,0.28662876829235456,0.8226691042047533,0.02271351566959926,0.002187499999999898,0.06743710365502134,0.45119705340699817,0.6353591160220995,0.9926873857404022,0.007312614259597783,0.007312614259597783,0.012257924852583701,0.012257924852583701,-0.001828153564899404,-0.001828153564899404,-0.0011297048077726322,0.0011297048077726322,0.010020582818762891,0.010020582818762891,0.015873821904452412,0.015873821904452412
shuffled_domain_rank,256,17.0,0.4351005484460695,0.2941407504268246,0.8226691042047533,0.025162156555207274,0.001144641836787641,0.0744861639571083,0.4650735294117647,0.6323529411764706,0.9945155393053017,0.023765996343692863,0.023765996343692863,0.01976990698705372,0.01976990698705372,-0.001828153564899404,-0.001828153564899404,0.0013189360778353802,-0.0013189360778353802,0.023897058823529438,0.023897058823529438,0.012867647058823484,0.012867647058823484
shuffled_domain_rank,256,18.0,0.4076782449725777,0.2705960479546601,0.8263254113345521,0.022634652892657234,0.0027777777777777124,0.06987127668992607,0.43646408839779005,0.6169429097605893,0.9926873857404022,-0.003656307129798919,-0.003656307129798919,-0.0037747954851107823,-0.0037747954851107823,0.001828153564899404,0.001828153564899404,-0.0012085675847146593,0.0012085675847146593,-0.00471238219044523,-0.00471238219044523,-0.002542384357057781,-0.002542384357057781
shuffled_domain_rank,256,19.0,0.4040219378427788,0.2699551882972226,0.8208409506398537,0.024227500490679614,0.0028169014084505895,0.06898510675970411,0.43646408839779005,0.6040515653775322,0.9926873857404022,-0.007312614259597838,-0.007312614259597838,-0.004415655142548269,-0.004415655142548269,-0.003656307129798919,-0.003656307129798919,0.00038428001330772024,-0.00038428001330772024,-0.00471238219044523,-0.00471238219044523,-0.015433728740114838,-0.015433728740114838
shuffled_domain_rank,256,20.0,0.4149908592321755,0.27831245895303675,0.829981718464351,0.024689436683688587,0.0020937499999998943,0.0675,0.4485294117647059,0.6305147058823529,0.9945155393053017,0.0036563071297988636,0.0036563071297988636,0.003941615513265884,0.003941615513265884,0.005484460694698323,0.005484460694698323,0.0008462162063166932,-0.0008462162063166932,0.007352941176470618,0.007352941176470618,0.011029411764705843,0.011029411764705843
shuffled_domain_rank,256,21.0,0.41316270566727603,0.2767702327217401,0.8263254113345521,0.024283909751222646,0.0020937500000000053,0.066274990884942,0.45202952029520294,0.6254612546125461,0.9908592321755028,0.001828153564899404,0.001828153564899404,0.0023993892819692553,0.0023993892819692553,0.001828153564899404,0.001828153564899404,0.00044068927385075216,-0.00044068927385075216,0.010853049706967655,0.010853049706967655,0.005975960494899013,0.005975960494899013
shuffled_domain_rank,256,22.0,0.40585009140767825,0.27627212482462643,0.8171846435100548,0.025358102797943746,0.0028169014084507005,0.07735000000000006,0.44095940959409596,0.6162361623616236,0.9908592321755028,-0.005484460694698379,-0.005484460694698379,0.0019012813848555687,0.0019012813848555687,-0.007312614259597838,-0.007312614259597838,0.0015148823205718524,-0.0015148823205718524,-0.00021706099413931756,-0.00021706099413931756,-0.0032491317560234823,-0.0032491317560234823
shuffled_domain_rank,256,23.0,0.42413162705667273,0.2795167379716843,0.8171846435100548,0.024946618892706354,0.001975917553393991,0.0766974653698792,0.45321100917431195,0.6256880733944954,0.9963436928702011,0.012797074954296106,0.012797074954296106,0.005145894531913442,0.005145894531913442,-0.007312614259597838,-0.007312614259597838,0.0011033984153344598,-0.0011033984153344598,0.01203453858607667,0.01203453858607667,0.006202779276848314,0.006202779276848314
shuffled_domain_rank,256,24.0,0.4296160877513711,0.28779774855740375,0.8244972577696527,0.022461118921390015,0.0016092670510620133,0.064498881586533,0.46408839779005523,0.6390423572744015,0.9926873857404022,0.018281535648994485,0.018281535648994485,0.013426905117632892,0.013426905117632892,0.0,0.0,-0.0013821015559818788,0.0013821015559818788,0.022911927201819948,0.022911927201819948,0.01955706315675443,0.01955706315675443
shuffled_domain_rank,256,25.0,0.4149908592321755,0.27575322728258395,0.8281535648994516,0.025798592766562434,0.002216449619352856,0.07843333333333326,0.44751381215469616,0.6298342541436464,0.9926873857404022,0.0036563071297988636,0.0036563071297988636,0.0013823838428130841,0.0013823838428130841,0.003656307129798919,0.003656307129798919,0.00195537228919054,-0.00195537228919054,0.0063373415664608745,0.0063373415664608745,0.010348960025999276,0.010348960025999276
shuffled_domain_rank,256,26.0,0.4186471663619744,0.2825576501340766,0.8263254113345521,0.024760070208905655,0.0025038725036643505,0.07599999999999996,0.44751381215469616,0.6169429097605893,0.9926873857404022,0.007312614259597783,0.007312614259597783,0.008186806694305715,0.008186806694305715,0.001828153564899404,0.001828153564899404,0.0009168497315337615,-0.0009168497315337615,0.0063373415664608745,0.0063373415664608745,-0.002542384357057781,-0.002542384357057781
shuffled_domain_rank,256,27.0,0.40950639853747717,0.27110954751658023,0.8208409506398537,0.022283314372880055,0.00279577522728211,0.06409345397391786,0.43933823529411764,0.6139705882352942,0.9945155393053017,-0.0018281535648994596,-0.0018281535648994596,-0.0032612959231906324,-0.0032612959231906324,-0.003656307129798919,-0.003656307129798919,-0.0015599061044918386,0.0015599061044918386,-0.0018382352941176405,-0.0018382352941176405,-0.005514705882352922,-0.005514705882352922
shuffled_domain_rank,256,28.0,0.42047531992687387,0.28367351582125866,0.8226691042047533,0.022987174902227712,0.0021082248096764844,0.06879946841474104,0.4485294117647059,0.6268382352941176,0.9945155393053017,0.009140767824497242,0.009140767824497242,0.009302672381487798,0.009302672381487798,-0.001828153564899404,-0.001828153564899404,-0.000856045575144182,0.000856045575144182,0.007352941176470618,0.007352941176470618,0.007352941176470562,0.007352941176470562
shuffled_domain_rank,256,29.0,0.4040219378427788,0.2619396841829803,0.8281535648994516,0.024876671788957423,0.0025038725036643505,0.07690000000000002,0.43669724770642204,0.6201834862385321,0.9963436928702011,-0.007312614259597838,-0.007312614259597838,-0.012431159256790558,-0.012431159256790558,0.003656307129798919,0.003656307129798919,0.0010334513115855294,-0.0010334513115855294,-0.0044792228818132385,-0.0044792228818132385,0.0006981921208850661,0.0006981921208850661
baseline_stats,640,,0.4113345521023766,0.2816927926472401,0.8135283363802559,0.02383099879713398,0.0019999999999999463,0.0737037213190363,0.4483394833948339,0.6273062730627307,0.9908592321755028,0.0,0.0,0.0,0.0,0.0,0.0,0.0,-0.0,0.0,0.0,0.0,0.0
real_domain_rank,640,,0.4149908592321755,0.27916606528900423,0.8135283363802559,0.023797873111349087,0.0019999999999998908,0.06743710365502142,0.4530386740331492,0.6187845303867403,0.9926873857404022,0.0036563071297988636,0.0036563071297988636,-0.002526727358235892,-0.002526727358235892,0.0,0.0,-3.3125685784892583e-05,3.3125685784892583e-05,0.004699190638315254,0.004699190638315254,-0.008521742675990374,-0.008521742675990374
shuffled_domain_rank,640,0.0,0.42778793418647165,0.2923655520549943,0.8007312614259597,0.023707965241837905,0.0016617885878791872,0.07221357694592986,0.45955882352941174,0.6286764705882353,0.9945155393053017,0.016453382084095025,0.016453382084095025,0.010672759407754195,0.010672759407754195,-0.012797074954296161,-0.012797074954296161,-0.00012303355529607457,0.00012303355529607457,0.011219340134577815,0.011219340134577815,0.0013701975255046017,0.0013701975255046017
shuffled_domain_rank,640,1.0,0.42413162705667273,0.2816186714964969,0.8226691042047533,0.02349444229671825,0.0018235771757585395,0.07360000000000019,0.4604051565377532,0.6316758747697975,0.9926873857404022,0.012797074954296106,0.012797074954296106,-7.412115074323378e-05,-7.412115074323378e-05,0.009140767824497353,0.009140767824497353,-0.00033655650041572796,0.00033655650041572796,0.012065673142919286,0.012065673142919286,0.004369601707066795,0.004369601707066795
shuffled_domain_rank,640,2.0,0.4113345521023766,0.27877703200453413,0.8025594149908593,0.024221052112067373,0.002187499999999898,0.06974255337985208,0.44587155963302755,0.6238532110091743,0.9963436928702011,0.0,0.0,-0.002915760642705989,-0.002915760642705989,-0.010968921389396646,-0.010968921389396646,0.0003900533149333932,-0.0003900533149333932,-0.0024679237618063787,-0.0024679237618063787,-0.0034530620535563328,-0.0034530620535563328
shuffled_domain_rank,640,3.0,0.41316270566727603,0.2771470045552997,0.8098720292504571,0.02519769226218201,0.0022942489259518695,0.07993619963889981,0.45036764705882354,0.6158088235294118,0.9945155393053017,0.001828153564899404,0.001828153564899404,-0.004545788091940395,-0.004545788091940395,-0.003656307129798808,-0.003656307129798808,0.00136669346504803,-0.00136669346504803,0.002028163663989613,0.002028163663989613,-0.011497449533318882,-0.011497449533318882
shuffled_domain_rank,640,4.0,0.42230347349177333,0.2828401784129759,0.7952468007312614,0.024152414113838453,0.0019025929230384042,0.075325,0.4632352941176471,0.625,0.9945155393053017,0.010968921389396702,0.010968921389396702,0.0011473857657357533,0.0011473857657357533,-0.018281535648994485,-0.018281535648994485,0.00032141531670447365,-0.00032141531670447365,0.014895810722813152,0.014895810722813152,-0.0023062730627306793,-0.0023062730627306793
shuffled_domain_rank,640,5.0,0.42047531992687387,0.28528661129411254,0.8135283363802559,0.022086828041975117,0.0018264227342206785,0.06449944079326654,0.45571955719557194,0.6402214022140221,0.9908592321755028,0.009140767824497242,0.009140767824497242,0.0035938186468724154,0.0035938186468724154,0.0,0.0,-0.0017441707551588623,0.0017441707551588623,0.0073800738007380184,0.0073800738007380184,0.012915129151291449,0.012915129151291449
shuffled_domain_rank,640,6.0,0.4149908592321755,0.28247363272924786,0.8043875685557587,0.02377086214075131,0.0020000000000000018,0.07272977055228876,0.4530386740331492,0.6261510128913443,0.9926873857404022,0.0036563071297988636,0.0036563071297988636,0.0007808400820077388,0.0007808400820077388,-0.009140767824497242,-0.009140767824497242,-6.013665638266927e-05,6.013665638266927e-05,0.004699190638315254,0.004699190638315254,-0.0011552601713863409,-0.0011552601713863409
shuffled_domain_rank,640,7.0,0.42047531992687387,0.28386100202878356,0.8062157221206582,0.023761878705714636,0.0018264227342206785,0.0729843901196843,0.45588235294117646,0.6268382352941176,0.9945155393053017,0.009140767824497242,0.009140767824497242,0.00216820938154344,0.00216820938154344,-0.007312614259597727,-0.007312614259597727,-6.912009141934322e-05,6.912009141934322e-05,0.007542869546342534,0.007542869546342534,-0.0004680377686130388,-0.0004680377686130388
shuffled_domain_rank,640,8.0,0.41681901279707495,0.2794906538808977,0.7989031078610603,0.024477793945467338,0.0019999999999999463,0.07275000000000018,0.45202952029520294,0.6107011070110702,0.9908592321755028,0.005484460694698323,0.005484460694698323,-0.0022021387663423986,-0.0022021387663423986,-0.014625228519195566,-0.014625228519195566,0.0006467951483333581,-0.0006467951483333581,0.0036900369003690092,0.0036900369003690092,-0.016605166051660514,-0.016605166051660514
shuffled_domain_rank,640,9.0,0.4186471663619744,0.28490904549255514,0.7989031078610603,0.024608550656555553,0.0016046263579821418,0.07509999999999996,0.4577205882352941,0.6286764705882353,0.9945155393053017,0.007312614259597783,0.007312614259597783,0.003216252845315015,0.003216252845315015,-0.014625228519195566,-0.014625228519195566,0.0007775518594215734,-0.0007775518594215734,0.009381104840460175,0.009381104840460175,0.0013701975255046017,0.0013701975255046017
shuffled_domain_rank,640,10.0,0.40950639853747717,0.2740636656775614,0.8135283363802559,0.024555499915397582,0.002187499999999898,0.07599999999999996,0.44587155963302755,0.6256880733944954,0.9963436928702011,-0.0018281535648994596,-0.0018281535648994596,-0.007629126969678712,-0.007629126969678712,0.0,0.0,0.0007245011182636027,-0.0007245011182636027,-0.0024679237618063787,-0.0024679237618063787,-0.0016181996682352873,-0.0016181996682352873
shuffled_domain_rank,640,11.0,0.42047531992687387,0.27735879947626296,0.8135283363802559,0.023696218770060576,0.0017092527159644488,0.07599999999999996,0.4585635359116022,0.6353591160220995,0.9926873857404022,0.009140767824497242,0.009140767824497242,-0.004333993170977157,-0.004333993170977157,0.0,0.0,-0.00013478002707340356,0.00013478002707340356,0.010224052516768278,0.010224052516768278,0.008052842959368811,0.008052842959368811
shuffled_domain_rank,640,12.0,0.4076782449725777,0.27689925042020785,0.8135283363802559,0.023850017518848226,0.002321083172146965,0.07720000000000002,0.4419889502762431,0.6187845303867403,0.9926873857404022,-0.003656307129798919,-0.003656307129798919,-0.004793542227032266,-0.004793542227032266,0.0,0.0,1.901872171424651e-05,-1.901872171424651e-05,-0.006350533118590851,-0.006350533118590851,-0.008521742675990374,-0.008521742675990374
shuffled_domain_rank,640,13.0,0.4040219378427788,0.2721126768565622,0.8153564899451554,0.024510210757928995,0.0025038725036643505,0.07599999999999996,0.4399260628465804,0.6155268022181146,0.9890310786106032,-0.007312614259597838,-0.007312614259597838,-0.009580115790677912,-0.009580115790677912,0.001828153564899515,0.001828153564899515,0.0006792119607950155,-0.0006792119607950155,-0.008413420548253503,-0.008413420548253503,-0.011779470844616058,-0.011779470844616058
shuffled_domain_rank,640,14.0,0.41316270566727603,0.2786236656242411,0.7952468007312614,0.025206722410005454,0.002207125908577523,0.07899693259709241,0.4522058823529412,0.6194852941176471,0.9945155393053017,0.001828153564899404,0.001828153564899404,-0.0030691270229989964,-0.0030691270229989964,-0.018281535648994485,-0.018281535648994485,0.0013757236128714746,-0.0013757236128714746,0.0038663989581072533,0.0038663989581072533,-0.007820978945083601,-0.007820978945083601
shuffled_domain_rank,640,15.0,0.4186471663619744,0.2788541685361347,0.8190127970749543,0.024211702461492058,0.001975917553393991,0.07690000000000002,0.45321100917431195,0.634862385321101,0.9963436928702011,0.007312614259597783,0.007312614259597783,-0.0028386241111054145,-0.0028386241111054145,0.005484460694698434,0.005484460694698434,0.00038070366435807856,-0.00038070366435807856,0.004871525779478025,0.004871525779478025,0.007556112258370273,0.007556112258370273
shuffled_domain_rank,640,16.0,0.4149908592321755,0.27896923372571825,0.7989031078610603,0.022317366451412673,0.002187499999999898,0.064498881586533,0.4548802946593002,0.6353591160220995,0.9926873857404022,0.0036563071297988636,0.0036563071297988636,-0.0027235589215218736,-0.0027235589215218736,-0.014625228519195566,-0.014625228519195566,-0.0015136323457213066,0.0015136323457213066,0.006540811264466262,0.006540811264466262,0.008052842959368811,0.008052842959368811
shuffled_domain_rank,640,17.0,0.42230347349177333,0.2872586018027555,0.8025594149908593,0.025387736554236835,0.0016617885878791872,0.07942462762483321,0.45940959409594095,0.6217712177121771,0.9908592321755028,0.010968921389396702,0.010968921389396702,0.0055658091555153555,0.0055658091555153555,-0.010968921389396646,-0.010968921389396646,0.0015567377571028551,-0.0015567377571028551,0.011070110701107028,0.011070110701107028,-0.005535055350553542,-0.005535055350553542
shuffled_domain_rank,640,18.0,0.4149908592321755,0.27908519159257333,0.8226691042047533,0.024539793505843274,0.002321083172146965,0.07599999999999996,0.45286506469500926,0.6229205175600739,0.9890310786106032,0.0036563071297988636,0.0036563071297988636,-0.002607601054666786,-0.002607601054666786,0.009140767824497353,0.009140767824497353,0.0007087947087092948,-0.0007087947087092948,0.00452558130017533,0.00452558130017533,-0.004385755502656741,-0.004385755502656741
shuffled_domain_rank,640,19.0,0.41681901279707495,0.2824870455440449,0.7989031078610603,0.02432790454239373,0.0019999999999999463,0.07320104923325266,0.4522058823529412,0.6286764705882353,0.9945155393053017,0.005484460694698323,0.005484460694698323,0.0007942528968047924,0.0007942528968047924,-0.014625228519195566,-0.014625228519195566,0.0004969057452597521,-0.0004969057452597521,0.0038663989581072533,0.0038663989581072533,0.0013701975255046017,0.0013701975255046017
shuffled_domain_rank,640,20.0,0.42413162705667273,0.28461330562926435,0.8043875685557587,0.022500403907188746,0.0014981231600171285,0.07361116395710841,0.4632352941176471,0.6360294117647058,0.9945155393053017,0.012797074954296106,0.012797074954296106,0.002920512982024226,0.002920512982024226,-0.009140767824497242,-0.009140767824497242,-0.001330594889945233,0.001330594889945233,0.014895810722813152,0.014895810722813152,0.008723138701975164,0.008723138701975164
shuffled_domain_rank,640,21.0,0.4186471663619744,0.2824544639337883,0.8025594149908593,0.02446512697402747,0.0019025929230384042,0.07599999999999996,0.4540441176470588,0.6158088235294118,0.9945155393053017,0.007312614259597783,0.007312614259597783,0.0007616712865481934,0.0007616712865481934,-0.010968921389396646,-0.010968921389396646,0.0006341281768934906,-0.0006341281768934906,0.005704634252224894,0.005704634252224894,-0.011497449533318882,-0.011497449533318882
shuffled_domain_rank,640,22.0,0.41681901279707495,0.2800885156128676,0.8080438756855576,0.024715987942445186,0.0019999999999998908,0.07921078011096282,0.45119705340699817,0.6261510128913443,0.9926873857404022,0.005484460694698323,0.005484460694698323,-0.0016042770343725477,-0.0016042770343725477,-0.005484460694698323,-0.005484460694698323,0.0008849891453112067,-0.0008849891453112067,0.0028575700121642456,0.0028575700121642456,-0.0011552601713863409,-0.0011552601713863409
shuffled_domain_rank,640,23.0,0.40585009140767825,0.27285490772309445,0.8062157221206582,0.02491962852383425,0.002558280058450102,0.07929465709728875,0.44485294117647056,0.6102941176470589,0.9945155393053017,-0.005484460694698379,-0.005484460694698379,-0.008837884924145667,-0.008837884924145667,-0.007312614259597727,-0.007312614259597727,0.00108862972670027,-0.00108862972670027,-0.0034865422183633643,-0.0034865422183633643,-0.017012155415671804,-0.017012155415671804
shuffled_domain_rank,640,24.0,0.40950639853747717,0.2760276266444113,0.8117001828153565,0.024380378358753455,0.0020000000000000018,0.07328721319036091,0.4510166358595194,0.6192236598890942,0.9890310786106032,-0.0018281535648994596,-0.0018281535648994596,-0.0056651660028288475,-0.0056651660028288475,-0.001828153564899404,-0.001828153564899404,0.0005493795616194758,-0.0005493795616194758,0.0026771524646854727,0.0026771524646854727,-0.008082613173636455,-0.008082613173636455
shuffled_domain_rank,640,25.0,0.42047531992687387,0.2857336942843358,0.8080438756855576,0.02409999042000149,0.001975917553393991,0.07599999999999996,0.4584103512014787,0.6451016635859519,0.9890310786106032,0.009140767824497242,0.009140767824497242,0.004040901637095695,0.004040901637095695,-0.005484460694698323,-0.005484460694698323,0.0002689916228675107,-0.0002689916228675107,0.01007086780664479,0.01007086780664479,0.01779539052322121,0.01779539052322121
shuffled_domain_rank,640,26.0,0.40950639853747717,0.2757875350371415,0.8025594149908593,0.02448440806551382,0.0020000000000000018,0.07599999999999996,0.45119705340699817,0.6298342541436464,0.9926873857404022,-0.0018281535648994596,-0.0018281535648994596,-0.005905257610098635,-0.005905257610098635,-0.010968921389396646,-0.010968921389396646,0.0006534092683798398,-0.0006534092683798398,0.0028575700121642456,0.0028575700121642456,0.0025279810809156755,0.0025279810809156755
shuffled_domain_rank,640,27.0,0.42047531992687387,0.2885509023103458,0.8153564899451554,0.024832872605173632,0.0018235771757585395,0.07579999999999999,0.4567219152854512,0.6169429097605893,0.9926873857404022,0.009140767824497242,0.009140767824497242,0.006858109663105683,0.006858109663105683,0.001828153564899515,0.001828153564899515,0.001001873808039653,-0.001001873808039653,0.00838243189061727,0.00838243189061727,-0.010363363302141382,-0.010363363302141382
shuffled_domain_rank,640,28.0,0.4296160877513711,0.28960623631928173,0.7989031078610603,0.023709692909101264,0.0014999999999998348,0.07560000000000003,0.46422018348623856,0.6330275229357798,0.9963436928702011,0.018281535648994485,0.018281535648994485,0.007913443672041609,0.007913443672041609,-0.014625228519195566,-0.014625228519195566,-0.00012130588803271544,0.00012130588803271544,0.01588070009140463,0.01588070009140463,0.005721249873049117,0.005721249873049117
shuffled_domain_rank,640,29.0,0.40950639853747717,0.2818667553516314,0.8062157221206582,0.02602480818072553,0.0025019362518321486,0.07993619963889981,0.44669117647058826,0.6084558823529411,0.9945155393053017,-0.0018281535648994596,-0.0018281535648994596,0.00017396270439129502,0.00017396270439129502,-0.007312614259597727,-0.007312614259597727,0.0021938093835915523,-0.0021938093835915523,-0.0016483069242456683,-0.0016483069242456683,-0.018850390709789555,-0.018850390709789555
baseline_stats,911,,0.4149908592321755,0.2849873698220312,0.8080438756855576,0.02339024631849387,0.0018264227342206785,0.06447982787614571,0.45387453874538747,0.6309963099630996,0.9908592321755028,0.0,0.0,0.0,0.0,0.0,0.0,0.0,-0.0,0.0,0.0,0.0,0.0
real_domain_rank,911,,0.42413162705667273,0.2779663270700597,0.8135283363802559,0.023281883936169246,0.0018292682926828174,0.06737420731004275,0.45871559633027525,0.6293577981651376,0.9963436928702011,0.009140767824497242,0.009140767824497242,-0.007021042751971518,-0.007021042751971518,0.005484460694698323,0.005484460694698323,-0.00010836238232462408,0.00010836238232462408,0.004841057584887787,0.004841057584887787,-0.001638511797962039,-0.001638511797962039
shuffled_domain_rank,911,0.0,0.41681901279707495,0.2886185086539314,0.8135283363802559,0.025048312596112753,0.0019999999999998908,0.07360000000000019,0.45119705340699817,0.6261510128913443,0.9926873857404022,0.0018281535648994596,0.0018281535648994596,0.0036311388319001936,0.0036311388319001936,0.005484460694698323,0.005484460694698323,0.0016580662776188825,-0.0016580662776188825,-0.002677485338389296,-0.002677485338389296,-0.0048452970717552946,-0.0048452970717552946
shuffled_domain_rank,911,1.0,0.4186471663619744,0.28383400049196644,0.8208409506398537,0.024434503284671737,0.0018422070686609088,0.0669169664475961,0.45202952029520294,0.6309963099630996,0.9908592321755028,0.003656307129798919,0.003656307129798919,-0.0011533693300647685,-0.0011533693300647685,0.012797074954296161,0.012797074954296161,0.0010442569661778672,-0.0010442569661778672,-0.0018450184501845324,-0.0018450184501845324,0.0,0.0
shuffled_domain_rank,911,2.0,0.4186471663619744,0.2790011831360589,0.8190127970749543,0.024702730888805643,0.0019999999999998908,0.07300000000000022,0.4530386740331492,0.6224677716390423,0.9926873857404022,0.003656307129798919,0.003656307129798919,-0.005986186685972339,-0.005986186685972339,0.010968921389396757,0.010968921389396757,0.0013124845703117727,-0.0013124845703117727,-0.0008358647122382878,-0.0008358647122382878,-0.008528538324057311,-0.008528538324057311
shuffled_domain_rank,911,3.0,0.4186471663619744,0.28001015387059563,0.8153564899451554,0.022309734812808714,0.0018422070686609088,0.0639913935782853,0.4485294117647059,0.6323529411764706,0.9945155393053017,0.003656307129798919,0.003656307129798919,-0.004977215951435576,-0.004977215951435576,0.007312614259597838,0.007312614259597838,-0.0010805115056851562,0.0010805115056851562,-0.005345126980681569,-0.005345126980681569,0.001356631213370929,0.001356631213370929
shuffled_domain_rank,911,4.0,0.42230347349177333,0.28201868660492785,0.8135283363802559,0.023112695499237605,0.001410174174767076,0.0652963730569949,0.4604051565377532,0.6316758747697975,0.9926873857404022,0.007312614259597838,0.007312614259597838,-0.002968683217103363,-0.002968683217103363,0.005484460694698323,0.005484460694698323,-0.00027755081925626493,0.00027755081925626493,0.006530617792365745,0.006530617792365745,0.000679564806697841,0.000679564806697841
shuffled_domain_rank,911,5.0,0.4186471663619744,0.29184311220188713,0.8098720292504571,0.024333360993208136,0.001773857553396485,0.06967819172481507,0.4523809523809524,0.6355311355311355,0.9981718464351006,0.003656307129798919,0.003656307129798919,0.0068557423798559225,0.0068557423798559225,0.001828153564899515,0.001828153564899515,0.0009431146747142655,-0.0009431146747142655,-0.0014935863644350844,-0.0014935863644350844,0.004534825568035861,0.004534825568035861
shuffled_domain_rank,911,6.0,0.4259597806215722,0.29062294986645226,0.8226691042047533,0.023638550534922947,0.0014999999999998348,0.07475000000000011,0.4585635359116022,0.6464088397790055,0.9926873857404022,0.010968921389396702,0.010968921389396702,0.005635580044421051,0.005635580044421051,0.014625228519195677,0.014625228519195677,0.0002483042164290773,-0.0002483042164290773,0.004688997166214737,0.004688997166214737,0.015412529815905907,0.015412529815905907
shuffled_domain_rank,911,7.0,0.4259597806215722,0.27985310278089476,0.8171846435100548,0.022503792152925233,0.0014981231600171285,0.06357894736842107,0.4597069597069597,0.6465201465201466,0.9981718464351006,0.010968921389396702,0.010968921389396702,-0.005134267041136453,-0.005134267041136453,0.009140767824497242,0.009140767824497242,-0.000886454165568637,0.000886454165568637,0.005832420961572216,0.005832420961572216,0.015523836557046922,0.015523836557046922
shuffled_domain_rank,911,8.0,0.4149908592321755,0.2819595620382727,0.8062157221206582,0.024039013428471836,0.001666702491048222,0.06750000000000009,0.4522058823529412,0.6213235294117647,0.9945155393053017,0.0,0.0,-0.003027807783758496,-0.003027807783758496,-0.001828153564899404,-0.001828153564899404,0.0006487671099779657,-0.0006487671099779657,-0.0016686563924462883,-0.0016686563924462883,-0.009672780551334914,-0.009672780551334914
shuffled_domain_rank,911,9.0,0.4076782449725777,0.2707186658694654,0.8281535648994516,0.02442127814235409,0.002241932149554815,0.07035000000000002,0.44485294117647056,0.6213235294117647,0.9945155393053017,-0.007312614259597783,-0.007312614259597783,-0.014268703952565798,-0.014268703952565798,0.020109689213894,0.020109689213894,0.0010310318238602213,-0.0010310318238602213,-0.009021597568916906,-0.009021597568916906,-0.009672780551334914,-0.009672780551334914
shuffled_domain_rank,911,10.0,0.4149908592321755,0.2821737768503707,0.8171846435100548,0.024184355896783652,0.0019155316990164956,0.07038563834496306,0.45571955719557194,0.6365313653136532,0.9908592321755028,0.0,0.0,-0.0028135929716605057,-0.0028135929716605057,0.009140767824497242,0.009140767824497242,0.0007941095782897818,-0.0007941095782897818,0.0018450184501844769,0.0018450184501844769,0.005535055350553542,0.005535055350553542
shuffled_domain_rank,911,11.0,0.42047531992687387,0.2851346803847699,0.8098720292504571,0.023864576967567528,0.0018264227342206785,0.06409345397391786,0.4540441176470588,0.6213235294117647,0.9945155393053017,0.005484460694698379,0.005484460694698379,0.00014731056273870058,0.00014731056273870058,0.001828153564899515,0.001828153564899515,0.0004743306490736579,-0.0004743306490736579,0.00016957890167135226,0.00016957890167135226,-0.009672780551334914,-0.009672780551334914
shuffled_domain_rank,911,12.0,0.4259597806215722,0.28154145521885937,0.8043875685557587,0.022101835072332845,0.0015047169811320815,0.06204570988600039,0.45940959409594095,0.6439114391143912,0.9908592321755028,0.010968921389396702,0.010968921389396702,-0.00344591460317184,-0.00344591460317184,-0.003656307129798919,-0.003656307129798919,-0.0012884112461610253,0.0012884112461610253,0.005535055350553486,0.005535055350553486,0.01291512915129156,0.01291512915129156
shuffled_domain_rank,911,13.0,0.42230347349177333,0.27638229519460483,0.8208409506398537,0.022989425087874823,0.0015094339622643282,0.06446524781962677,0.4585635359116022,0.6353591160220995,0.9926873857404022,0.007312614259597838,0.007312614259597838,-0.008605074627426379,-0.008605074627426379,0.012797074954296161,0.012797074954296161,-0.0004008212306190473,0.0004008212306190473,0.004688997166214737,0.004688997166214737,0.004362806058999857,0.004362806058999857
shuffled_domain_rank,911,14.0,0.42413162705667273,0.29294674752183986,0.8208409506398537,0.022060641800748893,0.0019999999999998908,0.06987127668992607,0.4548802946593002,0.6261510128913443,0.9926873857404022,0.009140767824497242,0.009140767824497242,0.007959377699808645,0.007959377699808645,0.012797074954296161,0.012797074954296161,-0.001329604517744977,0.001329604517744977,0.0010057559139127203,0.0010057559139127203,-0.0048452970717552946,-0.0048452970717552946
shuffled_domain_rank,911,15.0,0.41316270566727603,0.27869106176744396,0.8135283363802559,0.0246488113044545,0.0018422070686609088,0.06993563834496308,0.45202952029520294,0.6273062730627307,0.9908592321755028,-0.0018281535648994596,-0.0018281535648994596,-0.006296308054587252,-0.006296308054587252,0.005484460694698323,0.005484460694698323,0.0012585649859606293,-0.0012585649859606293,-0.0018450184501845324,-0.0018450184501845324,-0.0036900369003689537,-0.0036900369003689537
shuffled_domain_rank,911,16.0,0.3930530164533821,0.25099384738075026,0.8171846435100548,0.024154946978118173,0.00262841224917143,0.06519682642487053,0.42830882352941174,0.6176470588235294,0.9945155393053017,-0.021937842778793404,-0.021937842778793404,-0.033993522441280954,-0.033993522441280954,0.009140767824497242,0.009140767824497242,0.0007647006596243032,-0.0007647006596243032,-0.025565715215975726,-0.025565715215975726,-0.013349251139570195,-0.013349251139570195
shuffled_domain_rank,911,17.0,0.42230347349177333,0.28641154258640705,0.8043875685557587,0.02277213956454427,0.0015047169811320815,0.064229536104412,0.45940959409594095,0.6365313653136532,0.9908592321755028,0.007312614259597838,0.007312614259597838,0.0014241727643758417,0.0014241727643758417,-0.003656307129798919,-0.003656307129798919,-0.0006181067539496009,0.0006181067539496009,0.005535055350553486,0.005535055350553486,0.005535055350553542,0.005535055350553542
shuffled_domain_rank,911,18.0,0.42413162705667273,0.28258926377118854,0.8117001828153565,0.02274059563536881,0.0011627906976743319,0.06294010889292198,0.4622467771639042,0.6353591160220995,0.9926873857404022,0.009140767824497242,0.009140767824497242,-0.0023981060508426744,-0.0023981060508426744,0.003656307129798919,0.003656307129798919,-0.0006496506831250616,0.0006496506831250616,0.008372238418516753,0.008372238418516753,0.004362806058999857,0.004362806058999857
shuffled_domain_rank,911,19.0,0.42778793418647165,0.28428268361442316,0.8043875685557587,0.024695035121023088,0.0009259259259256636,0.0731000000000002,0.46408839779005523,0.6335174953959485,0.9926873857404022,0.012797074954296161,0.012797074954296161,-0.0007046862076080518,-0.0007046862076080518,-0.003656307129798919,-0.003656307129798919,0.0013047888025292179,-0.0013047888025292179,0.010213859044667761,0.010213859044667761,0.0025211854328488492,0.0025211854328488492
shuffled_domain_rank,911,20.0,0.41316270566727603,0.27457648233013005,0.8153564899451554,0.024794649756307425,0.002267414679756774,0.07040000000000002,0.44935543278084716,0.6206261510128913,0.9926873857404022,-0.0018281535648994596,-0.0018281535648994596,-0.010410887491901166,-0.010410887491901166,0.007312614259597838,0.007312614259597838,0.0014044034378135548,-0.0014044034378135548,-0.004519105964540304,-0.004519105964540304,-0.010370158950208319,-0.010370158950208319
shuffled_domain_rank,911,21.0,0.4259597806215722,0.28628241849352065,0.8043875685557587,0.022945015709161676,0.00145395783484914,0.06366471481240511,0.46139705882352944,0.6452205882352942,0.9945155393053017,0.010968921389396702,0.010968921389396702,0.0012950486714894405,0.0012950486714894405,-0.003656307129798919,-0.003656307129798919,-0.00044523060933219366,0.00044523060933219366,0.00752252007814197,0.00752252007814197,0.014224278272194524,0.014224278272194524
shuffled_domain_rank,911,22.0,0.40219378427787933,0.2646163142463757,0.8062157221206582,0.023754034313323288,0.0021337073398784434,0.07074479670656147,0.4388888888888889,0.6296296296296297,0.9872029250457038,-0.012797074954296161,-0.012797074954296161,-0.020371055575655495,-0.020371055575655495,-0.001828153564899404,-0.001828153564899404,0.0003637879948294176,-0.0003637879948294176,-0.014985649856498584,-0.014985649856498584,-0.0013666803334699829,-0.0013666803334699829
shuffled_domain_rank,911,23.0,0.4076782449725777,0.2688127799533764,0.8208409506398537,0.023203133513038213,0.001987958776696941,0.06445458221024264,0.44485294117647056,0.625,0.9945155393053017,-0.007312614259597783,-0.007312614259597783,-0.01617458986865483,-0.01617458986865483,0.012797074954296161,0.012797074954296161,-0.00018711280545565673,0.00018711280545565673,-0.009021597568916906,-0.009021597568916906,-0.005996309963099633,-0.005996309963099633
shuffled_domain_rank,911,24.0,0.42230347349177333,0.2881664027630737,0.8117001828153565,0.023630759448705,0.0018292682926828174,0.06861383006977813,0.45321100917431195,0.6256880733944954,0.9963436928702011,0.007312614259597838,0.007312614259597838,0.0031790329410424922,0.0031790329410424922,0.003656307129798919,0.003656307129798919,0.0002405131302111313,-0.0002405131302111313,-0.0006635295710755162,-0.0006635295710755162,-0.005308236568604241,-0.005308236568604241
shuffled_domain_rank,911,25.0,0.44789762340036565,0.30065952357086084,0.8062157221206582,0.022197787484762005,0.0006451216515113156,0.06443944294699017,0.47706422018348627,0.6458715596330276,0.9963436928702011,0.03290676416819016,0.03290676416819016,0.01567215374882963,0.01567215374882963,-0.001828153564899404,-0.001828153564899404,-0.0011924588337318652,0.0011924588337318652,0.023189681438098797,0.023189681438098797,0.014875249669927926,0.014875249669927926
shuffled_domain_rank,911,26.0,0.4113345521023766,0.2739474519188671,0.8025594149908593,0.024085889298613158,0.001987958776696941,0.0727750000000001,0.4430147058823529,0.6305147058823529,0.9945155393053017,-0.0036563071297988636,-0.0036563071297988636,-0.01103991790316411,-0.01103991790316411,-0.005484460694698323,-0.005484460694698323,0.0006956429801192876,-0.0006956429801192876,-0.010859832863034546,-0.010859832863034546,-0.00048160408074671146,-0.00048160408074671146
shuffled_domain_rank,911,27.0,0.43144424131627057,0.2929997542635617,0.8190127970749543,0.0222407126338179,0.0009102702308650401,0.06720000000000022,0.466789667896679,0.6402214022140221,0.9908592321755028,0.01645338208409508,0.01645338208409508,0.008012384441530462,0.008012384441530462,0.010968921389396757,0.010968921389396757,-0.0011495336846759699,0.0011495336846759699,0.012915129151291505,0.012915129151291505,0.009225092250922495,0.009225092250922495
shuffled_domain_rank,911,28.0,0.4186471663619744,0.2791043615320946,0.8117001828153565,0.023910254761463603,0.001410174174767076,0.06690000000000014,0.4585635359116022,0.6335174953959485,0.9926873857404022,0.003656307129798919,0.003656307129798919,-0.005883008289936598,-0.005883008289936598,0.003656307129798919,0.003656307129798919,0.0005200084429697327,-0.0005200084429697327,0.004688997166214737,0.004688997166214737,0.0025211854328488492,0.0025211854328488492
shuffled_domain_rank,911,29.0,0.43875685557586835,0.3008878634405236,0.8062157221206582,0.02262542862509658,0.0006472491909383926,0.06813000000000007,0.47601476014760147,0.6457564575645757,0.9908592321755028,0.023765996343692863,0.023765996343692863,0.015900493618492384,0.015900493618492384,-0.001828153564899404,-0.001828153564899404,-0.0007648176933972885,0.0007648176933972885,0.022140221402214,0.022140221402214,0.014760147601476037,0.014760147601476037
baseline_stats,1234,,0.37477148080438755,0.2592145151016756,0.8080438756855576,0.026383181091662274,0.0041999999999999815,0.08650000000000002,0.41035120147874304,0.600739371534196,0.9890310786106032,0.0,0.0,0.0,0.0,0.0,0.0,0.0,-0.0,0.0,0.0,0.0,0.0
real_domain_rank,1234,,0.38939670932358317,0.26402753125486395,0.8080438756855576,0.025446811697946464,0.003264423076923151,0.06917074510466714,0.4261992619926199,0.6033210332103321,0.9908592321755028,0.014625228519195621,0.014625228519195621,0.004813016153188354,0.004813016153188354,0.0,0.0,-0.0009363693937158094,0.0009363693937158094,0.015848060513876883,0.015848060513876883,0.00258166167613616,0.00258166167613616
shuffled_domain_rank,1234,0.0,0.3711151736745887,0.24398085482374976,0.8043875685557587,0.02679211295389713,0.0036513859275052463,0.08840813008130075,0.40808823529411764,0.6047794117647058,0.9945155393053017,-0.0036563071297988636,-0.0036563071297988636,-0.015233660277925831,-0.015233660277925831,-0.003656307129798919,-0.003656307129798919,0.0004089318622348577,-0.0004089318622348577,-0.0022629661846254034,-0.0022629661846254034,0.004040040230509856,0.004040040230509856
shuffled_domain_rank,1234,1.0,0.39853747714808047,0.26943323696801996,0.8117001828153565,0.02649391931641126,0.0029925373134327415,0.08002126378181307,0.43357933579335795,0.6107011070110702,0.9908592321755028,0.02376599634369292,0.02376599634369292,0.010218721866344371,0.010218721866344371,0.003656307129798919,0.003656307129798919,0.0001107382247489859,-0.0001107382247489859,0.0232281343146149,0.0232281343146149,0.009961735476874178,0.009961735476874178
shuffled_domain_rank,1234,2.0,0.3857404021937843,0.26604728099388497,0.8025594149908593,0.02706391143189085,0.0035714285714284477,0.07843333333333326,0.4162062615101289,0.6058931860036832,0.9926873857404022,0.010968921389396757,0.010968921389396757,0.00683276589220938,0.00683276589220938,-0.005484460694698323,-0.005484460694698323,0.0006807303402285754,-0.0006807303402285754,0.005855060031385861,0.005855060031385861,0.005153814469487261,0.005153814469487261
shuffled_domain_rank,1234,3.0,0.40036563071297987,0.2697110889906867,0.8190127970749543,0.025137379801949064,0.0027463549522372677,0.07704999999999998,0.43014705882352944,0.6176470588235294,0.9945155393053017,0.025594149908592323,0.025594149908592323,0.010496573889011096,0.010496573889011096,0.010968921389396757,0.010968921389396757,-0.0012458012897132095,0.0012458012897132095,0.019795857344786394,0.019795857344786394,0.01690768728933345,0.01690768728933345
shuffled_domain_rank,1234,4.0,0.3875685557586837,0.25859341839241484,0.8080438756855576,0.026833246653527706,0.0033850655059881607,0.07599999999999996,0.42066420664206644,0.6088560885608856,0.9908592321755028,0.012797074954296161,0.012797074954296161,-0.0006210967092607489,-0.0006210967092607489,0.0,0.0,0.00045006556186543215,-0.00045006556186543215,0.010313005163323397,0.010313005163323397,0.00811671702668959,0.00811671702668959
shuffled_domain_rank,1234,5.0,0.3930530164533821,0.2700396916933892,0.7970749542961609,0.02788337604141938,0.0028153370426185487,0.08886666666666668,0.4280442804428044,0.6107011070110702,0.9908592321755028,0.01828153564899454,0.01828153564899454,0.010825176591713614,0.010825176591713614,-0.010968921389396646,-0.010968921389396646,0.0015001949497571061,-0.0015001949497571061,0.01769307896406136,0.01769307896406136,0.009961735476874178,0.009961735476874178
shuffled_domain_rank,1234,6.0,0.39853747714808047,0.26650664730602036,0.8043875685557587,0.026732463988607225,0.0028169014084505895,0.07599999999999996,0.4343807763401109,0.6192236598890942,0.9890310786106032,0.02376599634369292,0.02376599634369292,0.00729213220434477,0.00729213220434477,-0.003656307129798919,-0.003656307129798919,0.0003492828969449517,-0.0003492828969449517,0.024029574861367864,0.024029574861367864,0.018484288354898237,0.018484288354898237
shuffled_domain_rank,1234,7.0,0.3912248628884826,0.2606877390027427,0.793418647166362,0.026862535941266485,0.0035714285714284477,0.07872464886887534,0.42173112338858193,0.6132596685082873,0.9926873857404022,0.01645338208409508,0.01645338208409508,0.0014732239010671333,0.0014732239010671333,-0.014625228519195566,-0.014625228519195566,0.0004793548496042112,-0.0004793548496042112,0.011379921909838886,0.011379921909838886,0.012520296974091294,0.012520296974091294
shuffled_domain_rank,1234,8.0,0.40219378427787933,0.2728868986868069,0.8098720292504571,0.02375245489826649,0.0025038725036643505,0.06898510675970411,0.43462246777163904,0.6279926335174953,0.9926873857404022,0.027422303473491783,0.027422303473491783,0.013672383585131287,0.013672383585131287,0.001828153564899515,0.001828153564899515,-0.002630726193395782,0.002630726193395782,0.024271266292896,0.024271266292896,0.02725326198329936,0.02725326198329936
shuffled_domain_rank,1234,9.0,0.396709323583181,0.2690682284428562,0.8098720292504571,0.026241042479207045,0.003532192166807391,0.07704999999999998,0.42830882352941174,0.6066176470588235,0.9945155393053017,0.02193784277879346,0.02193784277879346,0.009853713341180625,0.009853713341180625,0.001828153564899515,0.001828153564899515,-0.00014213861245522888,0.00014213861245522888,0.017957622050668698,0.017957622050668698,0.0058782755246274965,0.0058782755246274965
shuffled_domain_rank,1234,10.0,0.37842778793418647,0.25496741179072635,0.8098720292504571,0.027429769590862563,0.004210526315789442,0.0794586089948483,0.4088397790055249,0.5966850828729282,0.9926873857404022,0.003656307129798919,0.003656307129798919,-0.004247103310949241,-0.004247103310949241,0.001828153564899515,0.001828153564899515,0.0010465884992002898,-0.0010465884992002898,-0.0015114224732181714,-0.0015114224732181714,-0.00405428866126778,-0.00405428866126778
shuffled_domain_rank,1234,11.0,0.40219378427787933,0.2736911439548973,0.7989031078610603,0.02684965566626665,0.0024999999999999467,0.08071645081289602,0.4343807763401109,0.6173752310536045,0.9890310786106032,0.027422303473491783,0.027422303473491783,0.014476628853221707,0.014476628853221707,-0.009140767824497242,-0.009140767824497242,0.00046647457460437594,-0.00046647457460437594,0.024029574861367864,0.024029574861367864,0.01663585951940849,0.01663585951940849
shuffled_domain_rank,1234,12.0,0.3912248628884826,0.2717999350779665,0.8135283363802559,0.025171887511079846,0.003028846153846354,0.07872464886887534,0.42357274401473294,0.6169429097605893,0.9926873857404022,0.01645338208409508,0.01645338208409508,0.012585419976290924,0.012585419976290924,0.005484460694698323,0.005484460694698323,-0.001211293580582428,0.001211293580582428,0.013221542535989894,0.013221542535989894,0.01620353822639331,0.01620353822639331
shuffled_domain_rank,1234,13.0,0.3912248628884826,0.2589287466728098,0.7970749542961609,0.02493312528852628,0.0029084507042252405,0.07623616395710824,0.4227941176470588,0.6231617647058824,0.9945155393053017,0.01645338208409508,0.01645338208409508,-0.0002857684288657958,-0.0002857684288657958,-0.010968921389396646,-0.010968921389396646,-0.001450055803135994,0.001450055803135994,0.012442916168315776,0.012442916168315776,0.022422393171686372,0.022422393171686372
shuffled_domain_rank,1234,14.0,0.37477148080438755,0.2565702132504672,0.8080438756855576,0.02898939281084134,0.004260239225033435,0.0888222222222222,0.4099264705882353,0.6011029411764706,0.9945155393053017,0.0,0.0,-0.002644301851208397,-0.002644301851208397,0.0,0.0,0.0026062117191790676,-0.0026062117191790676,-0.0004247308905077629,-0.0004247308905077629,0.0003635696422745749,0.0003635696422745749
shuffled_domain_rank,1234,15.0,0.39488117001828155,0.26878119193023603,0.8098720292504571,0.026260622822589473,0.002697168947338985,0.07911449125628958,0.4264705882352941,0.6158088235294118,0.9945155393053017,0.020109689213894,0.020109689213894,0.009566676828560439,0.009566676828560439,0.001828153564899515,0.001828153564899515,-0.00012255826907280054,0.00012255826907280054,0.016119386756551057,0.016119386756551057,0.01506945199521581,0.01506945199521581
shuffled_domain_rank,1234,16.0,0.38939670932358317,0.26109364223182036,0.7897623400365631,0.024774576655302232,0.0029999999999998916,0.07599999999999996,0.4232902033271719,0.6025878003696857,0.9890310786106032,0.014625228519195621,0.014625228519195621,0.0018791271301447643,0.0018791271301447643,-0.018281535648994485,-0.018281535648994485,-0.0016086044363600414,0.0016086044363600414,0.012939001848428833,0.012939001848428833,0.001848428835489746,0.001848428835489746
shuffled_domain_rank,1234,17.0,0.37294332723948814,0.25788662105735277,0.8117001828153565,0.027178303914692163,0.003965671641791013,0.08002126378181307,0.4077490774907749,0.6014760147601476,0.9908592321755028,-0.001828153564899404,-0.001828153564899404,-0.0013278940443228193,-0.0013278940443228193,0.003656307129798919,0.003656307129798919,0.0007951228230298896,-0.0007951228230298896,-0.0026021239879681635,-0.0026021239879681635,0.0007366432259515721,0.0007366432259515721
shuffled_domain_rank,1234,18.0,0.40585009140767825,0.277162540320435,0.8043875685557587,0.024489329785126895,0.002216449619352856,0.06987127668992607,0.44014732965009207,0.6372007366482505,0.9926873857404022,0.0310786106032907,0.0310786106032907,0.017948025218759434,0.017948025218759434,-0.003656307129798919,-0.003656307129798919,-0.001893851306535379,0.001893851306535379,0.029796128171349023,0.029796128171349023,0.03646136511405451,0.03646136511405451
shuffled_domain_rank,1234,19.0,0.3820840950639854,0.27471758484883996,0.8080438756855576,0.026886882072447823,0.004289452724996812,0.07997873171035644,0.4106813996316759,0.5911602209944752,0.9926873857404022,0.007312614259597838,0.007312614259597838,0.015503069747164366,0.015503069747164366,0.0,0.0,0.0005037009807855493,-0.0005037009807855493,0.00033019815293283683,0.00033019815293283683,-0.009579150539720804,-0.009579150539720804
shuffled_domain_rank,1234,20.0,0.40219378427787933,0.2707292051020795,0.7989031078610603,0.02284484317391351,0.00279577522728211,0.06917074510466714,0.43726937269372695,0.6180811808118081,0.9908592321755028,0.027422303473491783,0.027422303473491783,0.011514690000403893,0.011514690000403893,-0.009140767824497242,-0.009140767824497242,-0.003538337917748765,0.003538337917748765,0.02691817121498391,0.02691817121498391,0.017341809277612086,0.017341809277612086
shuffled_domain_rank,1234,21.0,0.39488117001828155,0.2706972788477835,0.8117001828153565,0.025974464125417488,0.002560216310282304,0.07882907749135515,0.43333333333333335,0.6259259259259259,0.9872029250457038,0.020109689213894,0.020109689213894,0.011482763746107905,0.011482763746107905,0.003656307129798919,0.003656307129798919,-0.0004087169662447855,0.0004087169662447855,0.022982131854590304,0.022982131854590304,0.0251865543917299,0.0251865543917299
shuffled_domain_rank,1234,22.0,0.37294332723948814,0.2530069394209576,0.8244972577696527,0.028866576962486536,0.004210526315789442,0.08879999999999998,0.4036697247706422,0.5908256880733945,0.9963436928702011,-0.001828153564899404,-0.001828153564899404,-0.006207575680718003,-0.006207575680718003,0.01645338208409508,0.01645338208409508,0.0024833958708242627,-0.0024833958708242627,-0.00668147670810082,-0.00668147670810082,-0.009913683460801459,-0.009913683460801459
shuffled_domain_rank,1234,23.0,0.38939670932358317,0.260204819660144,0.8007312614259597,0.026489058412729104,0.0035714285714284477,0.0794586089948483,0.427255985267035,0.5985267034990792,0.9926873857404022,0.014625228519195621,0.014625228519195621,0.0009903045584684356,0.0009903045584684356,-0.007312614259597838,-0.007312614259597838,0.00010587732106683012,-0.00010587732106683012,0.016904783788291966,0.016904783788291966,-0.0022126680351167716,-0.0022126680351167716
shuffled_domain_rank,1234,24.0,0.38391224862888484,0.2595811466127984,0.7952468007312614,0.026248756515215205,0.003270131011976374,0.08032769502774072,0.4198895027624309,0.6224677716390423,0.9926873857404022,0.009140767824497298,0.009140767824497298,0.0003666315111228169,0.0003666315111228169,-0.012797074954296161,-0.012797074954296161,-0.0001344245764470682,0.0001344245764470682,0.009538301283687878,0.009538301283687878,0.021728400104846335,0.021728400104846335
shuffled_domain_rank,1234,25.0,0.40036563071297987,0.2680408225679323,0.8135283363802559,0.025300935933844627,0.002714932126696823,0.07866666666666655,0.4343807763401109,0.6155268022181146,0.9890310786106032,0.025594149908592323,0.025594149908592323,0.008826307466256733,0.008826307466256733,0.005484460694698323,0.005484460694698323,-0.0010822451578176469,0.0010822451578176469,0.024029574861367864,0.024029574861367864,0.014787430683918634,0.014787430683918634
shuffled_domain_rank,1234,26.0,0.36380255941499084,0.25520558965662526,0.793418647166362,0.02795510395260429,0.00423292273236292,0.08859999999999993,0.4003690036900369,0.6033210332103321,0.9908592321755028,-0.010968921389396702,-0.010968921389396702,-0.0040089254450503264,-0.0040089254450503264,-0.014625228519195566,-0.014625228519195566,0.0015719228609420155,-0.0015719228609420155,-0.009982197788706126,-0.009982197788706126,0.00258166167613616,0.00258166167613616
shuffled_domain_rank,1234,27.0,0.3875685557586837,0.2685865304547194,0.8190127970749543,0.028290472624250034,0.003149488582911364,0.08709603532519235,0.4225092250922509,0.6088560885608856,0.9908592321755028,0.012797074954296161,0.012797074954296161,0.009372015353043828,0.009372015353043828,0.010968921389396757,0.010968921389396757,0.0019072915325877605,-0.0019072915325877605,0.012158023613507873,0.012158023613507873,0.00811671702668959,0.00811671702668959
shuffled_domain_rank,1234,28.0,0.3692870201096892,0.25268977481100274,0.8062157221206582,0.026645288572545885,0.004205263157894712,0.07954854206677592,0.4040590405904059,0.5959409594095941,0.9908592321755028,-0.005484460694698323,-0.005484460694698323,-0.006524740290672848,-0.006524740290672848,-0.001828153564899404,-0.001828153564899404,0.0002621074808836117,-0.0002621074808836117,-0.006292160888337117,-0.006292160888337117,-0.0047984121246018585,-0.0047984121246018585
shuffled_domain_rank,1234,29.0,0.36380255941499084,0.24768264049085964,0.7970749542961609,0.02660650316924159,0.004205263157894712,0.07934693259709238,0.39705882352941174,0.59375,0.9945155393053017,-0.010968921389396702,-0.010968921389396702,-0.011531874610815951,-0.011531874610815951,-0.010968921389396646,-0.010968921389396646,0.000223322077579316,-0.000223322077579316,-0.013292377949331302,-0.013292377949331302,-0.006989371534195987,-0.006989371534195987
baseline_stats,2222,,0.36380255941499084,0.2491656949303126,0.7989031078610603,0.02730793300764846,0.003731343283582045,0.08780487804878057,0.4048059149722736,0.6044362292051756,0.9890310786106032,0.0,0.0,0.0,0.0,0.0,0.0,0.0,-0.0,0.0,0.0,0.0,0.0
real_domain_rank,2222,,0.37842778793418647,0.2597259379009385,0.8080438756855576,0.027311657887015364,0.0029999999999998916,0.08006379585326967,0.4177449168207024,0.5951940850277264,0.9890310786106032,0.014625228519195621,0.014625228519195621,0.01056024297062591,0.01056024297062591,0.009140767824497242,0.009140767824497242,3.7248793669023006e-06,-3.7248793669023006e-06,0.012939001848428833,0.012939001848428833,-0.009242144177449174,-0.009242144177449174
shuffled_domain_rank,2222,0.0,0.3912248628884826,0.27600989185202435,0.8007312614259597,0.02684111957951343,0.002813772676786508,0.08098,0.43462246777163904,0.6077348066298343,0.9926873857404022,0.027422303473491783,0.027422303473491783,0.02684419692171175,0.02684419692171175,0.001828153564899404,0.001828153564899404,-0.00046681342813503085,0.00046681342813503085,0.02981655279936546,0.02981655279936546,0.0032985774246586663,0.0032985774246586663
shuffled_domain_rank,2222,1.0,0.3857404021937843,0.26939728108682615,0.8190127970749543,0.026965671307944885,0.0028169014084505895,0.08175607125402366,0.4198895027624309,0.6040515653775322,0.9926873857404022,0.02193784277879346,0.02193784277879346,0.020231586156513548,0.020231586156513548,0.020109689213894,0.020109689213894,-0.0003422616997035763,0.0003422616997035763,0.015083587790157338,0.015083587790157338,-0.00038466382764335005,-0.00038466382764335005
shuffled_domain_rank,2222,2.0,0.38939670932358317,0.2752178443460262,0.8117001828153565,0.027112185494522843,0.0029925373134327415,0.08104,0.4261992619926199,0.6051660516605166,0.9908592321755028,0.025594149908592323,0.025594149908592323,0.0260521494157136,0.0260521494157136,0.012797074954296161,0.012797074954296161,-0.00019574751312561797,0.00019574751312561797,0.021393347020346343,0.021393347020346343,0.0007298224553410337,0.0007298224553410337
shuffled_domain_rank,2222,3.0,0.38391224862888484,0.2740303605038805,0.8208409506398537,0.028360058422162618,0.003014423076923123,0.0886888888888888,0.4222222222222222,0.6018518518518519,0.9872029250457038,0.020109689213894,0.020109689213894,0.024864665573567923,0.024864665573567923,0.021937842778793404,0.021937842778793404,0.0010521254145141566,-0.0010521254145141566,0.017416307249948637,0.017416307249948637,-0.00258437735332373,-0.00258437735332373
shuffled_domain_rank,2222,4.0,0.3930530164533821,0.2692591282941387,0.7915904936014625,0.027864079480486418,0.0028169014084505895,0.0874554157579203,0.425414364640884,0.6058931860036832,0.9926873857404022,0.029250457038391242,0.029250457038391242,0.02009343336382613,0.02009343336382613,-0.007312614259597838,-0.007312614259597838,0.0005561464728379567,-0.0005561464728379567,0.020608449668610418,0.020608449668610418,0.0014569567985076581,0.0014569567985076581
shuffled_domain_rank,2222,5.0,0.396709323583181,0.2731692544400438,0.7989031078610603,0.029523859300070426,0.002640264381442603,0.09000000000000008,0.43068391866913125,0.6155268022181146,0.9890310786106032,0.03290676416819016,0.03290676416819016,0.02400355950973121,0.02400355950973121,0.0,0.0,0.002215926292421965,-0.002215926292421965,0.025878003696857665,0.025878003696857665,0.011090573012939031,0.011090573012939031
shuffled_domain_rank,2222,6.0,0.3692870201096892,0.25426460479524,0.7952468007312614,0.028190829761031704,0.004255319148936398,0.08650000000000002,0.4029574861367837,0.5970425138632163,0.9890310786106032,0.005484460694698379,0.005484460694698379,0.005098909864927392,0.005098909864927392,-0.003656307129798919,-0.003656307129798919,0.0008828967533832423,-0.0008828967533832423,-0.001848428835489857,-0.001848428835489857,-0.007393715341959317,-0.007393715341959317
shuffled_domain_rank,2222,7.0,0.37477148080438755,0.2559389152865464,0.8135283363802559,0.029916161745732077,0.004139680483592478,0.09031546231546216,0.4088397790055249,0.5966850828729282,0.9926873857404022,0.010968921389396702,0.010968921389396702,0.006773220356233789,0.006773220356233789,0.014625228519195566,0.014625228519195566,0.0026082287380836157,-0.0026082287380836157,0.004033864033251289,0.004033864033251289,-0.007751146332247383,-0.007751146332247383
shuffled_domain_rank,2222,8.0,0.4186471663619744,0.2839677144579017,0.8007312614259597,0.02516910485548054,0.0014116693496638577,0.07963847513870348,0.4565619223659889,0.6469500924214417,0.9890310786106032,0.054844606946983565,0.054844606946983565,0.0348020195275891,0.0348020195275891,0.001828153564899404,0.001828153564899404,-0.002138828152167923,0.002138828152167923,0.05175600739371533,0.05175600739371533,0.04251386321626616,0.04251386321626616
shuffled_domain_rank,2222,9.0,0.38939670932358317,0.2684097448963494,0.793418647166362,0.02514462782919523,0.0027090210796101577,0.07735000000000006,0.4280442804428044,0.6199261992619927,0.9908592321755028,0.025594149908592323,0.025594149908592323,0.01924404996603679,0.01924404996603679,-0.005484460694698323,-0.005484460694698323,-0.002163305178453232,0.002163305178453232,0.02323836547053082,0.02323836547053082,0.01548997005681707,0.01548997005681707
shuffled_domain_rank,2222,10.0,0.3912248628884826,0.2685170744265153,0.7970749542961609,0.02706029653714469,0.0025720684425534768,0.0859372866127583,0.42988929889298894,0.6162361623616236,0.9908592321755028,0.027422303473491783,0.027422303473491783,0.019351379496202692,0.019351379496202692,-0.001828153564899404,-0.001828153564899404,-0.00024763647050377036,0.00024763647050377036,0.025083383920715352,0.025083383920715352,0.011799933156448006,0.011799933156448006
shuffled_domain_rank,2222,11.0,0.40219378427787933,0.28130744378560507,0.8062157221206582,0.026733492200400482,0.0028153370426185487,0.07599999999999996,0.4319852941176471,0.6066176470588235,0.9945155393053017,0.038391224862888484,0.038391224862888484,0.032141748855292473,0.032141748855292473,0.007312614259597838,0.007312614259597838,-0.0005744408072479792,0.0005744408072479792,0.027179379145373495,0.027179379145373495,0.0021814178536478934,0.0021814178536478934
shuffled_domain_rank,2222,12.0,0.3802559414990859,0.2683553012867059,0.8043875685557587,0.02649048087611207,0.00279577522728211,0.07942462762483321,0.42066420664206644,0.6180811808118081,0.9908592321755028,0.01645338208409508,0.01645338208409508,0.01918960635639333,0.01918960635639333,0.005484460694698323,0.005484460694698323,-0.0008174521315363927,0.0008174521315363927,0.015858291669792857,0.015858291669792857,0.013644951606632483,0.013644951606632483
shuffled_domain_rank,2222,13.0,0.3857404021937843,0.26847733317278916,0.8025594149908593,0.028450850525089468,0.002813772676786508,0.08605756659447916,0.42513863216266173,0.6081330868761553,0.9890310786106032,0.02193784277879346,0.02193784277879346,0.01931163824247656,0.01931163824247656,0.003656307129798919,0.003656307129798919,0.001142917517441007,-0.001142917517441007,0.02033271719038815,0.02033271719038815,0.003696857670979714,0.003696857670979714
shuffled_domain_rank,2222,14.0,0.376599634369287,0.2673441328084135,0.8098720292504571,0.027356782661306207,0.0033850655059881607,0.08886666666666668,0.4132841328413284,0.6033210332103321,0.9908592321755028,0.012797074954296161,0.012797074954296161,0.018178437878100917,0.018178437878100917,0.010968921389396757,0.010968921389396757,4.88496536577461e-05,-4.88496536577461e-05,0.008478217869054838,0.008478217869054838,-0.0011151959948434431,-0.0011151959948434431
shuffled_domain_rank,2222,15.0,0.3875685557586837,0.2755637528876966,0.8135283363802559,0.027105247762188298,0.00279577522728211,0.08207122609379094,0.42988929889298894,0.6217712177121771,0.9908592321755028,0.023765996343692863,0.023765996343692863,0.02639805795738398,0.02639805795738398,0.014625228519195566,0.014625228519195566,-0.00020268524546016367,0.00020268524546016367,0.025083383920715352,0.025083383920715352,0.017334988507001547,0.017334988507001547
shuffled_domain_rank,2222,16.0,0.3857404021937843,0.270910397482146,0.7970749542961609,0.02674170859674769,0.0029999999999998916,0.07843333333333326,0.427255985267035,0.6022099447513812,0.9926873857404022,0.02193784277879346,0.02193784277879346,0.021744702551833417,0.021744702551833417,-0.001828153564899404,-0.001828153564899404,-0.0005662244109007723,0.0005662244109007723,0.022450070294761426,0.022450070294761426,-0.0022262844537943582,-0.0022262844537943582
shuffled_domain_rank,2222,17.0,0.3692870201096892,0.25420940846180845,0.7897623400365631,0.027933274869588208,0.00416984024179623,0.08828312835067804,0.4095940959409594,0.5977859778597786,0.9908592321755028,0.005484460694698379,0.005484460694698379,0.0050437135314958526,0.0050437135314958526,-0.009140767824497242,-0.009140767824497242,0.0006253418619397468,-0.0006253418619397468,0.004788180968685829,0.004788180968685829,-0.006650251345396985,-0.006650251345396985
shuffled_domain_rank,2222,18.0,0.37477148080438755,0.26292106223980755,0.8171846435100548,0.02713300725998005,0.003014423076923123,0.08456606916652344,0.4095940959409594,0.6107011070110702,0.9908592321755028,0.010968921389396702,0.010968921389396702,0.013755367309494948,0.013755367309494948,0.018281535648994485,0.018281535648994485,-0.00017492574766841268,0.00017492574766841268,0.004788180968685829,0.004788180968685829,0.006264877805894575,0.006264877805894575
shuffled_domain_rank,2222,19.0,0.39488117001828155,0.2699537231209667,0.8062157221206582,0.027229190248835147,0.0027777777777777124,0.08483128350678015,0.43068391866913125,0.6081330868761553,0.9890310786106032,0.0310786106032907,0.0310786106032907,0.020788028190654118,0.020788028190654118,0.007312614259597838,0.007312614259597838,-7.874275881331397e-05,7.874275881331397e-05,0.025878003696857665,0.025878003696857665,0.003696857670979714,0.003696857670979714
shuffled_domain_rank,2222,20.0,0.38391224862888484,0.2726779339696369,0.7915904936014625,0.027573036381684804,0.0028169014084505895,0.08650000000000002,0.4214417744916821,0.6062846580406654,0.9890310786106032,0.020109689213894,0.020109689213894,0.023512239039324312,0.023512239039324312,-0.007312614259597838,-0.007312614259597838,0.00026510337403634274,-0.00026510337403634274,0.01663585951940849,0.01663585951940849,0.001848428835489857,0.001848428835489857
shuffled_domain_rank,2222,21.0,0.3583180987202925,0.24845365850100018,0.7989031078610603,0.029436966458970065,0.004272385936966605,0.08494815515610216,0.3962962962962963,0.5777777777777777,0.9872029250457038,-0.005484460694698323,-0.005484460694698323,-0.0007120364293124182,-0.0007120364293124182,0.0,0.0,0.002129033451321604,-0.002129033451321604,-0.00850961867597727,-0.00850961867597727,-0.026658451427397867,-0.026658451427397867
shuffled_domain_rank,2222,22.0,0.3820840950639854,0.2639150917657649,0.8153564899451554,0.028947196084379113,0.0036513859275052463,0.08762439024390256,0.4132841328413284,0.5996309963099631,0.9908592321755028,0.01828153564899454,0.01828153564899454,0.014749396835452289,0.014749396835452289,0.01645338208409508,0.01645338208409508,0.0016392630767306515,-0.0016392630767306515,0.008478217869054838,0.008478217869054838,-0.004805232895212508,-0.004805232895212508
shuffled_domain_rank,2222,23.0,0.3857404021937843,0.2649775493057273,0.8062157221206582,0.02494234455508505,0.0028153370426185487,0.06924074510466711,0.4225092250922509,0.6180811808118081,0.9908592321755028,0.02193784277879346,0.02193784277879346,0.015811854375414713,0.015811854375414713,0.007312614259597838,0.007312614259597838,-0.002365588452563412,0.002365588452563412,0.017703310119977334,0.017703310119977334,0.013644951606632483,0.013644951606632483
shuffled_domain_rank,2222,24.0,0.37477148080438755,0.2544540726238856,0.8062157221206582,0.027277177937347005,0.004205263157894712,0.08201122609379097,0.4095940959409594,0.5977859778597786,0.9908592321755028,0.010968921389396702,0.010968921389396702,0.005288377693572988,0.005288377693572988,0.007312614259597838,0.007312614259597838,-3.0755070301455995e-05,3.0755070301455995e-05,0.004788180968685829,0.004788180968685829,-0.006650251345396985,-0.006650251345396985
shuffled_domain_rank,2222,25.0,0.396709323583181,0.27847629994084516,0.8007312614259597,0.026050829302992976,0.002327737004798436,0.07954129429149982,0.4354243542435424,0.6254612546125461,0.9908592321755028,0.03290676416819016,0.03290676416819016,0.029310605010532564,0.029310605010532564,0.001828153564899404,0.001828153564899404,-0.0012571037046554857,0.0012571037046554857,0.030618439271268838,0.030618439271268838,0.0210250254073705,0.0210250254073705
shuffled_domain_rank,2222,26.0,0.3802559414990859,0.261175786587476,0.8025594149908593,0.026485102920482822,0.0028153370426185487,0.08588312835067802,0.4225092250922509,0.6143911439114391,0.9908592321755028,0.01645338208409508,0.01645338208409508,0.01201009165716338,0.01201009165716338,0.003656307129798919,0.003656307129798919,-0.0008228300871656394,0.0008228300871656394,0.017703310119977334,0.017703310119977334,0.009954914706263529,0.009954914706263529
shuffled_domain_rank,2222,27.0,0.3802559414990859,0.26501683358195444,0.8025594149908593,0.02817569047561495,0.003564384333614834,0.08849430894308938,0.4162062615101289,0.5966850828729282,0.9926873857404022,0.01645338208409508,0.01645338208409508,0.01585113865164184,0.01585113865164184,0.003656307129798919,0.003656307129798919,0.0008677574679664887,-0.0008677574679664887,0.011400346537855321,0.011400346537855321,-0.007751146332247383,-0.007751146332247383
shuffled_domain_rank,2222,28.0,0.37477148080438755,0.2561354075765997,0.793418647166362,0.028805791864785973,0.003731343283582045,0.08754390243902448,0.40699815837937386,0.5930018416206262,0.9926873857404022,0.010968921389396702,0.010968921389396702,0.006969712646287096,0.006969712646287096,-0.005484460694698323,-0.005484460694698323,0.0014978588571375115,-0.0014978588571375115,0.0021922434071002805,0.0021922434071002805,-0.0114343875845494,-0.0114343875845494
shuffled_domain_rank,2222,29.0,0.38939670932358317,0.2747928032446572,0.8263254113345521,0.029615032513835196,0.003270131011976374,0.09041546231546213,0.42857142857142855,0.5974025974025974,0.9853747714808044,0.025594149908592323,0.025594149908592323,0.025627108314344615,0.025627108314344615,0.027422303473491727,0.027422303473491727,0.002307099506186735,-0.002307099506186735,0.023765513599154964,0.023765513599154964,-0.007033631802578211,-0.007033631802578211
baseline_stats,4096,,0.39853747714808047,0.27519774386676055,0.8080438756855576,0.02688688538906799,0.002216449619352856,0.08050000000000002,0.43068391866913125,0.6118299445471349,0.9890310786106032,0.0,0.0,0.0,0.0,0.0,0.0,0.0,-0.0,0.0,0.0,0.0,0.0
real_domain_rank,4096,,0.40950639853747717,0.28088678922204263,0.7970749542961609,0.024588302795956536,0.002000000000000113,0.07599999999999996,0.4454713493530499,0.6303142329020333,0.9890310786106032,0.010968921389396702,0.010968921389396702,0.005689045355282085,0.005689045355282085,-0.010968921389396646,-0.010968921389396646,-0.0022985825931114527,0.0022985825931114527,0.014787430683918634,0.014787430683918634,0.01848428835489835,0.01848428835489835
shuffled_domain_rank,4096,0.0,0.4149908592321755,0.2861599459118284,0.8098720292504571,0.02514746919686618,0.001941391941391979,0.07475000000000011,0.4438305709023941,0.6335174953959485,0.9926873857404022,0.016453382084095025,0.016453382084095025,0.01096220204506787,0.01096220204506787,0.001828153564899515,0.001828153564899515,-0.0017394161922018106,0.0017394161922018106,0.013146652233262834,0.013146652233262834,0.021687550848813575,0.021687550848813575
shuffled_domain_rank,4096,1.0,0.38939670932358317,0.2690792205303196,0.8062157221206582,0.028389670520002935,0.0034849417776660063,0.08217914010421212,0.4209558823529412,0.5992647058823529,0.9945155393053017,-0.009140767824497298,-0.009140767824497298,-0.006118523336440973,-0.006118523336440973,-0.001828153564899404,-0.001828153564899404,0.0015027851309349465,-0.0015027851309349465,-0.00972803631619007,-0.00972803631619007,-0.012565238664781986,-0.012565238664781986
shuffled_domain_rank,4096,2.0,0.396709323583181,0.2702941056220495,0.8043875685557587,0.0268626099539913,0.003014423076923123,0.07704999999999998,0.42830882352941174,0.6102941176470589,0.9945155393053017,-0.0018281535648994596,-0.0018281535648994596,-0.004903638244711073,-0.004903638244711073,-0.003656307129798919,-0.003656307129798919,-2.427543507668717e-05,2.427543507668717e-05,-0.0023750951397195075,-0.0023750951397195075,-0.0015358269000760316,-0.0015358269000760316
shuffled_domain_rank,4096,3.0,0.38391224862888484,0.26054050210306307,0.7952468007312614,0.02731365951232081,0.003028846153846354,0.08139999999999996,0.42115027829313545,0.6159554730983302,0.9853747714808044,-0.014625228519195621,-0.014625228519195621,-0.014657241763697482,-0.014657241763697482,-0.012797074954296161,-0.012797074954296161,0.00042677412325282243,-0.00042677412325282243,-0.0095336403759958,-0.0095336403759958,0.004125528551195301,0.004125528551195301
shuffled_domain_rank,4096,4.0,0.3930530164533821,0.2750628256931266,0.7970749542961609,0.02714612579580135,0.002813772676786508,0.08050000000000002,0.4269870609981516,0.6136783733826248,0.9890310786106032,-0.005484460694698379,-0.005484460694698379,-0.00013491817363392444,-0.00013491817363392444,-0.010968921389396646,-0.010968921389396646,0.00025924040673335966,-0.00025924040673335966,-0.0036968576709796586,-0.0036968576709796586,0.001848428835489857,0.001848428835489857
shuffled_domain_rank,4096,5.0,0.40219378427787933,0.27227218859716085,0.8080438756855576,0.027283725410445978,0.0027777777777777124,0.08013934144913501,0.43646408839779005,0.6114180478821363,0.9926873857404022,0.0036563071297988636,0.0036563071297988636,-0.0029255552695997,-0.0029255552695997,0.0,0.0,0.00039684002137798866,-0.00039684002137798866,0.005780169728658802,0.005780169728658802,-0.0004118966649986344,-0.0004118966649986344
shuffled_domain_rank,4096,6.0,0.39853747714808047,0.27376924018456034,0.8208409506398537,0.026467103770519897,0.0026165601169002572,0.07963847513870348,0.4343807763401109,0.6192236598890942,0.9890310786106032,0.0,0.0,-0.0014285036822002106,-0.0014285036822002106,0.012797074954296161,0.012797074954296161,-0.00041978161854809223,0.00041978161854809223,0.0036968576709796586,0.0036968576709796586,0.007393715341959317,0.007393715341959317
shuffled_domain_rank,4096,7.0,0.39853747714808047,0.27546650751774954,0.7897623400365631,0.02593421350783433,0.0024390243902440156,0.07963847513870348,0.43622920517560076,0.6118299445471349,0.9890310786106032,0.0,0.0,0.00026876365098899013,0.00026876365098899013,-0.018281535648994485,-0.018281535648994485,-0.0009526718812336576,0.0009526718812336576,0.005545286506469516,0.005545286506469516,0.0,0.0
shuffled_domain_rank,4096,8.0,0.39853747714808047,0.2751869263723585,0.793418647166362,0.026549302196408088,0.002267414679756774,0.07599999999999996,0.43646408839779005,0.6224677716390423,0.9926873857404022,0.0,0.0,-1.0817494402071137e-05,-1.0817494402071137e-05,-0.014625228519195566,-0.014625228519195566,-0.00033758319265990086,0.00033758319265990086,0.005780169728658802,0.005780169728658802,0.010637827091907415,0.010637827091907415
shuffled_domain_rank,4096,9.0,0.40219378427787933,0.2760316592604184,0.793418647166362,0.026768538870063068,0.0026165601169002572,0.07921078011096282,0.43646408839779005,0.6132596685082873,0.9926873857404022,0.0036563071297988636,0.0036563071297988636,0.000833915393657847,0.000833915393657847,-0.014625228519195566,-0.014625228519195566,-0.00011834651900492071,0.00011834651900492071,0.005780169728658802,0.005780169728658802,0.0014297239611523738,0.0014297239611523738
shuffled_domain_rank,4096,10.0,0.4186471663619744,0.2866817582679902,0.8025594149908593,0.027534008842377514,0.002216449619352856,0.08041275917065395,0.44935543278084716,0.6224677716390423,0.9926873857404022,0.020109689213893944,0.020109689213893944,0.011484014401229647,0.011484014401229647,-0.005484460694698323,-0.005484460694698323,0.0006471234533095248,-0.0006471234533095248,0.018671514111715914,0.018671514111715914,0.010637827091907415,0.010637827091907415
shuffled_domain_rank,4096,11.0,0.42047531992687387,0.2870908068378266,0.8153564899451554,0.025873301946045493,0.0017164221134102764,0.07599999999999996,0.45387453874538747,0.6365313653136532,0.9908592321755028,0.021937842778793404,0.021937842778793404,0.01189306297106607,0.01189306297106607,0.007312614259597838,0.007312614259597838,-0.0010135834430224956,0.0010135834430224956,0.02319062007625622,0.02319062007625622,0.024701420766518267,0.024701420766518267
shuffled_domain_rank,4096,12.0,0.39853747714808047,0.27229588593665627,0.8135283363802559,0.02657576616717789,0.002427716180867734,0.08045637958532699,0.4354243542435424,0.6199261992619927,0.9908592321755028,0.0,0.0,-0.002901857930104279,-0.002901857930104279,0.005484460694698323,0.005484460694698323,-0.00031111922189009864,0.00031111922189009864,0.004740435574411173,0.004740435574411173,0.008096254714857753,0.008096254714857753
shuffled_domain_rank,4096,13.0,0.4076782449725777,0.27195025777288867,0.8080438756855576,0.02446680867495596,0.002000000000000113,0.07599999999999996,0.4454713493530499,0.6266173752310537,0.9890310786106032,0.009140767824497242,0.009140767824497242,-0.0032474860938718764,-0.0032474860938718764,0.0,0.0,-0.00242007671411203,0.00242007671411203,0.014787430683918634,0.014787430683918634,0.014787430683918745,0.014787430683918745
shuffled_domain_rank,4096,14.0,0.42413162705667273,0.2904685350179536,0.8098720292504571,0.02572389245951768,0.0018264227342206785,0.07599999999999996,0.45588235294117646,0.6360294117647058,0.9945155393053017,0.025594149908592267,0.025594149908592267,0.015270791151193064,0.015270791151193064,0.001828153564899515,0.001828153564899515,-0.0011629929295503098,0.0011629929295503098,0.02519843427204521,0.02519843427204521,0.024199467217570936,0.024199467217570936
shuffled_domain_rank,4096,15.0,0.4113345521023766,0.28297044873203814,0.8007312614259597,0.02421751906692429,0.001941391941391979,0.0737500000000002,0.4454713493530499,0.6266173752310537,0.9890310786106032,0.012797074954296161,0.012797074954296161,0.007772704865277591,0.007772704865277591,-0.007312614259597838,-0.007312614259597838,-0.0026693663221437,0.0026693663221437,0.014787430683918634,0.014787430683918634,0.014787430683918745,0.014787430683918745
shuffled_domain_rank,4096,16.0,0.40036563071297987,0.27110238466192044,0.8025594149908593,0.02452349487364314,0.002216449619352856,0.07700000000000005,0.43646408839779005,0.6206261510128913,0.9926873857404022,0.001828153564899404,0.001828153564899404,-0.00409535920484011,-0.00409535920484011,-0.005484460694698323,-0.005484460694698323,-0.0023633905154248486,0.0023633905154248486,0.005780169728658802,0.005780169728658802,0.008796206465756407,0.008796206465756407
shuffled_domain_rank,4096,17.0,0.40585009140767825,0.27980317702518076,0.8135283363802559,0.02656201229383484,0.0023242754143170674,0.07831666666666658,0.4375,0.6102941176470589,0.9945155393053017,0.007312614259597783,0.007312614259597783,0.0046054331584202135,0.0046054331584202135,0.005484460694698323,0.005484460694698323,-0.0003248730952331476,0.0003248730952331476,0.006816081330868751,0.006816081330868751,-0.0015358269000760316,-0.0015358269000760316
shuffled_domain_rank,4096,18.0,0.396709323583181,0.27370974231057815,0.8098720292504571,0.02531751388209085,0.0028169014084505895,0.07599999999999996,0.4269870609981516,0.609981515711645,0.9890310786106032,-0.0018281535648994596,-0.0018281535648994596,-0.0014880015561823945,-0.0014880015561823945,0.001828153564899515,0.001828153564899515,-0.0015693715069771373,0.0015693715069771373,-0.0036968576709796586,-0.0036968576709796586,-0.001848428835489857,-0.001848428835489857
shuffled_domain_rank,4096,19.0,0.38939670932358317,0.27187979292929465,0.8098720292504571,0.027898249004533523,0.0029084507042252405,0.08002126378181307,0.4188191881918819,0.6088560885608856,0.9908592321755028,-0.009140767824497298,-0.009140767824497298,-0.0033179509374658966,-0.0033179509374658966,0.001828153564899515,0.001828153564899515,0.001011363615465534,-0.001011363615465534,-0.011864730477249341,-0.011864730477249341,-0.0029738559862493297,-0.0029738559862493297
shuffled_domain_rank,4096,20.0,0.38939670932358317,0.2675953293313054,0.8080438756855576,0.02659516767721353,0.0029999999999998916,0.07599999999999996,0.42173112338858193,0.6095764272559853,0.9926873857404022,-0.009140767824497298,-0.009140767824497298,-0.0076024145354551265,-0.0076024145354551265,0.0,0.0,-0.0002917177118544577,0.0002917177118544577,-0.00895279528054932,-0.00895279528054932,-0.0022535172911496426,-0.0022535172911496426
shuffled_domain_rank,4096,21.0,0.3912248628884826,0.27148553751564375,0.8080438756855576,0.027970311952496066,0.0029850746268655914,0.08529829290206653,0.42173112338858193,0.6132596685082873,0.9926873857404022,-0.007312614259597838,-0.007312614259597838,-0.003712206351116798,-0.003712206351116798,0.0,0.0,0.001083426563428077,-0.001083426563428077,-0.00895279528054932,-0.00895279528054932,0.0014297239611523738,0.0014297239611523738
shuffled_domain_rank,4096,22.0,0.4076782449725777,0.28046428387293215,0.8208409506398537,0.0254078052848578,0.002216449619352856,0.07579999999999999,0.43830570902394106,0.6243093922651933,0.9926873857404022,0.009140767824497242,0.009140767824497242,0.005266540006171605,0.005266540006171605,0.012797074954296161,0.012797074954296161,-0.0014790801042101898,0.0014790801042101898,0.00762179035480981,0.00762179035480981,0.012479447718058423,0.012479447718058423
shuffled_domain_rank,4096,23.0,0.42230347349177333,0.29191035003625454,0.8043875685557587,0.02455771946894649,0.0017664149458614942,0.0737037213190363,0.45571955719557194,0.6328413284132841,0.9908592321755028,0.023765996343692863,0.023765996343692863,0.016712606169493993,0.016712606169493993,-0.003656307129798919,-0.003656307129798919,-0.0023291659201214975,0.0023291659201214975,0.025035638526440696,0.025035638526440696,0.021011383866149203,0.021011383866149203
shuffled_domain_rank,4096,24.0,0.4076782449725777,0.28027554785112496,0.8025594149908593,0.02539922418408454,0.002427716180867734,0.07015691503488901,0.43566176470588236,0.6176470588235294,0.9945155393053017,0.009140767824497242,0.009140767824497242,0.005077803984364415,0.005077803984364415,-0.005484460694698323,-0.005484460694698323,-0.0014876612049834481,0.0014876612049834481,0.00497784603675111,0.00497784603675111,0.0058171142763945305,0.0058171142763945305
shuffled_domain_rank,4096,25.0,0.4076782449725777,0.2850063155519304,0.8007312614259597,0.027773475149121866,0.002416407971491452,0.08483128350678015,0.4417744916820702,0.6155268022181146,0.9890310786106032,0.009140767824497242,0.009140767824497242,0.009808571685169853,0.009808571685169853,-0.007312614259597838,-0.007312614259597838,0.0008865897600538776,-0.0008865897600538776,0.011090573012938976,0.011090573012938976,0.003696857670979714,0.003696857670979714
shuffled_domain_rank,4096,26.0,0.396709323583181,0.27370503772357435,0.8007312614259597,0.028184282987196517,0.0029084507042253516,0.08045637958532699,0.4261992619926199,0.6070110701107011,0.9908592321755028,-0.0018281535648994596,-0.0018281535648994596,-0.0014927061431861954,-0.0014927061431861954,-0.007312614259597838,-0.007312614259597838,0.001297397598128528,-0.001297397598128528,-0.004484656676511323,-0.004484656676511323,-0.0048188744364338065,-0.0048188744364338065
shuffled_domain_rank,4096,27.0,0.40036563071297987,0.2820554490267207,0.8098720292504571,0.024352597578903505,0.002797339593114151,0.07569999999999998,0.4264705882352941,0.6139705882352942,0.9945155393053017,0.001828153564899404,0.001828153564899404,0.006857705159960148,0.006857705159960148,0.001828153564899515,0.001828153564899515,-0.0025342878101644838,0.0025342878101644838,-0.004213330433837148,-0.004213330433837148,0.0021406436881592494,0.0021406436881592494
shuffled_domain_rank,4096,28.0,0.3930530164533821,0.2688469831895652,0.8025594149908593,0.02714903532689519,0.002640264381442603,0.07720000000000002,0.427255985267035,0.6095764272559853,0.9926873857404022,-0.005484460694698379,-0.005484460694698379,-0.006350760677195366,-0.006350760677195366,-0.005484460694698323,-0.005484460694698323,0.00026214993782720103,-0.00026214993782720103,-0.0034279334020962393,-0.0034279334020962393,-0.0022535172911496426,-0.0022535172911496426
shuffled_domain_rank,4096,29.0,0.396709323583181,0.2725619625016101,0.8080438756855576,0.027462887491406896,0.0026165601169002572,0.08537286612758316,0.43068391866913125,0.6155268022181146,0.9890310786106032,-0.0018281535648994596,-0.0018281535648994596,-0.002635781365150469,-0.002635781365150469,0.0,0.0,0.0005760021023389073,-0.0005760021023389073,0.0,0.0,0.003696857670979714,0.003696857670979714
baseline_stats,5,,0.40950639853747717,0.29036213260171356,0.8281535648994516,0.025408672267818913,0.0019999999999999463,0.0675000000000001,0.4483394833948339,0.6217712177121771,0.9908592321755028,0.0,0.0,0.0,0.0,0.0,0.0,0.0,-0.0,0.0,0.0,0.0,0.0
real_domain_rank,5,,0.42230347349177333,0.29677408077927786,0.829981718464351,0.02345284056414641,0.001226037185624751,0.06436578947368433,0.46309963099630996,0.6494464944649446,0.9908592321755028,0.012797074954296161,0.012797074954296161,0.006411948177564297,0.006411948177564297,0.001828153564899404,0.001828153564899404,-0.001955831703672504,0.001955831703672504,0.014760147601476037,0.014760147601476037,0.027675276752767486,0.027675276752767486
shuffled_domain_rank,5,0.0,0.40036563071297987,0.2736201881847296,0.8208409506398537,0.024905407509253782,0.0020000000000000018,0.06760529030356631,0.43703703703703706,0.6407407407407407,0.9872029250457038,-0.009140767824497298,-0.009140767824497298,-0.016741944416983956,-0.016741944416983956,-0.007312614259597838,-0.007312614259597838,-0.0005032647585651306,0.0005032647585651306,-0.01130244635779687,-0.01130244635779687,0.018969523028563584,0.018969523028563584
shuffled_domain_rank,5,1.0,0.40950639853747717,0.28610609420502997,0.8281535648994516,0.02628860541307528,0.0019999999999999463,0.08002126378181307,0.45018450184501846,0.6217712177121771,0.9908592321755028,0.0,0.0,-0.004256038396683592,-0.004256038396683592,0.0,0.0,0.0008799331452563654,-0.0008799331452563654,0.0018450184501845324,0.0018450184501845324,0.0,0.0
shuffled_domain_rank,5,2.0,0.40585009140767825,0.2706647607470259,0.829981718464351,0.024135923297442602,0.002192651098901044,0.06436578947368433,0.4483394833948339,0.6236162361623616,0.9908592321755028,-0.003656307129798919,-0.003656307129798919,-0.019697371854687673,-0.019697371854687673,0.001828153564899404,0.001828153564899404,-0.0012727489703763112,0.0012727489703763112,0.0,0.0,0.0018450184501844769,0.0018450184501844769
shuffled_domain_rank,5,3.0,0.40585009140767825,0.2736646410496563,0.8263254113345521,0.024189570666441805,0.0019999999999999463,0.06436578947368433,0.4446494464944649,0.6346863468634686,0.9908592321755028,-0.003656307129798919,-0.003656307129798919,-0.016697491552057242,-0.016697491552057242,-0.001828153564899515,-0.001828153564899515,-0.001219101601377108,0.001219101601377108,-0.0036900369003690092,-0.0036900369003690092,0.012915129151291449,0.012915129151291449
shuffled_domain_rank,5,4.0,0.4040219378427788,0.2766764976123195,0.8318098720292505,0.02627269478800228,0.0020000000000000018,0.069578947368421,0.44155844155844154,0.6289424860853432,0.9853747714808044,-0.005484460694698379,-0.005484460694698379,-0.013685634989394069,-0.013685634989394069,0.003656307129798919,0.003656307129798919,0.0008640225201833676,-0.0008640225201833676,-0.0067810418363923874,-0.0067810418363923874,0.007171268373166062,0.007171268373166062
shuffled_domain_rank,5,5.0,0.396709323583181,0.2758108217442079,0.8244972577696527,0.024984638154839967,0.002187499999999898,0.0675,0.4417744916820702,0.6247689463955638,0.9890310786106032,-0.012797074954296161,-0.012797074954296161,-0.014551310857505662,-0.014551310857505662,-0.003656307129798919,-0.003656307129798919,-0.00042403411297894586,0.00042403411297894586,-0.006564991712763701,-0.006564991712763701,0.002997728683386658,0.002997728683386658
shuffled_domain_rank,5,6.0,0.40219378427787933,0.278697120648937,0.8244972577696527,0.026270928576680487,0.0020000000000000573,0.07318543935293688,0.43933823529411764,0.6213235294117647,0.9945155393053017,-0.007312614259597838,-0.007312614259597838,-0.011665011952776583,-0.011665011952776583,-0.003656307129798919,-0.003656307129798919,0.000862256308861574,-0.000862256308861574,-0.009001248100716286,-0.009001248100716286,-0.0004476883004124188,-0.0004476883004124188
shuffled_domain_rank,5,7.0,0.396709323583181,0.2688791908181845,0.8171846435100548,0.02603654396883268,0.002192651098901044,0.07290586029237757,0.4354243542435424,0.6309963099630996,0.9908592321755028,-0.012797074954296161,-0.012797074954296161,-0.021482941783529053,-0.021482941783529053,-0.010968921389396757,-0.010968921389396757,0.0006278717010137665,-0.0006278717010137665,-0.012915129151291505,-0.012915129151291505,0.009225092250922495,0.009225092250922495
shuffled_domain_rank,5,8.0,0.40950639853747717,0.29015801937492103,0.8208409506398537,0.026075100439296357,0.0018551458446390001,0.06945022405834701,0.44935543278084716,0.6298342541436464,0.9926873857404022,0.0,0.0,-0.00020411322679253496,-0.00020411322679253496,-0.007312614259597838,-0.007312614259597838,0.0006664281714774435,-0.0006664281714774435,0.0010159493860132374,0.0010159493860132374,0.008063036431469217,0.008063036431469217
shuffled_domain_rank,5,9.0,0.3912248628884826,0.2711582409167778,0.8354661791590493,0.025753800491371846,0.0025038725036643505,0.0698947368421053,0.43278084714548803,0.6187845303867403,0.9926873857404022,-0.01828153564899454,-0.01828153564899454,-0.019203891684935748,-0.019203891684935748,0.007312614259597727,0.007312614259597727,0.0003451282235529332,-0.0003451282235529332,-0.015558636249345892,-0.015558636249345892,-0.002986687325436832,-0.002986687325436832
shuffled_domain_rank,5,10.0,0.40585009140767825,0.2759783792064997,0.8318098720292505,0.026333866040570867,0.0020000000000000018,0.07412500000000027,0.44814814814814813,0.6277777777777778,0.9872029250457038,-0.003656307129798919,-0.003656307129798919,-0.01438375339521386,-0.01438375339521386,0.003656307129798919,0.003656307129798919,0.0009251937727519539,-0.0009251937727519539,-0.0001913352466857976,-0.0001913352466857976,0.00600656006560063,0.00600656006560063
shuffled_domain_rank,5,11.0,0.396709323583181,0.2754267591342205,0.8318098720292505,0.0260288978257213,0.0024390243902440156,0.06750000000000012,0.43807763401109057,0.6321626617375231,0.9890310786106032,-0.012797074954296161,-0.012797074954296161,-0.014935373467493074,-0.014935373467493074,0.003656307129798919,0.003656307129798919,0.000620225557902386,-0.000620225557902386,-0.01026184938374336,-0.01026184938374336,0.010391444025345975,0.010391444025345975
shuffled_domain_rank,5,12.0,0.39853747714808047,0.28370689468701604,0.8263254113345521,0.02544197995996477,0.0020000000000000018,0.06449944079326654,0.43911439114391143,0.6328413284132841,0.9908592321755028,-0.010968921389396702,-0.010968921389396702,-0.0066552379146975205,-0.0066552379146975205,-0.001828153564899515,-0.001828153564899515,3.330769214585777e-05,-3.330769214585777e-05,-0.009225092250922495,-0.009225092250922495,0.011070110701106972,0.011070110701106972
shuffled_domain_rank,5,13.0,0.39853747714808047,0.2720543857622438,0.8135283363802559,0.02654364363342489,0.0026165601169002572,0.0799276950277407,0.43462246777163904,0.6187845303867403,0.9926873857404022,-0.010968921389396702,-0.010968921389396702,-0.018307746839469785,-0.018307746839469785,-0.014625228519195677,-0.014625228519195677,0.001134971365605978,-0.001134971365605978,-0.013717015623194884,-0.013717015623194884,-0.002986687325436832,-0.002986687325436832
shuffled_domain_rank,5,14.0,0.3820840950639854,0.2589247851315921,0.8244972577696527,0.02620795747191847,0.0026633813547937146,0.08226164508128979,0.42435424354243545,0.6217712177121771,0.9908592321755028,-0.027422303473491783,-0.027422303473491783,-0.031437347470121446,-0.031437347470121446,-0.003656307129798919,-0.003656307129798919,0.000799285204099557,-0.000799285204099557,-0.023985239852398477,-0.023985239852398477,0.0,0.0
shuffled_domain_rank,5,15.0,0.4076782449725777,0.2811877394636015,0.8226691042047533,0.027247450558233605,0.00209374999999995,0.0699473684210527,0.44649446494464945,0.6180811808118081,0.9908592321755028,-0.0018281535648994596,-0.0018281535648994596,-0.00917439313811208,-0.00917439313811208,-0.005484460694698323,-0.005484460694698323,0.0018387782904146915,-0.0018387782904146915,-0.0018450184501844769,-0.0018450184501844769,-0.0036900369003690647,-0.0036900369003690647
shuffled_domain_rank,5,16.0,0.38939670932358317,0.2571596971343243,0.8190127970749543,0.025601671332852308,0.0024999999999999467,0.06937984360180931,0.4359925788497217,0.6178107606679035,0.9853747714808044,-0.020109689213894,-0.020109689213894,-0.03320243546738927,-0.03320243546738927,-0.009140767824497242,-0.009140767824497242,0.0001929990650333946,-0.0001929990650333946,-0.012346904545112225,-0.012346904545112225,-0.003960457044273613,-0.003960457044273613
shuffled_domain_rank,5,17.0,0.4076782449725777,0.2781661164278781,0.8190127970749543,0.023724239167530147,0.0018551458446390001,0.06898510675970411,0.4530386740331492,0.6408839779005525,0.9926873857404022,-0.0018281535648994596,-0.0018281535648994596,-0.012196016173835478,-0.012196016173835478,-0.009140767824497242,-0.009140767824497242,-0.001684433100288766,0.001684433100288766,0.004699190638315254,0.004699190638315254,0.019112760188375377,0.019112760188375377
shuffled_domain_rank,5,18.0,0.4076782449725777,0.28389866989445084,0.8281535648994516,0.026721088031215073,0.002207125908577523,0.0737037213190363,0.4446494464944649,0.6309963099630996,0.9908592321755028,-0.0018281535648994596,-0.0018281535648994596,-0.006463462707262724,-0.006463462707262724,0.0,0.0,0.0013124157633961596,-0.0013124157633961596,-0.0036900369003690092,-0.0036900369003690092,0.009225092250922495,0.009225092250922495
shuffled_domain_rank,5,19.0,0.3875685557586837,0.26618833370589634,0.8336380255941499,0.026004735251685326,0.0026165601169002572,0.07963847513870348,0.4288354898336414,0.6118299445471349,0.9890310786106032,-0.02193784277879346,-0.02193784277879346,-0.024173798895817222,-0.024173798895817222,0.005484460694698323,0.005484460694698323,0.0005960629838664133,-0.0005960629838664133,-0.019503993561192534,-0.019503993561192534,-0.00994127316504223,-0.00994127316504223
shuffled_domain_rank,5,20.0,0.39488117001828155,0.2691350947291606,0.8244972577696527,0.026406983291420348,0.0025019362518321486,0.06946195413443663,0.43357933579335795,0.6199261992619927,0.9908592321755028,-0.014625228519195621,-0.014625228519195621,-0.02122703787255298,-0.02122703787255298,-0.003656307129798919,-0.003656307129798919,0.000998311023601435,-0.000998311023601435,-0.014760147601475981,-0.014760147601475981,-0.0018450184501844769,-0.0018450184501844769
shuffled_domain_rank,5,21.0,0.396709323583181,0.2704113450509725,0.8226691042047533,0.026397774697706513,0.0024999999999999467,0.0698947368421053,0.43646408839779005,0.6114180478821363,0.9926873857404022,-0.012797074954296161,-0.012797074954296161,-0.01995078755074109,-0.01995078755074109,-0.005484460694698323,-0.005484460694698323,0.0009891024298875999,-0.0009891024298875999,-0.011875394997043875,-0.011875394997043875,-0.010353169830040865,-0.010353169830040865
shuffled_domain_rank,5,22.0,0.42413162705667273,0.2956914177382712,0.8263254113345521,0.023051535594623907,0.0014109217622154668,0.0669169664475961,0.46309963099630996,0.6439114391143912,0.9908592321755028,0.014625228519195566,0.014625228519195566,0.0053292851365576155,0.0053292851365576155,-0.001828153564899515,-0.001828153564899515,-0.002357136673195006,0.002357136673195006,0.014760147601476037,0.014760147601476037,0.022140221402214055,0.022140221402214055
shuffled_domain_rank,5,23.0,0.396709323583181,0.27422047583407044,0.8171846435100548,0.025921786172930356,0.002427716180867734,0.08002126378181307,0.4354243542435424,0.6199261992619927,0.9908592321755028,-0.012797074954296161,-0.012797074954296161,-0.01614165676764312,-0.01614165676764312,-0.010968921389396757,-0.010968921389396757,0.0005131139051114432,-0.0005131139051114432,-0.012915129151291505,-0.012915129151291505,-0.0018450184501844769,-0.0018450184501844769
shuffled_domain_rank,5,24.0,0.3930530164533821,0.2802392518346886,0.8281535648994516,0.025041559855165676,0.002813772676786508,0.06750000000000012,0.43068391866913125,0.6025878003696857,0.9890310786106032,-0.01645338208409508,-0.01645338208409508,-0.010122880767024944,-0.010122880767024944,0.0,0.0,-0.00036711241265323727,0.00036711241265323727,-0.017655564725702677,-0.017655564725702677,-0.019183417342491405,-0.019183417342491405
shuffled_domain_rank,5,25.0,0.41316270566727603,0.2827491792524312,0.8171846435100548,0.02585466432975636,0.0018292682926828174,0.06898510675970411,0.45119705340699817,0.6169429097605893,0.9926873857404022,0.0036563071297988636,0.0036563071297988636,-0.007612953349282359,-0.007612953349282359,-0.010968921389396757,-0.010968921389396757,0.00044599206193744745,-0.00044599206193744745,0.0028575700121642456,0.0028575700121642456,-0.00482830795158784,-0.00482830795158784
shuffled_domain_rank,5,26.0,0.396709323583181,0.2837650351286421,0.8153564899451554,0.026786149357334185,0.002640264381442603,0.07294796706561413,0.43622920517560076,0.6118299445471349,0.9890310786106032,-0.012797074954296161,-0.012797074954296161,-0.006597097473071467,-0.006597097473071467,-0.012797074954296161,-0.012797074954296161,0.0013774770895152721,-0.0013774770895152721,-0.012110278219233162,-0.012110278219233162,-0.00994127316504223,-0.00994127316504223
shuffled_domain_rank,5,27.0,0.40036563071297987,0.282827225340823,0.8208409506398537,0.025378159284547168,0.002216449619352856,0.07750000000000001,0.4417744916820702,0.6155268022181146,0.9890310786106032,-0.009140767824497298,-0.009140767824497298,-0.0075349072608905665,-0.0075349072608905665,-0.007312614259597838,-0.007312614259597838,-3.0512983271745175e-05,3.0512983271745175e-05,-0.006564991712763701,-0.006564991712763701,-0.006244415494062516,-0.006244415494062516
shuffled_domain_rank,5,28.0,0.3875685557586837,0.2750590342623097,0.8318098720292505,0.02700549410278316,0.0027090210796101577,0.07298189167808881,0.42962962962962964,0.6055555555555555,0.9872029250457038,-0.02193784277879346,-0.02193784277879346,-0.015303098339403853,-0.015303098339403853,0.003656307129798919,0.003656307129798919,0.0015968218349642453,-0.0015968218349642453,-0.018709853765204287,-0.018709853765204287,-0.016215662156621624,-0.016215662156621624
shuffled_domain_rank,5,29.0,0.42047531992687387,0.29785333319390794,0.8263254113345521,0.02360313647081286,0.001494151498359797,0.06436075661308244,0.4612546125461255,0.6328413284132841,0.9908592321755028,0.010968921389396702,0.010968921389396702,0.00749120059219438,0.00749120059219438,-0.001828153564899515,-0.001828153564899515,-0.001805535797006052,0.001805535797006052,0.01291512915129156,0.01291512915129156,0.011070110701106972,0.011070110701106972
baseline_stats,88,,0.4186471663619744,0.2918092226310757,0.8117001828153565,0.025470622428031824,0.0018264227342206785,0.07599999999999996,0.45555555555555555,0.6425925925925926,0.9872029250457038,0.0,0.0,0.0,0.0,0.0,0.0,0.0,-0.0,0.0,0.0,0.0,0.0
real_domain_rank,88,,0.4296160877513711,0.29984566585490274,0.8244972577696527,0.025066187831104994,0.0011181480550220835,0.07572872131903614,0.46309963099630996,0.6457564575645757,0.9908592321755028,0.010968921389396702,0.010968921389396702,0.008036443223827017,0.008036443223827017,0.012797074954296161,0.012797074954296161,-0.00040443459692682954,0.00040443459692682954,0.007544075440754416,0.007544075440754416,0.003163864971983066,0.003163864971983066
shuffled_domain_rank,88,0.0,0.4149908592321755,0.2769026413008013,0.8080438756855576,0.025781249183257107,0.0020000000000000018,0.07599999999999996,0.44567219152854515,0.6206261510128913,0.9926873857404022,-0.003656307129798919,-0.003656307129798919,-0.014906581330274449,-0.014906581330274449,-0.003656307129798919,-0.003656307129798919,0.00031062675522528296,-0.00031062675522528296,-0.0098833640270104,-0.0098833640270104,-0.02196644157970129,-0.02196644157970129
shuffled_domain_rank,88,1.0,0.41316270566727603,0.27800707940960395,0.8226691042047533,0.02669678748460303,0.001987958776696941,0.07735000000000006,0.45018450184501846,0.6162361623616236,0.9908592321755028,-0.005484460694698379,-0.005484460694698379,-0.013802143221471774,-0.013802143221471774,0.010968921389396757,0.010968921389396757,0.0012261650565712073,-0.0012261650565712073,-0.005371053710537088,-0.005371053710537088,-0.026356430230969008,-0.026356430230969008
shuffled_domain_rank,88,2.0,0.4186471663619744,0.28170188859183226,0.8117001828153565,0.025504547246059498,0.0016599117478964809,0.07599999999999996,0.45387453874538747,0.6291512915129152,0.9908592321755028,0.0,0.0,-0.010107334039243465,-0.010107334039243465,0.0,0.0,3.3924818027674525e-05,-3.3924818027674525e-05,-0.001681016810168079,-0.001681016810168079,-0.013441301079677448,-0.013441301079677448
shuffled_domain_rank,88,3.0,0.42778793418647165,0.294943884604503,0.7915904936014625,0.026329845933976474,0.0014962463200344223,0.07997873171035644,0.4622467771639042,0.6372007366482505,0.9926873857404022,0.009140767824497242,0.009140767824497242,0.0031346619734272663,0.0031346619734272663,-0.020109689213894,-0.020109689213894,0.00085922350594465,-0.00085922350594465,0.006691221608348674,0.006691221608348674,-0.0053918559443421055,-0.0053918559443421055
shuffled_domain_rank,88,4.0,0.4259597806215722,0.28904791045251366,0.8025594149908593,0.026986013406357038,0.0014109217622154668,0.07952953885300443,0.46139705882352944,0.6360294117647058,0.9945155393053017,0.007312614259597783,0.007312614259597783,-0.00276131217856207,-0.00276131217856207,-0.009140767824497242,-0.009140767824497242,0.0015153909783252144,-0.0015153909783252144,0.005841503267973891,0.005841503267973891,-0.006563180827886761,-0.006563180827886761
shuffled_domain_rank,88,5.0,0.4369287020109689,0.2931752046609214,0.8117001828153565,0.0233113125543203,0.0008273018154443257,0.06987127668992607,0.47513812154696133,0.6482504604051565,0.9926873857404022,0.018281535648994485,0.018281535648994485,0.0013659820298456693,0.0013659820298456693,0.0,0.0,-0.002159309873711525,0.002159309873711525,0.019582565991405787,0.019582565991405787,0.005657867812563944,0.005657867812563944
shuffled_domain_rank,88,6.0,0.40950639853747717,0.27713070926727296,0.8098720292504571,0.02605638761009312,0.0023242754143170674,0.07572872131903614,0.44095940959409596,0.6107011070110702,0.9908592321755028,-0.009140767824497242,-0.009140767824497242,-0.01467851336380277,-0.01467851336380277,-0.001828153564899404,-0.001828153564899404,0.0005857651820612951,-0.0005857651820612951,-0.014596145961459583,-0.014596145961459583,-0.03189148558152244,-0.03189148558152244
shuffled_domain_rank,88,7.0,0.42047531992687387,0.29241508373673986,0.8117001828153565,0.026788171429865438,0.0018264227342206785,0.07735000000000006,0.4575645756457565,0.6254612546125461,0.9908592321755028,0.0018281535648994596,0.0018281535648994596,0.0006058611056641294,0.0006058611056641294,0.0,0.0,0.0013175490018336143,-0.0013175490018336143,0.0020090200902009303,0.0020090200902009303,-0.017131337980046513,-0.017131337980046513
shuffled_domain_rank,88,8.0,0.42778793418647165,0.29897538873773527,0.8135283363802559,0.024961949063996652,0.0018235771757585395,0.07222965034241736,0.4585635359116022,0.6261510128913443,0.9926873857404022,0.009140767824497242,0.009140767824497242,0.007166166106659544,0.007166166106659544,0.001828153564899404,0.001828153564899404,-0.0005086733640351712,0.0005086733640351712,0.003007980356046658,0.003007980356046658,-0.016441579701248266,-0.016441579701248266
shuffled_domain_rank,88,9.0,0.4186471663619744,0.28790019360882474,0.8208409506398537,0.025484308905342534,0.0018292682926828174,0.07599999999999996,0.4548802946593002,0.6335174953959485,0.9926873857404022,0.0,0.0,-0.003909029022250987,-0.003909029022250987,0.009140767824497242,0.009140767824497242,1.3686477310710654e-05,-1.3686477310710654e-05,-0.0006752608962553586,-0.0006752608962553586,-0.009075097196644122,-0.009075097196644122
shuffled_domain_rank,88,10.0,0.4076782449725777,0.278543266119727,0.8153564899451554,0.026117537355235747,0.0020000000000000018,0.07892028334909869,0.44567219152854515,0.6224677716390423,0.9926873857404022,-0.010968921389396702,-0.010968921389396702,-0.013265956511348709,-0.013265956511348709,0.003656307129798919,0.003656307129798919,0.0006469149272039232,-0.0006469149272039232,-0.0098833640270104,-0.0098833640270104,-0.020124820953550282,-0.020124820953550282
shuffled_domain_rank,88,11.0,0.42413162705667273,0.2950155455375883,0.8153564899451554,0.02713666443795856,0.001410174174767076,0.08041275917065395,0.4585635359116022,0.6353591160220995,0.9926873857404022,0.005484460694698323,0.005484460694698323,0.003206322906512571,0.003206322906512571,0.003656307129798919,0.003656307129798919,0.001666042009926736,-0.001666042009926736,0.003007980356046658,0.003007980356046658,-0.007233476570493114,-0.007233476570493114
shuffled_domain_rank,88,12.0,0.4113345521023766,0.2827663367494208,0.8135283363802559,0.02656514188823609,0.0020937500000000053,0.07735000000000006,0.4483394833948339,0.6162361623616236,0.9908592321755028,-0.007312614259597783,-0.007312614259597783,-0.009042885881654916,-0.009042885881654916,0.001828153564899404,0.001828153564899404,0.0010945194602042657,-0.0010945194602042657,-0.0072160721607216205,-0.0072160721607216205,-0.026356430230969008,-0.026356430230969008
shuffled_domain_rank,88,13.0,0.4113345521023766,0.2734679502972186,0.8007312614259597,0.024258606478069895,0.0018982688930154895,0.06697152642088863,0.4485294117647059,0.6341911764705882,0.9945155393053017,-0.007312614259597783,-0.007312614259597783,-0.018341272333857128,-0.018341272333857128,-0.010968921389396757,-0.010968921389396757,-0.0012120159499619289,0.0012120159499619289,-0.007026143790849648,-0.007026143790849648,-0.008401416122004401,-0.008401416122004401
shuffled_domain_rank,88,14.0,0.41316270566727603,0.2793449732522457,0.8025594149908593,0.025951890753147484,0.001975917553393991,0.07872464886887534,0.44935543278084716,0.6298342541436464,0.9926873857404022,-0.005484460694698379,-0.005484460694698379,-0.012464249378830006,-0.012464249378830006,-0.009140767824497242,-0.009140767824497242,0.00048126832511566006,-0.00048126832511566006,-0.006200122774708383,-0.006200122774708383,-0.01275833844894625,-0.01275833844894625
shuffled_domain_rank,88,15.0,0.4149908592321755,0.2794061976003257,0.8208409506398537,0.02454821775186837,0.0018551458446390001,0.07322977055228876,0.44935543278084716,0.6187845303867403,0.9926873857404022,-0.003656307129798919,-0.003656307129798919,-0.012403025030750026,-0.012403025030750026,0.009140767824497242,0.009140767824497242,-0.0009224046761634533,0.0009224046761634533,-0.006200122774708383,-0.006200122774708383,-0.0238080622058523,-0.0238080622058523
shuffled_domain_rank,88,16.0,0.4186471663619744,0.2826591793435183,0.8244972577696527,0.02512052373017199,0.0017092527159644488,0.07599999999999996,0.4567219152854512,0.6316758747697975,0.9926873857404022,0.0,0.0,-0.009150043287557419,-0.009150043287557419,0.012797074954296161,0.012797074954296161,-0.0003500986978598325,0.0003500986978598325,0.0011663597298956496,0.0011663597298956496,-0.01091671782279513,-0.01091671782279513
shuffled_domain_rank,88,17.0,0.40950639853747717,0.27991449342287833,0.7952468007312614,0.026242726480315916,0.001941391941391979,0.07720000000000002,0.4438305709023941,0.6206261510128913,0.9926873857404022,-0.009140767824497242,-0.009140767824497242,-0.011894729208197397,-0.011894729208197397,-0.01645338208409508,-0.01645338208409508,0.0007721040522840929,-0.0007721040522840929,-0.011724984653161463,-0.011724984653161463,-0.02196644157970129,-0.02196644157970129
shuffled_domain_rank,88,18.0,0.396709323583181,0.2692008134764629,0.8117001828153565,0.029358983700217625,0.002427716180867734,0.08456606916652344,0.43357933579335795,0.6051660516605166,0.9908592321755028,-0.021937842778793404,-0.021937842778793404,-0.02260840915461282,-0.02260840915461282,0.0,0.0,0.0038883612721858016,-0.0038883612721858016,-0.021976219762197602,-0.021976219762197602,-0.03742654093207598,-0.03742654093207598
shuffled_domain_rank,88,19.0,0.42047531992687387,0.2819746374572189,0.8117001828153565,0.02504696577293261,0.0018235771757585395,0.07599999999999996,0.4565619223659889,0.634011090573013,0.9890310786106032,0.0018281535648994596,0.0018281535648994596,-0.009834585173856825,-0.009834585173856825,0.0,0.0,-0.0004236566550992124,0.0004236566550992124,0.0010063668104333678,0.0010063668104333678,-0.008581502019579634,-0.008581502019579634
shuffled_domain_rank,88,20.0,0.42230347349177333,0.2859947059848662,0.7915904936014625,0.02591733189868382,0.0014999999999998348,0.07599999999999996,0.4567219152854512,0.6408839779005525,0.9926873857404022,0.003656307129798919,0.003656307129798919,-0.005814516646209522,-0.005814516646209522,-0.020109689213894,-0.020109689213894,0.00044670947065199654,-0.00044670947065199654,0.0011663597298956496,0.0011663597298956496,-0.001708614692040089,-0.001708614692040089
shuffled_domain_rank,88,21.0,0.42413162705667273,0.28965792445677996,0.7970749542961609,0.02587487839202107,0.0014532102474007491,0.07952953885300443,0.45955882352941174,0.6378676470588235,0.9945155393053017,0.005484460694698323,0.005484460694698323,-0.002151298174295768,-0.002151298174295768,-0.014625228519195566,-0.014625228519195566,0.00040425596398924526,-0.00040425596398924526,0.004003267973856195,0.004003267973856195,-0.00472494553376912,-0.00472494553376912
shuffled_domain_rank,88,22.0,0.40950639853747717,0.281754415970188,0.8226691042047533,0.024602914090455452,0.002216449619352856,0.07545744263807218,0.44014732965009207,0.6224677716390423,0.9926873857404022,-0.009140767824497242,-0.009140767824497242,-0.010054806660887705,-0.010054806660887705,0.010968921389396757,0.010968921389396757,-0.0008677083375763714,0.0008677083375763714,-0.01540822590546348,-0.01540822590546348,-0.020124820953550282,-0.020124820953550282
shuffled_domain_rank,88,23.0,0.4296160877513711,0.2913829352871409,0.8135283363802559,0.02320817554608359,0.0009629629629628877,0.07263563834496321,0.466789667896679,0.6549815498154982,0.9908592321755028,0.010968921389396702,0.010968921389396702,-0.00042628734393485024,-0.00042628734393485024,0.001828153564899404,0.001828153564899404,-0.0022624468819482345,0.0022624468819482345,0.011234112341123426,0.011234112341123426,0.012388957222905561,0.012388957222905561
shuffled_domain_rank,88,24.0,0.4149908592321755,0.28101267176549444,0.8007312614259597,0.026321169733460468,0.0018235771757585395,0.07963847513870348,0.45471349353049906,0.6358595194085028,0.9890310786106032,-0.003656307129798919,-0.003656307129798919,-0.01079655086558129,-0.01079655086558129,-0.010968921389396757,-0.010968921389396757,0.0008505473054286443,-0.0008505473054286443,-0.0008420620250564892,-0.0008420620250564892,-0.006733073184089777,-0.006733073184089777
shuffled_domain_rank,88,25.0,0.4149908592321755,0.2894165442709132,0.8135283363802559,0.026230315238166553,0.0018264227342206785,0.07735000000000006,0.45202952029520294,0.6328413284132841,0.9908592321755028,-0.003656307129798919,-0.003656307129798919,-0.002392678360162548,-0.002392678360162548,0.001828153564899404,0.001828153564899404,0.0007596928101347294,-0.0007596928101347294,-0.0035260352603526113,-0.0035260352603526113,-0.009751264179308494,-0.009751264179308494
shuffled_domain_rank,88,26.0,0.4149908592321755,0.27712560332942726,0.8098720292504571,0.026679723194806302,0.0016617885878791872,0.07909274793046128,0.45036764705882354,0.6286764705882353,0.9945155393053017,-0.003656307129798919,-0.003656307129798919,-0.014683619301648465,-0.014683619301648465,-0.001828153564899404,-0.001828153564899404,0.0012091007667744784,-0.0012091007667744784,-0.005187908496732008,-0.005187908496732008,-0.013916122004357323,-0.013916122004357323
shuffled_domain_rank,88,27.0,0.43327239488117003,0.2932774384346661,0.7989031078610603,0.025281790945918217,0.0010813953488372219,0.07854999999999994,0.46494464944649444,0.6439114391143912,0.9908592321755028,0.014625228519195621,0.014625228519195621,0.0014682158035903559,0.0014682158035903559,-0.012797074954296161,-0.012797074954296161,-0.0001888314821136064,0.0001888314821136064,0.009389093890938893,0.009389093890938893,0.001318846521798589,0.001318846521798589
shuffled_domain_rank,88,28.0,0.42047531992687387,0.28159641072960706,0.8098720292504571,0.026224288260315167,0.0018853301170373982,0.07805208005042538,0.4522058823529412,0.6286764705882353,0.9945155393053017,0.0018281535648994596,0.0018281535648994596,-0.010212811901468666,-0.010212811901468666,-0.001828153564899404,-0.001828153564899404,0.0007536658322833435,-0.0007536658322833435,-0.003349673202614367,-0.003349673202614367,-0.013916122004357323,-0.013916122004357323
shuffled_domain_rank,88,29.0,0.4186471663619744,0.2853338931134522,0.8190127970749543,0.024753353417751266,0.0018264227342206785,0.07325849187132484,0.4575645756457565,0.6309963099630996,0.9908592321755028,0.0,0.0,-0.006475329517623529,-0.006475329517623529,0.007312614259597838,0.007312614259597838,-0.0007172690102805572,0.0007172690102805572,0.0020090200902009303,0.0020090200902009303,-0.011596282629492971,-0.011596282629492971
baseline_stats,777,,0.4186471663619744,0.2806778098848499,0.8153564899451554,0.02596772047428755,0.001914634146341354,0.08010741626794271,0.45740740740740743,0.6277777777777778,0.9872029250457038,0.0,0.0,0.0,0.0,0.0,0.0,0.0,-0.0,0.0,0.0,0.0,0.0
real_domain_rank,777,,0.4405850091407678,0.2993496273833717,0.829981718464351,0.023776511628168157,0.0006708092077388761,0.06870512389727303,0.47610294117647056,0.6341911764705882,0.9945155393053017,0.021937842778793404,0.021937842778793404,0.01867181749852176,0.01867181749852176,0.014625228519195566,0.014625228519195566,-0.0021912088461193933,0.0021912088461193933,0.018695533769063133,0.018695533769063133,0.006413398692810435,0.006413398692810435
shuffled_domain_rank,777,0.0,0.40950639853747717,0.28106297906479544,0.8336380255941499,0.025375154662537657,0.0024390243902440156,0.07720000000000002,0.4438305709023941,0.6114180478821363,0.9926873857404022,-0.009140767824497242,-0.009140767824497242,0.00038516917994552147,0.00038516917994552147,0.018281535648994485,0.018281535648994485,-0.0005925658117498928,0.0005925658117498928,-0.013576836505013345,-0.013576836505013345,-0.016359729895641495,-0.016359729895641495
shuffled_domain_rank,777,1.0,0.40219378427787933,0.2807618314565792,0.8372943327239488,0.026974905753105124,0.0027777777777777124,0.08217914010421212,0.43646408839779005,0.6022099447513812,0.9926873857404022,-0.01645338208409508,-0.01645338208409508,8.402157172926472e-05,8.402157172926472e-05,0.021937842778793404,0.021937842778793404,0.001007185278817574,-0.001007185278817574,-0.020943319009617378,-0.020943319009617378,-0.025567833026396536,-0.025567833026396536
shuffled_domain_rank,777,2.0,0.43327239488117003,0.2980693049487832,0.8409506398537477,0.025028691207867274,0.001073505412369835,0.07720000000000002,0.4677716390423573,0.6298342541436464,0.9926873857404022,0.014625228519195621,0.014625228519195621,0.017391495063933282,0.017391495063933282,0.025594149908592323,0.025594149908592323,-0.0009390292664202757,0.0009390292664202757,0.010364231634949872,0.010364231634949872,0.002056476365868587,0.002056476365868587
shuffled_domain_rank,777,3.0,0.41681901279707495,0.2903416356508232,0.8281535648994516,0.025527924596614796,0.0014999999999998348,0.07972353928161671,0.4582560296846011,0.6252319109461967,0.9853747714808044,-0.0018281535648994596,-0.0018281535648994596,0.0096638257659733,0.0096638257659733,0.012797074954296161,0.012797074954296161,-0.0004397958776727537,0.0004397958776727537,0.000848622277193678,0.000848622277193678,-0.0025458668315810895,-0.0025458668315810895
shuffled_domain_rank,777,4.0,0.4186471663619744,0.2955830506952863,0.8135283363802559,0.027112368494810513,0.0023800537811954903,0.08521039134134226,0.4485294117647059,0.6102941176470589,0.9945155393053017,0.0,0.0,0.014905240810436371,0.014905240810436371,-0.001828153564899515,-0.001828153564899515,0.0011446480205229634,-0.0011446480205229634,-0.00887799564270153,-0.00887799564270153,-0.017483660130718892,-0.017483660130718892
shuffled_domain_rank,777,5.0,0.42413162705667273,0.2941570256030918,0.8208409506398537,0.0250841967256244,0.0014782496451760108,0.07934693259709238,0.45955882352941174,0.6213235294117647,0.9945155393053017,0.005484460694698323,0.005484460694698323,0.0134792157182419,0.0134792157182419,0.005484460694698323,0.005484460694698323,-0.0008835237486631495,0.0008835237486631495,0.0021514161220043126,0.0021514161220043126,-0.006454248366013049,-0.006454248366013049
shuffled_domain_rank,777,6.0,0.40950639853747717,0.28631892897206873,0.8208409506398537,0.02520600210925293,0.0024999999999999467,0.07997873171035644,0.44751381215469616,0.6077348066298343,0.9926873857404022,-0.009140767824497242,-0.009140767824497242,0.0056411190872188155,0.0056411190872188155,0.005484460694698323,0.005484460694698323,-0.0007617183650346186,0.0007617183650346186,-0.009893595252711274,-0.009893595252711274,-0.02004297114794351,-0.02004297114794351
shuffled_domain_rank,777,7.0,0.41316270566727603,0.2827878693014433,0.8171846435100548,0.02615450587410195,0.0024390243902440156,0.07873914441942753,0.4491682070240296,0.609981515711645,0.9890310786106032,-0.005484460694698379,-0.005484460694698379,0.0021100594165933684,0.0021100594165933684,0.001828153564899404,0.001828153564899404,0.00018678539981439868,-0.00018678539981439868,-0.008239200383377832,-0.008239200383377832,-0.017796262066132718,-0.017796262066132718
shuffled_domain_rank,777,8.0,0.4186471663619744,0.2862877782604864,0.8226691042047533,0.0264858820493674,0.0017241379310344307,0.08217914010421212,0.44935543278084716,0.6243093922651933,0.9926873857404022,0.0,0.0,0.005609968375636487,0.005609968375636487,0.007312614259597838,0.007312614259597838,0.0005181615750798514,-0.0005181615750798514,-0.008051974626560265,-0.008051974626560265,-0.0034683855125844376,-0.0034683855125844376
shuffled_domain_rank,777,9.0,0.4296160877513711,0.29264088189919396,0.8281535648994516,0.025121933362572575,0.0014116693496638577,0.07700000000000005,0.46408839779005523,0.6372007366482505,0.9926873857404022,0.010968921389396702,0.010968921389396702,0.011963072014344045,0.011963072014344045,0.012797074954296161,0.012797074954296161,-0.0008457871117149747,0.0008457871117149747,0.0066809903826478,0.0066809903826478,0.00942295887047273,0.00942295887047273
shuffled_domain_rank,777,10.0,0.4076782449725777,0.2844578526480616,0.8244972577696527,0.02769457866214243,0.0024999999999999467,0.08744390243902446,0.4438305709023941,0.6040515653775322,0.9926873857404022,-0.010968921389396702,-0.010968921389396702,0.0037800427632116995,0.0037800427632116995,0.009140767824497242,0.009140767824497242,0.0017268581878548787,-0.0017268581878548787,-0.013576836505013345,-0.013576836505013345,-0.023726212400245528,-0.023726212400245528
shuffled_domain_rank,777,11.0,0.42413162705667273,0.29451175884567365,0.829981718464351,0.025521792388688624,0.0016665055690114339,0.07936867592292068,0.4577205882352941,0.625,0.9945155393053017,0.005484460694698323,0.005484460694698323,0.013833948960823739,0.013833948960823739,0.014625228519195566,0.014625228519195566,-0.00044592808559892547,0.00044592808559892547,0.0003131808278866721,0.0003131808278866721,-0.002777777777777768,-0.002777777777777768
shuffled_domain_rank,777,12.0,0.42413162705667273,0.2938125960831493,0.8318098720292505,0.027037929037360086,0.0014116693496638577,0.08884444444444443,0.4585635359116022,0.6169429097605893,0.9926873857404022,0.005484460694698323,0.005484460694698323,0.013134786198299386,0.013134786198299386,0.01645338208409508,0.01645338208409508,0.001070208563072536,-0.001070208563072536,0.0011561285041947755,0.0011561285041947755,-0.01083486801718847,-0.01083486801718847
shuffled_domain_rank,777,13.0,0.41681901279707495,0.2741843472050875,0.8263254113345521,0.026469886684406568,0.0020000000000000018,0.08588312835067802,0.45571955719557194,0.6199261992619927,0.9908592321755028,-0.0018281535648994596,-0.0018281535648994596,-0.006493462679762418,-0.006493462679762418,0.010968921389396646,0.010968921389396646,0.0005021662101190177,-0.0005021662101190177,-0.0016878502118354843,-0.0016878502118354843,-0.007851578515785107,-0.007851578515785107
shuffled_domain_rank,777,14.0,0.41316270566727603,0.28362849959362707,0.8190127970749543,0.025345046273018514,0.002216449619352856,0.07866666666666655,0.4491682070240296,0.6118299445471349,0.9890310786106032,-0.005484460694698379,-0.005484460694698379,0.0029506897087771544,0.0029506897087771544,0.003656307129798919,0.003656307129798919,-0.0006226742012690363,0.0006226742012690363,-0.008239200383377832,-0.008239200383377832,-0.01594783323064286,-0.01594783323064286
shuffled_domain_rank,777,15.0,0.43327239488117003,0.2949681554896554,0.8281535648994516,0.024343681542207708,0.0009997156691477493,0.07954854206677592,0.470479704797048,0.6383763837638377,0.9908592321755028,0.014625228519195621,0.014625228519195621,0.014290345604805466,0.014290345604805466,0.012797074954296161,0.012797074954296161,-0.0016240389320798417,0.0016240389320798417,0.013072297389640553,0.013072297389640553,0.010598605986059884,0.010598605986059884
shuffled_domain_rank,777,16.0,0.4186471663619744,0.2859325860886459,0.8190127970749543,0.02465587828491902,0.0014109217622154668,0.07487500000000012,0.4575645756457565,0.6309963099630996,0.9908592321755028,0.0,0.0,0.005254776203795997,0.005254776203795997,0.003656307129798919,0.003656307129798919,-0.0013118421893685284,0.0013118421893685284,0.00015716823834904803,0.00015716823834904803,0.003218532185321865,0.003218532185321865
shuffled_domain_rank,777,17.0,0.43327239488117003,0.2947552042269095,0.8153564899451554,0.025551052062587763,0.00128928367357517,0.0830987701040682,0.46422018348623856,0.634862385321101,0.9963436928702011,0.014625228519195621,0.014625228519195621,0.014077394342059568,0.014077394342059568,0.0,0.0,-0.00041666841169978736,0.00041666841169978736,0.006812776078831129,0.006812776078831129,0.007084607543323185,0.007084607543323185
shuffled_domain_rank,777,18.0,0.4186471663619744,0.29471853056435954,0.8098720292504571,0.023665418208751645,0.0018264227342206785,0.07433606557377044,0.45036764705882354,0.6213235294117647,0.9945155393053017,0.0,0.0,0.014040720679509622,0.014040720679509622,-0.005484460694698323,-0.005484460694698323,-0.002302302265535905,0.002302302265535905,-0.00703976034858389,-0.00703976034858389,-0.006454248366013049,-0.006454248366013049
shuffled_domain_rank,777,19.0,0.43875685557586835,0.2992460814112879,0.8135283363802559,0.024741328578810392,0.0008606652834786122,0.07725000000000011,0.470479704797048,0.6383763837638377,0.9908592321755028,0.020109689213893944,0.020109689213893944,0.018568271526437974,0.018568271526437974,-0.001828153564899515,-0.001828153564899515,-0.001226391895477158,0.001226391895477158,0.013072297389640553,0.013072297389640553,0.010598605986059884,0.010598605986059884
shuffled_domain_rank,777,20.0,0.40219378427787933,0.2839044047796328,0.8208409506398537,0.025786408107592296,0.0024999999999999467,0.07873914441942753,0.4436229205175601,0.6062846580406654,0.9890310786106032,-0.01645338208409508,-0.01645338208409508,0.003226594894782886,0.003226594894782886,0.005484460694698323,0.005484460694698323,-0.00018131236669525347,0.00018131236669525347,-0.013784486889847347,-0.013784486889847347,-0.02149311973711232,-0.02149311973711232
shuffled_domain_rank,777,21.0,0.40219378427787933,0.27808594330432757,0.8226691042047533,0.026972413513767862,0.002640264381442603,0.08217914010421212,0.43646408839779005,0.6132596685082873,0.9926873857404022,-0.01645338208409508,-0.01645338208409508,-0.0025918665805223506,-0.0025918665805223506,0.007312614259597838,0.007312614259597838,0.0010046930394803123,-0.0010046930394803123,-0.020943319009617378,-0.020943319009617378,-0.014518109269490487,-0.014518109269490487
shuffled_domain_rank,777,22.0,0.4076782449725777,0.2843925194568431,0.8263254113345521,0.027452349123393175,0.0022687663957499105,0.08531870786550287,0.44649446494464945,0.6143911439114391,0.9908592321755028,-0.010968921389396702,-0.010968921389396702,0.0037147095719931578,0.0037147095719931578,0.010968921389396646,0.010968921389396646,0.0014846286491056251,-0.0014846286491056251,-0.01091294246275798,-0.01091294246275798,-0.013386633866338649,-0.013386633866338649
shuffled_domain_rank,777,23.0,0.39488117001828155,0.27223490733498146,0.8190127970749543,0.02737351404977945,0.00279577522728211,0.08045637958532699,0.4280442804428044,0.6033210332103321,0.9908592321755028,-0.023765996343692863,-0.023765996343692863,-0.008442902549868458,-0.008442902549868458,0.003656307129798919,0.003656307129798919,0.0014057935754918996,-0.0014057935754918996,-0.029363126964603026,-0.029363126964603026,-0.02445674456744562,-0.02445674456744562
shuffled_domain_rank,777,24.0,0.4296160877513711,0.28720674577965094,0.8208409506398537,0.023831925707824136,0.0010443583117999977,0.07675,0.4650735294117647,0.6378676470588235,0.9945155393053017,0.010968921389396702,0.010968921389396702,0.0065289358948010245,0.0065289358948010245,0.005484460694698323,0.005484460694698323,-0.0021357947664634135,0.0021357947664634135,0.00766612200435729,0.00766612200435729,0.010089869281045716,0.010089869281045716
shuffled_domain_rank,777,25.0,0.42778793418647165,0.2983689127096371,0.8171846435100548,0.0254041684837216,0.0014558346748318463,0.07854999999999994,0.4612546125461255,0.6254612546125461,0.9908592321755028,0.009140767824497242,0.009140767824497242,0.017691102824787197,0.017691102824787197,0.001828153564899404,0.001828153564899404,-0.0005635519905659511,0.0005635519905659511,0.0038472051387180572,0.0038472051387180572,-0.0023165231652316765,-0.0023165231652316765
shuffled_domain_rank,777,26.0,0.4113345521023766,0.2792053799383612,0.8336380255941499,0.02745048534453423,0.0024390243902440156,0.08041275917065395,0.4438305709023941,0.6095764272559853,0.9926873857404022,-0.007312614259597783,-0.007312614259597783,-0.001472429946488718,-0.001472429946488718,0.018281535648994485,0.018281535648994485,0.0014827648702466813,-0.0014827648702466813,-0.013576836505013345,-0.013576836505013345,-0.018201350521792503,-0.018201350521792503
shuffled_domain_rank,777,27.0,0.4296160877513711,0.2879153893871076,0.8263254113345521,0.02491918714882773,0.00128928367357517,0.07824348665165655,0.46238532110091746,0.6275229357798165,0.9963436928702011,0.010968921389396702,0.010968921389396702,0.007237579502257674,0.007237579502257674,0.010968921389396646,0.010968921389396646,-0.0010485333254598196,0.0010485333254598196,0.004977913693510028,0.004977913693510028,-0.0002548419979612193,-0.0002548419979612193
shuffled_domain_rank,777,28.0,0.42413162705667273,0.29774265285884954,0.8281535648994516,0.0241798492995003,0.0014098428968257748,0.07725000000000011,0.4612546125461255,0.6346863468634686,0.9908592321755028,0.005484460694698323,0.005484460694698323,0.017064842973999628,0.017064842973999628,0.012797074954296161,0.012797074954296161,-0.0017878711747872505,0.0017878711747872505,0.0038472051387180572,0.0038472051387180572,0.006908569085690819,0.006908569085690819
shuffled_domain_rank,777,29.0,0.4351005484460695,0.29866005594611233,0.8208409506398537,0.025125618659940036,0.001073505412369835,0.07872464886887534,0.4714548802946593,0.6279926335174953,0.9926873857404022,0.01645338208409508,0.01645338208409508,0.01798224606126242,0.01798224606126242,0.005484460694698323,0.005484460694698323,-0.0008421018143475144,0.0008421018143475144,0.014047472887251888,0.014047472887251888,0.00021485573971757876,0.00021485573971757876
baseline_stats,9001,,0.38391224862888484,0.25876476197351717,0.7970749542961609,0.02836452271110429,0.0029999999999998916,0.07828868578632198,0.4214417744916821,0.6044362292051756,0.9890310786106032,0.0,0.0,0.0,0.0,0.0,0.0,0.0,-0.0,0.0,0.0,0.0,0.0
real_domain_rank,9001,,0.37842778793418647,0.2537603862008639,0.7970749542961609,0.02835548115362176,0.0029084507042252405,0.07954129429149982,0.42066420664206644,0.5996309963099631,0.9908592321755028,-0.005484460694698379,-0.005484460694698379,-0.00500437577265328,-0.00500437577265328,0.0,0.0,-9.041557482530188e-06,9.041557482530188e-06,-0.0007775678496156346,-0.0007775678496156346,-0.004805232895212508,-0.004805232895212508
shuffled_domain_rank,9001,0.0,0.3692870201096892,0.2419001817916343,0.8043875685557587,0.03042595179543329,0.004210526315789442,0.09047886557886556,0.40699815837937386,0.5893186003683242,0.9926873857404022,-0.014625228519195621,-0.014625228519195621,-0.01686458018188286,-0.01686458018188286,0.007312614259597727,0.007312614259597727,0.0020614290843289987,-0.0020614290843289987,-0.01444361611230821,-0.01444361611230821,-0.015117628836851416,-0.015117628836851416
shuffled_domain_rank,9001,1.0,0.39488117001828155,0.25794473996753936,0.8080438756855576,0.026229007085733787,0.002416407971491452,0.07866666666666655,0.43622920517560076,0.6210720887245841,0.9890310786106032,0.010968921389396702,0.010968921389396702,-0.0008200220059778052,-0.0008200220059778052,0.010968921389396646,0.010968921389396646,-0.002135515625370503,0.002135515625370503,0.01478743068391869,0.01478743068391869,0.01663585951940849,0.01663585951940849
shuffled_domain_rank,9001,2.0,0.37477148080438755,0.2533703101728919,0.7915904936014625,0.02883867606665325,0.003028846153846354,0.08576625670135601,0.4125230202578269,0.5948434622467772,0.9926873857404022,-0.009140767824497298,-0.009140767824497298,-0.005394451800625255,-0.005394451800625255,-0.005484460694698434,-0.005484460694698434,0.0004741533555489598,-0.0004741533555489598,-0.008918754233855186,-0.008918754233855186,-0.009592766958398391,-0.009592766958398391
shuffled_domain_rank,9001,3.0,0.37294332723948814,0.25185586052749304,0.7861060329067642,0.02965714738526732,0.0041999999999999815,0.09047886557886556,0.40699815837937386,0.583793738489871,0.9926873857404022,-0.010968921389396702,-0.010968921389396702,-0.006908901446024129,-0.006908901446024129,-0.010968921389396757,-0.010968921389396757,0.0012926246741630301,-0.0012926246741630301,-0.01444361611230821,-0.01444361611230821,-0.02064249071530455,-0.02064249071530455
shuffled_domain_rank,9001,4.0,0.3820840950639854,0.2560620450572978,0.8226691042047533,0.02910056552890752,0.003532192166807391,0.08439815515610229,0.41697416974169743,0.5922509225092251,0.9908592321755028,-0.0018281535648994596,-0.0018281535648994596,-0.002702716916219372,-0.002702716916219372,0.025594149908592323,0.025594149908592323,0.0007360428178032306,-0.0007360428178032306,-0.004467604749984644,-0.004467604749984644,-0.012185306695950526,-0.012185306695950526
shuffled_domain_rank,9001,5.0,0.37477148080438755,0.25269289313225046,0.7897623400365631,0.027477184467371685,0.0033700072836542194,0.08201122609379097,0.4077490774907749,0.6033210332103321,0.9908592321755028,-0.009140767824497298,-0.009140767824497298,-0.006071868841266703,-0.006071868841266703,-0.007312614259597838,-0.007312614259597838,-0.000887338243732605,0.000887338243732605,-0.013692697000907195,-0.013692697000907195,-0.0011151959948434431,-0.0011151959948434431
shuffled_domain_rank,9001,6.0,0.360146252285192,0.2424028988422964,0.8025594149908593,0.02824147664480759,0.004277306013063642,0.08045637958532699,0.4022140221402214,0.5885608856088561,0.9908592321755028,-0.023765996343692863,-0.023765996343692863,-0.01636186313122076,-0.01636186313122076,0.005484460694698323,0.005484460694698323,-0.00012304606629669895,0.00012304606629669895,-0.01922775235146068,-0.01922775235146068,-0.01587534359631948,-0.01587534359631948
shuffled_domain_rank,9001,7.0,0.37477148080438755,0.25940930913168375,0.7952468007312614,0.028616701810752074,0.003564384333614834,0.08866666666666656,0.41035120147874304,0.5914972273567468,0.9890310786106032,-0.009140767824497298,-0.009140767824497298,0.0006445471581665863,0.0006445471581665863,-0.001828153564899515,-0.001828153564899515,0.00025217909964778476,-0.00025217909964778476,-0.011090573012939031,-0.011090573012939031,-0.012939001848428777,-0.012939001848428777
shuffled_domain_rank,9001,8.0,0.37842778793418647,0.25702690049600163,0.8080438756855576,0.029748215763284198,0.0029084507042252405,0.09024378399378384,0.41697416974169743,0.5922509225092251,0.9908592321755028,-0.005484460694698379,-0.005484460694698379,-0.0017378614775155343,-0.0017378614775155343,0.010968921389396646,0.010968921389396646,0.001383693052179908,-0.001383693052179908,-0.004467604749984644,-0.004467604749984644,-0.012185306695950526,-0.012185306695950526
shuffled_domain_rank,9001,9.0,0.3802559414990859,0.25663018207105565,0.8062157221206582,0.028865009079257962,0.0033850655059881607,0.08839999999999999,0.4188191881918819,0.5904059040590406,0.9908592321755028,-0.003656307129798919,-0.003656307129798919,-0.0021345799024615197,-0.0021345799024615197,0.009140767824497242,0.009140767824497242,0.0005004863681536721,-0.0005004863681536721,-0.002622586299800167,-0.002622586299800167,-0.014030325146135003,-0.014030325146135003
shuffled_domain_rank,9001,10.0,0.376599634369287,0.24940822176211178,0.793418647166362,0.0280876472573752,0.003028846153846354,0.08599999999999997,0.41404805914972276,0.5988909426987061,0.9890310786106032,-0.007312614259597838,-0.007312614259597838,-0.00935654021140539,-0.00935654021140539,-0.003656307129798919,-0.003656307129798919,-0.00027687545372908837,0.00027687545372908837,-0.007393715341959317,-0.007393715341959317,-0.00554528650646946,-0.00554528650646946
shuffled_domain_rank,9001,11.0,0.38391224862888484,0.2487831159399787,0.7879341864716636,0.026632898377274086,0.0028169014084505895,0.07599999999999996,0.4214417744916821,0.6025878003696857,0.9890310786106032,0.0,0.0,-0.00998164603353846,-0.00998164603353846,-0.009140767824497353,-0.009140767824497353,-0.0017316243338302041,0.0017316243338302041,0.0,0.0,-0.001848428835489857,-0.001848428835489857
shuffled_domain_rank,9001,12.0,0.3802559414990859,0.25622936179523315,0.8098720292504571,0.02869879820295731,0.003270131011976374,0.08653333333333325,0.4174397031539889,0.5918367346938775,0.9853747714808044,-0.003656307129798919,-0.003656307129798919,-0.0025354001782840196,-0.0025354001782840196,0.012797074954296161,0.012797074954296161,0.0003342754918530186,-0.0003342754918530186,-0.004002071337693203,-0.004002071337693203,-0.012599494511298048,-0.012599494511298048
shuffled_domain_rank,9001,13.0,0.3857404021937843,0.25254090353573105,0.7952468007312614,0.0267103015287298,0.0028169014084505895,0.07700000000000005,0.425414364640884,0.6058931860036832,0.9926873857404022,0.0018281535648994596,0.0018281535648994596,-0.006223858437786112,-0.006223858437786112,-0.001828153564899515,-0.001828153564899515,-0.0016542211823744914,0.0016542211823744914,0.003972590149201927,0.003972590149201927,0.0014569567985076581,0.0014569567985076581
shuffled_domain_rank,9001,14.0,0.3875685557586837,0.26216986457003866,0.7970749542961609,0.027276716601650222,0.00279577522728211,0.07820981720768981,0.4280442804428044,0.6070110701107011,0.9908592321755028,0.0036563071297988636,0.0036563071297988636,0.003405102596521492,0.003405102596521492,0.0,0.0,-0.0010878061094540675,0.0010878061094540675,0.006602505951122328,0.006602505951122328,0.0025748409055255106,0.0025748409055255106
shuffled_domain_rank,9001,15.0,0.3875685557586837,0.2543509317852592,0.8062157221206582,0.0283166573838712,0.0027777777777777124,0.08184331208336972,0.427255985267035,0.6095764272559853,0.9926873857404022,0.0036563071297988636,0.0036563071297988636,-0.004413830188257972,-0.004413830188257972,0.009140767824497242,0.009140767824497242,-4.786532723308895e-05,4.786532723308895e-05,0.005814210775352935,0.005814210775352935,0.0051401980508096745,0.0051401980508096745
shuffled_domain_rank,9001,16.0,0.39488117001828155,0.26496159376519157,0.7952468007312614,0.02753983736254947,0.0024999999999999467,0.08184331208336972,0.43830570902394106,0.6058931860036832,0.9926873857404022,0.010968921389396702,0.010968921389396702,0.0061968317916744065,0.0061968317916744065,-0.001828153564899515,-0.001828153564899515,-0.000824685348554819,0.000824685348554819,0.016863934532258984,0.016863934532258984,0.0014569567985076581,0.0014569567985076581
shuffled_domain_rank,9001,17.0,0.3656307129798903,0.2493300678484092,0.7879341864716636,0.03127634077534733,0.004260239225033435,0.09048943278943279,0.4022140221402214,0.5811808118081181,0.9908592321755028,-0.01828153564899454,-0.01828153564899454,-0.009434694125107973,-0.009434694125107973,-0.009140767824497353,-0.009140767824497353,0.002911818064243038,-0.002911818064243038,-0.01922775235146068,-0.01922775235146068,-0.0232554173970575,-0.0232554173970575
shuffled_domain_rank,9001,18.0,0.3711151736745887,0.2543080490406616,0.8098720292504571,0.029483299982647128,0.004205263157894712,0.08762439024390256,0.4077490774907749,0.5904059040590406,0.9908592321755028,-0.012797074954296161,-0.012797074954296161,-0.004456712932855544,-0.004456712932855544,0.012797074954296161,0.012797074954296161,0.0011187772715428382,-0.0011187772715428382,-0.013692697000907195,-0.013692697000907195,-0.014030325146135003,-0.014030325146135003
shuffled_domain_rank,9001,19.0,0.3711151736745887,0.25167114861882306,0.7861060329067642,0.028713292726788516,0.004289452724996812,0.08217914010421212,0.4048059149722736,0.5822550831792976,0.9890310786106032,-0.012797074954296161,-0.012797074954296161,-0.007093613354694106,-0.007093613354694106,-0.010968921389396757,-0.010968921389396757,0.00034877001568422647,-0.00034877001568422647,-0.01663585951940849,-0.01663585951940849,-0.02218114602587795,-0.02218114602587795
shuffled_domain_rank,9001,20.0,0.37477148080438755,0.24790548913971075,0.793418647166362,0.03154655663250676,0.003564384333614834,0.09494833562394799,0.4143646408839779,0.5930018416206262,0.9926873857404022,-0.009140767824497298,-0.009140767824497298,-0.010859272833806416,-0.010859272833806416,-0.003656307129798919,-0.003656307129798919,0.003182033921402469,-0.003182033921402469,-0.007077133607704178,-0.007077133607704178,-0.0114343875845494,-0.0114343875845494
shuffled_domain_rank,9001,21.0,0.3711151736745887,0.24291305316409836,0.7952468007312614,0.027602752457189576,0.003567906452521641,0.08839999999999999,0.4132841328413284,0.5996309963099631,0.9908592321755028,-0.012797074954296161,-0.012797074954296161,-0.015851708809418802,-0.015851708809418802,-0.001828153564899515,-0.001828153564899515,-0.0007617702539147141,0.0007617702539147141,-0.008157641650353653,-0.008157641650353653,-0.004805232895212508,-0.004805232895212508
shuffled_domain_rank,9001,22.0,0.3802559414990859,0.25620921528354273,0.8043875685557587,0.028174423710795548,0.002813772676786508,0.08483128350678015,0.4214417744916821,0.5970425138632163,0.9890310786106032,-0.003656307129798919,-0.003656307129798919,-0.0025555466899744306,-0.0025555466899744306,0.007312614259597727,0.007312614259597727,-0.00019009900030874174,0.00019009900030874174,0.0,0.0,-0.007393715341959317,-0.007393715341959317
shuffled_domain_rank,9001,23.0,0.37294332723948814,0.24472918174809166,0.8080438756855576,0.029534759095405563,0.003567906452521641,0.08886666666666668,0.4151291512915129,0.5830258302583026,0.9908592321755028,-0.010968921389396702,-0.010968921389396702,-0.014035580225425504,-0.014035580225425504,0.010968921389396646,0.010968921389396646,0.001170236384301273,-0.001170236384301273,-0.006312623200169176,-0.006312623200169176,-0.02141039894687302,-0.02141039894687302
shuffled_domain_rank,9001,24.0,0.3802559414990859,0.255742151546875,0.8171846435100548,0.029182274681465323,0.0027777777777777124,0.09039432789432766,0.4195933456561922,0.5988909426987061,0.9890310786106032,-0.003656307129798919,-0.003656307129798919,-0.003022610426642147,-0.003022610426642147,0.02010968921389389,0.02010968921389389,0.0008177519703610331,-0.0008177519703610331,-0.001848428835489857,-0.001848428835489857,-0.00554528650646946,-0.00554528650646946
shuffled_domain_rank,9001,25.0,0.38391224862888484,0.26333853987953476,0.8043875685557587,0.02785138596598028,0.003028846153846354,0.08050000000000002,0.4214417744916821,0.5970425138632163,0.9890310786106032,0.0,0.0,0.004573777906017595,0.004573777906017595,0.007312614259597727,0.007312614259597727,-0.0005131367451240085,0.0005131367451240085,0.0,0.0,-0.007393715341959317,-0.007393715341959317
shuffled_domain_rank,9001,26.0,0.396709323583181,0.26411934606600146,0.7970749542961609,0.027414563042229348,0.002560216310282304,0.07805208005042538,0.43014705882352944,0.6029411764705882,0.9945155393053017,0.012797074954296161,0.012797074954296161,0.005354584092484294,0.005354584092484294,0.0,0.0,-0.0009499596688749418,0.0009499596688749418,0.008705284331847363,0.008705284331847363,-0.0014950527345873876,-0.0014950527345873876
shuffled_domain_rank,9001,27.0,0.3875685557586837,0.2666045023420703,0.7879341864716636,0.027688186354810695,0.0025038725036643505,0.08866666666666656,0.42513863216266173,0.6081330868761553,0.9890310786106032,0.0036563071297988636,0.0036563071297988636,0.007839740368553116,0.007839740368553116,-0.009140767824497353,-0.009140767824497353,-0.0006763363562935949,0.0006763363562935949,0.0036968576709796586,0.0036968576709796586,0.003696857670979714,0.003696857670979714
shuffled_domain_rank,9001,28.0,0.40036563071297987,0.26854069250354845,0.8062157221206582,0.02586644774266547,0.0020989010989011514,0.06917074510466714,0.4446494464944649,0.6254612546125461,0.9908592321755028,0.016453382084095025,0.016453382084095025,0.009775930530031285,0.009775930530031285,0.009140767824497242,0.009140767824497242,-0.002498074968438818,0.002498074968438818,0.023207672002782842,0.023207672002782842,0.0210250254073705,0.0210250254073705
shuffled_domain_rank,9001,29.0,0.36745886654478976,0.2502189248008928,0.8007312614259597,0.028385472578037797,0.0039355118835872616,0.08002126378181307,0.4095940959409594,0.5904059040590406,0.9908592321755028,-0.01645338208409508,-0.01645338208409508,-0.00854583717262436,-0.00854583717262436,0.003656307129798808,0.003656307129798808,2.0949866933506894e-05,-2.0949866933506894e-05,-0.011847678550722662,-0.011847678550722662,-0.014030325146135003,-0.014030325146135003
baseline_stats,12345,,0.4040219378427788,0.27066870520380465,0.8080438756855576,0.024249100090957387,0.0027777777777777124,0.07579999999999999,0.43830570902394106,0.6151012891344383,0.9926873857404022,0.0,0.0,0.0,0.0,0.0,0.0,0.0,-0.0,0.0,0.0,0.0,0.0
real_domain_rank,12345,,0.4369287020109689,0.3009294044915028,0.8190127970749543,0.022191574455538064,0.001073505412369835,0.06387232231522202,0.47339449541284406,0.6330275229357798,0.9963436928702011,0.032906764168190106,0.032906764168190106,0.030260699287698145,0.030260699287698145,0.010968921389396757,0.010968921389396757,-0.0020575256354193223,0.0020575256354193223,0.035088786388903004,0.035088786388903004,0.017926233801341507,0.017926233801341507
shuffled_domain_rank,12345,0.0,0.4040219378427788,0.27178723571038566,0.8080438756855576,0.02356362858848846,0.002813772676786508,0.07027127668992604,0.44014732965009207,0.6114180478821363,0.9926873857404022,0.0,0.0,0.0011185305065810058,0.0011185305065810058,0.0,0.0,-0.0006854715024689276,0.0006854715024689276,0.0018416206261510082,0.0018416206261510082,-0.0036832412523020164,-0.0036832412523020164
shuffled_domain_rank,12345,1.0,0.4040219378427788,0.2715157768923504,0.8043875685557587,0.023177193753647417,0.0027777777777777124,0.07599999999999996,0.43830570902394106,0.6151012891344383,0.9926873857404022,0.0,0.0,0.000847071688545753,0.000847071688545753,-0.003656307129798919,-0.003656307129798919,-0.001071906337309969,0.001071906337309969,0.0,0.0,0.0,0.0
shuffled_domain_rank,12345,2.0,0.40219378427787933,0.27633064575538463,0.8025594149908593,0.02305726152762746,0.002714932126696823,0.07004000000000003,0.43462246777163904,0.6132596685082873,0.9926873857404022,-0.0018281535648994596,-0.0018281535648994596,0.00566194055157998,0.00566194055157998,-0.005484460694698323,-0.005484460694698323,-0.001191838563329925,0.001191838563329925,-0.0036832412523020164,-0.0036832412523020164,-0.0018416206261510082,-0.0018416206261510082
shuffled_domain_rank,12345,3.0,0.4040219378427788,0.2775553523359721,0.8135283363802559,0.024992950243371066,0.0028153370426185487,0.07899693259709241,0.43566176470588236,0.6066176470588235,0.9945155393053017,0.0,0.0,0.006886647132167467,0.006886647132167467,0.005484460694698323,0.005484460694698323,0.0007438501524136797,-0.0007438501524136797,-0.0026439443180586997,-0.0026439443180586997,-0.008483642075614806,-0.008483642075614806
shuffled_domain_rank,12345,4.0,0.4113345521023766,0.2790254004779967,0.8171846435100548,0.023873364332614593,0.0020000000000000018,0.07479479670656154,0.4446494464944649,0.6217712177121771,0.9908592321755028,0.007312614259597838,0.007312614259597838,0.008356695274192028,0.008356695274192028,0.009140767824497242,0.009140767824497242,-0.0003757357583427934,0.0003757357583427934,0.006343737470523858,0.006343737470523858,0.006669928577738848,0.006669928577738848
shuffled_domain_rank,12345,5.0,0.40219378427787933,0.278073979683846,0.8135283363802559,0.024071761779279558,0.0028153370426185487,0.07599999999999996,0.43566176470588236,0.6066176470588235,0.9945155393053017,-0.0018281535648994596,-0.0018281535648994596,0.007405274480041357,0.007405274480041357,0.005484460694698323,0.005484460694698323,-0.00017733831167782849,0.00017733831167782849,-0.0026439443180586997,-0.0026439443180586997,-0.008483642075614806,-0.008483642075614806
shuffled_domain_rank,12345,6.0,0.41681901279707495,0.2839288797534303,0.8153564899451554,0.022741716124757397,0.001941391941391979,0.06838510675970413,0.44751381215469616,0.6224677716390423,0.9926873857404022,0.012797074954296161,0.012797074954296161,0.013260174549625636,0.013260174549625636,0.007312614259597838,0.007312614259597838,-0.001507383966199989,0.001507383966199989,0.009208103130755096,0.009208103130755096,0.007366482504604033,0.007366482504604033
shuffled_domain_rank,12345,7.0,0.42047531992687387,0.2842004713307688,0.8098720292504571,0.023156270614320296,0.001958654747392985,0.067405655482532,0.4540441176470588,0.6323529411764706,0.9945155393053017,0.01645338208409508,0.01645338208409508,0.013531766126964162,0.013531766126964162,0.001828153564899515,0.001828153564899515,-0.001092829476637091,0.001092829476637091,0.01573840862311776,0.01573840862311776,0.017251652042032273,0.017251652042032273
shuffled_domain_rank,12345,8.0,0.42230347349177333,0.28954932718373577,0.8062157221206582,0.023523388434240372,0.002416407971491452,0.07599999999999996,0.4548802946593002,0.6298342541436464,0.9926873857404022,0.01828153564899454,0.01828153564899454,0.018880621979931123,0.018880621979931123,-0.001828153564899404,-0.001828153564899404,-0.0007257116567170145,0.0007257116567170145,0.01657458563535913,0.01657458563535913,0.014732965009208066,0.014732965009208066
shuffled_domain_rank,12345,9.0,0.42047531992687387,0.28654086630825537,0.8098720292504571,0.022991372601368222,0.001975917553393991,0.0745895934131229,0.45119705340699817,0.6279926335174953,0.9926873857404022,0.01645338208409508,0.01645338208409508,0.01587216110445072,0.01587216110445072,0.001828153564899515,0.001828153564899515,-0.0012577274895891645,0.0012577274895891645,0.012891344383057113,0.012891344383057113,0.012891344383057057,0.012891344383057057
shuffled_domain_rank,12345,10.0,0.4076782449725777,0.2783526275910991,0.8190127970749543,0.025046387216966788,0.0026240695321342877,0.08024154254161105,0.4411764705882353,0.6047794117647058,0.9945155393053017,0.003656307129798919,0.003656307129798919,0.0076839223872944284,0.0076839223872944284,0.010968921389396757,0.010968921389396757,0.0007972871260094015,-0.0007972871260094015,0.002870761564294222,0.002870761564294222,-0.010321877369732446,-0.010321877369732446
shuffled_domain_rank,12345,11.0,0.40950639853747717,0.27456741125059614,0.8043875685557587,0.023160982818302294,0.0023687455718192085,0.07599999999999996,0.4413919413919414,0.6245421245421245,0.9981718464351006,0.005484460694698379,0.005484460694698379,0.003898706046791489,0.003898706046791489,-0.003656307129798919,-0.003656307129798919,-0.0010881172726550925,0.0010881172726550925,0.003086232368000319,0.003086232368000319,0.009440835407686254,0.009440835407686254
shuffled_domain_rank,12345,12.0,0.42778793418647165,0.28759720343605605,0.8025594149908593,0.02265437154567234,0.0016599117478964809,0.07257301090819403,0.45955882352941174,0.6305147058823529,0.9945155393053017,0.023765996343692863,0.023765996343692863,0.0169284982322514,0.0169284982322514,-0.005484460694698323,-0.005484460694698323,-0.0015947285452850464,0.0015947285452850464,0.021253114505470683,0.021253114505470683,0.015413416747914632,0.015413416747914632
shuffled_domain_rank,12345,13.0,0.4186471663619744,0.2864037702911401,0.7970749542961609,0.023081633284390807,0.001987958776696941,0.07257301090819403,0.4540441176470588,0.6268382352941176,0.9945155393053017,0.014625228519195621,0.014625228519195621,0.015735065087335465,0.015735065087335465,-0.010968921389396646,-0.010968921389396646,-0.0011674668065665798,0.0011674668065665798,0.01573840862311776,0.01573840862311776,0.011736946159679351,0.011736946159679351
shuffled_domain_rank,12345,14.0,0.41316270566727603,0.2759891863253184,0.8098720292504571,0.022038748025128216,0.0020000000000000018,0.06900946841474105,0.44669117647058826,0.6286764705882353,0.9945155393053017,0.009140767824497242,0.009140767824497242,0.0053204811215137315,0.0053204811215137315,0.001828153564899515,0.001828153564899515,-0.0022103520658291707,0.0022103520658291707,0.008385467446647199,0.008385467446647199,0.013575181453796992,0.013575181453796992
shuffled_domain_rank,12345,15.0,0.40585009140767825,0.2716942928774239,0.8098720292504571,0.023564997022171765,0.0023242754143170674,0.07175000000000005,0.43956043956043955,0.6117216117216118,0.9981718464351006,0.0018281535648994596,0.0018281535648994596,0.001025587673619266,0.001025587673619266,0.001828153564899515,0.001828153564899515,-0.0006841030687856214,0.0006841030687856214,0.001254730536498494,0.001254730536498494,-0.0033796774128265206,-0.0033796774128265206
shuffled_domain_rank,12345,16.0,0.41681901279707495,0.2820477827995656,0.8153564899451554,0.022595050822905777,0.0019155316990164956,0.0639913935782853,0.45036764705882354,0.6158088235294118,0.9945155393053017,0.012797074954296161,0.012797074954296161,0.011379077595760956,0.011379077595760956,0.007312614259597838,0.007312614259597838,-0.0016540492680516099,0.0016540492680516099,0.01206193803488248,0.01206193803488248,0.000707534394973508,0.000707534394973508
shuffled_domain_rank,12345,17.0,0.4149908592321755,0.2842011952582,0.8263254113345521,0.022729930925245168,0.0023242754143170674,0.07258880870401585,0.45202952029520294,0.6254612546125461,0.9908592321755028,0.010968921389396702,0.010968921389396702,0.01353249005439533,0.01353249005439533,0.018281535648994485,0.018281535648994485,-0.001519169165712219,0.001519169165712219,0.013723811271261876,0.013723811271261876,0.010359965478107802,0.010359965478107802
shuffled_domain_rank,12345,18.0,0.4076782449725777,0.2768441541133586,0.8226691042047533,0.02443282797054245,0.00209374999999995,0.07704999999999998,0.4430147058823529,0.6121323529411765,0.9945155393053017,0.003656307129798919,0.003656307129798919,0.00617544890955396,0.00617544890955396,0.014625228519195677,0.014625228519195677,0.00018372787958506262,-0.00018372787958506262,0.0047089968584118624,0.0047089968584118624,-0.002968936193261773,-0.002968936193261773
shuffled_domain_rank,12345,19.0,0.41316270566727603,0.28288617814458955,0.8117001828153565,0.023362145567527384,0.0020989010989011514,0.07569999999999998,0.4411764705882353,0.6102941176470589,0.9945155393053017,0.009140767824497242,0.009140767824497242,0.012217472940784901,0.012217472940784901,0.003656307129798919,0.003656307129798919,-0.000886954523430003,0.000886954523430003,0.002870761564294222,0.002870761564294222,-0.004807171487379414,-0.004807171487379414
shuffled_domain_rank,12345,20.0,0.39853747714808047,0.27094422300776705,0.8117001828153565,0.024267979313510782,0.0028169014084505895,0.07475000000000011,0.429097605893186,0.6058931860036832,0.9926873857404022,-0.005484460694698323,-0.005484460694698323,0.00027551780396239955,0.00027551780396239955,0.003656307129798919,0.003656307129798919,1.8879222553395275e-05,-1.8879222553395275e-05,-0.009208103130755041,-0.009208103130755041,-0.009208103130755041,-0.009208103130755041
shuffled_domain_rank,12345,21.0,0.43327239488117003,0.29298544928567194,0.8007312614259597,0.02180790105800103,0.0014962463200344223,0.06383157894736848,0.46593001841620624,0.6408839779005525,0.9926873857404022,0.029250457038391242,0.029250457038391242,0.02231674408186729,0.02231674408186729,-0.007312614259597838,-0.007312614259597838,-0.002441199032956358,0.002441199032956358,0.02762430939226518,0.02762430939226518,0.025782688766114226,0.025782688766114226
shuffled_domain_rank,12345,22.0,0.4186471663619744,0.286703702638784,0.8318098720292505,0.022765678976176127,0.0018982688930154895,0.07365,0.45036764705882354,0.6341911764705882,0.9945155393053017,0.014625228519195621,0.014625228519195621,0.016034997434979326,0.016034997434979326,0.02376599634369292,0.02376599634369292,-0.0014834211147812595,0.0014834211147812595,0.01206193803488248,0.01206193803488248,0.019089887336149913,0.019089887336149913
shuffled_domain_rank,12345,23.0,0.4113345521023766,0.2810555308706176,0.8171846435100548,0.024820955115429574,0.00262841224917143,0.07899693259709241,0.4411764705882353,0.6176470588235294,0.9945155393053017,0.007312614259597838,0.007312614259597838,0.010386825666812927,0.010386825666812927,0.009140767824497242,0.009140767824497242,0.0005718550244721878,-0.0005718550244721878,0.002870761564294222,0.002870761564294222,0.0025457696890911485,0.0025457696890911485
shuffled_domain_rank,12345,24.0,0.4296160877513711,0.2924814521408981,0.8171846435100548,0.02221602292426334,0.0014962463200344223,0.0736805035808764,0.4622467771639042,0.6279926335174953,0.9926873857404022,0.025594149908592323,0.025594149908592323,0.021812746937093452,0.021812746937093452,0.009140767824497242,0.009140767824497242,-0.002033077166694045,0.002033077166694045,0.023941068139963162,0.023941068139963162,0.012891344383057057,0.012891344383057057
shuffled_domain_rank,12345,25.0,0.41316270566727603,0.28252282210699087,0.7989031078610603,0.022848246706952412,0.0025277922535721364,0.0746250000000001,0.44485294117647056,0.6231617647058824,0.9945155393053017,0.009140767824497242,0.009140767824497242,0.011854116903186218,0.011854116903186218,-0.009140767824497242,-0.009140767824497242,-0.0014008533840049742,0.0014008533840049742,0.006547232152529503,0.006547232152529503,0.00806047557144407,0.00806047557144407
shuffled_domain_rank,12345,26.0,0.4113345521023766,0.2793587215578465,0.8153564899451554,0.024008833724624576,0.0020989010989011514,0.07599999999999996,0.44669117647058826,0.6084558823529411,0.9945155393053017,0.007312614259597838,0.007312614259597838,0.008690016354041874,0.008690016354041874,0.007312614259597838,0.007312614259597838,-0.0002402663663328107,0.0002402663663328107,0.008385467446647199,0.008385467446647199,-0.006645406781497165,-0.006645406781497165
shuffled_domain_rank,12345,27.0,0.41316270566727603,0.2766206668354739,0.8281535648994516,0.022987863285856034,0.002321083172146965,0.07342918682624579,0.44770642201834865,0.618348623853211,0.9963436928702011,0.009140767824497242,0.009140767824497242,0.005951961631669278,0.005951961631669278,0.020109689213894,0.020109689213894,-0.0012612368051013526,0.0012612368051013526,0.00940071299440759,0.00940071299440759,0.0032473347187726986,0.0032473347187726986
shuffled_domain_rank,12345,28.0,0.41681901279707495,0.2879977192169205,0.8062157221206582,0.023492616907808937,0.0020989010989010404,0.07225000000000004,0.4522058823529412,0.6194852941176471,0.9945155393053017,0.012797074954296161,0.012797074954296161,0.017329014013115873,0.017329014013115873,-0.001828153564899404,-0.001828153564899404,-0.00075648318314845,0.00075648318314845,0.01390017332900012,0.01390017332900012,0.004384004983208789,0.004384004983208789
shuffled_domain_rank,12345,29.0,0.42230347349177333,0.2839776942985838,0.8226691042047533,0.02246840617897428,0.0018891113838580137,0.06992819172481504,0.45054945054945056,0.6263736263736264,0.9981718464351006,0.01828153564899454,0.01828153564899454,0.013308989094779178,0.013308989094779178,0.014625228519195677,0.014625228519195677,-0.001780693911983107,0.001780693911983107,0.0122437415255095,0.0122437415255095,0.01127233723918808,0.01127233723918808
