seed,config,n_observations,n_unique_datasets,regret_coverage,hit_best_rate,mean_regret,median_regret,p90_regret,zero_regret_rate,within_1pp_rate,chosen_accuracy_mean,oracle_accuracy_mean,domain
1,baseline_stats,547.0,547.0,0.979890310786106,0.3820840950639854,0.0266035655456633,0.0033850655059881607,0.08510207481718166,0.4216417910447761,0.5932835820895522,0.794569562410306,0.8211731279559692,ALL
1,real_domain_rank,547.0,547.0,0.9853747714808044,0.3875685557586837,0.02713742223286185,0.002813772676786508,0.0850650268054241,0.4322820037105751,0.6048237476808905,0.7937672597561946,0.8209046819890564,ALL
3,baseline_stats,547.0,547.0,0.9890310786106032,0.4076782449725777,0.026665318718351372,0.0019999999999998908,0.07963847513870348,0.4436229205175601,0.6173752310536045,0.7945801265589041,0.8212454452772555,ALL
3,real_domain_rank,547.0,547.0,0.9890310786106032,0.43327239488117003,0.0242381694963438,0.0006472491909383926,0.06450000000000009,0.4731977818853974,0.6395563770794824,0.7971592247245616,0.8213973942209053,ALL
5,baseline_stats,547.0,547.0,0.9908592321755028,0.40950639853747717,0.025408672267818913,0.0019999999999999463,0.0675000000000001,0.4483394833948339,0.6217712177121771,0.794180851951075,0.8195895242188939,ALL
5,real_domain_rank,547.0,547.0,0.9908592321755028,0.42230347349177333,0.02345284056414641,0.001226037185624751,0.06436578947368433,0.46309963099630996,0.6494464944649446,0.7966622178214892,0.8201150583856355,ALL
7,baseline_stats,547.0,547.0,0.9908592321755028,0.3930530164533821,0.025724376015088847,0.00262841224917143,0.08645000000000003,0.42988929889298894,0.6107011070110702,0.7950230624443474,0.8207474384594362,ALL
7,real_domain_rank,547.0,547.0,0.9926873857404022,0.4149908592321755,0.025171968059728614,0.0014962463200344223,0.07944411344429611,0.4530386740331492,0.6372007366482505,0.7946648857984933,0.8198368538582219,ALL
11,baseline_stats,547.0,547.0,0.9872029250457038,0.4113345521023766,0.02526472651465908,0.002427716180867734,0.07767753541863738,0.45,0.6222222222222222,0.7968071863561252,0.8220719128707844,ALL
11,real_domain_rank,547.0,547.0,0.9872029250457038,0.40950639853747717,0.024926931128962243,0.0021082248096764844,0.07767753541863738,0.44814814814814813,0.6148148148148148,0.7971449817418221,0.8220719128707844,ALL
13,baseline_stats,547.0,547.0,0.9835466179159049,0.4040219378427788,0.026542000584804753,0.0027463549522372677,0.07938429047207238,0.44052044609665425,0.6022304832713755,0.7954786934804863,0.822020694065291,ALL
13,real_domain_rank,547.0,547.0,0.9908592321755028,0.4149908592321755,0.02635245536494052,0.0019155316990164956,0.07922173320967876,0.45571955719557194,0.6143911439114391,0.794893414828813,0.8212458701937536,ALL
17,baseline_stats,547.0,547.0,0.9908592321755028,0.4369287020109689,0.023451078312406826,0.0008606652834786122,0.0644500000000001,0.477859778597786,0.6383763837638377,0.7963687405159611,0.8198198188283679,ALL
17,real_domain_rank,547.0,547.0,0.9926873857404022,0.43144424131627057,0.023489306538125667,0.0008273018154443257,0.06534231983012014,0.4696132596685083,0.6390423572744015,0.7965774178142673,0.820066724352393,ALL
42,baseline_stats,547.0,547.0,0.9890310786106032,0.4040219378427788,0.02632586289575523,0.002714932126696823,0.08006379585326967,0.43622920517560076,0.609981515711645,0.7946465862051802,0.8209724491009354,ALL
42,real_domain_rank,547.0,547.0,0.9926873857404022,0.38939670932358317,0.02888416820206493,0.0028169014084505895,0.08587457322551661,0.430939226519337,0.6003683241252302,0.7924264572525197,0.8213106254545846,ALL
55,baseline_stats,547.0,547.0,0.9890310786106032,0.41316270566727603,0.02462683846568005,0.0018551458446390001,0.07750000000000001,0.4510166358595194,0.6395563770794824,0.7956105011926117,0.8202373396582917,ALL
55,real_domain_rank,547.0,547.0,0.9908592321755028,0.4296160877513711,0.024782747689767314,0.001226037185624751,0.07599999999999996,0.46863468634686345,0.6512915129151291,0.7951756485374205,0.8199583962271879,ALL
88,baseline_stats,547.0,547.0,0.9872029250457038,0.4186471663619744,0.025470622428031824,0.0018264227342206785,0.07599999999999996,0.45555555555555555,0.6425925925925926,0.7956422452384634,0.8211128676664952,ALL
88,real_domain_rank,547.0,547.0,0.9908592321755028,0.4296160877513711,0.025066187831104994,0.0011181480550220835,0.07572872131903614,0.46309963099630996,0.6457564575645757,0.7952649788207419,0.8203311666518468,ALL
99,baseline_stats,547.0,547.0,0.9890310786106032,0.396709323583181,0.024233205075878016,0.002813772676786508,0.07050000000000001,0.4343807763401109,0.6155268022181146,0.7979179590562586,0.8221511641321366,ALL
99,real_domain_rank,547.0,547.0,0.9872029250457038,0.41681901279707495,0.022503164368661843,0.0016646341463413261,0.06480000000000015,0.45740740740740743,0.6314814814814815,0.7995562701787948,0.8220594345474566,ALL
123,baseline_stats,547.0,547.0,0.9926873857404022,0.4424131627056673,0.02372653812788965,0.0009259259259256636,0.07579999999999999,0.4732965009208103,0.6427255985267035,0.7966078295424868,0.8203343676703765,ALL
123,real_domain_rank,547.0,547.0,0.9908592321755028,0.44789762340036565,0.024321746952134623,0.0003893524335467635,0.07455000000000021,0.48523985239852396,0.6549815498154982,0.7967945635155957,0.8211163104677303,ALL
128,baseline_stats,547.0,547.0,0.9835466179159049,0.396709323583181,0.027336934444457374,0.00279577522728211,0.08230151556902726,0.4312267657992565,0.6133828996282528,0.7940320684494028,0.8213690028938601,ALL
128,real_domain_rank,547.0,547.0,0.9872029250457038,0.42413162705667273,0.024366151050443458,0.0013869382407274977,0.06775000000000017,0.46111111111111114,0.6277777777777778,0.7968095083025334,0.821175659352977,ALL
256,baseline_stats,547.0,547.0,0.9945155393053017,0.4113345521023766,0.023843220477371894,0.002471448446954183,0.06879946841474104,0.4411764705882353,0.6194852941176471,0.7968278585364779,0.8206710790138497,ALL
256,real_domain_rank,547.0,547.0,0.9926873857404022,0.42230347349177333,0.022786310969368125,0.00128928367357517,0.0642315789473685,0.4585635359116022,0.6390423572744015,0.7974187355748489,0.8202050465442169,ALL
271,baseline_stats,547.0,547.0,0.9908592321755028,0.4040219378427788,0.022787854611655774,0.0019999999999999463,0.06917074510466714,0.4446494464944649,0.6291512915129152,0.7973272037739798,0.8201150583856355,ALL
271,real_domain_rank,547.0,547.0,0.9945155393053017,0.39853747714808047,0.022737706167380228,0.002108224809676429,0.06283121597096189,0.4375,0.6158088235294118,0.7973185652388963,0.8200562714062767,ALL
314,baseline_stats,547.0,547.0,0.9926873857404022,0.39488117001828155,0.026983974603762482,0.0029999999999998916,0.08217914010421212,0.42357274401473294,0.6077348066298343,0.7930735738983828,0.8200575485021454,ALL
314,real_domain_rank,547.0,547.0,0.9945155393053017,0.4149908592321755,0.0243346650717316,0.0020000000000000018,0.06659832237979936,0.45036764705882354,0.6176470588235294,0.7959138122695011,0.8202484773412325,ALL
500,baseline_stats,547.0,547.0,0.9908592321755028,0.4040219378427788,0.02690679256818423,0.0022687663957499105,0.08069480573160644,0.43911439114391143,0.6346863468634686,0.7933139942643043,0.8202207868324886,ALL
500,real_domain_rank,547.0,547.0,0.9926873857404022,0.42047531992687387,0.02556518816299776,0.001975917553393991,0.06518077838185768,0.45119705340699817,0.6261510128913443,0.7947410447688256,0.8203062329318234,ALL
640,baseline_stats,547.0,547.0,0.9908592321755028,0.4113345521023766,0.02383099879713398,0.0019999999999999463,0.0737037213190363,0.4483394833948339,0.6273062730627307,0.7971375414919157,0.8209685402890496,ALL
640,real_domain_rank,547.0,547.0,0.9926873857404022,0.4149908592321755,0.023797873111349087,0.0019999999999998908,0.06743710365502142,0.4530386740331492,0.6187845303867403,0.7969510160698038,0.820748889181153,ALL
777,baseline_stats,547.0,547.0,0.9872029250457038,0.4186471663619744,0.02596772047428755,0.001914634146341354,0.08010741626794271,0.45740740740740743,0.6277777777777778,0.7936021778941172,0.8195698983684048,ALL
777,real_domain_rank,547.0,547.0,0.9945155393053017,0.4405850091407678,0.023776511628168157,0.0006708092077388761,0.06870512389727303,0.47610294117647056,0.6341911764705882,0.7961556515793204,0.8199321632074886,ALL
808,baseline_stats,547.0,547.0,0.9926873857404022,0.3912248628884826,0.02746794484697998,0.0026864983281448263,0.08813333333333327,0.42173112338858193,0.6077348066298343,0.7938708153461578,0.8213387601931379,ALL
808,real_domain_rank,547.0,547.0,0.9908592321755028,0.40219378427787933,0.026016961811173075,0.0021337073398784434,0.07599999999999996,0.4354243542435424,0.6217712177121771,0.7952289083825805,0.8212458701937536,ALL
911,baseline_stats,547.0,547.0,0.9908592321755028,0.4149908592321755,0.02339024631849387,0.0018264227342206785,0.06447982787614571,0.45387453874538747,0.6309963099630996,0.7980027254257213,0.8213929717442151,ALL
911,real_domain_rank,547.0,547.0,0.9963436928702011,0.42413162705667273,0.023281883936169246,0.0018292682926828174,0.06737420731004275,0.45871559633027525,0.6293577981651376,0.7968691193388286,0.8201510032749978,ALL
1000,baseline_stats,547.0,547.0,0.9872029250457038,0.42778793418647165,0.02356986079652534,0.0013264929901315448,0.06740260479255905,0.4666666666666667,0.6333333333333333,0.7970818998611335,0.820651760657659,ALL
1000,real_domain_rank,547.0,547.0,0.9890310786106032,0.4259597806215722,0.02396131052661803,0.00128928367357517,0.0675,0.4676524953789279,0.6303142329020333,0.7968704797504753,0.8208317902770931,ALL
1234,baseline_stats,547.0,547.0,0.9890310786106032,0.37477148080438755,0.026383181091662274,0.0041999999999999815,0.08650000000000002,0.41035120147874304,0.600739371534196,0.7944877075499935,0.8208708886416559,ALL
1234,real_domain_rank,547.0,547.0,0.9908592321755028,0.38939670932358317,0.025446811697946464,0.003264423076923151,0.06917074510466714,0.4261992619926199,0.6033210332103321,0.7955178301747384,0.8209646418726848,ALL
2024,baseline_stats,547.0,547.0,0.9890310786106032,0.42413162705667273,0.024281272535596424,0.0014564992903521867,0.06450000000000009,0.4584103512014787,0.6377079482439926,0.7972176821445885,0.821498954680185,ALL
2024,real_domain_rank,547.0,547.0,0.9872029250457038,0.4369287020109689,0.02375192390456977,0.0006708092077388761,0.06018851568014508,0.4722222222222222,0.6555555555555556,0.7975018630650711,0.8212537869696409,ALL
2025,baseline_stats,547.0,547.0,0.9890310786106032,0.40950639853747717,0.024782985315149688,0.001975917553393991,0.08217914010421212,0.44731977818853974,0.6266173752310537,0.7960422017596703,0.8208251870748201,ALL
2025,real_domain_rank,547.0,547.0,0.9963436928702011,0.4424131627056673,0.02129303750151493,0.0006472491909383926,0.06557446885980092,0.47706422018348627,0.6568807339449542,0.7988568766547778,0.8201499141562928,ALL
2222,baseline_stats,547.0,547.0,0.9890310786106032,0.36380255941499084,0.02730793300764846,0.003731343283582045,0.08780487804878057,0.4048059149722736,0.6044362292051756,0.7931934017920567,0.8205013347997052,ALL
2222,real_domain_rank,547.0,547.0,0.9890310786106032,0.37842778793418647,0.027311657887015364,0.0029999999999998916,0.08006379585326967,0.4177449168207024,0.5951940850277264,0.7936607912139201,0.8209724491009354,ALL
4096,baseline_stats,547.0,547.0,0.9890310786106032,0.39853747714808047,0.02688688538906799,0.002216449619352856,0.08050000000000002,0.43068391866913125,0.6118299445471349,0.7936956749848073,0.8205825603738751,ALL
4096,real_domain_rank,547.0,547.0,0.9890310786106032,0.40950639853747717,0.024588302795956536,0.002000000000000113,0.07599999999999996,0.4454713493530499,0.6303142329020333,0.7956490368623351,0.8202373396582916,ALL
7777,baseline_stats,547.0,547.0,0.9890310786106032,0.42778793418647165,0.025191132082342367,0.0014116693496638577,0.07599999999999996,0.4676524953789279,0.6247689463955638,0.7956554234329463,0.8208465555152886,ALL
7777,real_domain_rank,547.0,547.0,0.9926873857404022,0.44972577696526506,0.024589034638865363,0.0007954046410315607,0.06855530135516852,0.47697974217311234,0.6427255985267035,0.7967204976855271,0.8213095323243926,ALL
9001,baseline_stats,547.0,547.0,0.9890310786106032,0.38391224862888484,0.02836452271110429,0.0029999999999998916,0.07828868578632198,0.4214417744916821,0.6044362292051756,0.7926079263898312,0.8209724491009354,ALL
9001,real_domain_rank,547.0,547.0,0.9908592321755028,0.37842778793418647,0.02835548115362176,0.0029084507042252405,0.07954129429149982,0.42066420664206644,0.5996309963099631,0.7927094386503841,0.8210649198040059,ALL
12345,baseline_stats,547.0,547.0,0.9926873857404022,0.4040219378427788,0.024249100090957387,0.0027777777777777124,0.07579999999999999,0.43830570902394106,0.6151012891344383,0.7959609308204125,0.8202100309113698,ALL
12345,real_domain_rank,547.0,547.0,0.9963436928702011,0.4369287020109689,0.022191574455538064,0.001073505412369835,0.06387232231522202,0.47339449541284406,0.6330275229357798,0.7983301472968269,0.8205217217523649,ALL
1,baseline_stats,143.0,143.0,0.958041958041958,0.46853146853146854,0.020740068388700992,0.0,0.0562,0.5109489051094891,0.6715328467153284,0.7957572376361821,0.8164973060248832,biology
1,baseline_stats,40.0,40.0,1.0,0.375,0.031300776534629204,0.0017058346748319297,0.08927462762483326,0.4,0.625,0.8078791319934668,0.839179908528096,education
1,baseline_stats,60.0,60.0,1.0,0.36666666666666664,0.04777589383859542,0.006594168027203362,0.1684517969195664,0.38333333333333336,0.5333333333333333,0.6864278026385886,0.734203696477184,finance
1,baseline_stats,48.0,48.0,0.9791666666666666,0.2916666666666667,0.01931035961252888,0.00897694359756085,0.04332522474881007,0.3617021276595745,0.5106382978723404,0.7941463355053984,0.8134566951179273,health
1,baseline_stats,35.0,35.0,0.9714285714285714,0.42857142857142855,0.019478576051990954,0.0018422070686609088,0.06947345002100046,0.4411764705882353,0.6176470588235294,0.8495752402302181,0.8690538162822091,image
1,baseline_stats,164.0,164.0,1.0,0.35365853658536583,0.02683162637780208,0.004534119389382418,0.08726341463414641,0.3902439024390244,0.5609756097560976,0.8241069631968793,0.8509385895746814,other
1,baseline_stats,16.0,16.0,1.0,0.4375,0.021967062202084133,0.003692722371967716,0.07438380304199699,0.5,0.6875,0.8494359314476434,0.8714029936497274,sensor_signal
1,baseline_stats,26.0,26.0,0.8846153846153846,0.2692307692307692,0.02190767718358339,0.005183389143825767,0.048620244472358444,0.34782608695652173,0.6086956521739131,0.7345318018869975,0.7564394790705811,social
1,baseline_stats,15.0,15.0,1.0,0.26666666666666666,0.03159615250338286,0.01333784110924685,0.10985517058269084,0.3333333333333333,0.4666666666666667,0.7680350806853603,0.7996312331887431,text
1,real_domain_rank,143.0,143.0,0.965034965034965,0.46153846153846156,0.021307803407983588,8.34028356966332e-06,0.05712746478873231,0.5,0.6666666666666666,0.7941210438775889,0.8154288472855725,biology
1,real_domain_rank,40.0,40.0,1.0,0.375,0.028968618064693474,0.0012425873810168464,0.08176922221942776,0.425,0.65,0.8102112904634027,0.839179908528096,education
1,real_domain_rank,60.0,60.0,1.0,0.4666666666666667,0.041284901161671814,0.0010351123595504497,0.16280889903023404,0.48333333333333334,0.6166666666666667,0.692918795315512,0.734203696477184,finance
1,real_domain_rank,48.0,48.0,0.9791666666666666,0.22916666666666666,0.021740527753431597,0.011111111111111183,0.05825151416659784,0.2978723404255319,0.46808510638297873,0.7917161673644956,0.8134566951179273,health
1,real_domain_rank,35.0,35.0,0.9714285714285714,0.45714285714285713,0.016530730329039418,9.090909090897492e-05,0.048091131263759614,0.5,0.7058823529411765,0.8525230859531697,0.8690538162822091,image
1,real_domain_rank,164.0,164.0,1.0,0.34146341463414637,0.02991764672996859,0.004522925359531693,0.08987602952602937,0.3902439024390244,0.5670731707317073,0.821020942844713,0.8509385895746814,other
1,real_domain_rank,16.0,16.0,1.0,0.4375,0.025646348160264832,0.003692722371967716,0.09203610604718998,0.5,0.625,0.8457566454894627,0.8714029936497274,sensor_signal
1,real_domain_rank,26.0,26.0,0.9615384615384616,0.3076923076923077,0.028528706969304894,0.006818181818181834,0.06521383006977803,0.36,0.52,0.7333866940837065,0.7619154010530113,social
1,real_domain_rank,15.0,15.0,1.0,0.3333333333333333,0.02912346512082801,0.0009259259259256636,0.10985517058269084,0.4,0.6,0.7705077680679151,0.7996312331887431,text
3,baseline_stats,143.0,143.0,0.972027972027972,0.46153846153846156,0.02109118670487514,1.668056713932664e-05,0.0561,0.49640287769784175,0.6690647482014388,0.7948522897577348,0.81594347646261,biology
3,baseline_stats,40.0,40.0,1.0,0.35,0.039439340200190985,0.0044186905531442555,0.1049784138858408,0.4,0.575,0.799740568327905,0.839179908528096,education
3,baseline_stats,60.0,60.0,1.0,0.6166666666666667,0.027450108701094524,0.0,0.09801177411614155,0.6333333333333333,0.7166666666666667,0.7067535877760894,0.7342036964771839,finance
3,baseline_stats,48.0,48.0,1.0,0.22916666666666666,0.026090349746170253,0.01386820554924001,0.06773121654455479,0.25,0.4166666666666667,0.7899859975568003,0.8160763473029705,health
3,baseline_stats,35.0,35.0,0.9714285714285714,0.37142857142857144,0.021688663958675036,0.0008870829112003209,0.0819799720540289,0.4411764705882353,0.6764705882352942,0.847365152323534,0.8690538162822091,image
3,baseline_stats,164.0,164.0,1.0,0.3780487804878049,0.03072796293671275,0.004249989520393127,0.0837801450452892,0.4146341463414634,0.5853658536585366,0.820210626637969,0.8509385895746814,other
3,baseline_stats,16.0,16.0,1.0,0.375,0.023991588869462347,0.006376108811135872,0.0812879699429932,0.4375,0.6875,0.8474114047802652,0.8714029936497275,sensor_signal
3,baseline_stats,26.0,26.0,0.9615384615384616,0.3076923076923077,0.01863732378697237,0.007999999999999896,0.05772091161626385,0.32,0.6,0.7432780772660389,0.7619154010530115,social
3,baseline_stats,15.0,15.0,1.0,0.4,0.02604976959729444,0.00042283298097256505,0.10985517058269084,0.4666666666666667,0.6666666666666666,0.7735814635914487,0.7996312331887432,text
3,real_domain_rank,143.0,143.0,0.972027972027972,0.44755244755244755,0.02171072555573794,4.389815627725557e-05,0.0561,0.4892086330935252,0.6618705035971223,0.7948241493134518,0.8165348748691899,biology
3,real_domain_rank,40.0,40.0,1.0,0.4,0.030230929458079193,0.0007827118717716464,0.07835000000000016,0.45,0.65,0.8089489790700167,0.839179908528096,education
3,real_domain_rank,60.0,60.0,1.0,0.6833333333333333,0.014111374173606655,0.0,0.024770638118261024,0.7,0.8333333333333334,0.7200923223035773,0.7342036964771839,finance
3,real_domain_rank,48.0,48.0,1.0,0.20833333333333334,0.027143767839454283,0.013928571428571512,0.06773121654455479,0.22916666666666666,0.3958333333333333,0.7889325794635162,0.8160763473029705,health
3,real_domain_rank,35.0,35.0,0.9714285714285714,0.5428571428571428,0.009752532229134333,0.0,0.03246653307838502,0.6176470588235294,0.8235294117647058,0.8593012840530747,0.8690538162822091,image
3,real_domain_rank,164.0,164.0,1.0,0.4146341463414634,0.031096171399692642,0.0016599117478964809,0.08840813008130077,0.4573170731707317,0.6036585365853658,0.819842418174989,0.8509385895746814,other
3,real_domain_rank,16.0,16.0,1.0,0.375,0.02477805844495828,0.007494540753712087,0.0812879699429932,0.4375,0.625,0.8466249352047692,0.8714029936497275,sensor_signal
3,real_domain_rank,26.0,26.0,0.9615384615384616,0.3076923076923077,0.020173873388515808,0.009049648854132508,0.05772091161626385,0.32,0.52,0.7417415276644956,0.7619154010530115,social
3,real_domain_rank,15.0,15.0,1.0,0.3333333333333333,0.026938959004577562,0.0009259259259256636,0.10985517058269084,0.4,0.6,0.7726922741841656,0.7996312331887432,text
5,baseline_stats,143.0,143.0,0.986013986013986,0.46153846153846156,0.02252085736682859,4.389815627725557e-05,0.05708050816371946,0.48936170212765956,0.6595744680851063,0.7879690678810302,0.8104899252478586,biology
5,baseline_stats,40.0,40.0,1.0,0.225,0.03566405267502017,0.009581081081080967,0.08138334027881546,0.275,0.5,0.8035158558530757,0.8391799085280958,education
5,baseline_stats,60.0,60.0,1.0,0.6166666666666667,0.021822496935094474,0.0,0.08252333333333346,0.6333333333333333,0.7666666666666667,0.7123811995420896,0.734203696477184,finance
5,baseline_stats,48.0,48.0,0.9791666666666666,0.3125,0.019683146538895916,0.009783183500793213,0.04153826866420118,0.3617021276595745,0.5106382978723404,0.7937735485790316,0.8134566951179273,health
5,baseline_stats,35.0,35.0,0.9714285714285714,0.42857142857142855,0.03761906483410333,0.0018422070686609088,0.09946470468372492,0.4411764705882353,0.5882352941176471,0.8314347514481059,0.869053816282209,image
5,baseline_stats,164.0,164.0,1.0,0.3719512195121951,0.02681326623682472,0.0029068863383932553,0.06199919862351813,0.42073170731707316,0.6097560975609756,0.8241253233378567,0.8509385895746815,other
5,baseline_stats,16.0,16.0,1.0,0.5,0.01753381032345323,0.0,0.03807177298499015,0.5625,0.625,0.8538691833262743,0.8714029936497275,sensor_signal
5,baseline_stats,26.0,26.0,0.9615384615384616,0.2692307692307692,0.023493131746680055,0.007999999999999896,0.061573830069778096,0.32,0.56,0.7384222693063314,0.7619154010530115,social
5,baseline_stats,15.0,15.0,1.0,0.4,0.02604976959729444,0.00042283298097256505,0.10985517058269084,0.4666666666666667,0.6666666666666666,0.7735814635914487,0.7996312331887432,text
5,real_domain_rank,143.0,143.0,0.986013986013986,0.4755244755244755,0.019874073327617876,0.0,0.055999999999999994,0.5106382978723404,0.6879432624113475,0.7926359903484249,0.8125100636760428,biology
5,real_domain_rank,40.0,40.0,1.0,0.225,0.03101295809230603,0.004106419895893554,0.07084459459459465,0.275,0.575,0.8081669504357899,0.8391799085280958,education
5,real_domain_rank,60.0,60.0,1.0,0.6833333333333333,0.01295961385611811,0.0,0.03185574306434894,0.7,0.85,0.7212440826210659,0.734203696477184,finance
5,real_domain_rank,48.0,48.0,0.9791666666666666,0.3125,0.026274344239479205,0.009783183500793213,0.07714985382692399,0.3617021276595745,0.5106382978723404,0.7871823508784481,0.8134566951179273,health
5,real_domain_rank,35.0,35.0,0.9714285714285714,0.45714285714285713,0.036572312781140516,0.0,0.09946470468372492,0.5294117647058824,0.6470588235294118,0.8324815035010686,0.869053816282209,image
5,real_domain_rank,164.0,164.0,1.0,0.3719512195121951,0.025550710155443204,0.003285714285714225,0.06276144907723855,0.4146341463414634,0.6036585365853658,0.8253878794192383,0.8509385895746815,other
5,real_domain_rank,16.0,16.0,1.0,0.375,0.022353247977269234,0.0013573904451296692,0.08222578710644685,0.4375,0.6875,0.8490497456724583,0.8714029936497275,sensor_signal
5,real_domain_rank,26.0,26.0,0.9615384615384616,0.34615384615384615,0.02356485657399994,0.007499999999999951,0.06393474168604195,0.36,0.6,0.7383505444790114,0.7619154010530115,social
5,real_domain_rank,15.0,15.0,1.0,0.4,0.018377162014707536,0.00042283298097256505,0.06435663660617205,0.4666666666666667,0.6666666666666666,0.7812540711740358,0.7996312331887432,text
7,baseline_stats,143.0,143.0,0.986013986013986,0.48951048951048953,0.01802862880602146,0.0,0.041000000000000036,0.524822695035461,0.6879432624113475,0.7969122859338511,0.8149409147398726,biology
7,baseline_stats,40.0,40.0,1.0,0.3,0.036153534742039514,0.006588599878073476,0.08138334027881546,0.325,0.525,0.8030263737860566,0.839179908528096,education
7,baseline_stats,60.0,60.0,1.0,0.43333333333333335,0.046244026755052244,0.0028201321907212473,0.1684517969195664,0.45,0.5833333333333334,0.6879596697221316,0.7342036964771841,finance
7,baseline_stats,48.0,48.0,0.9791666666666666,0.22916666666666666,0.01750683507947931,0.010163934426229426,0.043255876080821445,0.2765957446808511,0.48936170212765956,0.7959498600384479,0.8134566951179273,health
7,baseline_stats,35.0,35.0,0.9714285714285714,0.34285714285714286,0.025760701979427127,0.0018422070686609088,0.10352100669103559,0.4117647058823529,0.6176470588235294,0.843293114302782,0.8690538162822092,image
7,baseline_stats,164.0,164.0,1.0,0.3719512195121951,0.02725099060071003,0.003192600624107478,0.08833182776272216,0.40853658536585363,0.5975609756097561,0.8236875989739717,0.8509385895746815,other
7,baseline_stats,16.0,16.0,1.0,0.5625,0.01266908682183451,0.0,0.020257002113600375,0.625,0.8125,0.858733906827893,0.8714029936497275,sensor_signal
7,baseline_stats,26.0,26.0,0.9615384615384616,0.34615384615384615,0.020254381095989184,0.007999999999999896,0.059635006462731524,0.36,0.56,0.741661019957022,0.7619154010530115,social
7,baseline_stats,15.0,15.0,1.0,0.3333333333333333,0.020191976829522347,0.0009259259259256636,0.0656999671484064,0.4,0.6,0.7794392563592207,0.7996312331887433,text
7,real_domain_rank,143.0,143.0,0.993006993006993,0.4965034965034965,0.019546806988904965,0.0,0.05645,0.528169014084507,0.6901408450704225,0.7919529745485744,0.811499781537479,biology
7,real_domain_rank,40.0,40.0,1.0,0.4,0.029444265064669663,0.0007827118717716464,0.08927462762483326,0.45,0.675,0.8097356434634264,0.839179908528096,education
7,real_domain_rank,60.0,60.0,1.0,0.6333333333333333,0.022067320744589784,0.0,0.09105364741641342,0.65,0.7833333333333333,0.7121363757325943,0.7342036964771841,finance
7,real_domain_rank,48.0,48.0,0.9791666666666666,0.20833333333333334,0.019314070202741524,0.010163934426229426,0.03404122255066288,0.2553191489361702,0.48936170212765956,0.7941426249151858,0.8134566951179273,health
7,real_domain_rank,35.0,35.0,0.9714285714285714,0.4,0.019590113744133008,0.0002688450339694559,0.050889901888153,0.47058823529411764,0.6764705882352942,0.849463702538076,0.8690538162822092,image
7,real_domain_rank,164.0,164.0,1.0,0.36585365853658536,0.03538176985863405,0.004249989520393127,0.10111421989564819,0.4024390243902439,0.573170731707317,0.8155568197160474,0.8509385895746815,other
7,real_domain_rank,16.0,16.0,1.0,0.4375,0.021967062202084133,0.003692722371967716,0.07438380304199699,0.5,0.6875,0.8494359314476434,0.8714029936497275,sensor_signal
7,real_domain_rank,26.0,26.0,0.9615384615384616,0.23076923076923078,0.018695854392586357,0.009049648854132508,0.05772091161626385,0.24,0.56,0.743219546660425,0.7619154010530115,social
7,real_domain_rank,15.0,15.0,1.0,0.3333333333333333,0.013041162536839698,0.0009259259259256636,0.025878891679987803,0.4,0.6,0.7865900706519035,0.7996312331887433,text
11,baseline_stats,143.0,143.0,0.986013986013986,0.43356643356643354,0.023946498653349458,0.0006708092077388761,0.05708050816371946,0.46808510638297873,0.6595744680851063,0.7919335208266276,0.8158800194799769,biology
11,baseline_stats,40.0,40.0,1.0,0.4,0.027860543173647133,0.0007827118717716464,0.06601384751387045,0.475,0.65,0.8113193653544488,0.839179908528096,education
11,baseline_stats,60.0,60.0,1.0,0.6833333333333333,0.01686480978881616,0.0,0.03451374306434898,0.7,0.8,0.7173388866883678,0.734203696477184,finance
11,baseline_stats,48.0,48.0,0.9791666666666666,0.20833333333333334,0.024583972290394083,0.01297852474323069,0.059353370503826226,0.23404255319148937,0.425531914893617,0.7888727228275334,0.8134566951179273,health
11,baseline_stats,35.0,35.0,0.9714285714285714,0.4857142857142857,0.02273926041706893,0.0,0.0953229166666667,0.5294117647058824,0.6470588235294118,0.8463145558651402,0.8690538162822092,image
11,baseline_stats,164.0,164.0,0.9939024390243902,0.34146341463414637,0.032284698503981024,0.006315789473684386,0.09004879564879546,0.3803680981595092,0.558282208588957,0.818477831107132,0.850762529611113,other
11,baseline_stats,16.0,16.0,0.9375,0.3125,0.018134168179074272,0.007603636763488741,0.03945260636518939,0.4,0.6,0.8956445351800186,0.913778703359093,sensor_signal
11,baseline_stats,26.0,26.0,0.9615384615384616,0.5384615384615384,0.010153919501647775,0.0,0.041680975475337625,0.56,0.72,0.7540299314913638,0.7641838509930117,social
11,baseline_stats,15.0,15.0,1.0,0.26666666666666666,0.02822251835424629,0.0028169014084508115,0.10985517058269084,0.3333333333333333,0.6,0.7714087148344968,0.7996312331887431,text
11,real_domain_rank,143.0,143.0,0.986013986013986,0.4195804195804196,0.02373995714516952,0.0024390243902440156,0.06750000000000012,0.45390070921985815,0.6382978723404256,0.7921400623348075,0.8158800194799769,biology
11,real_domain_rank,40.0,40.0,1.0,0.325,0.03551720415205335,0.006642305570876861,0.10222650510008462,0.375,0.55,0.8036627043760426,0.839179908528096,education
11,real_domain_rank,60.0,60.0,1.0,0.6833333333333333,0.01432410652536194,0.0,0.024770638118261024,0.7,0.8166666666666667,0.719879589951822,0.734203696477184,finance
11,real_domain_rank,48.0,48.0,0.9791666666666666,0.22916666666666666,0.026733399517247913,0.011111111111111183,0.07166123267565223,0.2553191489361702,0.44680851063829785,0.7867232956006794,0.8134566951179273,health
11,real_domain_rank,35.0,35.0,0.9714285714285714,0.42857142857142855,0.022428966589915923,0.0008870829112003209,0.0784898911353033,0.47058823529411764,0.6176470588235294,0.8466248496922931,0.8690538162822092,image
11,real_domain_rank,164.0,164.0,0.9939024390243902,0.38414634146341464,0.029465491301102202,0.004210526315789442,0.08796097560975609,0.4233128834355828,0.5828220858895705,0.8212970383100108,0.850762529611113,other
11,real_domain_rank,16.0,16.0,0.9375,0.4375,0.014144436320810912,0.0,0.02772605090676816,0.5333333333333333,0.6666666666666666,0.8996342670382821,0.913778703359093,sensor_signal
11,real_domain_rank,26.0,26.0,0.9615384615384616,0.38461538461538464,0.014706856760654273,0.0024999999999999467,0.053441367424395855,0.44,0.64,0.7494769942323575,0.7641838509930117,social
11,real_domain_rank,15.0,15.0,1.0,0.26666666666666666,0.028753773819392373,0.003564384333614834,0.10985517058269084,0.3333333333333333,0.5333333333333333,0.7708774593693507,0.7996312331887431,text
13,baseline_stats,143.0,143.0,0.965034965034965,0.45454545454545453,0.020606735797609514,3.0289361708291107e-05,0.057506355714603614,0.4927536231884058,0.6594202898550725,0.7949328155679224,0.8155395513655319,biology
13,baseline_stats,40.0,40.0,1.0,0.375,0.028605652217899114,0.0020633007381803403,0.06601384751387045,0.425,0.625,0.8105742563101968,0.8391799085280958,education
13,baseline_stats,60.0,60.0,1.0,0.48333333333333334,0.043050001910366814,3.511235955050429e-05,0.1684517969195664,0.5,0.65,0.6911536945668172,0.734203696477184,finance
13,baseline_stats,48.0,48.0,0.9791666666666666,0.2708333333333333,0.02559750467969366,0.013807839669908506,0.059353370503826226,0.2978723404255319,0.425531914893617,0.7878591904382337,0.8134566951179273,health
13,baseline_stats,35.0,35.0,0.9714285714285714,0.45714285714285713,0.01583645330736004,9.090909090897492e-05,0.03936878787878799,0.5,0.6764705882352942,0.8532173629748491,0.869053816282209,image
13,baseline_stats,164.0,164.0,1.0,0.3719512195121951,0.02915199693229638,0.004522925359531693,0.08421913875598097,0.40853658536585363,0.5670731707317073,0.8217865926423852,0.8509385895746814,other
13,baseline_stats,16.0,16.0,0.9375,0.4375,0.011027642238022328,0.0,0.02772605090676816,0.5333333333333333,0.6666666666666666,0.9027510611210706,0.9137787033590928,sensor_signal
13,baseline_stats,26.0,26.0,0.9615384615384616,0.4230769230769231,0.021351710176798516,0.003731343283582045,0.06521383006977803,0.44,0.64,0.7405636908762129,0.7619154010530115,social
13,baseline_stats,15.0,15.0,1.0,0.26666666666666666,0.03246557026227503,0.01333784110924685,0.1135968917485086,0.3333333333333333,0.4666666666666667,0.767165662926468,0.799631233188743,text
13,real_domain_rank,143.0,143.0,0.9790209790209791,0.46853146853146854,0.02229859486460204,0.0,0.05936855182751074,0.5071428571428571,0.6714285714285714,0.7936843978376983,0.8159829927023003,biology
13,real_domain_rank,40.0,40.0,1.0,0.375,0.03363637266232393,0.003590660990965888,0.08927462762483326,0.425,0.6,0.8055435358657721,0.8391799085280958,education
13,real_domain_rank,60.0,60.0,1.0,0.5666666666666667,0.03338612439610502,0.0,0.16288648031945252,0.5833333333333334,0.7333333333333333,0.700817572081079,0.734203696477184,finance
13,real_domain_rank,48.0,48.0,1.0,0.3125,0.027733442632174938,0.011016495948002802,0.07290642250356685,0.3333333333333333,0.4583333333333333,0.7883429046707956,0.8160763473029705,health
13,real_domain_rank,35.0,35.0,0.9714285714285714,0.4857142857142857,0.017841339068588744,0.0,0.07494805194805201,0.5588235294117647,0.7352941176470589,0.8512124772136203,0.869053816282209,image
13,real_domain_rank,164.0,164.0,1.0,0.35365853658536583,0.028647917594495382,0.0046566037519985,0.08421913875598097,0.39634146341463417,0.5487804878048781,0.8222906719801862,0.8509385895746814,other
13,real_domain_rank,16.0,16.0,1.0,0.4375,0.01314941084102008,0.003692722371967716,0.03807177298499015,0.5,0.625,0.8582535828087074,0.8714029936497275,sensor_signal
13,real_domain_rank,26.0,26.0,0.9615384615384616,0.3076923076923077,0.02128440989841087,0.006818181818181834,0.058399999999999966,0.36,0.6,0.7406309911546005,0.7619154010530115,social
13,real_domain_rank,15.0,15.0,1.0,0.4,0.028935671693597953,0.00042283298097256505,0.10985517058269084,0.4666666666666667,0.6,0.7706955614951451,0.799631233188743,text
17,baseline_stats,143.0,143.0,0.986013986013986,0.48951048951048953,0.021443395416694246,0.0,0.056499999999999995,0.524822695035461,0.6808510638297872,0.7890465298311644,0.8104899252478586,biology
17,baseline_stats,40.0,40.0,1.0,0.5,0.03534634247609049,0.0,0.17939999999999998,0.525,0.675,0.8038335660520055,0.839179908528096,education
17,baseline_stats,60.0,60.0,1.0,0.6333333333333333,0.017235932783788536,0.0,0.04847700039984012,0.65,0.7833333333333333,0.7169677636933953,0.7342036964771839,finance
17,baseline_stats,48.0,48.0,1.0,0.3125,0.02072913934489659,0.009570439011895138,0.058920880688556346,0.3333333333333333,0.5,0.7953472079580738,0.8160763473029705,health
17,baseline_stats,35.0,35.0,0.9714285714285714,0.5142857142857142,0.017173747410956904,0.0,0.07301528920825173,0.5882352941176471,0.7352941176470589,0.8518800688712522,0.8690538162822091,image
17,baseline_stats,164.0,164.0,1.0,0.3597560975609756,0.02705188912321253,0.004488805970149112,0.07803082105439715,0.40853658536585363,0.5670731707317073,0.8238867004514692,0.8509385895746814,other
17,baseline_stats,16.0,16.0,1.0,0.3125,0.025654647572219292,0.006376108811135872,0.08222578710644685,0.375,0.6875,0.8457483460775083,0.8714029936497275,sensor_signal
17,baseline_stats,26.0,26.0,0.9230769230769231,0.34615384615384615,0.021257753965287948,0.0058656716417909704,0.058040683712197866,0.4166666666666667,0.5833333333333334,0.738471608728887,0.7597293626941748,social
17,baseline_stats,15.0,15.0,1.0,0.3333333333333333,0.020191976829522347,0.0009259259259256636,0.0656999671484064,0.4,0.6,0.7794392563592208,0.799631233188743,text
17,real_domain_rank,143.0,143.0,0.993006993006993,0.4825174825174825,0.02139801200449367,0.0,0.05702245734734751,0.5140845070422535,0.6830985915492958,0.7901017695329856,0.811499781537479,biology
17,real_domain_rank,40.0,40.0,1.0,0.4,0.040804081311122384,0.0012425873810168464,0.17939999999999998,0.45,0.6,0.7983758272169736,0.839179908528096,education
17,real_domain_rank,60.0,60.0,1.0,0.6166666666666667,0.015570654764219644,0.0,0.03185574306434894,0.6333333333333333,0.8,0.7186330417129643,0.7342036964771839,finance
17,real_domain_rank,48.0,48.0,1.0,0.3333333333333333,0.020097376727166008,0.008334625644934257,0.058159289002578475,0.3541666666666667,0.5208333333333334,0.7959789705758045,0.8160763473029705,health
17,real_domain_rank,35.0,35.0,0.9714285714285714,0.5428571428571428,0.00946529066509677,0.0,0.03246653307838502,0.6176470588235294,0.8235294117647058,0.8595885256171123,0.8690538162822091,image
17,real_domain_rank,164.0,164.0,1.0,0.3597560975609756,0.028608771170920217,0.0046879655432287,0.07803082105439715,0.4024390243902439,0.5365853658536586,0.8223298184037613,0.8509385895746814,other
17,real_domain_rank,16.0,16.0,1.0,0.375,0.020920282056477547,0.0013573904451296692,0.08222578710644685,0.4375,0.8125,0.8504827115932501,0.8714029936497275,sensor_signal
17,real_domain_rank,26.0,26.0,0.9230769230769231,0.34615384615384615,0.020161913084837838,0.0056500396064381175,0.058040683712197866,0.375,0.6666666666666666,0.739567449609337,0.7597293626941748,social
17,real_domain_rank,15.0,15.0,1.0,0.3333333333333333,0.02352202285187608,0.0009259259259256636,0.07621710812708588,0.4,0.5333333333333333,0.7761092103368671,0.799631233188743,text
42,baseline_stats,143.0,143.0,0.972027972027972,0.4405594405594406,0.021004057406065438,0.0006708092077388761,0.05520000000000004,0.4676258992805755,0.6402877697841727,0.7938768943702919,0.8148809517763573,biology
42,baseline_stats,40.0,40.0,1.0,0.375,0.03012554889502166,0.0020000000000000018,0.08927462762483326,0.425,0.675,0.8090543596330744,0.839179908528096,education
42,baseline_stats,60.0,60.0,1.0,0.4666666666666667,0.039766206673479715,0.00021807630090370234,0.14118425556189387,0.48333333333333334,0.6166666666666667,0.6944374898037042,0.734203696477184,finance
42,baseline_stats,48.0,48.0,1.0,0.3125,0.018525913760630577,0.009570439011895138,0.059486947087180234,0.3541666666666667,0.5,0.79755043354234,0.8160763473029705,health
42,baseline_stats,35.0,35.0,0.9714285714285714,0.45714285714285713,0.033532533036789824,9.090909090897492e-05,0.08441275663177686,0.5,0.6470588235294118,0.8355212832454193,0.8690538162822092,image
42,baseline_stats,164.0,164.0,1.0,0.39634146341463417,0.027089849251894352,0.003285714285714225,0.07854465709728888,0.4268292682926829,0.5975609756097561,0.8238487403227872,0.8509385895746814,other
42,baseline_stats,16.0,16.0,1.0,0.4375,0.021967062202084133,0.003692722371967716,0.07438380304199699,0.5,0.6875,0.8494359314476434,0.8714029936497274,sensor_signal
42,baseline_stats,26.0,26.0,0.9615384615384616,0.3076923076923077,0.01934646927553253,0.007999999999999896,0.06521383006977803,0.32,0.56,0.7425689317774788,0.7619154010530113,social
42,baseline_stats,15.0,15.0,1.0,0.26666666666666666,0.028300900183825084,0.003564384333614834,0.10985517058269084,0.3333333333333333,0.5333333333333333,0.7713303330049182,0.7996312331887431,text
42,real_domain_rank,143.0,143.0,0.986013986013986,0.45454545454545453,0.022301598317729623,4.389815627725557e-05,0.056499999999999995,0.48936170212765956,0.6595744680851063,0.7939680963996251,0.8162696947173547,biology
42,real_domain_rank,40.0,40.0,1.0,0.325,0.03193041730041481,0.0020000000000000018,0.08927462762483326,0.4,0.65,0.8072494912276811,0.839179908528096,education
42,real_domain_rank,60.0,60.0,1.0,0.5,0.0416448268323235,0.0,0.16280889903023404,0.5166666666666667,0.65,0.6925588696448605,0.734203696477184,finance
42,real_domain_rank,48.0,48.0,1.0,0.3125,0.024899999138030388,0.009570439011895138,0.07773024361259663,0.3541666666666667,0.5,0.7911763481649401,0.8160763473029705,health
42,real_domain_rank,35.0,35.0,0.9714285714285714,0.4857142857142857,0.03338871205205553,0.0,0.08721152725617025,0.5588235294117647,0.7058823529411765,0.8356651042301536,0.8690538162822092,image
42,real_domain_rank,164.0,164.0,1.0,0.3231707317073171,0.03261649690868474,0.007764705882352896,0.08726341463414641,0.3597560975609756,0.5304878048780488,0.8183220926659968,0.8509385895746814,other
42,real_domain_rank,16.0,16.0,1.0,0.4375,0.01742805844495828,0.003692722371967716,0.03807177298499015,0.5,0.6875,0.8539749352047692,0.8714029936497274,sensor_signal
42,real_domain_rank,26.0,26.0,0.9615384615384616,0.3076923076923077,0.020339156069919113,0.009049648854132508,0.05772091161626385,0.36,0.52,0.7415762449830923,0.7619154010530113,social
42,real_domain_rank,15.0,15.0,1.0,0.3333333333333333,0.019788144711894915,0.0009259259259256636,0.06435663660617205,0.4,0.6,0.7798430884768482,0.7996312331887431,text
55,baseline_stats,143.0,143.0,0.972027972027972,0.4755244755244755,0.02104310780928174,0.0,0.05736440653097557,0.5107913669064749,0.6906474820143885,0.7909767345536206,0.8120198423629023,biology
55,baseline_stats,40.0,40.0,1.0,0.275,0.0357842061291068,0.00400751879699246,0.1049784138858408,0.3,0.575,0.8033957023989892,0.8391799085280958,education
55,baseline_stats,60.0,60.0,1.0,0.6,0.021502136665802307,0.0,0.08405000000000004,0.6166666666666667,0.7833333333333333,0.7127015598113816,0.7342036964771839,finance
55,baseline_stats,48.0,48.0,1.0,0.2916666666666667,0.016839207898481295,0.009380063549177031,0.059486947087180234,0.3333333333333333,0.5208333333333334,0.7992371394044891,0.8160763473029705,health
55,baseline_stats,35.0,35.0,0.9714285714285714,0.37142857142857144,0.02447240998635344,0.0016186423683352547,0.0953229166666667,0.4411764705882353,0.6176470588235294,0.8445814062958555,0.8690538162822091,image
55,baseline_stats,164.0,164.0,1.0,0.3719512195121951,0.029011020630864942,0.004296198909486626,0.08421913875598097,0.4146341463414634,0.6097560975609756,0.8219275689438166,0.8509385895746815,other
55,baseline_stats,16.0,16.0,1.0,0.5625,0.013315583167130263,0.0,0.020257002113600375,0.625,0.75,0.8580874104825973,0.8714029936497275,sensor_signal
55,baseline_stats,26.0,26.0,0.9615384615384616,0.34615384615384615,0.019130367947253445,0.004481897394694401,0.05779999999999994,0.4,0.56,0.742785033105758,0.7619154010530115,social
55,baseline_stats,15.0,15.0,1.0,0.3333333333333333,0.039144756523329785,0.0028169014084508115,0.12593247407083855,0.3333333333333333,0.5333333333333333,0.7604864766654134,0.7996312331887431,text
55,real_domain_rank,143.0,143.0,0.9790209790209791,0.4965034965034965,0.01886579267022108,0.0,0.056049999999999996,0.5357142857142857,0.7285714285714285,0.7921328365329462,0.8109986292031672,biology
55,real_domain_rank,40.0,40.0,1.0,0.3,0.03837457635989226,0.006068743286788303,0.1049784138858408,0.35,0.55,0.8008053321682038,0.8391799085280958,education
55,real_domain_rank,60.0,60.0,1.0,0.6333333333333333,0.018662879722717275,0.0,0.08252333333333346,0.65,0.8,0.7155408167544665,0.7342036964771839,finance
55,real_domain_rank,48.0,48.0,1.0,0.3333333333333333,0.02149281914851603,0.007503640937375877,0.03878599711252096,0.375,0.5416666666666666,0.7945835281544543,0.8160763473029705,health
55,real_domain_rank,35.0,35.0,0.9714285714285714,0.37142857142857144,0.02539275299900333,0.0018422070686609088,0.10174595468372491,0.4411764705882353,0.6176470588235294,0.8436610632832058,0.8690538162822091,image
55,real_domain_rank,164.0,164.0,1.0,0.3719512195121951,0.031109294283959775,0.004390278517137414,0.08548255339012743,0.40853658536585363,0.5914634146341463,0.8198292952907217,0.8509385895746815,other
55,real_domain_rank,16.0,16.0,1.0,0.5,0.01997183316713026,0.0,0.06453185907046471,0.5625,0.6875,0.8514311604825973,0.8714029936497275,sensor_signal
55,real_domain_rank,26.0,26.0,0.9615384615384616,0.34615384615384615,0.015430593860874697,0.003731343283582045,0.05772091161626385,0.4,0.68,0.7464848071921366,0.7619154010530115,social
55,real_domain_rank,15.0,15.0,1.0,0.4666666666666667,0.028935671693597953,0.00042283298097256505,0.10985517058269084,0.4666666666666667,0.6,0.7706955614951452,0.7996312331887431,text
88,baseline_stats,143.0,143.0,0.972027972027972,0.4755244755244755,0.019089301172689494,0.0,0.05650784708249494,0.5179856115107914,0.697841726618705,0.7968541752899204,0.81594347646261,biology
88,baseline_stats,40.0,40.0,1.0,0.275,0.03753844238306066,0.006068743286788303,0.1049784138858408,0.3,0.6,0.8016414661450352,0.839179908528096,education
88,baseline_stats,60.0,60.0,1.0,0.6833333333333333,0.01599072053216277,0.0,0.035858000000000036,0.7,0.8166666666666667,0.7182129759450212,0.7342036964771839,finance
88,baseline_stats,48.0,48.0,0.9791666666666666,0.22916666666666666,0.028133026815369888,0.013928571428571512,0.06847646661899179,0.2553191489361702,0.40425531914893614,0.7853236683025577,0.8134566951179273,health
88,baseline_stats,35.0,35.0,0.9714285714285714,0.5142857142857142,0.028863302355269363,0.0,0.037709734271492164,0.5588235294117647,0.7352941176470589,0.8401905139269398,0.8690538162822092,image
88,baseline_stats,164.0,164.0,1.0,0.3475609756097561,0.03125318501714179,0.004488805970149112,0.0876785265049416,0.3902439024390244,0.6036585365853658,0.8196854045575398,0.8509385895746815,other
88,baseline_stats,16.0,16.0,1.0,0.4375,0.0342666399668454,0.0011605415860734825,0.12468765227190537,0.5,0.5625,0.8371363536828821,0.8714029936497274,sensor_signal
88,baseline_stats,26.0,26.0,0.9615384615384616,0.38461538461538464,0.015467670719128595,0.003731343283582045,0.053441367424395855,0.4,0.6,0.7483022361303714,0.7637699068495002,social
88,baseline_stats,15.0,15.0,1.0,0.4,0.018377162014707536,0.00042283298097256505,0.06435663660617205,0.4666666666666667,0.6666666666666666,0.7812540711740357,0.7996312331887432,text
88,real_domain_rank,143.0,143.0,0.972027972027972,0.4965034965034965,0.019629185887258996,0.0,0.05661610163274389,0.5323741007194245,0.7194244604316546,0.7923906564756432,0.8120198423629023,biology
88,real_domain_rank,40.0,40.0,1.0,0.275,0.04546958741073158,0.006642305570876861,0.17939999999999998,0.325,0.55,0.7937103211173643,0.839179908528096,education
88,real_domain_rank,60.0,60.0,1.0,0.6833333333333333,0.01633099532539748,0.0,0.035858000000000036,0.7,0.8333333333333334,0.7178727011517864,0.7342036964771839,finance
88,real_domain_rank,48.0,48.0,1.0,0.2916666666666667,0.02256117803836824,0.010542907605561924,0.059486947087180234,0.3333333333333333,0.4791666666666667,0.7935151692646022,0.8160763473029705,health
88,real_domain_rank,35.0,35.0,0.9714285714285714,0.5142857142857142,0.014052981022627678,0.0,0.03936878787878799,0.5588235294117647,0.7352941176470589,0.8550008352595814,0.8690538162822092,image
88,real_domain_rank,164.0,164.0,1.0,0.35365853658536583,0.03143822277698032,0.004534119389382418,0.08786666666666662,0.38414634146341464,0.5792682926829268,0.8195003667977011,0.8509385895746815,other
88,real_domain_rank,16.0,16.0,1.0,0.375,0.035946793963138504,0.0054864973204798995,0.12468765227190537,0.4375,0.5625,0.835456199686589,0.8714029936497274,sensor_signal
88,real_domain_rank,26.0,26.0,1.0,0.4230769230769231,0.017851498395690384,0.0031156716417909958,0.05952917205227626,0.4230769230769231,0.6538461538461539,0.748262986084709,0.7661144844803993,social
88,real_domain_rank,15.0,15.0,1.0,0.3333333333333333,0.020191976829522347,0.0009259259259256636,0.0656999671484064,0.4,0.6,0.7794392563592207,0.7996312331887432,text
99,baseline_stats,143.0,143.0,0.9790209790209791,0.45454545454545453,0.023532319430951024,0.0003455736736078241,0.05655805081637195,0.4857142857142857,0.6571428571428571,0.7913619179140687,0.8148942373450199,biology
99,baseline_stats,40.0,40.0,1.0,0.35,0.03229659060828629,0.0020633007381803403,0.09747300848043529,0.4,0.575,0.8068833179198098,0.839179908528096,education
99,baseline_stats,60.0,60.0,1.0,0.6,0.015568313225788026,0.0,0.03274665519472415,0.6166666666666667,0.7666666666666667,0.7186353832513959,0.7342036964771839,finance
99,baseline_stats,48.0,48.0,1.0,0.22916666666666666,0.024124325023703746,0.012459475390509844,0.06177192986981926,0.25,0.4375,0.7919520222792666,0.8160763473029705,health
99,baseline_stats,35.0,35.0,0.9714285714285714,0.42857142857142855,0.035620153824807974,0.0002688450339694559,0.09946470468372492,0.47058823529411764,0.6764705882352942,0.8334336624574011,0.8690538162822091,image
99,baseline_stats,164.0,164.0,1.0,0.35365853658536583,0.02630406059973071,0.004776330516462202,0.08726341463414641,0.4024390243902439,0.573170731707317,0.8246345289749508,0.8509385895746814,other
99,baseline_stats,16.0,16.0,0.9375,0.3125,0.010041308423037668,0.007385444743935432,0.02772605090676816,0.4,0.7333333333333333,0.9037373949360553,0.9137787033590928,sensor_signal
99,baseline_stats,26.0,26.0,0.9615384615384616,0.3076923076923077,0.014082161075472565,0.009049648854132508,0.03887120864457771,0.32,0.56,0.7501016899175391,0.7641838509930118,social
99,baseline_stats,15.0,15.0,1.0,0.3333333333333333,0.026938959004577562,0.0009259259259256636,0.10985517058269084,0.4,0.6,0.7726922741841656,0.7996312331887432,text
99,real_domain_rank,143.0,143.0,0.972027972027972,0.4755244755244755,0.021184454767621357,0.0,0.05661610163274389,0.5107913669064749,0.6906474820143885,0.7933012149334103,0.8144856697010316,biology
99,real_domain_rank,40.0,40.0,1.0,0.375,0.034385427142751016,0.00436498486034087,0.1049784138858408,0.4,0.6,0.8047944813853448,0.839179908528096,education
99,real_domain_rank,60.0,60.0,1.0,0.6166666666666667,0.013194944455057351,0.0,0.01760000000000007,0.6333333333333333,0.8166666666666667,0.7210087520221266,0.7342036964771839,finance
99,real_domain_rank,48.0,48.0,1.0,0.25,0.024641681802344887,0.010542907605561924,0.044465035280974716,0.2916666666666667,0.4791666666666667,0.7914346655006256,0.8160763473029705,health
99,real_domain_rank,35.0,35.0,0.9714285714285714,0.45714285714285713,0.018317929123982793,9.090909090897492e-05,0.050889901888153,0.5,0.6764705882352942,0.8507358871582262,0.8690538162822091,image
99,real_domain_rank,164.0,164.0,1.0,0.3597560975609756,0.026606381583663668,0.006847885534491477,0.08840813008130077,0.40853658536585363,0.5487804878048781,0.8243322079910179,0.8509385895746814,other
99,real_domain_rank,16.0,16.0,0.9375,0.375,0.012092971480361517,0.002321083172146965,0.0207183453190662,0.4666666666666667,0.8,0.9016857318787316,0.9137787033590928,sensor_signal
99,real_domain_rank,26.0,26.0,0.9615384615384616,0.34615384615384615,0.016553875779587904,0.004481897394694401,0.053441367424395855,0.4,0.56,0.7476299752134239,0.7641838509930118,social
99,real_domain_rank,15.0,15.0,1.0,0.4,0.018377162014707536,0.00042283298097256505,0.06435663660617205,0.4666666666666667,0.6666666666666666,0.7812540711740357,0.7996312331887432,text
123,baseline_stats,143.0,143.0,0.986013986013986,0.4755244755244755,0.018349986751389203,0.0,0.05434737208492857,0.5106382978723404,0.6879432624113475,0.7941600769246535,0.8125100636760427,biology
123,baseline_stats,40.0,40.0,1.0,0.35,0.039258965926474806,0.006068743286788303,0.08927462762483326,0.375,0.55,0.7999209426016212,0.839179908528096,education
123,baseline_stats,60.0,60.0,1.0,0.6666666666666666,0.01698903679295792,0.0,0.06055199999999996,0.6833333333333333,0.7833333333333333,0.717214659684226,0.734203696477184,finance
123,baseline_stats,48.0,48.0,1.0,0.3125,0.01939065734224059,0.008334625644934257,0.058920880688556346,0.3541666666666667,0.5208333333333334,0.79668568996073,0.8160763473029705,health
123,baseline_stats,35.0,35.0,0.9714285714285714,0.42857142857142855,0.021452170987935493,0.0010055432372503836,0.08217914010421212,0.47058823529411764,0.6470588235294118,0.8476016452942736,0.8690538162822091,image
123,baseline_stats,164.0,164.0,1.0,0.4146341463414634,0.028337995747658908,0.002560216310282304,0.08840813008130077,0.4451219512195122,0.6280487804878049,0.8226005938270228,0.8509385895746815,other
123,baseline_stats,16.0,16.0,1.0,0.5,0.020019086821834512,0.0,0.07008185907046477,0.5625,0.75,0.851383906827893,0.8714029936497275,sensor_signal
123,baseline_stats,26.0,26.0,0.9615384615384616,0.3076923076923077,0.025056965884583796,0.010040392072382498,0.06889383006977806,0.32,0.48,0.7368584351684275,0.7619154010530116,social
123,baseline_stats,15.0,15.0,1.0,0.4,0.03014500146429132,0.0009259259259256636,0.10985517058269084,0.4,0.6,0.7694862317244519,0.7996312331887433,text
123,real_domain_rank,143.0,143.0,0.9790209790209791,0.5174825174825175,0.020142533561705908,0.0,0.056049999999999996,0.5571428571428572,0.7142857142857143,0.7953388779155611,0.815481411477267,biology
123,real_domain_rank,40.0,40.0,1.0,0.45,0.031415575297879694,0.00010565240359222683,0.08927462762483326,0.5,0.65,0.8077643332302162,0.839179908528096,education
123,real_domain_rank,60.0,60.0,1.0,0.7,0.01649784021417708,0.0,0.035858000000000036,0.7166666666666667,0.8333333333333334,0.7177058562630069,0.734203696477184,finance
123,real_domain_rank,48.0,48.0,1.0,0.3333333333333333,0.02076669427125414,0.007503640937375877,0.04294992439456863,0.375,0.5208333333333334,0.7953096530317163,0.8160763473029705,health
123,real_domain_rank,35.0,35.0,0.9714285714285714,0.5142857142857142,0.013354518478179407,0.0,0.03936878787878799,0.5882352941176471,0.7647058823529411,0.8556992978040296,0.8690538162822091,image
123,real_domain_rank,164.0,164.0,1.0,0.3719512195121951,0.031309665400901555,0.004461028192371486,0.09176310711146776,0.4024390243902439,0.5914634146341463,0.8196289241737801,0.8509385895746815,other
123,real_domain_rank,16.0,16.0,1.0,0.375,0.03172100974057006,0.007494540753712087,0.12468765227190537,0.4375,0.625,0.8396819839091574,0.8714029936497275,sensor_signal
123,real_domain_rank,26.0,26.0,0.9615384615384616,0.19230769230769232,0.02892864822173618,0.010040392072382498,0.06521383006977803,0.24,0.48,0.7329867528312752,0.7619154010530116,social
123,real_domain_rank,15.0,15.0,1.0,0.3333333333333333,0.01996975228224319,0.0028169014084508115,0.06435663660617205,0.3333333333333333,0.6,0.7796614809065,0.7996312331887433,text
128,baseline_stats,143.0,143.0,0.965034965034965,0.46153846153846156,0.02155023395027417,3.0289361708291107e-05,0.05709999999999999,0.4927536231884058,0.6666666666666666,0.7959426678162691,0.8174929017665432,biology
128,baseline_stats,40.0,40.0,1.0,0.375,0.029374658877548754,0.0011523943552857463,0.08927462762483326,0.425,0.7,0.8098052496505472,0.839179908528096,education
128,baseline_stats,60.0,60.0,1.0,0.4166666666666667,0.04306535008963955,0.0031350655059881327,0.1684517969195664,0.43333333333333335,0.6,0.6911383463875445,0.734203696477184,finance
128,baseline_stats,48.0,48.0,0.9791666666666666,0.22916666666666666,0.025254896395994993,0.010921880784894422,0.07166123267565223,0.2765957446808511,0.46808510638297873,0.7869916193310271,0.8122465157270219,health
128,baseline_stats,35.0,35.0,0.9714285714285714,0.4,0.02083744734495787,0.0016186423683352547,0.08721152725617025,0.4411764705882353,0.6764705882352942,0.8482163689372513,0.8690538162822092,image
128,baseline_stats,164.0,164.0,0.9939024390243902,0.3902439024390244,0.029357756401236206,0.004289452724996812,0.07763094862905763,0.4233128834355828,0.5766871165644172,0.821899099844418,0.8512568562456541,other
128,baseline_stats,16.0,16.0,1.0,0.3125,0.03261833821040483,0.007494540753712087,0.12468765227190537,0.375,0.5625,0.8387846554393227,0.8714029936497274,sensor_signal
128,baseline_stats,26.0,26.0,0.9615384615384616,0.4230769230769231,0.013165069283726162,0.003731343283582045,0.053441367424395855,0.44,0.68,0.7487503317692851,0.7619154010530115,social
128,baseline_stats,15.0,15.0,1.0,0.4,0.029509553886562845,0.0009259259259256636,0.10985517058269084,0.4666666666666667,0.6,0.7701216793021803,0.7996312331887431,text
128,real_domain_rank,143.0,143.0,0.972027972027972,0.4755244755244755,0.019835850622468405,0.0,0.0561,0.5035971223021583,0.6546762589928058,0.7970943063220471,0.8169301569445153,biology
128,real_domain_rank,40.0,40.0,1.0,0.4,0.031086433383309638,0.0007827118717716464,0.10222650510008462,0.45,0.675,0.8080934751447864,0.839179908528096,education
128,real_domain_rank,60.0,60.0,1.0,0.6,0.022443063948949467,0.0,0.06285199999999999,0.6166666666666667,0.7833333333333333,0.7117606325282344,0.734203696477184,finance
128,real_domain_rank,48.0,48.0,0.9791666666666666,0.2916666666666667,0.020300670177319936,0.010163934426229426,0.04063143445435823,0.3404255319148936,0.48936170212765956,0.7919458455497022,0.8122465157270219,health
128,real_domain_rank,35.0,35.0,0.9714285714285714,0.4857142857142857,0.018539640219202614,0.0,0.08027096861471864,0.5588235294117647,0.7058823529411765,0.8505141760630066,0.8690538162822092,image
128,real_domain_rank,164.0,164.0,1.0,0.35365853658536583,0.031328474716029,0.005326923076922896,0.07953126283318539,0.38414634146341464,0.5548780487804879,0.8196101148586525,0.8509385895746817,other
128,real_domain_rank,16.0,16.0,1.0,0.375,0.026568060906292098,0.01007907476277331,0.08837562221489853,0.4375,0.5,0.8448349327434355,0.8714029936497274,sensor_signal
128,real_domain_rank,26.0,26.0,0.9615384615384616,0.4230769230769231,0.010375900505718327,0.0024999999999999467,0.041680975475337625,0.48,0.76,0.7515395005472931,0.7619154010530115,social
128,real_domain_rank,15.0,15.0,1.0,0.4,0.026910770139179394,0.0009259259259256636,0.10985517058269084,0.4666666666666667,0.6,0.7727204630495639,0.7996312331887431,text
256,baseline_stats,143.0,143.0,0.986013986013986,0.5034965034965035,0.021987580965849372,0.0,0.056499999999999995,0.5177304964539007,0.6879432624113475,0.7914615874502978,0.8134491684161471,biology
256,baseline_stats,40.0,40.0,1.0,0.425,0.026839853596814307,0.0004410570074616649,0.06871384751387037,0.475,0.675,0.8123400549312816,0.839179908528096,education
256,baseline_stats,60.0,60.0,1.0,0.6,0.018522018843956465,0.0,0.04847700039984012,0.6166666666666667,0.7333333333333333,0.7156816776332274,0.734203696477184,finance
256,baseline_stats,48.0,48.0,1.0,0.25,0.02466196717190343,0.013393182206569598,0.059486947087180234,0.2708333333333333,0.4166666666666667,0.791414380131067,0.8160763473029705,health
256,baseline_stats,35.0,35.0,0.9714285714285714,0.37142857142857144,0.01988428760535991,0.0018422070686609088,0.050889901888153,0.4411764705882353,0.6470588235294118,0.8491695286768493,0.8690538162822091,image
256,baseline_stats,164.0,164.0,1.0,0.3353658536585366,0.028476429832803074,0.006847885534491477,0.08779036434808801,0.3780487804878049,0.5670731707317073,0.8224621597418784,0.8509385895746814,other
256,baseline_stats,16.0,16.0,1.0,0.3125,0.021481674098024667,0.007442722371967747,0.05178796994299317,0.3125,0.625,0.8499213195517028,0.8714029936497275,sensor_signal
256,baseline_stats,26.0,26.0,1.0,0.34615384615384615,0.017536049134939072,0.00827482442706623,0.057401139520329825,0.34615384615384615,0.5769230769230769,0.7485784353454602,0.7661144844803993,social
256,baseline_stats,15.0,15.0,1.0,0.4,0.02372859936703163,0.00042283298097256505,0.07621710812708588,0.4666666666666667,0.6,0.7759026338217115,0.7996312331887431,text
256,real_domain_rank,143.0,143.0,0.986013986013986,0.48951048951048953,0.019845027036481593,0.0,0.055999999999999994,0.524822695035461,0.7021276595744681,0.7921670127281808,0.8120120397646623,biology
256,real_domain_rank,40.0,40.0,1.0,0.3,0.03315557378685524,0.004106419895893554,0.08927462762483326,0.35,0.6,0.8060243347412408,0.839179908528096,education
256,real_domain_rank,60.0,60.0,1.0,0.7,0.013342669962153565,0.0,0.03185574306434894,0.7166666666666667,0.8333333333333334,0.7208610265150305,0.734203696477184,finance
256,real_domain_rank,48.0,48.0,1.0,0.25,0.025276951070836714,0.012044817927170937,0.059486947087180234,0.2708333333333333,0.4375,0.7907993962321337,0.8160763473029705,health
256,real_domain_rank,35.0,35.0,0.9714285714285714,0.42857142857142855,0.019164888831777367,9.090909090897492e-05,0.050889901888153,0.5,0.6764705882352942,0.8498889274504318,0.8690538162822091,image
256,real_domain_rank,164.0,164.0,1.0,0.36585365853658536,0.02762342285061526,0.0043835323326475994,0.08779036434808801,0.4024390243902439,0.573170731707317,0.8233151667240663,0.8509385895746814,other
256,real_domain_rank,16.0,16.0,1.0,0.375,0.025030583697483528,0.007494540753712087,0.0812879699429932,0.375,0.625,0.846372409952244,0.8714029936497275,sensor_signal
256,real_domain_rank,26.0,26.0,0.9615384615384616,0.34615384615384615,0.013980987369419868,0.004481897394694401,0.053441367424395855,0.4,0.68,0.7479344136835914,0.7619154010530115,social
256,real_domain_rank,15.0,15.0,1.0,0.3333333333333333,0.020191976829522347,0.0009259259259256636,0.0656999671484064,0.4,0.6,0.7794392563592207,0.7996312331887431,text
271,baseline_stats,143.0,143.0,0.986013986013986,0.48951048951048953,0.022192101601177187,0.0,0.05708050816371946,0.524822695035461,0.6666666666666666,0.7903179620748657,0.812510063676043,biology
271,baseline_stats,40.0,40.0,1.0,0.325,0.03349760548628529,0.0020000000000000018,0.14585000000000004,0.375,0.65,0.8056823030418107,0.839179908528096,education
271,baseline_stats,60.0,60.0,1.0,0.6166666666666667,0.014060476642406589,0.0,0.03409091213037522,0.6333333333333333,0.7833333333333333,0.7201432198347771,0.734203696477184,finance
271,baseline_stats,48.0,48.0,0.9791666666666666,0.2916666666666667,0.019315287836287012,0.010163934426229426,0.031242208857299024,0.3191489361702128,0.48936170212765956,0.7941414072816404,0.8134566951179275,health
271,baseline_stats,35.0,35.0,0.9714285714285714,0.37142857142857144,0.020594939209711702,0.0008819441650543269,0.07301528920825173,0.4411764705882353,0.6176470588235294,0.8484588770724973,0.8690538162822091,image
271,baseline_stats,164.0,164.0,1.0,0.3048780487804878,0.025663758465714576,0.006494199312991167,0.0837801450452892,0.35365853658536583,0.5670731707317073,0.8252748311089669,0.8509385895746815,other
271,baseline_stats,16.0,16.0,1.0,0.5,0.016253890593187773,0.0,0.04345616275420239,0.5625,0.75,0.8551491030565397,0.8714029936497275,sensor_signal
271,baseline_stats,26.0,26.0,0.9615384615384616,0.34615384615384615,0.02082942888628137,0.004481897394694401,0.06393474168604195,0.4,0.64,0.7410859721667299,0.7619154010530115,social
271,baseline_stats,15.0,15.0,1.0,0.4666666666666667,0.029379815619648173,0.00042283298097256505,0.10985517058269084,0.4666666666666667,0.6,0.7702514175690948,0.7996312331887431,text
271,real_domain_rank,143.0,143.0,0.993006993006993,0.4755244755244755,0.022992236181629315,0.0,0.05702245734734751,0.5070422535211268,0.6549295774647887,0.7885075453558499,0.8114997815374793,biology
271,real_domain_rank,40.0,40.0,1.0,0.35,0.03346235113191611,0.0020000000000000018,0.14585000000000004,0.4,0.65,0.8057175573961798,0.839179908528096,education
271,real_domain_rank,60.0,60.0,1.0,0.6166666666666667,0.012859848221898933,0.0,0.03185574306434894,0.6333333333333333,0.8166666666666667,0.721343848255285,0.734203696477184,finance
271,real_domain_rank,48.0,48.0,1.0,0.25,0.02205903716953701,0.011016495948002802,0.058570668017412626,0.2916666666666667,0.4583333333333333,0.7940173101334335,0.8160763473029705,health
271,real_domain_rank,35.0,35.0,0.9714285714285714,0.37142857142857144,0.020594939209711702,0.0008819441650543269,0.07301528920825173,0.4411764705882353,0.6176470588235294,0.8484588770724973,0.8690538162822091,image
271,real_domain_rank,164.0,164.0,1.0,0.3170731707317073,0.024319636948694948,0.00492765277144297,0.06283121597096193,0.3597560975609756,0.5548780487804879,0.8266189526259866,0.8509385895746815,other
271,real_domain_rank,16.0,16.0,1.0,0.4375,0.02168020862390958,0.003692722371967716,0.06883380304199693,0.5,0.625,0.849722785025818,0.8714029936497275,sensor_signal
271,real_domain_rank,26.0,26.0,0.9615384615384616,0.34615384615384615,0.017837163537297265,0.004481897394694401,0.058399999999999966,0.4,0.6,0.7440782375157141,0.7619154010530115,social
271,real_domain_rank,15.0,15.0,1.0,0.4,0.030269005026931296,0.0009259259259256636,0.10985517058269084,0.4,0.5333333333333333,0.7693622281618119,0.7996312331887431,text
314,baseline_stats,143.0,143.0,0.986013986013986,0.45454545454545453,0.02193203597799753,0.0006472491909383926,0.05708050816371946,0.475177304964539,0.6595744680851063,0.7899950179213461,0.8119270538993434,biology
314,baseline_stats,40.0,40.0,1.0,0.325,0.031206115811155587,0.0020000000000000018,0.08927462762483326,0.375,0.65,0.8079737927169404,0.839179908528096,education
314,baseline_stats,60.0,60.0,1.0,0.43333333333333335,0.04405717853507569,0.0031350655059881327,0.15980832857957805,0.45,0.5833333333333334,0.6901465179421084,0.734203696477184,finance
314,baseline_stats,48.0,48.0,0.9791666666666666,0.375,0.014676737454064975,0.0073149741824440895,0.029064910477189218,0.425531914893617,0.5319148936170213,0.7987799576638624,0.8134566951179273,health
314,baseline_stats,35.0,35.0,0.9714285714285714,0.42857142857142855,0.021320689724707038,0.0011646341463414367,0.08217914010421212,0.47058823529411764,0.6764705882352942,0.8477331265575019,0.8690538162822091,image
314,baseline_stats,164.0,164.0,1.0,0.3475609756097561,0.031642980787970405,0.00623481781376517,0.08833182776272216,0.3719512195121951,0.5548780487804879,0.8192956087867111,0.8509385895746815,other
314,baseline_stats,16.0,16.0,1.0,0.4375,0.017763903105418487,0.0011605415860734825,0.04591375704944001,0.5,0.75,0.853639090544309,0.8714029936497275,sensor_signal
314,baseline_stats,26.0,26.0,1.0,0.34615384615384615,0.019138368509289884,0.007409090909090865,0.06417819172481501,0.34615384615384615,0.5769230769230769,0.7469761159711094,0.7661144844803993,social
314,baseline_stats,15.0,15.0,1.0,0.4,0.01881512008387598,0.00042283298097256505,0.06435663660617205,0.4666666666666667,0.6666666666666666,0.7808161131048671,0.7996312331887432,text
314,real_domain_rank,143.0,143.0,0.986013986013986,0.4825174825174825,0.01858154822920563,0.0,0.05434737208492857,0.5177304964539007,0.6879432624113475,0.7932371569961351,0.8118187052253406,biology
314,real_domain_rank,40.0,40.0,1.0,0.325,0.0329541513400919,0.0020000000000000018,0.08927462762483326,0.375,0.625,0.806225757188004,0.839179908528096,education
314,real_domain_rank,60.0,60.0,1.0,0.6,0.02406319308940175,0.0,0.09105364741641342,0.6166666666666667,0.7666666666666667,0.7101405033877822,0.734203696477184,finance
314,real_domain_rank,48.0,48.0,1.0,0.3541666666666667,0.01411319202147103,0.007294364163972646,0.030410577907311186,0.3958333333333333,0.5208333333333334,0.8019631552814994,0.8160763473029706,health
314,real_domain_rank,35.0,35.0,0.9714285714285714,0.45714285714285713,0.022963964495003184,0.0011646341463414367,0.0953229166666667,0.47058823529411764,0.6470588235294118,0.8460898517872059,0.8690538162822091,image
314,real_domain_rank,164.0,164.0,1.0,0.32926829268292684,0.0327001892824428,0.00775567260396981,0.08863396567299002,0.3719512195121951,0.5304878048780488,0.8182384002922388,0.8509385895746815,other
314,real_domain_rank,16.0,16.0,1.0,0.375,0.019744343498306737,0.007494540753712087,0.04591375704944001,0.4375,0.625,0.8516586501514207,0.8714029936497275,sensor_signal
314,real_domain_rank,26.0,26.0,1.0,0.4230769230769231,0.014542393301284741,0.0034909486973471737,0.05285113952032988,0.46153846153846156,0.6153846153846154,0.7515720911791146,0.7661144844803993,social
314,real_domain_rank,15.0,15.0,1.0,0.3333333333333333,0.02273673904990446,0.003564384333614834,0.07300565561198968,0.3333333333333333,0.5333333333333333,0.7768944941388386,0.7996312331887432,text
500,baseline_stats,143.0,143.0,0.993006993006993,0.46853146853146854,0.02061662108205818,0.0003455736736078241,0.05645,0.4859154929577465,0.6830985915492958,0.7923101684825996,0.8129267895646578,biology
500,baseline_stats,40.0,40.0,1.0,0.375,0.032149196162909933,0.0020633007381803403,0.08927462762483326,0.4,0.625,0.8070307123651862,0.839179908528096,education
500,baseline_stats,60.0,60.0,1.0,0.5666666666666667,0.026413309443755233,0.0,0.09801177411614155,0.5833333333333334,0.7333333333333333,0.7077903870334287,0.734203696477184,finance
500,baseline_stats,48.0,48.0,0.9791666666666666,0.3541666666666667,0.020195337305924353,0.007692307692307665,0.05895955253450378,0.3829787234042553,0.5319148936170213,0.793261357812003,0.8134566951179272,health
500,baseline_stats,35.0,35.0,0.9714285714285714,0.4,0.03914887367369793,0.0010055432372503836,0.10174595468372491,0.47058823529411764,0.6470588235294118,0.8299049426085112,0.8690538162822091,image
500,baseline_stats,164.0,164.0,1.0,0.32926829268292684,0.0322388708546078,0.004488805970149112,0.08833182776272216,0.3780487804878049,0.5853658536585366,0.8186997187200737,0.8509385895746814,other
500,baseline_stats,16.0,16.0,1.0,0.4375,0.02297214929260857,0.0011605415860734825,0.0812879699429932,0.5,0.6875,0.8484308443571189,0.8714029936497275,sensor_signal
500,baseline_stats,26.0,26.0,0.9230769230769231,0.23076923076923078,0.02449431703870519,0.009524824427066203,0.07147151556902721,0.25,0.5416666666666666,0.7352350456554696,0.7597293626941747,social
500,baseline_stats,15.0,15.0,1.0,0.4666666666666667,0.017487972607424414,0.0,0.06435663660617205,0.5333333333333333,0.7333333333333333,0.7821432605813187,0.7996312331887431,text
500,real_domain_rank,143.0,143.0,0.986013986013986,0.48951048951048953,0.018634413651063407,0.0,0.05400000000000005,0.5177304964539007,0.6950354609929078,0.7937673013509765,0.8124017150020398,biology
500,real_domain_rank,40.0,40.0,1.0,0.4,0.035912221458328945,0.0007827118717716464,0.17939999999999998,0.45,0.65,0.803267687069767,0.839179908528096,education
500,real_domain_rank,60.0,60.0,1.0,0.6166666666666667,0.017707706314143156,0.0,0.027578000000000064,0.6333333333333333,0.7833333333333333,0.7164959901630408,0.734203696477184,finance
500,real_domain_rank,48.0,48.0,1.0,0.2916666666666667,0.016724771187208134,0.009570439011895138,0.040483909288084804,0.3125,0.5,0.7993515761157622,0.8160763473029706,health
500,real_domain_rank,35.0,35.0,0.9714285714285714,0.4,0.03557340899894373,0.0010925700894018897,0.08217914010421212,0.4411764705882353,0.6470588235294118,0.8334804072832656,0.8690538162822091,image
500,real_domain_rank,164.0,164.0,1.0,0.3353658536585366,0.03500075816317036,0.007644282120361862,0.08421913875598097,0.36585365853658536,0.5365853658536586,0.8159378314115111,0.8509385895746814,other
500,real_domain_rank,16.0,16.0,1.0,0.5,0.016385872783336027,0.0,0.039009590148443796,0.5625,0.6875,0.8550171208663915,0.8714029936497275,sensor_signal
500,real_domain_rank,26.0,26.0,0.9615384615384616,0.38461538461538464,0.01874797893153876,0.006818181818181834,0.053441367424395855,0.4,0.56,0.7431674221214728,0.7619154010530115,social
500,real_domain_rank,15.0,15.0,1.0,0.4,0.018147394066282362,0.00042283298097256505,0.06297802891562101,0.4666666666666667,0.6666666666666666,0.7814838391224607,0.7996312331887431,text
640,baseline_stats,143.0,143.0,0.9790209790209791,0.46153846153846156,0.021036647694171778,3.0289361708291107e-05,0.058091009174858266,0.4928571428571429,0.65,0.7943591708758814,0.8153958185700532,biology
640,baseline_stats,40.0,40.0,1.0,0.3,0.032655037307593525,0.0020000000000000018,0.08176922221942776,0.35,0.6,0.8065248712205024,0.8391799085280958,education
640,baseline_stats,60.0,60.0,1.0,0.7166666666666667,0.015865049804812546,0.0,0.04333649056603775,0.7333333333333333,0.8166666666666667,0.7183386466723714,0.734203696477184,finance
640,baseline_stats,48.0,48.0,0.9791666666666666,0.22916666666666666,0.02863197567455134,0.013928571428571512,0.07396624560924762,0.2765957446808511,0.40425531914893614,0.7848247194433761,0.8134566951179272,health
640,baseline_stats,35.0,35.0,0.9714285714285714,0.45714285714285713,0.020475100629652868,9.090909090897492e-05,0.0784898911353033,0.5,0.6764705882352942,0.8485787156525562,0.8690538162822092,image
640,baseline_stats,164.0,164.0,1.0,0.34146341463414637,0.028169323462115675,0.004296198909486626,0.08726341463414641,0.3902439024390244,0.6036585365853658,0.8227692661125658,0.8509385895746817,other
640,baseline_stats,16.0,16.0,1.0,0.3125,0.02556962248851322,0.008018678106374133,0.0812879699429932,0.375,0.5625,0.8458333711612143,0.8714029936497275,sensor_signal
640,baseline_stats,26.0,26.0,1.0,0.34615384615384615,0.014106518243621859,0.006240948697347148,0.04670061118089602,0.34615384615384615,0.6153846153846154,0.7520079662367775,0.7661144844803993,social
640,baseline_stats,15.0,15.0,1.0,0.4666666666666667,0.018377162014707536,0.00042283298097256505,0.06435663660617205,0.4666666666666667,0.6666666666666666,0.7812540711740357,0.7996312331887431,text
640,real_domain_rank,143.0,143.0,0.993006993006993,0.4755244755244755,0.020425158040252123,8.34028356966332e-06,0.05645,0.5,0.647887323943662,0.7949153639187718,0.815340521959024,biology
640,real_domain_rank,40.0,40.0,1.0,0.4,0.03373802560059047,0.0012418397935684555,0.0860000000000001,0.45,0.625,0.8054418829275054,0.8391799085280958,education
640,real_domain_rank,60.0,60.0,1.0,0.7,0.01565572726407951,0.0,0.024998145044319107,0.7166666666666667,0.85,0.7185479692131043,0.734203696477184,finance
640,real_domain_rank,48.0,48.0,1.0,0.2708333333333333,0.021891047157060996,0.009570439011895138,0.059486947087180234,0.3125,0.5,0.7941853001459095,0.8160763473029705,health
640,real_domain_rank,35.0,35.0,0.9714285714285714,0.5428571428571428,0.013523607325886103,0.0,0.03936878787878799,0.6176470588235294,0.7647058823529411,0.855530208956323,0.8690538162822092,image
640,real_domain_rank,164.0,164.0,0.9939024390243902,0.3048780487804878,0.030514714280838424,0.007320024198427144,0.08625666160967847,0.3496932515337423,0.5276073619631901,0.8195747257850513,0.8500894400658896,other
640,real_domain_rank,16.0,16.0,1.0,0.3125,0.022994253619886818,0.007494540753712087,0.07438380304199699,0.375,0.625,0.8484087400298407,0.8714029936497275,sensor_signal
640,real_domain_rank,26.0,26.0,0.9615384615384616,0.38461538461538464,0.015974852077530542,0.004481897394694401,0.053441367424395855,0.4,0.6,0.7459405489754809,0.7619154010530115,social
640,real_domain_rank,15.0,15.0,1.0,0.26666666666666666,0.0320838198417461,0.01333784110924685,0.10985517058269084,0.3333333333333333,0.4666666666666667,0.7675474133469972,0.7996312331887431,text
777,baseline_stats,143.0,143.0,0.986013986013986,0.46153846153846156,0.022345252552649218,1.668056713932664e-05,0.06718551827510666,0.49645390070921985,0.6666666666666666,0.7881446726952094,0.8104899252478586,biology
777,baseline_stats,40.0,40.0,1.0,0.375,0.0316899727888539,0.0012418397935684555,0.08927462762483326,0.4,0.6,0.807489935739242,0.839179908528096,education
777,baseline_stats,60.0,60.0,1.0,0.5666666666666667,0.02468754159039591,0.0,0.09302894736842111,0.5833333333333334,0.7166666666666667,0.7095161548867881,0.734203696477184,finance
777,baseline_stats,48.0,48.0,0.9791666666666666,0.3333333333333333,0.024371375304535058,0.009783183500793213,0.07714985382692399,0.3617021276595745,0.5106382978723404,0.7890853198133925,0.8134566951179273,health
777,baseline_stats,35.0,35.0,0.9714285714285714,0.45714285714285713,0.033231572282811005,0.0,0.07301528920825173,0.5294117647058824,0.6764705882352942,0.835822243999398,0.8690538162822091,image
777,baseline_stats,164.0,164.0,1.0,0.3780487804878049,0.029490935659259206,0.004296198909486626,0.08726341463414641,0.42073170731707316,0.5975609756097561,0.8214476539154224,0.8509385895746814,other
777,baseline_stats,16.0,16.0,1.0,0.4375,0.015762238754140578,0.00019684885905618676,0.03376982901345793,0.5,0.6875,0.8556407548955869,0.8714029936497275,sensor_signal
777,baseline_stats,26.0,26.0,0.8846153846153846,0.3076923076923077,0.014583952602864388,0.006818181818181834,0.046305237613751306,0.34782608695652173,0.6086956521739131,0.7418555264677166,0.7564394790705811,social
777,baseline_stats,15.0,15.0,1.0,0.3333333333333333,0.028237917615630957,0.003564384333614834,0.10985517058269084,0.4,0.5333333333333333,0.7713933155731122,0.7996312331887431,text
777,real_domain_rank,143.0,143.0,1.0,0.4965034965034965,0.019759271506221508,0.0,0.05639999999999999,0.5244755244755245,0.6853146853146853,0.7921613866628794,0.8119206581691008,biology
777,real_domain_rank,40.0,40.0,1.0,0.35,0.032214126936560596,0.0014109217622154668,0.08927462762483326,0.4,0.575,0.8069657815915354,0.839179908528096,education
777,real_domain_rank,60.0,60.0,1.0,0.6666666666666666,0.014791519767752438,0.0,0.02234014504431908,0.6833333333333333,0.85,0.7194121767094316,0.734203696477184,finance
777,real_domain_rank,48.0,48.0,0.9791666666666666,0.2916666666666667,0.025533366654381943,0.010225988700565014,0.07714985382692399,0.3404255319148936,0.46808510638297873,0.7879233284635455,0.8134566951179273,health
777,real_domain_rank,35.0,35.0,0.9714285714285714,0.5428571428571428,0.01673190070321797,0.0,0.048091131263759614,0.6176470588235294,0.7352941176470589,0.8523219155789912,0.8690538162822091,image
777,real_domain_rank,164.0,164.0,1.0,0.3719512195121951,0.030815890012009975,0.0046566037519985,0.08840813008130077,0.40853658536585363,0.5670731707317073,0.8201226995626716,0.8509385895746814,other
777,real_domain_rank,16.0,16.0,1.0,0.4375,0.018602137326223966,0.0011605415860734825,0.04545784742108255,0.5,0.625,0.8528008563235036,0.8714029936497275,sensor_signal
777,real_domain_rank,26.0,26.0,0.9615384615384616,0.38461538461538464,0.018803544275681844,0.003731343283582045,0.05592091161626385,0.4,0.6,0.7431118567773296,0.7619154010530115,social
777,real_domain_rank,15.0,15.0,1.0,0.3333333333333333,0.02282057427064027,0.003564384333614834,0.07300565561198968,0.3333333333333333,0.5333333333333333,0.7768106589181029,0.7996312331887431,text
808,baseline_stats,143.0,143.0,0.986013986013986,0.45454545454545453,0.021328040713042992,0.0006472491909383926,0.056499999999999995,0.48226950354609927,0.6666666666666666,0.7950500026783146,0.8163780433913576,biology
808,baseline_stats,40.0,40.0,1.0,0.275,0.032856343513171196,0.004380952380952152,0.1049784138858408,0.325,0.625,0.8063235650149247,0.8391799085280958,education
808,baseline_stats,60.0,60.0,1.0,0.4666666666666667,0.036309825042643545,0.00021807630090370234,0.15980832857957805,0.48333333333333334,0.6333333333333333,0.6978938714345405,0.734203696477184,finance
808,baseline_stats,48.0,48.0,1.0,0.3125,0.021994213297994416,0.010542907605561924,0.06331849864681617,0.3333333333333333,0.4791666666666667,0.7940821340049761,0.8160763473029705,health
808,baseline_stats,35.0,35.0,0.9714285714285714,0.4857142857142857,0.020020762084892445,0.0,0.07301528920825173,0.5294117647058824,0.6470588235294118,0.8490330541973166,0.8690538162822092,image
808,baseline_stats,164.0,164.0,1.0,0.34146341463414637,0.0338640837739994,0.004750000000000032,0.0923736143144499,0.3719512195121951,0.5609756097560976,0.8170745058006821,0.8509385895746815,other
808,baseline_stats,16.0,16.0,1.0,0.5,0.02128634450508315,0.0,0.07438380304199699,0.5625,0.6875,0.8501166491446444,0.8714029936497275,sensor_signal
808,baseline_stats,26.0,26.0,0.9615384615384616,0.34615384615384615,0.014550271766922258,0.004481897394694401,0.053441367424395855,0.36,0.64,0.747365129286089,0.7619154010530115,social
808,baseline_stats,15.0,15.0,1.0,0.3333333333333333,0.02803472492701624,0.0009259259259256636,0.10985517058269084,0.4,0.6,0.7715965082617271,0.7996312331887432,text
808,real_domain_rank,143.0,143.0,0.9790209790209791,0.46153846153846156,0.021476641616132466,3.0289361708291107e-05,0.05655805081637195,0.4928571428571429,0.6714285714285714,0.7945063510861679,0.8159829927023003,biology
808,real_domain_rank,40.0,40.0,1.0,0.225,0.03843620698440224,0.006642305570876861,0.1049784138858408,0.25,0.55,0.8007437015436937,0.8391799085280958,education
808,real_domain_rank,60.0,60.0,1.0,0.55,0.02502805879839021,0.0,0.09105364741641342,0.5666666666666667,0.7166666666666667,0.7091756376787937,0.734203696477184,finance
808,real_domain_rank,48.0,48.0,1.0,0.25,0.021362695133625122,0.010542907605561924,0.059486947087180234,0.2916666666666667,0.4791666666666667,0.7947136521693453,0.8160763473029705,health
808,real_domain_rank,35.0,35.0,0.9714285714285714,0.45714285714285713,0.017862806640268833,0.0,0.050889901888153,0.5294117647058824,0.7352941176470589,0.8511910096419403,0.8690538162822092,image
808,real_domain_rank,164.0,164.0,1.0,0.36585365853658536,0.03261148113621865,0.004390278517137414,0.08987602952602937,0.3902439024390244,0.573170731707317,0.818327108438463,0.8509385895746815,other
808,real_domain_rank,16.0,16.0,1.0,0.4375,0.02952230103907132,0.002683386439168156,0.12468765227190537,0.5,0.625,0.8418806926106561,0.8714029936497275,sensor_signal
808,real_domain_rank,26.0,26.0,0.9615384615384616,0.4230769230769231,0.013051588909960006,0.0011627906976743319,0.053441367424395855,0.48,0.64,0.7488638121430514,0.7619154010530115,social
808,real_domain_rank,15.0,15.0,1.0,0.4,0.018377162014707536,0.00042283298097256505,0.06435663660617205,0.4666666666666667,0.6666666666666666,0.7812540711740357,0.7996312331887432,text
911,baseline_stats,143.0,143.0,0.993006993006993,0.4755244755244755,0.019847415153154347,8.34028356966332e-06,0.05702245734734751,0.5,0.676056338028169,0.7930793744115034,0.8129267895646578,biology
911,baseline_stats,40.0,40.0,1.0,0.35,0.03578432179116284,0.0020633007381803403,0.0860000000000001,0.4,0.6,0.8033955867369332,0.8391799085280958,education
911,baseline_stats,60.0,60.0,1.0,0.6833333333333333,0.014680711609013767,0.0,0.033828798036860085,0.7,0.7833333333333333,0.7195229848681701,0.7342036964771839,finance
911,baseline_stats,48.0,48.0,0.9791666666666666,0.2708333333333333,0.02090058262259989,0.00897694359756085,0.05895955253450378,0.2978723404255319,0.5106382978723404,0.7925561124953275,0.8134566951179273,health
911,baseline_stats,35.0,35.0,0.9714285714285714,0.4,0.020571915872898364,0.0010055432372503836,0.0784898911353033,0.47058823529411764,0.6764705882352942,0.8484819004093108,0.8690538162822091,image
911,baseline_stats,164.0,164.0,1.0,0.35365853658536583,0.02937789754219184,0.004296198909486626,0.08421913875598097,0.4024390243902439,0.5914634146341463,0.8215606920324898,0.8509385895746814,other
911,baseline_stats,16.0,16.0,0.9375,0.4375,0.014825186412924985,0.0,0.04831589568850027,0.5333333333333333,0.6,0.898953516946168,0.9137787033590928,sensor_signal
911,baseline_stats,26.0,26.0,0.9615384615384616,0.2692307692307692,0.016830203342627265,0.009999999999999898,0.053441367424395855,0.28,0.52,0.7473536476503844,0.7641838509930118,social
911,baseline_stats,15.0,15.0,1.0,0.3333333333333333,0.026938959004577562,0.0009259259259256636,0.10985517058269084,0.4,0.6,0.7726922741841656,0.7996312331887431,text
911,real_domain_rank,143.0,143.0,1.0,0.5034965034965035,0.018920471071973845,0.0,0.058216101632743884,0.5244755244755245,0.6713286713286714,0.7930001870971269,0.8119206581691008,biology
911,real_domain_rank,40.0,40.0,1.0,0.325,0.03556205327872103,0.00436498486034087,0.08927462762483326,0.4,0.6,0.8036178552493748,0.8391799085280958,education
911,real_domain_rank,60.0,60.0,1.0,0.7,0.012872549360715949,0.0,0.024770638118261024,0.7166666666666667,0.85,0.7213311471164678,0.7342036964771839,finance
911,real_domain_rank,48.0,48.0,1.0,0.2708333333333333,0.021759693208160267,0.009570439011895138,0.058920880688556346,0.2916666666666667,0.5,0.7943166540948102,0.8160763473029705,health
911,real_domain_rank,35.0,35.0,0.9714285714285714,0.5142857142857142,0.017427944245189925,0.0,0.048091131263759614,0.5882352941176471,0.7058823529411765,0.8516258720370192,0.8690538162822091,image
911,real_domain_rank,164.0,164.0,1.0,0.32926829268292684,0.029641582656197242,0.005392047841450975,0.08421913875598097,0.36585365853658536,0.5609756097560976,0.8212970069184845,0.8509385895746814,other
911,real_domain_rank,16.0,16.0,1.0,0.4375,0.024414154550645,0.004325955734406417,0.0854243036837376,0.5,0.5625,0.8469888390990825,0.8714029936497275,sensor_signal
911,real_domain_rank,26.0,26.0,0.9615384615384616,0.3076923076923077,0.019946600661243086,0.009049648854132508,0.058399999999999966,0.32,0.56,0.7419688003917684,0.7619154010530115,social
911,real_domain_rank,15.0,15.0,1.0,0.3333333333333333,0.02670919105615239,0.0009259259259256636,0.10985517058269084,0.4,0.6,0.7729220421325907,0.7996312331887431,text
1000,baseline_stats,143.0,143.0,0.972027972027972,0.46853146853146854,0.020839499032028724,0.0,0.0561,0.5107913669064749,0.6690647482014388,0.793646170669003,0.8144856697010316,biology
1000,baseline_stats,40.0,40.0,1.0,0.325,0.027853236483938747,0.0020000000000000018,0.08176922221942776,0.35,0.65,0.8113266720441572,0.839179908528096,education
1000,baseline_stats,60.0,60.0,1.0,0.65,0.01843725550198711,0.0,0.03451374306434898,0.6666666666666666,0.7833333333333333,0.7157664409751967,0.7342036964771839,finance
1000,baseline_stats,48.0,48.0,0.9791666666666666,0.3125,0.022236955177250276,0.00897694359756085,0.05983606304727305,0.3617021276595745,0.5106382978723404,0.7912197399406771,0.8134566951179273,health
1000,baseline_stats,35.0,35.0,0.9714285714285714,0.5714285714285714,0.016236838374173067,0.0,0.047633079315707615,0.6176470588235294,0.7058823529411765,0.8528169779080361,0.8690538162822092,image
1000,baseline_stats,164.0,164.0,1.0,0.3475609756097561,0.02936669166181212,0.006950242739716339,0.07964465709728875,0.38414634146341464,0.5609756097560976,0.8215718979128693,0.8509385895746815,other
1000,baseline_stats,16.0,16.0,1.0,0.5,0.02142631773528333,0.0,0.07438380304199699,0.5625,0.6875,0.8499766759144443,0.8714029936497275,sensor_signal
1000,baseline_stats,26.0,26.0,0.9615384615384616,0.34615384615384615,0.01820457322479742,0.004481897394694401,0.05779999999999994,0.4,0.6,0.7437108278282138,0.7619154010530115,social
1000,baseline_stats,15.0,15.0,1.0,0.4,0.026627162014707533,0.00042283298097256505,0.10985517058269084,0.4666666666666667,0.6666666666666666,0.7730040711740357,0.7996312331887432,text
1000,real_domain_rank,143.0,143.0,0.9790209790209791,0.46853146853146854,0.022127073491480596,0.0,0.05936855182751074,0.5071428571428571,0.6571428571428571,0.7927671638535394,0.8148942373450199,biology
1000,real_domain_rank,40.0,40.0,1.0,0.4,0.03221467073187105,0.001507448676880907,0.08927462762483326,0.45,0.625,0.806965237796225,0.839179908528096,education
1000,real_domain_rank,60.0,60.0,1.0,0.65,0.015390631125593341,0.0,0.024770638118261024,0.6666666666666666,0.8166666666666667,0.7188130653515904,0.7342036964771839,finance
1000,real_domain_rank,48.0,48.0,0.9791666666666666,0.25,0.024114131933872615,0.010163934426229426,0.05912666017967858,0.2978723404255319,0.48936170212765956,0.7893425631840549,0.8134566951179273,health
1000,real_domain_rank,35.0,35.0,0.9714285714285714,0.5714285714285714,0.015819820183256186,0.0,0.03936878787878799,0.6176470588235294,0.7352941176470589,0.853233996098953,0.8690538162822092,image
1000,real_domain_rank,164.0,164.0,1.0,0.3353658536585366,0.029723552879799952,0.00775567260396981,0.07871740109359923,0.38414634146341464,0.5487804878048781,0.8212150366948815,0.8509385895746815,other
1000,real_domain_rank,16.0,16.0,1.0,0.4375,0.02423731397815748,0.003692722371967716,0.0812879699429932,0.5,0.625,0.8471656796715701,0.8714029936497275,sensor_signal
1000,real_domain_rank,26.0,26.0,0.9615384615384616,0.38461538461538464,0.018555951840063176,0.003731343283582045,0.05779999999999994,0.4,0.64,0.745213955009437,0.7637699068495003,social
1000,real_domain_rank,15.0,15.0,1.0,0.4666666666666667,0.017043828681374197,0.0,0.06435663660617205,0.5333333333333333,0.7333333333333333,0.7825874045073691,0.7996312331887432,text
1234,baseline_stats,143.0,143.0,0.972027972027972,0.46153846153846156,0.02107049335228759,1.668056713932664e-05,0.05736440653097557,0.49640287769784175,0.6546762589928058,0.7934151763487443,0.8144856697010316,biology
1234,baseline_stats,40.0,40.0,1.0,0.275,0.030438234412483233,0.003590660990965888,0.08176922221942776,0.3,0.6,0.8087416741156128,0.8391799085280958,education
1234,baseline_stats,60.0,60.0,1.0,0.36666666666666664,0.043663387774166465,0.006755555555555626,0.15980832857957805,0.38333333333333336,0.5166666666666667,0.6905403087030174,0.734203696477184,finance
1234,baseline_stats,48.0,48.0,1.0,0.25,0.024427286147369703,0.010542907605561924,0.06177192986981926,0.2916666666666667,0.4791666666666667,0.7916490611556007,0.8160763473029705,health
1234,baseline_stats,35.0,35.0,0.9714285714285714,0.37142857142857144,0.037993908802847864,0.0018422070686609088,0.10174595468372491,0.4411764705882353,0.6764705882352942,0.8310599074793613,0.8690538162822092,image
1234,baseline_stats,164.0,164.0,1.0,0.3719512195121951,0.02290353852398761,0.004296198909486626,0.07786666666666661,0.40853658536585363,0.6158536585365854,0.828035051050694,0.8509385895746815,other
1234,baseline_stats,16.0,16.0,1.0,0.375,0.027942579340387904,0.004962359967817853,0.09097430368373766,0.4375,0.5625,0.8434604143093396,0.8714029936497275,sensor_signal
1234,baseline_stats,26.0,26.0,0.9615384615384616,0.34615384615384615,0.02110417594869131,0.009049648854132508,0.059635006462731524,0.36,0.56,0.7408112251043201,0.7619154010530115,social
1234,baseline_stats,15.0,15.0,1.0,0.3333333333333333,0.02080007541359778,0.0009259259259256636,0.0709312321408041,0.4,0.6,0.7788311577751454,0.7996312331887431,text
1234,real_domain_rank,143.0,143.0,0.9790209790209791,0.45454545454545453,0.018715676851600065,8.34028356966332e-06,0.05510000000000005,0.5,0.6785714285714286,0.7961785604934198,0.8148942373450199,biology
1234,real_domain_rank,40.0,40.0,1.0,0.225,0.03870741585625566,0.00838467737828752,0.08927462762483326,0.275,0.525,0.8004724926718403,0.8391799085280958,education
1234,real_domain_rank,60.0,60.0,1.0,0.6333333333333333,0.017351083924641745,0.0,0.035858000000000036,0.65,0.7666666666666667,0.7168526125525421,0.734203696477184,finance
1234,real_domain_rank,48.0,48.0,1.0,0.20833333333333334,0.025165114080350062,0.01386820554924001,0.059486947087180234,0.25,0.4166666666666667,0.7909112332226206,0.8160763473029705,health
1234,real_domain_rank,35.0,35.0,0.9714285714285714,0.4,0.03834100632005192,0.0011646341463414367,0.10174595468372491,0.4411764705882353,0.6470588235294118,0.8307128099621571,0.8690538162822092,image
1234,real_domain_rank,164.0,164.0,1.0,0.3353658536585366,0.030251775108644505,0.007764705882352896,0.07966640042311705,0.3719512195121951,0.5304878048780488,0.8206868144660371,0.8509385895746815,other
1234,real_domain_rank,16.0,16.0,1.0,0.3125,0.024923126143217466,0.007494540753712087,0.0812879699429932,0.375,0.625,0.84647986750651,0.8714029936497275,sensor_signal
1234,real_domain_rank,26.0,26.0,0.9615384615384616,0.34615384615384615,0.017948603815005258,0.007499999999999951,0.05772091161626385,0.36,0.6,0.7439667972380062,0.7619154010530115,social
1234,real_domain_rank,15.0,15.0,1.0,0.5333333333333333,0.017487972607424414,0.0,0.06435663660617205,0.5333333333333333,0.7333333333333333,0.7821432605813189,0.7996312331887431,text
2024,baseline_stats,143.0,143.0,0.972027972027972,0.4755244755244755,0.024020962526982614,0.0,0.06634552634613178,0.5107913669064749,0.6762589928057554,0.7929091944175327,0.8169301569445153,biology
2024,baseline_stats,40.0,40.0,1.0,0.3,0.038099485017573834,0.009580639914458677,0.10392653061224484,0.325,0.525,0.8010804235105221,0.8391799085280958,education
2024,baseline_stats,60.0,60.0,1.0,0.6833333333333333,0.015368816957129033,0.0,0.04387620917337681,0.7,0.8,0.7188348795200549,0.7342036964771841,finance
2024,baseline_stats,48.0,48.0,1.0,0.2708333333333333,0.02180331211502769,0.011016495948002802,0.058159289002578475,0.2916666666666667,0.4583333333333333,0.7942730351879428,0.8160763473029705,health
2024,baseline_stats,35.0,35.0,0.9714285714285714,0.5428571428571428,0.01153186410004473,0.0,0.037709734271492164,0.6176470588235294,0.7647058823529411,0.8575219521821644,0.8690538162822091,image
2024,baseline_stats,164.0,164.0,1.0,0.3475609756097561,0.030053136765120555,0.004249989520393127,0.0837801450452892,0.38414634146341464,0.5914634146341463,0.8208854528095609,0.8509385895746814,other
2024,baseline_stats,16.0,16.0,1.0,0.5,0.01461706220208413,0.0,0.02686566211246172,0.5625,0.75,0.8567859314476434,0.8714029936497275,sensor_signal
2024,baseline_stats,26.0,26.0,0.9615384615384616,0.34615384615384615,0.01357050762536918,0.007999999999999896,0.046251842651898356,0.36,0.64,0.7483448934276421,0.7619154010530115,social
2024,baseline_stats,15.0,15.0,1.0,0.3333333333333333,0.027376917073746006,0.0009259259259256636,0.10985517058269084,0.4,0.6,0.7722543161149972,0.7996312331887432,text
2024,real_domain_rank,143.0,143.0,0.965034965034965,0.4755244755244755,0.02406491425852808,0.0,0.05709999999999999,0.5217391304347826,0.6956521739130435,0.7918727835451941,0.8159376978037223,biology
2024,real_domain_rank,40.0,40.0,1.0,0.375,0.031232592129516124,0.0016765306455279183,0.07835000000000016,0.4,0.65,0.80794731639858,0.8391799085280958,education
2024,real_domain_rank,60.0,60.0,1.0,0.6833333333333333,0.01868680450427922,0.0,0.06285199999999999,0.7,0.8,0.7155168919729048,0.7342036964771841,finance
2024,real_domain_rank,48.0,48.0,1.0,0.2708333333333333,0.020341435545962388,0.011016495948002802,0.040483909288084804,0.2916666666666667,0.4583333333333333,0.7957349117570081,0.8160763473029705,health
2024,real_domain_rank,35.0,35.0,0.9714285714285714,0.6,0.010156819789665858,0.0,0.03246653307838502,0.6470588235294118,0.7647058823529411,0.8588969964925434,0.8690538162822091,image
2024,real_domain_rank,164.0,164.0,1.0,0.3597560975609756,0.03020671631244904,0.004249989520393127,0.07884465709728883,0.39634146341463417,0.5975609756097561,0.8207318732622324,0.8509385895746814,other
2024,real_domain_rank,16.0,16.0,1.0,0.5,0.015480083064708657,0.0,0.03376982901345793,0.5625,0.75,0.8559229105850189,0.8714029936497275,sensor_signal
2024,real_domain_rank,26.0,26.0,0.9615384615384616,0.3076923076923077,0.013111234898096456,0.007999999999999896,0.042710475227502556,0.32,0.64,0.7488041661549149,0.7619154010530115,social
2024,real_domain_rank,15.0,15.0,1.0,0.4,0.01889895530461179,0.00042283298097256505,0.06435663660617205,0.4666666666666667,0.6666666666666666,0.7807322778841315,0.7996312331887432,text
2025,baseline_stats,143.0,143.0,0.986013986013986,0.46153846153846156,0.02148261905742981,1.668056713932664e-05,0.05708050816371946,0.49645390070921985,0.6666666666666666,0.7934582956824429,0.8149409147398725,biology
2025,baseline_stats,40.0,40.0,1.0,0.425,0.026082540292694457,0.0007827118717716464,0.07835000000000016,0.45,0.75,0.8130973682354015,0.839179908528096,education
2025,baseline_stats,60.0,60.0,1.0,0.48333333333333334,0.047125852185539066,3.511235955050429e-05,0.1684517969195664,0.5,0.5833333333333334,0.687077844291645,0.734203696477184,finance
2025,baseline_stats,48.0,48.0,0.9791666666666666,0.2916666666666667,0.021822722617729544,0.010163934426229426,0.054808534012425573,0.3404255319148936,0.48936170212765956,0.7916339725001978,0.8134566951179273,health
2025,baseline_stats,35.0,35.0,0.9714285714285714,0.45714285714285713,0.019691681476095606,0.0,0.08217914010421212,0.5294117647058824,0.7058823529411765,0.8493621348061134,0.8690538162822091,image
2025,baseline_stats,164.0,164.0,1.0,0.3719512195121951,0.02211950750885549,0.004249989520393127,0.06283121597096193,0.4146341463414634,0.6036585365853658,0.828819082065826,0.8509385895746815,other
2025,baseline_stats,16.0,16.0,1.0,0.375,0.02477805844495828,0.007494540753712087,0.0812879699429932,0.4375,0.625,0.8466249352047692,0.8714029936497274,sensor_signal
2025,baseline_stats,26.0,26.0,0.9230769230769231,0.34615384615384615,0.01601563919572582,0.0056500396064381175,0.06079036670853761,0.375,0.625,0.7452010103371266,0.7612166495328525,social
2025,baseline_stats,15.0,15.0,1.0,0.4,0.026938959004577562,0.0009259259259256636,0.10985517058269084,0.4,0.6,0.7726922741841658,0.7996312331887432,text
2025,real_domain_rank,143.0,143.0,0.993006993006993,0.5104895104895105,0.018890118059429733,0.0,0.05645,0.5352112676056338,0.6901408450704225,0.7926096634780494,0.811499781537479,biology
2025,real_domain_rank,40.0,40.0,1.0,0.45,0.02505145316960688,0.0004410570074616649,0.05955041322314063,0.475,0.775,0.8141284553584892,0.839179908528096,education
2025,real_domain_rank,60.0,60.0,1.0,0.7166666666666667,0.012889528658664494,0.0,0.024770638118261024,0.7333333333333333,0.85,0.7213141678185194,0.734203696477184,finance
2025,real_domain_rank,48.0,48.0,1.0,0.2708333333333333,0.024360273988098743,0.010542907605561924,0.06718449612403107,0.3125,0.4791666666666667,0.7917160733148717,0.8160763473029705,health
2025,real_domain_rank,35.0,35.0,0.9714285714285714,0.42857142857142855,0.01868868529233506,9.090909090897492e-05,0.07301528920825173,0.5,0.7058823529411765,0.8503651309898741,0.8690538162822091,image
2025,real_domain_rank,164.0,164.0,1.0,0.35365853658536583,0.02542204741275792,0.004390278517137414,0.0837801450452892,0.39634146341463417,0.573170731707317,0.8255165421619236,0.8509385895746815,other
2025,real_domain_rank,16.0,16.0,1.0,0.375,0.026032348668581406,0.003889571231023903,0.10670924591491898,0.4375,0.6875,0.8453706449811461,0.8714029936497274,sensor_signal
2025,real_domain_rank,26.0,26.0,1.0,0.4230769230769231,0.013552024490618155,0.0056500396064381175,0.05285113952032988,0.4230769230769231,0.6538461538461539,0.7525624599897812,0.7661144844803993,social
2025,real_domain_rank,15.0,15.0,1.0,0.3333333333333333,0.026938959004577562,0.0009259259259256636,0.10985517058269084,0.4,0.6,0.7726922741841658,0.7996312331887432,text
2222,baseline_stats,143.0,143.0,0.9790209790209791,0.46153846153846156,0.021532922151696703,0.0,0.058091009174858266,0.5071428571428571,0.6928571428571428,0.7924155025622182,0.8139484247139147,biology
2222,baseline_stats,40.0,40.0,1.0,0.225,0.039587592884215095,0.00838467737828752,0.08927462762483326,0.275,0.525,0.7995923156438808,0.839179908528096,education
2222,baseline_stats,60.0,60.0,1.0,0.36666666666666664,0.04920567518108581,0.004635065505988245,0.1684517969195664,0.38333333333333336,0.5833333333333334,0.6849980212960981,0.734203696477184,finance
2222,baseline_stats,48.0,48.0,0.9791666666666666,0.2708333333333333,0.0179680770103078,0.0073149741824440895,0.03255702450202706,0.3191489361702128,0.5319148936170213,0.7954886181076195,0.8134566951179273,health
2222,baseline_stats,35.0,35.0,0.9714285714285714,0.37142857142857144,0.022076600142387236,0.001914634146341354,0.05977649259470396,0.4117647058823529,0.5882352941176471,0.8469772161398218,0.869053816282209,image
2222,baseline_stats,164.0,164.0,1.0,0.32926829268292684,0.027833903284821496,0.006847885534491477,0.07803082105439715,0.3719512195121951,0.5609756097560976,0.82310468628986,0.8509385895746815,other
2222,baseline_stats,16.0,16.0,1.0,0.4375,0.016641588869462345,0.002683386439168156,0.03807177298499015,0.5,0.75,0.8547614047802652,0.8714029936497274,sensor_signal
2222,baseline_stats,26.0,26.0,0.9615384615384616,0.34615384615384615,0.020854056579926276,0.007999999999999896,0.05772091161626385,0.36,0.6,0.741061344473085,0.7619154010530115,social
2222,baseline_stats,15.0,15.0,1.0,0.4,0.018377162014707536,0.00042283298097256505,0.06435663660617205,0.4666666666666667,0.6666666666666666,0.7812540711740358,0.7996312331887431,text
2222,real_domain_rank,143.0,143.0,0.972027972027972,0.45454545454545453,0.02285639058676555,4.389815627725557e-05,0.0569,0.4892086330935252,0.6690647482014388,0.7920245611895917,0.8148809517763572,biology
2222,real_domain_rank,40.0,40.0,1.0,0.225,0.039956402803685453,0.012766947943418483,0.08927462762483326,0.275,0.475,0.7992235057244106,0.839179908528096,education
2222,real_domain_rank,60.0,60.0,1.0,0.43333333333333335,0.048033702042032514,0.0028201321907212473,0.1684517969195664,0.45,0.6166666666666667,0.6861699944351513,0.734203696477184,finance
2222,real_domain_rank,48.0,48.0,1.0,0.2916666666666667,0.020451264963007865,0.009570439011895138,0.058920880688556346,0.3333333333333333,0.5,0.7956250823399627,0.8160763473029705,health
2222,real_domain_rank,35.0,35.0,0.9714285714285714,0.42857142857142855,0.018820654948963192,9.090909090897492e-05,0.0777468225724454,0.5,0.7058823529411765,0.8502331613332459,0.869053816282209,image
2222,real_domain_rank,164.0,164.0,1.0,0.32926829268292684,0.028207395578722087,0.00598954443614641,0.07756666666666667,0.3719512195121951,0.5426829268292683,0.8227311939959594,0.8509385895746815,other
2222,real_domain_rank,16.0,16.0,1.0,0.5,0.01461706220208413,0.0,0.02686566211246172,0.5625,0.75,0.8567859314476434,0.8714029936497274,sensor_signal
2222,real_domain_rank,26.0,26.0,0.9615384615384616,0.38461538461538464,0.014447364151680917,0.004481897394694401,0.053441367424395855,0.4,0.56,0.7474680369013305,0.7619154010530115,social
2222,real_domain_rank,15.0,15.0,1.0,0.4,0.018377162014707536,0.00042283298097256505,0.06435663660617205,0.4666666666666667,0.6666666666666666,0.7812540711740358,0.7996312331887431,text
4096,baseline_stats,143.0,143.0,0.965034965034965,0.48951048951048953,0.020813316791947523,0.0,0.06110565548253197,0.5289855072463768,0.6956521739130435,0.7921318348414509,0.8129451516333985,biology
4096,baseline_stats,40.0,40.0,1.0,0.375,0.027922225698421132,0.0014109217622154668,0.06871384751387037,0.4,0.6,0.8112576828296749,0.839179908528096,education
4096,baseline_stats,60.0,60.0,1.0,0.4666666666666667,0.04038486979795763,0.00021807630090370234,0.16288648031945252,0.48333333333333334,0.6166666666666667,0.6938188266792262,0.734203696477184,finance
4096,baseline_stats,48.0,48.0,1.0,0.2708333333333333,0.0222880098655281,0.009570439011895138,0.059714069505490644,0.3333333333333333,0.5,0.7937883374374423,0.8160763473029705,health
4096,baseline_stats,35.0,35.0,0.9714285714285714,0.45714285714285713,0.016514977285198407,0.0003409090909090029,0.048091131263759614,0.47058823529411764,0.7058823529411765,0.8525388389970107,0.8690538162822092,image
4096,baseline_stats,164.0,164.0,1.0,0.3353658536585366,0.03202427200306023,0.005632091485749946,0.08987602952602937,0.36585365853658536,0.5548780487804879,0.8189143175716213,0.8509385895746814,other
4096,baseline_stats,16.0,16.0,1.0,0.375,0.02477805844495828,0.007494540753712087,0.0812879699429932,0.4375,0.625,0.8466249352047692,0.8714029936497275,sensor_signal
4096,baseline_stats,26.0,26.0,1.0,0.34615384615384615,0.0174775148961078,0.008524824427066202,0.057401139520329825,0.34615384615384615,0.5769230769230769,0.7486369695842914,0.7661144844803994,social
4096,baseline_stats,15.0,15.0,1.0,0.4,0.026627162014707533,0.00042283298097256505,0.10985517058269084,0.4666666666666667,0.6666666666666666,0.7730040711740356,0.7996312331887432,text
4096,real_domain_rank,143.0,143.0,0.972027972027972,0.5034965034965035,0.02004871561005546,0.0,0.06724841462008535,0.539568345323741,0.7050359712230215,0.7919711267528468,0.8120198423629023,biology
4096,real_domain_rank,40.0,40.0,1.0,0.325,0.031956564385955254,0.00838467737828752,0.07636384751387032,0.35,0.525,0.8072233441421407,0.839179908528096,education
4096,real_domain_rank,60.0,60.0,1.0,0.6166666666666667,0.025458429020097657,0.0,0.11727384633860755,0.6333333333333333,0.7833333333333333,0.7087452674570862,0.734203696477184,finance
4096,real_domain_rank,48.0,48.0,1.0,0.22916666666666666,0.027647317303146665,0.012459475390509844,0.059714069505490644,0.2916666666666667,0.4583333333333333,0.7884290299998238,0.8160763473029705,health
4096,real_domain_rank,35.0,35.0,0.9714285714285714,0.42857142857142855,0.030908224857024987,0.0003409090909090029,0.048091131263759614,0.47058823529411764,0.7352941176470589,0.8381455914251842,0.8690538162822092,image
4096,real_domain_rank,164.0,164.0,1.0,0.32926829268292684,0.026251044038346518,0.005467789768050402,0.08421913875598097,0.3597560975609756,0.5548780487804879,0.8246875455363349,0.8509385895746814,other
4096,real_domain_rank,16.0,16.0,1.0,0.4375,0.02283008306470866,0.003692722371967716,0.0812879699429932,0.5,0.6875,0.8485729105850188,0.8714029936497275,sensor_signal
4096,real_domain_rank,26.0,26.0,0.9615384615384616,0.34615384615384615,0.014109875779587895,0.004481897394694401,0.053441367424395855,0.4,0.64,0.7478055252734235,0.7619154010530115,social
4096,real_domain_rank,15.0,15.0,1.0,0.4,0.020572113644463555,0.00042283298097256505,0.0709312321408041,0.4666666666666667,0.6666666666666666,0.7790591195442796,0.7996312331887432,text
7777,baseline_stats,143.0,143.0,0.972027972027972,0.46153846153846156,0.020788712956748136,4.389815627725557e-05,0.0561,0.4892086330935252,0.6546762589928058,0.7940922388196091,0.8148809517763573,biology
7777,baseline_stats,40.0,40.0,1.0,0.475,0.032646858146956406,0.00010565240359222683,0.0926746276248333,0.5,0.625,0.8065330503811395,0.839179908528096,education
7777,baseline_stats,60.0,60.0,1.0,0.5833333333333334,0.023576942439538666,0.0,0.09307115772417868,0.6,0.7333333333333333,0.7106267540376453,0.734203696477184,finance
7777,baseline_stats,48.0,48.0,0.9791666666666666,0.3333333333333333,0.021965654049336952,0.010921880784894422,0.06092775463480965,0.3829787234042553,0.46808510638297873,0.7914910410685905,0.8134566951179276,health
7777,baseline_stats,35.0,35.0,0.9714285714285714,0.4,0.022610637400990806,0.0010055432372503836,0.08217914010421212,0.47058823529411764,0.6470588235294118,0.8464431788812183,0.8690538162822092,image
7777,baseline_stats,164.0,164.0,1.0,0.3719512195121951,0.03041649696948919,0.002806541807816143,0.08561913875598101,0.42073170731707316,0.5975609756097561,0.8205220926051925,0.8509385895746815,other
7777,baseline_stats,16.0,16.0,1.0,0.375,0.02629604944945604,0.007494540753712087,0.08222578710644685,0.4375,0.625,0.8451069442002714,0.8714029936497274,sensor_signal
7777,baseline_stats,26.0,26.0,1.0,0.4230769230769231,0.015718590267230558,0.0031156716417909958,0.04670061118089602,0.46153846153846156,0.6153846153846154,0.750395894213169,0.7661144844803993,social
7777,baseline_stats,15.0,15.0,1.0,0.4,0.026627162014707533,0.00042283298097256505,0.10985517058269084,0.4666666666666667,0.6666666666666666,0.7730040711740356,0.7996312331887431,text
7777,real_domain_rank,143.0,143.0,0.9790209790209791,0.5034965034965035,0.017804010113847253,0.0,0.04225000000000014,0.5285714285714286,0.7071428571428572,0.7980698599953501,0.8158738701091974,biology
7777,real_domain_rank,40.0,40.0,1.0,0.375,0.03309693376731834,0.0017058346748319297,0.14585000000000004,0.4,0.65,0.8060829747607775,0.839179908528096,education
7777,real_domain_rank,60.0,60.0,1.0,0.65,0.016479436135191265,0.0,0.03999833047743563,0.6666666666666666,0.7666666666666667,0.7177242603419925,0.734203696477184,finance
7777,real_domain_rank,48.0,48.0,1.0,0.375,0.01739427142200906,0.006149720934115567,0.029902650077896192,0.4166666666666667,0.5625,0.7986820758809614,0.8160763473029705,health
7777,real_domain_rank,35.0,35.0,0.9714285714285714,0.42857142857142855,0.022472287983241992,9.090909090897492e-05,0.08381280780196992,0.5,0.6176470588235294,0.846581528298967,0.8690538162822092,image
7777,real_domain_rank,164.0,164.0,1.0,0.3719512195121951,0.03463459508753725,0.0046566037519985,0.08987602952602937,0.39634146341463417,0.5670731707317073,0.8163039944871442,0.8509385895746815,other
7777,real_domain_rank,16.0,16.0,1.0,0.4375,0.023654324069206412,0.003692722371967716,0.07667578710644679,0.5,0.6875,0.8477486695805211,0.8714029936497274,sensor_signal
7777,real_domain_rank,26.0,26.0,1.0,0.46153846153846156,0.01883491710732231,0.0028223440461843663,0.05824999999999997,0.46153846153846156,0.6153846153846154,0.747279567373077,0.7661144844803993,social
7777,real_domain_rank,15.0,15.0,1.0,0.4666666666666667,0.026627162014707533,0.00042283298097256505,0.10985517058269084,0.4666666666666667,0.6666666666666666,0.7730040711740356,0.7996312331887431,text
9001,baseline_stats,143.0,143.0,0.972027972027972,0.46853146853146854,0.02048369157755309,0.0,0.0561,0.5107913669064749,0.6834532374100719,0.7943972601988042,0.8148809517763573,biology
9001,baseline_stats,40.0,40.0,1.0,0.3,0.034183328083028125,0.004679982179982112,0.07636384751387032,0.35,0.55,0.8049965804450678,0.839179908528096,education
9001,baseline_stats,60.0,60.0,1.0,0.48333333333333334,0.030157966648183036,3.511235955050429e-05,0.11727384633860755,0.5,0.65,0.7040457298290009,0.7342036964771841,finance
9001,baseline_stats,48.0,48.0,1.0,0.25,0.02162698229995888,0.00997355896351132,0.059486947087180234,0.3125,0.5,0.7944493650030116,0.8160763473029705,health
9001,baseline_stats,35.0,35.0,0.9714285714285714,0.34285714285714286,0.035177297763605064,0.0018422070686609088,0.08721152725617025,0.4117647058823529,0.6470588235294118,0.8338765185186041,0.8690538162822092,image
9001,baseline_stats,164.0,164.0,1.0,0.32926829268292684,0.035451952875283625,0.00775567260396981,0.09396829836829848,0.3597560975609756,0.5548780487804879,0.815486636699398,0.8509385895746815,other
9001,baseline_stats,16.0,16.0,1.0,0.5625,0.023748963532667405,0.0,0.08563354959865666,0.625,0.6875,0.8476540301170601,0.8714029936497275,sensor_signal
9001,baseline_stats,26.0,26.0,0.9615384615384616,0.34615384615384615,0.018268103417801752,0.006818181818181834,0.05772091161626385,0.36,0.56,0.7436472976352095,0.7619154010530115,social
9001,baseline_stats,15.0,15.0,1.0,0.4,0.0290821991560398,0.0009259259259256636,0.10985517058269084,0.4,0.6,0.7705490340327033,0.7996312331887432,text
9001,real_domain_rank,143.0,143.0,0.972027972027972,0.46153846153846156,0.019391777266928614,0.0,0.0561,0.5035971223021583,0.6690647482014388,0.7954891745094287,0.8148809517763573,biology
9001,real_domain_rank,40.0,40.0,1.0,0.25,0.03831444387022287,0.006642305570876861,0.08927462762483326,0.325,0.55,0.800865464657873,0.839179908528096,education
9001,real_domain_rank,60.0,60.0,1.0,0.5333333333333333,0.02595085510907873,0.0,0.09105364741641342,0.55,0.7,0.7082528413681051,0.7342036964771841,finance
9001,real_domain_rank,48.0,48.0,1.0,0.25,0.024124301328544578,0.00997355896351132,0.059486947087180234,0.3125,0.5,0.7919520459744259,0.8160763473029705,health
9001,real_domain_rank,35.0,35.0,0.9714285714285714,0.34285714285714286,0.03654065914645099,0.0018422070686609088,0.08795459581902815,0.4117647058823529,0.6176470588235294,0.8325131571357582,0.8690538162822092,image
9001,real_domain_rank,164.0,164.0,1.0,0.3048780487804878,0.03605257332576783,0.006950242739716339,0.09424933279366354,0.34146341463414637,0.5365853658536586,0.8148860162489138,0.8509385895746815,other
9001,real_domain_rank,16.0,16.0,1.0,0.5625,0.020975235444192098,0.0,0.07688503302136585,0.625,0.6875,0.8504277582055354,0.8714029936497275,sensor_signal
9001,real_domain_rank,26.0,26.0,1.0,0.4230769230769231,0.018670738002844703,0.0024470669906281883,0.05824999999999997,0.46153846153846156,0.6153846153846154,0.7474437464775545,0.7661144844803993,social
9001,real_domain_rank,15.0,15.0,1.0,0.3333333333333333,0.02997138856332292,0.003564384333614834,0.10985517058269084,0.3333333333333333,0.5333333333333333,0.7696598446254204,0.7996312331887432,text
12345,baseline_stats,143.0,143.0,0.993006993006993,0.46153846153846156,0.021099784296772704,3.0289361708291107e-05,0.05702245734734751,0.49295774647887325,0.6690140845070423,0.7918270052678852,0.8129267895646579,biology
12345,baseline_stats,40.0,40.0,1.0,0.3,0.038929744323714155,0.004160125588696939,0.14585000000000004,0.35,0.575,0.8002501642043818,0.8391799085280962,education
12345,baseline_stats,60.0,60.0,1.0,0.65,0.015953492871079108,0.0,0.03451374306434898,0.6666666666666666,0.8,0.7182502036061049,0.734203696477184,finance
12345,baseline_stats,48.0,48.0,0.9791666666666666,0.25,0.019814702086928367,0.010921880784894422,0.059585401579510845,0.2765957446808511,0.46808510638297873,0.793641993030999,0.8134566951179273,health
12345,baseline_stats,35.0,35.0,0.9714285714285714,0.45714285714285713,0.03367614605281618,0.0010055432372503836,0.07301528920825173,0.47058823529411764,0.6176470588235294,0.835377670229393,0.8690538162822092,image
12345,baseline_stats,164.0,164.0,1.0,0.3231707317073171,0.02644421390589377,0.00796398559423761,0.0837801450452892,0.36585365853658536,0.5487804878048781,0.8244943756687877,0.8509385895746814,other
12345,baseline_stats,16.0,16.0,1.0,0.5625,0.018499536261879095,0.0,0.05466227362673082,0.625,0.6875,0.8529034573878485,0.8714029936497274,sensor_signal
12345,baseline_stats,26.0,26.0,0.9615384615384616,0.34615384615384615,0.025422715127713203,0.007499999999999951,0.06889383006977806,0.36,0.6,0.736492685925298,0.7619154010530115,social
12345,baseline_stats,15.0,15.0,1.0,0.3333333333333333,0.02080007541359778,0.0009259259259256636,0.0709312321408041,0.4,0.6,0.7788311577751454,0.7996312331887432,text
12345,real_domain_rank,143.0,143.0,0.993006993006993,0.5244755244755245,0.01822364683845868,0.0,0.04380000000000005,0.5492957746478874,0.6901408450704225,0.7947031427261992,0.8129267895646579,biology
12345,real_domain_rank,40.0,40.0,1.0,0.325,0.03513840420779325,0.004106419895893554,0.08927462762483326,0.4,0.6,0.8040415043203026,0.8391799085280962,education
12345,real_domain_rank,60.0,60.0,1.0,0.6666666666666666,0.012737734545901137,0.0,0.012840000000000068,0.6833333333333333,0.85,0.7214659619312828,0.734203696477184,finance
12345,real_domain_rank,48.0,48.0,1.0,0.2708333333333333,0.02450621498147318,0.011016495948002802,0.06400768009313046,0.3125,0.4583333333333333,0.7915701323214973,0.8160763473029705,health
12345,real_domain_rank,35.0,35.0,0.9714285714285714,0.5142857142857142,0.01565019997950115,0.0,0.03936878787878799,0.5882352941176471,0.7352941176470589,0.853403616302708,0.8690538162822092,image
12345,real_domain_rank,164.0,164.0,1.0,0.3597560975609756,0.026103359878360682,0.005251822738664758,0.08426341463414658,0.39634146341463417,0.5609756097560976,0.8248352296963208,0.8509385895746814,other
12345,real_domain_rank,16.0,16.0,1.0,0.4375,0.0263902807286799,0.0038018183817443707,0.09097430368373766,0.5,0.625,0.8450127129210476,0.8714029936497274,sensor_signal
12345,real_domain_rank,26.0,26.0,1.0,0.34615384615384615,0.023937296291334394,0.007933915336157171,0.05952917205227626,0.34615384615384615,0.5384615384615384,0.742177188189065,0.7661144844803993,social
12345,real_domain_rank,15.0,15.0,1.0,0.3333333333333333,0.020191976829522347,0.0009259259259256636,0.0656999671484064,0.4,0.6,0.7794392563592206,0.7996312331887432,text
