config,seed,permutation_id,fold,n_test,accuracy,f1_macro,top3_accuracy,mean_regret,zero_regret_rate,within_1pp_rate,regret_coverage
baseline_stats,42,,1,115,0.4260869565217391,0.2881895141048459,0.7739130434782608,0.023470820006240126,0.4608695652173913,0.7130434782608696,1.0
baseline_stats,42,,2,108,0.37962962962962965,0.2720422822507795,0.8611111111111112,0.03224882041096714,0.3888888888888889,0.5185185185185185,1.0
baseline_stats,42,,3,108,0.3888888888888889,0.2659722222222222,0.7777777777777778,0.028538559427306934,0.4205607476635514,0.5420560747663551,0.9907407407407407
baseline_stats,42,,4,108,0.4351851851851852,0.31665162763353977,0.9074074074074074,0.025371951296442156,0.4716981132075472,0.6226415094339622,0.9814814814814815
baseline_stats,42,,5,108,0.3888888888888889,0.23542811927369647,0.7962962962962963,0.022068783098636198,0.4380952380952381,0.6476190476190476,0.9722222222222222
real_domain_rank,42,,1,115,0.41739130434782606,0.27445721583652616,0.7391304347826086,0.024131641832824135,0.45217391304347826,0.7130434782608696,1.0
real_domain_rank,42,,2,108,0.4351851851851852,0.34381008149124087,0.8611111111111112,0.034888086231709706,0.4444444444444444,0.5555555555555556,1.0
real_domain_rank,42,,3,108,0.3888888888888889,0.26695208441446117,0.7962962962962963,0.030319162803141772,0.4444444444444444,0.5648148148148148,1.0
real_domain_rank,42,,4,108,0.3888888888888889,0.2899410774410774,0.8518518518518519,0.026880514417754322,0.4485981308411215,0.5887850467289719,0.9907407407407407
real_domain_rank,42,,5,108,0.3148148148148148,0.183077492858063,0.7962962962962963,0.028479681756979146,0.3619047619047619,0.5714285714285714,0.9722222222222222
shuffled_domain_rank,42,0.0,1,115,0.4,0.2510565424358528,0.7478260869565218,0.025198453040874154,0.43478260869565216,0.6956521739130435,1.0
shuffled_domain_rank,42,0.0,2,108,0.3333333333333333,0.2922696856520386,0.8518518518518519,0.03844179719397524,0.3425925925925926,0.4444444444444444,1.0
shuffled_domain_rank,42,0.0,3,108,0.4074074074074074,0.2798162346355117,0.7870370370370371,0.023708785453794116,0.4537037037037037,0.5740740740740741,1.0
shuffled_domain_rank,42,0.0,4,108,0.4166666666666667,0.30513283765316285,0.8425925925925926,0.027725665321703195,0.4672897196261682,0.6074766355140186,0.9907407407407407
shuffled_domain_rank,42,0.0,5,108,0.2777777777777778,0.15731628866417854,0.8148148148148148,0.02747685950255942,0.3113207547169811,0.5849056603773585,0.9814814814814815
shuffled_domain_rank,42,1.0,1,115,0.4434782608695652,0.28806543697848047,0.7739130434782608,0.02083090862514521,0.4782608695652174,0.7217391304347827,1.0
shuffled_domain_rank,42,1.0,2,108,0.4166666666666667,0.2840366364464781,0.8425925925925926,0.028660827292855892,0.42592592592592593,0.5648148148148148,1.0
shuffled_domain_rank,42,1.0,3,108,0.4166666666666667,0.28103047109071205,0.8148148148148148,0.02593055074437232,0.46296296296296297,0.5833333333333334,1.0
shuffled_domain_rank,42,1.0,4,108,0.4074074074074074,0.31022921522921526,0.8425925925925926,0.02489188465021637,0.4528301886792453,0.6132075471698113,0.9814814814814815
shuffled_domain_rank,42,1.0,5,108,0.3055555555555556,0.18287037037037038,0.7870370370370371,0.02733227899012624,0.34285714285714286,0.6095238095238096,0.9722222222222222
shuffled_domain_rank,42,2.0,1,115,0.4260869565217391,0.2674996720451266,0.7478260869565218,0.02288026048020095,0.46956521739130436,0.7217391304347827,1.0
shuffled_domain_rank,42,2.0,2,108,0.37962962962962965,0.2769652305366591,0.8888888888888888,0.03774396875986509,0.3888888888888889,0.5,1.0
shuffled_domain_rank,42,2.0,3,108,0.3888888888888889,0.27166847339659667,0.8055555555555556,0.030666740260146687,0.4205607476635514,0.5514018691588785,0.9907407407407407
shuffled_domain_rank,42,2.0,4,108,0.4074074074074074,0.30417895052911587,0.8796296296296297,0.026285641659192734,0.44339622641509435,0.5660377358490566,0.9814814814814815
shuffled_domain_rank,42,2.0,5,108,0.3425925925925926,0.19483327441970075,0.8148148148148148,0.025805480376103127,0.38095238095238093,0.6190476190476191,0.9722222222222222
shuffled_domain_rank,42,3.0,1,115,0.4260869565217391,0.2727626404096992,0.7739130434782608,0.021748716103214667,0.4608695652173913,0.7217391304347827,1.0
shuffled_domain_rank,42,3.0,2,108,0.39814814814814814,0.28412288930581614,0.8703703703703703,0.03235146931911613,0.4166666666666667,0.5648148148148148,1.0
shuffled_domain_rank,42,3.0,3,108,0.3888888888888889,0.2694808155820468,0.8148148148148148,0.028288064552248273,0.4351851851851852,0.5740740740740741,1.0
shuffled_domain_rank,42,3.0,4,108,0.4351851851851852,0.3268840670834027,0.8425925925925926,0.026382032708652553,0.49056603773584906,0.6132075471698113,0.9814814814814815
shuffled_domain_rank,42,3.0,5,108,0.3148148148148148,0.1829612584369101,0.8148148148148148,0.02693563329718625,0.3523809523809524,0.6095238095238096,0.9722222222222222
shuffled_domain_rank,42,4.0,1,115,0.41739130434782606,0.27200615783503485,0.782608695652174,0.02113798301171922,0.45217391304347826,0.7304347826086957,1.0
shuffled_domain_rank,42,4.0,2,108,0.37962962962962965,0.30074740074740075,0.9074074074074074,0.03931310436614495,0.3888888888888889,0.5,1.0
shuffled_domain_rank,42,4.0,3,108,0.37037037037037035,0.2513162002423396,0.8333333333333334,0.030625021641474962,0.42592592592592593,0.5648148148148148,1.0
shuffled_domain_rank,42,4.0,4,108,0.3888888888888889,0.29113810166441745,0.8425925925925926,0.02620767774029586,0.4339622641509434,0.5849056603773585,0.9814814814814815
shuffled_domain_rank,42,4.0,5,108,0.2777777777777778,0.1580476022151526,0.8148148148148148,0.02693557309272092,0.3142857142857143,0.5714285714285714,0.9722222222222222
shuffled_domain_rank,42,5.0,1,115,0.41739130434782606,0.2819038659941738,0.7739130434782608,0.02297221323526327,0.45217391304347826,0.7043478260869566,1.0
shuffled_domain_rank,42,5.0,2,108,0.4537037037037037,0.3487796925296925,0.8518518518518519,0.02893145970526157,0.4722222222222222,0.5833333333333334,1.0
shuffled_domain_rank,42,5.0,3,108,0.39814814814814814,0.2689075630252101,0.8055555555555556,0.027986059641011633,0.4351851851851852,0.5740740740740741,1.0
shuffled_domain_rank,42,5.0,4,108,0.35185185185185186,0.26848639058108215,0.8425925925925926,0.02833582012849937,0.4056603773584906,0.5849056603773585,0.9814814814814815
shuffled_domain_rank,42,5.0,5,108,0.37962962962962965,0.22417053884405316,0.8055555555555556,0.025940196610432224,0.41509433962264153,0.6132075471698113,0.9814814814814815
shuffled_domain_rank,42,6.0,1,115,0.4434782608695652,0.29377175112469234,0.782608695652174,0.02093393211548617,0.4782608695652174,0.7391304347826086,1.0
shuffled_domain_rank,42,6.0,2,108,0.4351851851851852,0.3294344766425958,0.8796296296296297,0.030306293512540657,0.4444444444444444,0.5462962962962963,1.0
shuffled_domain_rank,42,6.0,3,108,0.4166666666666667,0.28269177402761875,0.8240740740740741,0.030696256759548537,0.4537037037037037,0.5833333333333334,1.0
shuffled_domain_rank,42,6.0,4,108,0.4444444444444444,0.3192587114658332,0.8240740740740741,0.02441255318812327,0.4766355140186916,0.6261682242990654,0.9907407407407407
shuffled_domain_rank,42,6.0,5,108,0.3055555555555556,0.17924648786717753,0.7870370370370371,0.027272609813894583,0.34285714285714286,0.5904761904761905,0.9722222222222222
shuffled_domain_rank,42,7.0,1,115,0.41739130434782606,0.2682310443180009,0.8,0.02385229687672349,0.4608695652173913,0.7043478260869566,1.0
shuffled_domain_rank,42,7.0,2,108,0.4351851851851852,0.34075448361162647,0.8888888888888888,0.03400686804006555,0.4444444444444444,0.5462962962962963,1.0
shuffled_domain_rank,42,7.0,3,108,0.4074074074074074,0.2756701714502226,0.8333333333333334,0.025914661417313974,0.4444444444444444,0.5648148148148148,1.0
shuffled_domain_rank,42,7.0,4,108,0.4074074074074074,0.30063046115677694,0.8796296296296297,0.025740759036658727,0.46226415094339623,0.6226415094339622,0.9814814814814815
shuffled_domain_rank,42,7.0,5,108,0.26851851851851855,0.16218810219123111,0.8148148148148148,0.031997075703148664,0.3047619047619048,0.5714285714285714,0.9722222222222222
shuffled_domain_rank,42,8.0,1,115,0.41739130434782606,0.26745395127748073,0.7739130434782608,0.021817814068193515,0.45217391304347826,0.7217391304347827,1.0
shuffled_domain_rank,42,8.0,2,108,0.4166666666666667,0.30836739684868814,0.8888888888888888,0.036329545562040676,0.4351851851851852,0.5555555555555556,1.0
shuffled_domain_rank,42,8.0,3,108,0.35185185185185186,0.24083728245557037,0.8055555555555556,0.03172065646358201,0.40186915887850466,0.5420560747663551,0.9907407407407407
shuffled_domain_rank,42,8.0,4,108,0.39814814814814814,0.29390834665319293,0.8611111111111112,0.02535942704761573,0.4537037037037037,0.5833333333333334,1.0
shuffled_domain_rank,42,8.0,5,108,0.3333333333333333,0.19691741430871865,0.8055555555555556,0.026399680479125474,0.37142857142857144,0.6190476190476191,0.9722222222222222
shuffled_domain_rank,42,9.0,1,115,0.4,0.23979309221244705,0.8,0.022206875908197463,0.43478260869565216,0.7130434782608696,1.0
shuffled_domain_rank,42,9.0,2,108,0.4074074074074074,0.3021248729376808,0.8611111111111112,0.03852907663343518,0.42592592592592593,0.5277777777777778,1.0
shuffled_domain_rank,42,9.0,3,108,0.37962962962962965,0.2524958891237961,0.7777777777777778,0.031094224475911585,0.42592592592592593,0.5648148148148148,1.0
shuffled_domain_rank,42,9.0,4,108,0.37037037037037035,0.28436694884063307,0.8518518518518519,0.02533460850371754,0.42452830188679247,0.5943396226415094,0.9814814814814815
shuffled_domain_rank,42,9.0,5,108,0.2962962962962963,0.17574646556007364,0.8148148148148148,0.02992766257270429,0.3333333333333333,0.580952380952381,0.9722222222222222
shuffled_domain_rank,42,10.0,1,115,0.41739130434782606,0.26981721981721984,0.7739130434782608,0.02386071905338906,0.45217391304347826,0.6956521739130435,1.0
shuffled_domain_rank,42,10.0,2,108,0.39814814814814814,0.28628384451185257,0.8796296296296297,0.031578858817557426,0.4074074074074074,0.5277777777777778,1.0
shuffled_domain_rank,42,10.0,3,108,0.4166666666666667,0.2807289887603897,0.8518518518518519,0.0239973113480193,0.4485981308411215,0.5794392523364486,0.9907407407407407
shuffled_domain_rank,42,10.0,4,108,0.37037037037037035,0.26980471800856093,0.8240740740740741,0.027331669466626334,0.4166666666666667,0.5740740740740741,1.0
shuffled_domain_rank,42,10.0,5,108,0.3333333333333333,0.19465329991645783,0.8333333333333334,0.023378469718621266,0.37142857142857144,0.638095238095238,0.9722222222222222
shuffled_domain_rank,42,11.0,1,115,0.4,0.2449155419743655,0.7913043478260869,0.021926225279891493,0.4434782608695652,0.7043478260869566,1.0
shuffled_domain_rank,42,11.0,2,108,0.3888888888888889,0.30074477142831263,0.8611111111111112,0.035994519776859364,0.39814814814814814,0.5277777777777778,1.0
shuffled_domain_rank,42,11.0,3,108,0.37037037037037035,0.25569353286975693,0.7962962962962963,0.03241974062561707,0.4074074074074074,0.5370370370370371,1.0
shuffled_domain_rank,42,11.0,4,108,0.4166666666666667,0.30570039474817245,0.8518518518518519,0.027598623268570485,0.4485981308411215,0.5887850467289719,0.9907407407407407
shuffled_domain_rank,42,11.0,5,108,0.3425925925925926,0.2091518849424129,0.8148148148148148,0.024461419949846155,0.37142857142857144,0.6190476190476191,0.9722222222222222
shuffled_domain_rank,42,12.0,1,115,0.4260869565217391,0.2648092154703898,0.7391304347826086,0.022342315120350915,0.46956521739130436,0.7130434782608696,1.0
shuffled_domain_rank,42,12.0,2,108,0.37962962962962965,0.276752487278803,0.8518518518518519,0.03452607175458854,0.3888888888888889,0.5092592592592593,1.0
shuffled_domain_rank,42,12.0,3,108,0.37962962962962965,0.25856257705393376,0.8055555555555556,0.027997791815269936,0.4351851851851852,0.5740740740740741,1.0
shuffled_domain_rank,42,12.0,4,108,0.3611111111111111,0.27140094640094636,0.8333333333333334,0.02797097777189263,0.4056603773584906,0.5471698113207547,0.9814814814814815
shuffled_domain_rank,42,12.0,5,108,0.2777777777777778,0.15688873250449606,0.8240740740740741,0.026827318663504733,0.3113207547169811,0.6320754716981132,0.9814814814814815
shuffled_domain_rank,42,13.0,1,115,0.4434782608695652,0.3021783539024918,0.7739130434782608,0.021875853408751134,0.4782608695652174,0.7217391304347827,1.0
shuffled_domain_rank,42,13.0,2,108,0.3425925925925926,0.2517170315551444,0.8703703703703703,0.039768615735539574,0.35185185185185186,0.48148148148148145,1.0
shuffled_domain_rank,42,13.0,3,108,0.37037037037037035,0.2501244942421413,0.7962962962962963,0.031256493211444226,0.4166666666666667,0.5648148148148148,1.0
shuffled_domain_rank,42,13.0,4,108,0.4074074074074074,0.3086288153576628,0.8425925925925926,0.025716187352045297,0.46226415094339623,0.6132075471698113,0.9814814814814815
shuffled_domain_rank,42,13.0,5,108,0.3055555555555556,0.17432166870819635,0.8240740740740741,0.02589122983948047,0.34285714285714286,0.6476190476190476,0.9722222222222222
shuffled_domain_rank,42,14.0,1,115,0.391304347826087,0.2360879173572672,0.7913043478260869,0.023384791557057166,0.43478260869565216,0.6956521739130435,1.0
shuffled_domain_rank,42,14.0,2,108,0.3425925925925926,0.27281579298386016,0.8611111111111112,0.038891499825211416,0.3611111111111111,0.48148148148148145,1.0
shuffled_domain_rank,42,14.0,3,108,0.4166666666666667,0.2829668637595467,0.7777777777777778,0.02281061044162651,0.46296296296296297,0.5833333333333334,1.0
shuffled_domain_rank,42,14.0,4,108,0.42592592592592593,0.31116757783424454,0.8148148148148148,0.02492146301716608,0.46226415094339623,0.6226415094339622,0.9814814814814815
shuffled_domain_rank,42,14.0,5,108,0.28703703703703703,0.16642638890557485,0.7962962962962963,0.029600794750431092,0.32075471698113206,0.5660377358490566,0.9814814814814815
shuffled_domain_rank,42,15.0,1,115,0.4260869565217391,0.28301328301328305,0.7652173913043478,0.022771738153369855,0.4608695652173913,0.7130434782608696,1.0
shuffled_domain_rank,42,15.0,2,108,0.46296296296296297,0.32305375842707545,0.8518518518518519,0.031251555453694374,0.4722222222222222,0.5925925925925926,1.0
shuffled_domain_rank,42,15.0,3,108,0.3888888888888889,0.25302503786866254,0.7962962962962963,0.029243423181642053,0.4351851851851852,0.5648148148148148,1.0
shuffled_domain_rank,42,15.0,4,108,0.35185185185185186,0.26075306075306076,0.8703703703703703,0.028451674352560737,0.3925233644859813,0.5514018691588785,0.9907407407407407
shuffled_domain_rank,42,15.0,5,108,0.2777777777777778,0.15694519399709342,0.8333333333333334,0.028960170514611173,0.32075471698113206,0.5660377358490566,0.9814814814814815
shuffled_domain_rank,42,16.0,1,115,0.41739130434782606,0.26944868856633564,0.782608695652174,0.021759844725052324,0.4608695652173913,0.7130434782608696,1.0
shuffled_domain_rank,42,16.0,2,108,0.4166666666666667,0.33312361906901844,0.8796296296296297,0.03326116258021949,0.42592592592592593,0.5185185185185185,1.0
shuffled_domain_rank,42,16.0,3,108,0.39814814814814814,0.2631355572532043,0.8055555555555556,0.025171166423077575,0.4444444444444444,0.5925925925925926,1.0
shuffled_domain_rank,42,16.0,4,108,0.37962962962962965,0.28140882145670104,0.8611111111111112,0.026525802086307584,0.42452830188679247,0.5943396226415094,0.9814814814814815
shuffled_domain_rank,42,16.0,5,108,0.25925925925925924,0.1545503680428434,0.8148148148148148,0.028040446414517934,0.29245283018867924,0.5943396226415094,0.9814814814814815
shuffled_domain_rank,42,17.0,1,115,0.4434782608695652,0.2966227983469363,0.7913043478260869,0.02273413118338052,0.46956521739130436,0.7130434782608696,1.0
shuffled_domain_rank,42,17.0,2,108,0.39814814814814814,0.32300187261824087,0.8611111111111112,0.03731604562938996,0.4074074074074074,0.5277777777777778,1.0
shuffled_domain_rank,42,17.0,3,108,0.35185185185185186,0.2362130403868623,0.8148148148148148,0.02927133217699487,0.39814814814814814,0.5462962962962963,1.0
shuffled_domain_rank,42,17.0,4,108,0.4351851851851852,0.32058552490012815,0.8425925925925926,0.025069220019936472,0.4811320754716981,0.6320754716981132,0.9814814814814815
shuffled_domain_rank,42,17.0,5,108,0.37962962962962965,0.2161092221107225,0.7962962962962963,0.022022377122433927,0.4056603773584906,0.660377358490566,0.9814814814814815
shuffled_domain_rank,42,18.0,1,115,0.4,0.26042447493718685,0.7913043478260869,0.023088416074017452,0.43478260869565216,0.7043478260869566,1.0
shuffled_domain_rank,42,18.0,2,108,0.39814814814814814,0.28193443717936545,0.8425925925925926,0.03524844610654737,0.4074074074074074,0.5277777777777778,1.0
shuffled_domain_rank,42,18.0,3,108,0.4166666666666667,0.27331537971072856,0.7962962962962963,0.026180151151757012,0.46296296296296297,0.6111111111111112,1.0
shuffled_domain_rank,42,18.0,4,108,0.4351851851851852,0.3183884362233826,0.8611111111111112,0.02468637517061132,0.45794392523364486,0.6355140186915887,0.9907407407407407
shuffled_domain_rank,42,18.0,5,108,0.32407407407407407,0.17052101189548596,0.7962962962962963,0.025662949351946435,0.36792452830188677,0.6320754716981132,0.9814814814814815
shuffled_domain_rank,42,19.0,1,115,0.40869565217391307,0.2607252770762242,0.782608695652174,0.023701609139918343,0.45217391304347826,0.7043478260869566,1.0
shuffled_domain_rank,42,19.0,2,108,0.4722222222222222,0.3112910864829023,0.8611111111111112,0.024262365887318515,0.48148148148148145,0.5925925925925926,1.0
shuffled_domain_rank,42,19.0,3,108,0.3888888888888889,0.26066492241311806,0.8240740740740741,0.030931478146251395,0.4351851851851852,0.5462962962962963,1.0
shuffled_domain_rank,42,19.0,4,108,0.3425925925925926,0.25940329218106994,0.8518518518518519,0.029684369453839444,0.39622641509433965,0.5660377358490566,0.9814814814814815
shuffled_domain_rank,42,19.0,5,108,0.3055555555555556,0.17447560491038752,0.7777777777777778,0.027469342927446145,0.3364485981308411,0.5794392523364486,0.9907407407407407
shuffled_domain_rank,42,20.0,1,115,0.40869565217391307,0.25404592371805484,0.7391304347826086,0.022910068125533162,0.4434782608695652,0.7217391304347827,1.0
shuffled_domain_rank,42,20.0,2,108,0.37962962962962965,0.3008352356178443,0.8703703703703703,0.03466056797597028,0.3888888888888889,0.5092592592592593,1.0
shuffled_domain_rank,42,20.0,3,108,0.3611111111111111,0.24375924899099174,0.8240740740740741,0.03381315286435476,0.4074074074074074,0.5370370370370371,1.0
shuffled_domain_rank,42,20.0,4,108,0.3888888888888889,0.2864733166562435,0.8796296296296297,0.02493953019542209,0.42990654205607476,0.6074766355140186,0.9907407407407407
shuffled_domain_rank,42,20.0,5,108,0.3333333333333333,0.19300133089941549,0.8425925925925926,0.02523919294695483,0.3619047619047619,0.6,0.9722222222222222
shuffled_domain_rank,42,21.0,1,115,0.41739130434782606,0.27620250120250117,0.7391304347826086,0.023649025638538084,0.45217391304347826,0.6956521739130435,1.0
shuffled_domain_rank,42,21.0,2,108,0.35185185185185186,0.27486772486772487,0.8518518518518519,0.03806407241825468,0.3611111111111111,0.48148148148148145,1.0
shuffled_domain_rank,42,21.0,3,108,0.39814814814814814,0.2713495289714802,0.8425925925925926,0.031058108628598362,0.4351851851851852,0.5462962962962963,1.0
shuffled_domain_rank,42,21.0,4,108,0.37962962962962965,0.28957365502216,0.8703703703703703,0.02782867958283377,0.42452830188679247,0.5943396226415094,0.9814814814814815
shuffled_domain_rank,42,21.0,5,108,0.3055555555555556,0.18056923918992884,0.7962962962962963,0.027990503462988803,0.34285714285714286,0.6,0.9722222222222222
shuffled_domain_rank,42,22.0,1,115,0.40869565217391307,0.27136915372209486,0.7739130434782608,0.02284271484811117,0.4434782608695652,0.7130434782608696,1.0
shuffled_domain_rank,42,22.0,2,108,0.4166666666666667,0.28132275132275125,0.8703703703703703,0.0324129683585615,0.4351851851851852,0.5462962962962963,1.0
shuffled_domain_rank,42,22.0,3,108,0.37962962962962965,0.25597055829613974,0.8148148148148148,0.030779806907293494,0.42592592592592593,0.5555555555555556,1.0
shuffled_domain_rank,42,22.0,4,108,0.3888888888888889,0.28715223978978943,0.8703703703703703,0.02574463167203645,0.4339622641509434,0.5849056603773585,0.9814814814814815
shuffled_domain_rank,42,22.0,5,108,0.32407407407407407,0.19318075550633687,0.8055555555555556,0.0272640182680488,0.3490566037735849,0.5849056603773585,0.9814814814814815
shuffled_domain_rank,42,23.0,1,115,0.43478260869565216,0.2907593180812995,0.7652173913043478,0.02120980009607477,0.4782608695652174,0.7304347826086957,1.0
shuffled_domain_rank,42,23.0,2,108,0.5185185185185185,0.3668854217084721,0.8888888888888888,0.019381945952787905,0.5277777777777778,0.6388888888888888,1.0
shuffled_domain_rank,42,23.0,3,108,0.39814814814814814,0.2688337350444054,0.8148148148148148,0.027749378766057212,0.4444444444444444,0.6018518518518519,1.0
shuffled_domain_rank,42,23.0,4,108,0.4074074074074074,0.3073546823546824,0.8240740740740741,0.02631644015860699,0.4485981308411215,0.616822429906542,0.9907407407407407
shuffled_domain_rank,42,23.0,5,108,0.2962962962962963,0.16322536747039426,0.8240740740740741,0.02852499856028348,0.330188679245283,0.5754716981132075,0.9814814814814815
shuffled_domain_rank,42,24.0,1,115,0.4260869565217391,0.28672691830586566,0.7652173913043478,0.022194599835482717,0.4608695652173913,0.7043478260869566,1.0
shuffled_domain_rank,42,24.0,2,108,0.4444444444444444,0.3055145202001705,0.8703703703703703,0.02685830409486039,0.46296296296296297,0.5925925925925926,1.0
shuffled_domain_rank,42,24.0,3,108,0.37962962962962965,0.2535194102609833,0.8055555555555556,0.031273574932315924,0.42592592592592593,0.5740740740740741,1.0
shuffled_domain_rank,42,24.0,4,108,0.4074074074074074,0.3043786168786169,0.8148148148148148,0.025267265486122657,0.4528301886792453,0.6132075471698113,0.9814814814814815
shuffled_domain_rank,42,24.0,5,108,0.32407407407407407,0.16876181207864374,0.8148148148148148,0.026069222466995865,0.34579439252336447,0.616822429906542,0.9907407407407407
shuffled_domain_rank,42,25.0,1,115,0.40869565217391307,0.2708334244139871,0.7391304347826086,0.024599294325681965,0.4434782608695652,0.6956521739130435,1.0
shuffled_domain_rank,42,25.0,2,108,0.42592592592592593,0.3189814667134518,0.8888888888888888,0.033041477487659204,0.4351851851851852,0.5648148148148148,1.0
shuffled_domain_rank,42,25.0,3,108,0.35185185185185186,0.23979690522243713,0.8055555555555556,0.026332673142997146,0.39814814814814814,0.5555555555555556,1.0
shuffled_domain_rank,42,25.0,4,108,0.4074074074074074,0.3024145061935817,0.8425925925925926,0.02549417063334933,0.44339622641509435,0.6132075471698113,0.9814814814814815
shuffled_domain_rank,42,25.0,5,108,0.3425925925925926,0.19758053789642646,0.7870370370370371,0.02495671486037183,0.37735849056603776,0.6226415094339622,0.9814814814814815
shuffled_domain_rank,42,26.0,1,115,0.41739130434782606,0.2627552232736679,0.8,0.02276671783184149,0.45217391304347826,0.6956521739130435,1.0
shuffled_domain_rank,42,26.0,2,108,0.42592592592592593,0.30568849422241895,0.8796296296296297,0.032125019345566136,0.4351851851851852,0.5555555555555556,1.0
shuffled_domain_rank,42,26.0,3,108,0.3333333333333333,0.22044084253386576,0.8055555555555556,0.03255555977394668,0.37962962962962965,0.5370370370370371,1.0
shuffled_domain_rank,42,26.0,4,108,0.4074074074074074,0.30595773903542334,0.8796296296296297,0.02510045758149273,0.45794392523364486,0.6355140186915887,0.9907407407407407
shuffled_domain_rank,42,26.0,5,108,0.3425925925925926,0.20360209099894022,0.8148148148148148,0.02230346063259858,0.38095238095238093,0.6285714285714286,0.9722222222222222
shuffled_domain_rank,42,27.0,1,115,0.40869565217391307,0.2555555555555556,0.7739130434782608,0.023101913518015053,0.4434782608695652,0.6869565217391305,1.0
shuffled_domain_rank,42,27.0,2,108,0.48148148148148145,0.3302950116216699,0.8703703703703703,0.026989260390401504,0.5,0.6018518518518519,1.0
shuffled_domain_rank,42,27.0,3,108,0.3611111111111111,0.24480372834031372,0.8148148148148148,0.03147793537900039,0.4074074074074074,0.5462962962962963,1.0
shuffled_domain_rank,42,27.0,4,108,0.37962962962962965,0.28823149680292537,0.8611111111111112,0.025843744591493505,0.41509433962264153,0.5849056603773585,0.9814814814814815
shuffled_domain_rank,42,27.0,5,108,0.32407407407407407,0.19929453262786592,0.8240740740740741,0.02540533375590113,0.3644859813084112,0.6074766355140186,0.9907407407407407
shuffled_domain_rank,42,28.0,1,115,0.40869565217391307,0.2512976942189305,0.7739130434782608,0.02306559363159629,0.45217391304347826,0.7043478260869566,1.0
shuffled_domain_rank,42,28.0,2,108,0.3611111111111111,0.3058089553905954,0.8518518518518519,0.03713494333551964,0.37037037037037035,0.5092592592592593,1.0
shuffled_domain_rank,42,28.0,3,108,0.37962962962962965,0.25707766959092515,0.8148148148148148,0.0271518293655268,0.42592592592592593,0.5740740740740741,1.0
shuffled_domain_rank,42,28.0,4,108,0.4074074074074074,0.3059529164792323,0.8703703703703703,0.02587165338131249,0.46226415094339623,0.6226415094339622,0.9814814814814815
shuffled_domain_rank,42,28.0,5,108,0.2777777777777778,0.15698154600593625,0.8055555555555556,0.028950389743654593,0.3047619047619048,0.6,0.9722222222222222
shuffled_domain_rank,42,29.0,1,115,0.4434782608695652,0.2871148459383754,0.7652173913043478,0.021838529737921653,0.4782608695652174,0.7217391304347827,1.0
shuffled_domain_rank,42,29.0,2,108,0.39814814814814814,0.29367816091954024,0.8981481481481481,0.03732606776562912,0.4074074074074074,0.5185185185185185,1.0
shuffled_domain_rank,42,29.0,3,108,0.4074074074074074,0.27342574683000215,0.8240740740740741,0.028260505119546114,0.4537037037037037,0.5833333333333334,1.0
shuffled_domain_rank,42,29.0,4,108,0.3888888888888889,0.28729483028292896,0.8518518518518519,0.026736243933781424,0.42452830188679247,0.5943396226415094,0.9814814814814815
shuffled_domain_rank,42,29.0,5,108,0.2777777777777778,0.16501475705916038,0.8055555555555556,0.02728993700128904,0.3113207547169811,0.5660377358490566,0.9814814814814815
baseline_stats,7,,1,115,0.4608695652173913,0.3133848133848134,0.7565217391304347,0.01683749295598932,0.4782608695652174,0.7391304347826086,1.0
baseline_stats,7,,2,108,0.3425925925925926,0.22960643587578575,0.8055555555555556,0.04475204756552841,0.35185185185185186,0.5,1.0
baseline_stats,7,,3,108,0.3611111111111111,0.28693289367497105,0.7685185185185185,0.028640929110600306,0.4166666666666667,0.5555555555555556,1.0
baseline_stats,7,,4,108,0.42592592592592593,0.31023553103931356,0.9166666666666666,0.019502284294698916,0.49514563106796117,0.6310679611650486,0.9537037037037037
baseline_stats,7,,5,108,0.37037037037037035,0.2057401789544647,0.8425925925925926,0.0191770680265138,0.4074074074074074,0.6203703703703703,1.0
real_domain_rank,7,,1,115,0.46956521739130436,0.3169254658385093,0.7739130434782608,0.018809384677905126,0.4956521739130435,0.7391304347826086,1.0
real_domain_rank,7,,2,108,0.4537037037037037,0.27582325491818854,0.8240740740740741,0.030175282841163307,0.46296296296296297,0.6203703703703703,1.0
real_domain_rank,7,,3,108,0.3611111111111111,0.288646583768535,0.7777777777777778,0.03402547437703049,0.4166666666666667,0.5648148148148148,1.0
real_domain_rank,7,,4,108,0.4074074074074074,0.30215004071213225,0.9259259259259259,0.021687321243510197,0.47115384615384615,0.625,0.9629629629629629
real_domain_rank,7,,5,108,0.37962962962962965,0.1992754868270332,0.8240740740740741,0.021445705829477385,0.4166666666666667,0.6296296296296297,1.0
shuffled_domain_rank,7,0.0,1,115,0.4434782608695652,0.30598796424883384,0.7652173913043478,0.02040619589674596,0.4608695652173913,0.7217391304347827,1.0
shuffled_domain_rank,7,0.0,2,108,0.46296296296296297,0.28888371872589946,0.8055555555555556,0.03323944374081257,0.4722222222222222,0.5833333333333334,1.0
shuffled_domain_rank,7,0.0,3,108,0.35185185185185186,0.27358532507107164,0.7777777777777778,0.030273769979429134,0.40186915887850466,0.5327102803738317,0.9907407407407407
shuffled_domain_rank,7,0.0,4,108,0.4074074074074074,0.3045948428210969,0.9074074074074074,0.019612899199977066,0.4807692307692308,0.6634615384615384,0.9629629629629629
shuffled_domain_rank,7,0.0,5,108,0.37037037037037035,0.20650475574845326,0.8240740740740741,0.021682825462000243,0.4074074074074074,0.6203703703703703,1.0
shuffled_domain_rank,7,1.0,1,115,0.4608695652173913,0.31506129104813313,0.7652173913043478,0.01533879915464225,0.4782608695652174,0.7478260869565218,1.0
shuffled_domain_rank,7,1.0,2,108,0.42592592592592593,0.2836913673622916,0.8055555555555556,0.03743901399738338,0.4351851851851852,0.5648148148148148,1.0
shuffled_domain_rank,7,1.0,3,108,0.35185185185185186,0.28626009468114727,0.7777777777777778,0.036450350541116186,0.3925233644859813,0.514018691588785,0.9907407407407407
shuffled_domain_rank,7,1.0,4,108,0.4444444444444444,0.3184275359500006,0.9074074074074074,0.0244360759724229,0.5094339622641509,0.660377358490566,0.9814814814814815
shuffled_domain_rank,7,1.0,5,108,0.3611111111111111,0.20359936596006023,0.8333333333333334,0.019636700863211353,0.41509433962264153,0.6415094339622641,0.9814814814814815
shuffled_domain_rank,7,2.0,1,115,0.45217391304347826,0.3094469355338921,0.782608695652174,0.019905764895071527,0.46956521739130436,0.7130434782608696,1.0
shuffled_domain_rank,7,2.0,2,108,0.5092592592592593,0.32011567247181744,0.8240740740740741,0.030009105474048284,0.5185185185185185,0.6388888888888888,1.0
shuffled_domain_rank,7,2.0,3,108,0.3611111111111111,0.28813523641109845,0.7685185185185185,0.035904382895324556,0.40186915887850466,0.5514018691588785,0.9907407407407407
shuffled_domain_rank,7,2.0,4,108,0.39814814814814814,0.29906830320541905,0.9074074074074074,0.02054688095627213,0.47572815533980584,0.6407766990291263,0.9537037037037037
shuffled_domain_rank,7,2.0,5,108,0.3611111111111111,0.19354993291163503,0.8333333333333334,0.024180534094262057,0.4074074074074074,0.6111111111111112,1.0
shuffled_domain_rank,7,3.0,1,115,0.45217391304347826,0.3082725038331446,0.7913043478260869,0.01896566963819723,0.46956521739130436,0.7391304347826086,1.0
shuffled_domain_rank,7,3.0,2,108,0.32407407407407407,0.2223299576240753,0.8148148148148148,0.045162430526505655,0.3333333333333333,0.4722222222222222,1.0
shuffled_domain_rank,7,3.0,3,108,0.37037037037037035,0.29101404484546245,0.7685185185185185,0.029844149898243248,0.42592592592592593,0.5555555555555556,1.0
shuffled_domain_rank,7,3.0,4,108,0.42592592592592593,0.3149856324958924,0.9166666666666666,0.028469973373401965,0.49038461538461536,0.6346153846153846,0.9629629629629629
shuffled_domain_rank,7,3.0,5,108,0.3425925925925926,0.17737669647918283,0.8518518518518519,0.019769222838716412,0.37962962962962965,0.5925925925925926,1.0
shuffled_domain_rank,7,4.0,1,115,0.43478260869565216,0.30298298882369673,0.7652173913043478,0.02159996284666599,0.45217391304347826,0.6956521739130435,1.0
shuffled_domain_rank,7,4.0,2,108,0.4351851851851852,0.2691432761341879,0.7962962962962963,0.0327000403309437,0.4444444444444444,0.6111111111111112,1.0
shuffled_domain_rank,7,4.0,3,108,0.3611111111111111,0.2855711338469959,0.7777777777777778,0.03021484416657413,0.4166666666666667,0.5462962962962963,1.0
shuffled_domain_rank,7,4.0,4,108,0.4351851851851852,0.3196897490041698,0.9074074074074074,0.026067120565286046,0.49523809523809526,0.638095238095238,0.9722222222222222
shuffled_domain_rank,7,4.0,5,108,0.35185185185185186,0.17407834736518787,0.8518518518518519,0.021632237967753015,0.39814814814814814,0.6111111111111112,1.0
shuffled_domain_rank,7,5.0,1,115,0.43478260869565216,0.2921548878070617,0.7652173913043478,0.02127512465642512,0.45217391304347826,0.7130434782608696,1.0
shuffled_domain_rank,7,5.0,2,108,0.4537037037037037,0.2949993017734953,0.7962962962962963,0.03212995771600721,0.46296296296296297,0.5833333333333334,1.0
shuffled_domain_rank,7,5.0,3,108,0.4166666666666667,0.3233896222575468,0.7407407407407407,0.02639259300570689,0.4537037037037037,0.5833333333333334,1.0
shuffled_domain_rank,7,5.0,4,108,0.4074074074074074,0.30114044366735016,0.9074074074074074,0.026499712690762508,0.4807692307692308,0.6442307692307693,0.9629629629629629
shuffled_domain_rank,7,5.0,5,108,0.37962962962962965,0.20517582775647292,0.8148148148148148,0.02199139425232219,0.42990654205607476,0.616822429906542,0.9907407407407407
shuffled_domain_rank,7,6.0,1,115,0.4608695652173913,0.32045739348370933,0.8,0.019494866962589463,0.4782608695652174,0.7130434782608696,1.0
shuffled_domain_rank,7,6.0,2,108,0.3888888888888889,0.2640075091202911,0.7870370370370371,0.04237193815853674,0.39814814814814814,0.5370370370370371,1.0
shuffled_domain_rank,7,6.0,3,108,0.3611111111111111,0.28734833909145485,0.7870370370370371,0.024745994277485677,0.4166666666666667,0.5833333333333334,1.0
shuffled_domain_rank,7,6.0,4,108,0.4166666666666667,0.3199678735312644,0.9259259259259259,0.021048089752828732,0.4666666666666667,0.6285714285714286,0.9722222222222222
shuffled_domain_rank,7,6.0,5,108,0.3333333333333333,0.1767186218799122,0.8055555555555556,0.025656537196932533,0.37962962962962965,0.6111111111111112,1.0
shuffled_domain_rank,7,7.0,1,115,0.43478260869565216,0.2986257443884563,0.782608695652174,0.0185419698049466,0.45217391304347826,0.7391304347826086,1.0
shuffled_domain_rank,7,7.0,2,108,0.4166666666666667,0.27794436115275695,0.8055555555555556,0.03835364439690895,0.42592592592592593,0.5462962962962963,1.0
shuffled_domain_rank,7,7.0,3,108,0.37037037037037035,0.2851716185049518,0.7777777777777778,0.028553475881532904,0.4205607476635514,0.5514018691588785,0.9907407407407407
shuffled_domain_rank,7,7.0,4,108,0.42592592592592593,0.3190241957123437,0.8888888888888888,0.020949605903252545,0.49514563106796117,0.6310679611650486,0.9537037037037037
shuffled_domain_rank,7,7.0,5,108,0.3611111111111111,0.21115469710975332,0.8148148148148148,0.020959909510127127,0.40186915887850466,0.5794392523364486,0.9907407407407407
shuffled_domain_rank,7,8.0,1,115,0.43478260869565216,0.2907155527999518,0.8,0.020941688242469537,0.45217391304347826,0.7130434782608696,1.0
shuffled_domain_rank,7,8.0,2,108,0.4166666666666667,0.26676683377714305,0.7870370370370371,0.03697629654271474,0.42592592592592593,0.5648148148148148,1.0
shuffled_domain_rank,7,8.0,3,108,0.3425925925925926,0.269467287791459,0.7870370370370371,0.033960346672450306,0.39814814814814814,0.5277777777777778,1.0
shuffled_domain_rank,7,8.0,4,108,0.4166666666666667,0.3036287056023898,0.8981481481481481,0.030603497362147215,0.47115384615384615,0.625,0.9629629629629629
shuffled_domain_rank,7,8.0,5,108,0.3611111111111111,0.203632793323515,0.8148148148148148,0.023879467958727814,0.39814814814814814,0.6296296296296297,1.0
shuffled_domain_rank,7,9.0,1,115,0.43478260869565216,0.29068627450980394,0.7391304347826086,0.021338900974114818,0.45217391304347826,0.7043478260869566,1.0
shuffled_domain_rank,7,9.0,2,108,0.5,0.301696065636408,0.8148148148148148,0.02488293246039545,0.5092592592592593,0.6481481481481481,1.0
shuffled_domain_rank,7,9.0,3,108,0.4074074074074074,0.3214909462649065,0.7685185185185185,0.026761947859807386,0.4444444444444444,0.5925925925925926,1.0
shuffled_domain_rank,7,9.0,4,108,0.4351851851851852,0.3200116334482662,0.9166666666666666,0.026621842141173604,0.5,0.6442307692307693,0.9629629629629629
shuffled_domain_rank,7,9.0,5,108,0.37962962962962965,0.19093117131910234,0.8055555555555556,0.020689204887994014,0.4205607476635514,0.6355140186915887,0.9907407407407407
shuffled_domain_rank,7,10.0,1,115,0.45217391304347826,0.3072053166347531,0.782608695652174,0.018931990536800662,0.46956521739130436,0.7217391304347827,1.0
shuffled_domain_rank,7,10.0,2,108,0.4351851851851852,0.2828342953342953,0.8148148148148148,0.033498653463060885,0.4444444444444444,0.5740740740740741,1.0
shuffled_domain_rank,7,10.0,3,108,0.3611111111111111,0.29175911319730335,0.7777777777777778,0.026855675141725592,0.411214953271028,0.5607476635514018,0.9907407407407407
shuffled_domain_rank,7,10.0,4,108,0.39814814814814814,0.3027560032166694,0.9259259259259259,0.020536539248534807,0.47115384615384615,0.625,0.9629629629629629
shuffled_domain_rank,7,10.0,5,108,0.35185185185185186,0.1892412589319806,0.8425925925925926,0.020640502430060294,0.39814814814814814,0.5740740740740741,1.0
shuffled_domain_rank,7,11.0,1,115,0.4608695652173913,0.31071078253693657,0.782608695652174,0.01713507115775973,0.4782608695652174,0.7391304347826086,1.0
shuffled_domain_rank,7,11.0,2,108,0.3888888888888889,0.25756179540374063,0.7962962962962963,0.042757241430110414,0.39814814814814814,0.5370370370370371,1.0
shuffled_domain_rank,7,11.0,3,108,0.37962962962962965,0.2974539599672155,0.7592592592592593,0.029163838577727263,0.4392523364485981,0.5794392523364486,0.9907407407407407
shuffled_domain_rank,7,11.0,4,108,0.46296296296296297,0.3386979394090616,0.9074074074074074,0.019967336027391026,0.514018691588785,0.6728971962616822,0.9907407407407407
shuffled_domain_rank,7,11.0,5,108,0.3148148148148148,0.17379899793692896,0.8425925925925926,0.023320675738422853,0.37383177570093457,0.5607476635514018,0.9907407407407407
shuffled_domain_rank,7,12.0,1,115,0.4608695652173913,0.3135711996581562,0.7565217391304347,0.018398176467864465,0.4782608695652174,0.7391304347826086,1.0
shuffled_domain_rank,7,12.0,2,108,0.4537037037037037,0.28544973544973545,0.7962962962962963,0.03303688512233823,0.46296296296296297,0.6018518518518519,1.0
shuffled_domain_rank,7,12.0,3,108,0.3888888888888889,0.2991129785247432,0.7870370370370371,0.028325023265743373,0.4351851851851852,0.5925925925925926,1.0
shuffled_domain_rank,7,12.0,4,108,0.4351851851851852,0.3247564979235564,0.8981481481481481,0.022772735848962996,0.5096153846153846,0.6634615384615384,0.9629629629629629
shuffled_domain_rank,7,12.0,5,108,0.37962962962962965,0.2016929740714907,0.8240740740740741,0.022070593187738,0.4166666666666667,0.6203703703703703,1.0
shuffled_domain_rank,7,13.0,1,115,0.43478260869565216,0.2861538035451079,0.7565217391304347,0.02108170959398616,0.45217391304347826,0.7217391304347827,1.0
shuffled_domain_rank,7,13.0,2,108,0.39814814814814814,0.26217780521685446,0.7777777777777778,0.036210466747656975,0.4074074074074074,0.5462962962962963,1.0
shuffled_domain_rank,7,13.0,3,108,0.3611111111111111,0.28212637380291267,0.7777777777777778,0.027644741750923733,0.40186915887850466,0.5420560747663551,0.9907407407407407
shuffled_domain_rank,7,13.0,4,108,0.37962962962962965,0.28036899825440414,0.9351851851851852,0.027866972869996034,0.4519230769230769,0.625,0.9629629629629629
shuffled_domain_rank,7,13.0,5,108,0.3611111111111111,0.19682012432012433,0.8148148148148148,0.02126943270873278,0.4074074074074074,0.6111111111111112,1.0
shuffled_domain_rank,7,14.0,1,115,0.4434782608695652,0.30541252249692147,0.7565217391304347,0.020847736715322966,0.4608695652173913,0.7217391304347827,1.0
shuffled_domain_rank,7,14.0,2,108,0.4444444444444444,0.29476441432963174,0.8055555555555556,0.03848094817183264,0.4537037037037037,0.5648148148148148,1.0
shuffled_domain_rank,7,14.0,3,108,0.3425925925925926,0.2870421245421246,0.7777777777777778,0.032121232415041945,0.37037037037037035,0.5370370370370371,1.0
shuffled_domain_rank,7,14.0,4,108,0.4166666666666667,0.3135376232068073,0.9259259259259259,0.02140380762718449,0.47572815533980584,0.6116504854368932,0.9537037037037037
shuffled_domain_rank,7,14.0,5,108,0.3888888888888889,0.19214182642754074,0.8148148148148148,0.019568583507500143,0.4351851851851852,0.6574074074074074,1.0
shuffled_domain_rank,7,15.0,1,115,0.46956521739130436,0.3208701146742059,0.7913043478260869,0.01709137663245296,0.48695652173913045,0.7391304347826086,1.0
shuffled_domain_rank,7,15.0,2,108,0.42592592592592593,0.27902466542172427,0.7870370370370371,0.03740045216937006,0.4351851851851852,0.5555555555555556,1.0
shuffled_domain_rank,7,15.0,3,108,0.4074074074074074,0.3152635413139615,0.7685185185185185,0.027114107541691107,0.45794392523364486,0.5981308411214953,0.9907407407407407
shuffled_domain_rank,7,15.0,4,108,0.4166666666666667,0.29528201267331705,0.9166666666666666,0.026645225364751154,0.4807692307692308,0.625,0.9629629629629629
shuffled_domain_rank,7,15.0,5,108,0.3611111111111111,0.1888209096343726,0.8148148148148148,0.021645413823879158,0.40186915887850466,0.6261682242990654,0.9907407407407407
shuffled_domain_rank,7,16.0,1,115,0.45217391304347826,0.3030639562793102,0.7391304347826086,0.020941605945335055,0.46956521739130436,0.7304347826086957,1.0
shuffled_domain_rank,7,16.0,2,108,0.37037037037037035,0.23766594902030658,0.8055555555555556,0.04202181043248508,0.37962962962962965,0.5370370370370371,1.0
shuffled_domain_rank,7,16.0,3,108,0.37037037037037035,0.28893901825343904,0.7685185185185185,0.029453889189385383,0.42990654205607476,0.5794392523364486,0.9907407407407407
shuffled_domain_rank,7,16.0,4,108,0.4074074074074074,0.3101051608342171,0.8888888888888888,0.024093133173752477,0.49038461538461536,0.6634615384615384,0.9629629629629629
shuffled_domain_rank,7,16.0,5,108,0.4074074074074074,0.21206595286957483,0.8611111111111112,0.017769334591658466,0.4537037037037037,0.6481481481481481,1.0
shuffled_domain_rank,7,17.0,1,115,0.4260869565217391,0.24581542083384386,0.7391304347826086,0.020873041212752526,0.4434782608695652,0.7217391304347827,1.0
shuffled_domain_rank,7,17.0,2,108,0.35185185185185186,0.24660395750821285,0.8055555555555556,0.04051083009205267,0.3611111111111111,0.5092592592592593,1.0
shuffled_domain_rank,7,17.0,3,108,0.37037037037037035,0.29138657932308726,0.7870370370370371,0.02853743642290166,0.4166666666666667,0.5833333333333334,1.0
shuffled_domain_rank,7,17.0,4,108,0.39814814814814814,0.29203170629954106,0.9166666666666666,0.020781157529067357,0.46153846153846156,0.6346153846153846,0.9629629629629629
shuffled_domain_rank,7,17.0,5,108,0.3611111111111111,0.19779220779220777,0.8611111111111112,0.02344922766117858,0.40186915887850466,0.5887850467289719,0.9907407407407407
shuffled_domain_rank,7,18.0,1,115,0.4260869565217391,0.2826390340183444,0.7913043478260869,0.021191098343230286,0.4434782608695652,0.7130434782608696,1.0
shuffled_domain_rank,7,18.0,2,108,0.37962962962962965,0.2607789855072464,0.8055555555555556,0.039852899964608925,0.3888888888888889,0.5462962962962963,1.0
shuffled_domain_rank,7,18.0,3,108,0.3333333333333333,0.2688060667304897,0.7685185185185185,0.030102077417665147,0.411214953271028,0.5607476635514018,0.9907407407407407
shuffled_domain_rank,7,18.0,4,108,0.4166666666666667,0.3066282191282192,0.9074074074074074,0.02887339211753833,0.4807692307692308,0.6153846153846154,0.9629629629629629
shuffled_domain_rank,7,18.0,5,108,0.37037037037037035,0.20114478114478115,0.8240740740740741,0.023319981895445444,0.4166666666666667,0.6203703703703703,1.0
shuffled_domain_rank,7,19.0,1,115,0.45217391304347826,0.29848717055613605,0.782608695652174,0.02055544851521276,0.46956521739130436,0.7217391304347827,1.0
shuffled_domain_rank,7,19.0,2,108,0.37962962962962965,0.26275338223867634,0.8240740740740741,0.04217712372943084,0.3888888888888889,0.5185185185185185,1.0
shuffled_domain_rank,7,19.0,3,108,0.37962962962962965,0.2884324100010374,0.7592592592592593,0.02811169209706674,0.4351851851851852,0.5925925925925926,1.0
shuffled_domain_rank,7,19.0,4,108,0.4351851851851852,0.32050829580950063,0.8796296296296297,0.0207135817447028,0.49056603773584906,0.6509433962264151,0.9814814814814815
shuffled_domain_rank,7,19.0,5,108,0.37037037037037035,0.20372480555813466,0.8240740740740741,0.01999327265707791,0.411214953271028,0.5981308411214953,0.9907407407407407
shuffled_domain_rank,7,20.0,1,115,0.45217391304347826,0.305644574760017,0.7565217391304347,0.018670179766711217,0.46956521739130436,0.7391304347826086,1.0
shuffled_domain_rank,7,20.0,2,108,0.4444444444444444,0.27383516537928304,0.8148148148148148,0.03317791316611103,0.4537037037037037,0.5833333333333334,1.0
shuffled_domain_rank,7,20.0,3,108,0.35185185185185186,0.2825698999271227,0.7777777777777778,0.03516350995262076,0.4205607476635514,0.5607476635514018,0.9907407407407407
shuffled_domain_rank,7,20.0,4,108,0.4166666666666667,0.31835804581695354,0.9537037037037037,0.017972836469409302,0.47619047619047616,0.6476190476190476,0.9722222222222222
shuffled_domain_rank,7,20.0,5,108,0.35185185185185186,0.2006424792139078,0.8148148148148148,0.023436828649700665,0.3925233644859813,0.5981308411214953,0.9907407407407407
shuffled_domain_rank,7,21.0,1,115,0.46956521739130436,0.3231783031783032,0.7652173913043478,0.01985372834125244,0.48695652173913045,0.7478260869565218,1.0
shuffled_domain_rank,7,21.0,2,108,0.4444444444444444,0.28434343434343434,0.8055555555555556,0.03429668932396165,0.4537037037037037,0.5740740740740741,1.0
shuffled_domain_rank,7,21.0,3,108,0.37037037037037035,0.2951485785058239,0.7870370370370371,0.03130881830745405,0.42592592592592593,0.5648148148148148,1.0
shuffled_domain_rank,7,21.0,4,108,0.3888888888888889,0.2926172776211228,0.8981481481481481,0.02266853492063994,0.4519230769230769,0.6057692307692307,0.9629629629629629
shuffled_domain_rank,7,21.0,5,108,0.35185185185185186,0.18131787309092273,0.8333333333333334,0.024992052893856004,0.4074074074074074,0.5833333333333334,1.0
shuffled_domain_rank,7,22.0,1,115,0.45217391304347826,0.3077945138814704,0.782608695652174,0.017867183058619476,0.46956521739130436,0.7130434782608696,1.0
shuffled_domain_rank,7,22.0,2,108,0.4722222222222222,0.29616959463498765,0.8055555555555556,0.03182997419368069,0.48148148148148145,0.6018518518518519,1.0
shuffled_domain_rank,7,22.0,3,108,0.35185185185185186,0.2763541782616116,0.7592592592592593,0.02963096849864871,0.40186915887850466,0.5514018691588785,0.9907407407407407
shuffled_domain_rank,7,22.0,4,108,0.4166666666666667,0.3064819423704441,0.9074074074074074,0.019984022522028046,0.49038461538461536,0.6442307692307693,0.9629629629629629
shuffled_domain_rank,7,22.0,5,108,0.37037037037037035,0.19334502839657475,0.8240740740740741,0.02030159512804068,0.4205607476635514,0.6074766355140186,0.9907407407407407
shuffled_domain_rank,7,23.0,1,115,0.4434782608695652,0.2958306441278578,0.7739130434782608,0.01767028374738724,0.4608695652173913,0.7130434782608696,1.0
shuffled_domain_rank,7,23.0,2,108,0.37037037037037035,0.238268761056202,0.7962962962962963,0.03584522131058028,0.37962962962962965,0.5462962962962963,1.0
shuffled_domain_rank,7,23.0,3,108,0.3425925925925926,0.2807610139685611,0.7962962962962963,0.02964513762383209,0.37962962962962965,0.5370370370370371,1.0
shuffled_domain_rank,7,23.0,4,108,0.3888888888888889,0.28939661161883384,0.9444444444444444,0.02796248893096305,0.4519230769230769,0.6153846153846154,0.9629629629629629
shuffled_domain_rank,7,23.0,5,108,0.42592592592592593,0.24963317384370018,0.8518518518518519,0.019781709445129064,0.4722222222222222,0.6574074074074074,1.0
shuffled_domain_rank,7,24.0,1,115,0.4434782608695652,0.3036837352626826,0.782608695652174,0.020192568135257927,0.4608695652173913,0.7043478260869566,1.0
shuffled_domain_rank,7,24.0,2,108,0.39814814814814814,0.2578270388615216,0.8240740740740741,0.03682938128961294,0.4074074074074074,0.5555555555555556,1.0
shuffled_domain_rank,7,24.0,3,108,0.3055555555555556,0.20256978798692826,0.7962962962962963,0.03396770151122556,0.37037037037037035,0.5370370370370371,1.0
shuffled_domain_rank,7,24.0,4,108,0.4537037037037037,0.339252812160349,0.8981481481481481,0.018777333916044213,0.5288461538461539,0.6923076923076923,0.9629629629629629
shuffled_domain_rank,7,24.0,5,108,0.3611111111111111,0.1815847132897824,0.8148148148148148,0.02074448596495794,0.4074074074074074,0.6111111111111112,1.0
shuffled_domain_rank,7,25.0,1,115,0.43478260869565216,0.2828692616621233,0.7739130434782608,0.020875163220507725,0.45217391304347826,0.7217391304347827,1.0
shuffled_domain_rank,7,25.0,2,108,0.42592592592592593,0.26183132343846627,0.7962962962962963,0.034707318515046895,0.4351851851851852,0.5833333333333334,1.0
shuffled_domain_rank,7,25.0,3,108,0.37037037037037035,0.28910328233857646,0.7870370370370371,0.0355600869761232,0.4074074074074074,0.5462962962962963,1.0
shuffled_domain_rank,7,25.0,4,108,0.4166666666666667,0.30424720575751,0.8981481481481481,0.024994291148884015,0.4666666666666667,0.6571428571428571,0.9722222222222222
shuffled_domain_rank,7,25.0,5,108,0.37962962962962965,0.22662904132202377,0.8518518518518519,0.022571110026056017,0.4205607476635514,0.6355140186915887,0.9907407407407407
shuffled_domain_rank,7,26.0,1,115,0.43478260869565216,0.2954129204129204,0.7739130434782608,0.019213586742045093,0.45217391304347826,0.7130434782608696,1.0
shuffled_domain_rank,7,26.0,2,108,0.48148148148148145,0.29925802352986824,0.8333333333333334,0.026777336625873602,0.49074074074074076,0.6203703703703703,1.0
shuffled_domain_rank,7,26.0,3,108,0.3333333333333333,0.2650793650793651,0.7777777777777778,0.03251171267496867,0.38317757009345793,0.5607476635514018,0.9907407407407407
shuffled_domain_rank,7,26.0,4,108,0.3888888888888889,0.2890480549309039,0.8518518518518519,0.030061443646421715,0.44761904761904764,0.5904761904761905,0.9722222222222222
shuffled_domain_rank,7,26.0,5,108,0.3611111111111111,0.17884509458666306,0.7962962962962963,0.019595174628825193,0.39814814814814814,0.6388888888888888,1.0
shuffled_domain_rank,7,27.0,1,115,0.45217391304347826,0.3098176256148393,0.7565217391304347,0.018828757445473247,0.46956521739130436,0.7217391304347827,1.0
shuffled_domain_rank,7,27.0,2,108,0.3611111111111111,0.24059162763591946,0.7870370370370371,0.04203308424876485,0.37037037037037035,0.49074074074074076,1.0
shuffled_domain_rank,7,27.0,3,108,0.37037037037037035,0.2947937671113372,0.7777777777777778,0.034153906200580855,0.4074074074074074,0.5370370370370371,1.0
shuffled_domain_rank,7,27.0,4,108,0.4074074074074074,0.3006663519321747,0.9074074074074074,0.02576472600014398,0.46226415094339623,0.6132075471698113,0.9814814814814815
shuffled_domain_rank,7,27.0,5,108,0.37962962962962965,0.20848872538484553,0.8425925925925926,0.021737153932053235,0.4074074074074074,0.6203703703703703,1.0
shuffled_domain_rank,7,28.0,1,115,0.4434782608695652,0.2984384911921144,0.7913043478260869,0.02062973341396149,0.4608695652173913,0.7217391304347827,1.0
shuffled_domain_rank,7,28.0,2,108,0.42592592592592593,0.2553767185301779,0.8240740740740741,0.033573015538809675,0.4351851851851852,0.5740740740740741,1.0
shuffled_domain_rank,7,28.0,3,108,0.3888888888888889,0.30141476880607315,0.7777777777777778,0.027514603773413377,0.45794392523364486,0.6074766355140186,0.9907407407407407
shuffled_domain_rank,7,28.0,4,108,0.4444444444444444,0.33553212400325577,0.9351851851851852,0.018904511153802286,0.5048543689320388,0.6407766990291263,0.9537037037037037
shuffled_domain_rank,7,28.0,5,108,0.37037037037037035,0.1948796722990271,0.8148148148148148,0.02286945521739341,0.4074074074074074,0.6296296296296297,1.0
shuffled_domain_rank,7,29.0,1,115,0.43478260869565216,0.2916588145555705,0.7478260869565218,0.021048302224227617,0.45217391304347826,0.7043478260869566,1.0
shuffled_domain_rank,7,29.0,2,108,0.4444444444444444,0.2777797572859096,0.8240740740740741,0.03494080540193757,0.4537037037037037,0.5925925925925926,1.0
shuffled_domain_rank,7,29.0,3,108,0.3333333333333333,0.2653353181168122,0.7870370370370371,0.03057171679608471,0.3888888888888889,0.5092592592592593,1.0
shuffled_domain_rank,7,29.0,4,108,0.4166666666666667,0.3334302325581396,0.8888888888888888,0.027217285621262664,0.4807692307692308,0.6346153846153846,0.9629629629629629
shuffled_domain_rank,7,29.0,5,108,0.39814814814814814,0.2290724115777372,0.8518518518518519,0.017850882444144414,0.4392523364485981,0.616822429906542,0.9907407407407407
baseline_stats,123,,1,115,0.4956521739130435,0.35448502115168784,0.7913043478260869,0.019182893216201157,0.5217391304347826,0.7043478260869566,1.0
baseline_stats,123,,2,108,0.46296296296296297,0.2489550882658359,0.8148148148148148,0.02476949142082703,0.48148148148148145,0.6296296296296297,1.0
baseline_stats,123,,3,108,0.4444444444444444,0.3039584862748485,0.8425925925925926,0.022713149562141235,0.48148148148148145,0.6481481481481481,1.0
baseline_stats,123,,4,108,0.42592592592592593,0.32405056227332557,0.8703703703703703,0.03265038758865808,0.4537037037037037,0.5833333333333334,1.0
baseline_stats,123,,5,108,0.37962962962962965,0.3086250097878005,0.8333333333333334,0.01945298459466634,0.4230769230769231,0.6442307692307693,0.9629629629629629
real_domain_rank,123,,1,115,0.5217391304347826,0.3774877293486902,0.7739130434782608,0.015674237879761667,0.5565217391304348,0.7478260869565218,1.0
real_domain_rank,123,,2,108,0.4537037037037037,0.23698451888869954,0.8425925925925926,0.028409487091963087,0.4766355140186916,0.6261682242990654,0.9907407407407407
real_domain_rank,123,,3,108,0.4351851851851852,0.3037880668185955,0.8518518518518519,0.023446187542442567,0.48148148148148145,0.6296296296296297,1.0
real_domain_rank,123,,4,108,0.4166666666666667,0.30890925845094325,0.8611111111111112,0.035053767619007185,0.4444444444444444,0.5925925925925926,1.0
real_domain_rank,123,,5,108,0.4074074074074074,0.2791009226280544,0.8425925925925926,0.01944268476545915,0.46153846153846156,0.6730769230769231,0.9629629629629629
shuffled_domain_rank,123,0.0,1,115,0.4956521739130435,0.35416403519851797,0.7913043478260869,0.020344107032924087,0.5309734513274337,0.7168141592920354,0.9826086956521739
shuffled_domain_rank,123,0.0,2,108,0.46296296296296297,0.2621276412204546,0.8425925925925926,0.025372715704735083,0.48598130841121495,0.6355140186915887,0.9907407407407407
shuffled_domain_rank,123,0.0,3,108,0.39814814814814814,0.2780619826884636,0.8333333333333334,0.02561303685938788,0.4444444444444444,0.6203703703703703,1.0
shuffled_domain_rank,123,0.0,4,108,0.4074074074074074,0.2974196523086635,0.8703703703703703,0.03677060000847438,0.4351851851851852,0.5740740740740741,1.0
shuffled_domain_rank,123,0.0,5,108,0.3333333333333333,0.24070169596485383,0.8148148148148148,0.023255041996356262,0.37735849056603776,0.5943396226415094,0.9814814814814815
shuffled_domain_rank,123,1.0,1,115,0.5043478260869565,0.36711357682231466,0.808695652173913,0.01796941778653183,0.5350877192982456,0.7280701754385965,0.991304347826087
shuffled_domain_rank,123,1.0,2,108,0.42592592592592593,0.21192575066742658,0.8055555555555556,0.032033643641589435,0.4528301886792453,0.6037735849056604,0.9814814814814815
shuffled_domain_rank,123,1.0,3,108,0.37037037037037035,0.26441912108461896,0.8055555555555556,0.02577956619385879,0.4074074074074074,0.5925925925925926,1.0
shuffled_domain_rank,123,1.0,4,108,0.3888888888888889,0.28433847164005893,0.8888888888888888,0.034462414652134114,0.4166666666666667,0.5648148148148148,1.0
shuffled_domain_rank,123,1.0,5,108,0.35185185185185186,0.25561286625116414,0.8240740740740741,0.022652775630969457,0.3904761904761905,0.6190476190476191,0.9722222222222222
shuffled_domain_rank,123,2.0,1,115,0.48695652173913045,0.34279577383025667,0.8,0.02010506205144574,0.5263157894736842,0.7105263157894737,0.991304347826087
shuffled_domain_rank,123,2.0,2,108,0.4537037037037037,0.24201474201474205,0.8240740740740741,0.02495864089309103,0.4766355140186916,0.6355140186915887,0.9907407407407407
shuffled_domain_rank,123,2.0,3,108,0.39814814814814814,0.2758561422267411,0.8518518518518519,0.028108219144547166,0.4351851851851852,0.6296296296296297,1.0
shuffled_domain_rank,123,2.0,4,108,0.42592592592592593,0.32048687685480143,0.8333333333333334,0.03142583119359909,0.4537037037037037,0.6111111111111112,1.0
shuffled_domain_rank,123,2.0,5,108,0.3055555555555556,0.22647626192262352,0.8148148148148148,0.024870465390966216,0.3490566037735849,0.6132075471698113,0.9814814814814815
shuffled_domain_rank,123,3.0,1,115,0.4956521739130435,0.35331951998618666,0.7652173913043478,0.019282337099240054,0.5350877192982456,0.7192982456140351,0.991304347826087
shuffled_domain_rank,123,3.0,2,108,0.4444444444444444,0.2389163356905292,0.8333333333333334,0.028494192298634317,0.4672897196261682,0.616822429906542,0.9907407407407407
shuffled_domain_rank,123,3.0,3,108,0.39814814814814814,0.27918220144098654,0.8333333333333334,0.02625864365260205,0.42592592592592593,0.5925925925925926,1.0
shuffled_domain_rank,123,3.0,4,108,0.4166666666666667,0.31067340067340066,0.8796296296296297,0.03158592585640004,0.4537037037037037,0.6018518518518519,1.0
shuffled_domain_rank,123,3.0,5,108,0.42592592592592593,0.3291891815827986,0.8333333333333334,0.01791669272677993,0.4807692307692308,0.6923076923076923,0.9629629629629629
shuffled_domain_rank,123,4.0,1,115,0.46956521739130436,0.32643627469130904,0.8,0.02150770678198986,0.5132743362831859,0.6991150442477876,0.9826086956521739
shuffled_domain_rank,123,4.0,2,108,0.4351851851851852,0.23270651603984938,0.8425925925925926,0.028208979870743642,0.45794392523364486,0.6074766355140186,0.9907407407407407
shuffled_domain_rank,123,4.0,3,108,0.39814814814814814,0.277078831532613,0.8148148148148148,0.02705791507137271,0.4444444444444444,0.6296296296296297,1.0
shuffled_domain_rank,123,4.0,4,108,0.4166666666666667,0.32253500680920033,0.8888888888888888,0.0327317740305892,0.4351851851851852,0.5833333333333334,1.0
shuffled_domain_rank,123,4.0,5,108,0.37962962962962965,0.2718698722288968,0.8333333333333334,0.018582268046739753,0.41509433962264153,0.660377358490566,0.9814814814814815
shuffled_domain_rank,123,5.0,1,115,0.4956521739130435,0.35302968636301973,0.7913043478260869,0.019726038604409076,0.5304347826086957,0.7043478260869566,1.0
shuffled_domain_rank,123,5.0,2,108,0.4537037037037037,0.24019861166087583,0.8333333333333334,0.03044777045117395,0.4766355140186916,0.616822429906542,0.9907407407407407
shuffled_domain_rank,123,5.0,3,108,0.3888888888888889,0.264960529666412,0.8055555555555556,0.02567574348942887,0.42990654205607476,0.5887850467289719,0.9907407407407407
shuffled_domain_rank,123,5.0,4,108,0.4166666666666667,0.32033986266464565,0.8611111111111112,0.03291423269348094,0.4351851851851852,0.5740740740740741,1.0
shuffled_domain_rank,123,5.0,5,108,0.37037037037037035,0.251286357411004,0.8333333333333334,0.020931379333544733,0.4230769230769231,0.6538461538461539,0.9629629629629629
shuffled_domain_rank,123,6.0,1,115,0.4782608695652174,0.32283359914938864,0.7913043478260869,0.02069160678369813,0.5130434782608696,0.6869565217391305,1.0
shuffled_domain_rank,123,6.0,2,108,0.4537037037037037,0.24203089030675237,0.8425925925925926,0.027811730456980342,0.4766355140186916,0.616822429906542,0.9907407407407407
shuffled_domain_rank,123,6.0,3,108,0.46296296296296297,0.31951793621166663,0.8518518518518519,0.022660238291695927,0.5,0.6759259259259259,1.0
shuffled_domain_rank,123,6.0,4,108,0.4074074074074074,0.3190167232945373,0.8518518518518519,0.03321325849818929,0.4351851851851852,0.5555555555555556,1.0
shuffled_domain_rank,123,6.0,5,108,0.4074074074074074,0.2730419604103815,0.8055555555555556,0.015680993454398325,0.45714285714285713,0.6952380952380952,0.9722222222222222
shuffled_domain_rank,123,7.0,1,115,0.4956521739130435,0.3558842640369988,0.7739130434782608,0.01921395624846086,0.5309734513274337,0.7256637168141593,0.9826086956521739
shuffled_domain_rank,123,7.0,2,108,0.42592592592592593,0.2041485785525056,0.8240740740740741,0.02954007865961081,0.4485981308411215,0.6074766355140186,0.9907407407407407
shuffled_domain_rank,123,7.0,3,108,0.37962962962962965,0.2569997052755673,0.8425925925925926,0.025073908822217515,0.4166666666666667,0.6018518518518519,1.0
shuffled_domain_rank,123,7.0,4,108,0.4166666666666667,0.3204175884085929,0.8611111111111112,0.03303677247985876,0.4351851851851852,0.5833333333333334,1.0
shuffled_domain_rank,123,7.0,5,108,0.35185185185185186,0.2460363576858422,0.8611111111111112,0.019855124692250297,0.39622641509433965,0.6415094339622641,0.9814814814814815
shuffled_domain_rank,123,8.0,1,115,0.48695652173913045,0.3113882025371855,0.782608695652174,0.019341177194392854,0.5175438596491229,0.7105263157894737,0.991304347826087
shuffled_domain_rank,123,8.0,2,108,0.4537037037037037,0.23556586540457505,0.8425925925925926,0.02539742329951883,0.4811320754716981,0.6132075471698113,0.9814814814814815
shuffled_domain_rank,123,8.0,3,108,0.37037037037037035,0.26337998738295537,0.8425925925925926,0.024674593922711045,0.39814814814814814,0.5925925925925926,1.0
shuffled_domain_rank,123,8.0,4,108,0.4351851851851852,0.32313967109667036,0.8425925925925926,0.03129957037222456,0.4537037037037037,0.5833333333333334,1.0
shuffled_domain_rank,123,8.0,5,108,0.3888888888888889,0.2670640027782885,0.8148148148148148,0.018842090589653932,0.4326923076923077,0.6730769230769231,0.9629629629629629
shuffled_domain_rank,123,9.0,1,115,0.4782608695652174,0.3345892759881059,0.7739130434782608,0.0212863503880511,0.5043478260869565,0.6782608695652174,1.0
shuffled_domain_rank,123,9.0,2,108,0.42592592592592593,0.21800606482958584,0.8333333333333334,0.02926510624848719,0.4528301886792453,0.6037735849056604,0.9814814814814815
shuffled_domain_rank,123,9.0,3,108,0.4444444444444444,0.2960142390289449,0.8240740740740741,0.019374357274531344,0.48148148148148145,0.6574074074074074,1.0
shuffled_domain_rank,123,9.0,4,108,0.4166666666666667,0.3147027609052926,0.8888888888888888,0.03408573720110469,0.4537037037037037,0.5925925925925926,1.0
shuffled_domain_rank,123,9.0,5,108,0.37037037037037035,0.2648304704295746,0.8333333333333334,0.019885421315104828,0.41904761904761906,0.6476190476190476,0.9722222222222222
shuffled_domain_rank,123,10.0,1,115,0.48695652173913045,0.3385207875339454,0.7739130434782608,0.019351657856318184,0.5309734513274337,0.7256637168141593,0.9826086956521739
shuffled_domain_rank,123,10.0,2,108,0.4351851851851852,0.2205157213270804,0.8425925925925926,0.029545663960405057,0.45794392523364486,0.616822429906542,0.9907407407407407
shuffled_domain_rank,123,10.0,3,108,0.42592592592592593,0.30407879969283474,0.8333333333333334,0.03059275152089251,0.4537037037037037,0.5925925925925926,1.0
shuffled_domain_rank,123,10.0,4,108,0.42592592592592593,0.32019878010254915,0.8703703703703703,0.03328029541117627,0.4537037037037037,0.5833333333333334,1.0
shuffled_domain_rank,123,10.0,5,108,0.35185185185185186,0.24801358343844573,0.8333333333333334,0.019834514491757542,0.4,0.638095238095238,0.9722222222222222
shuffled_domain_rank,123,11.0,1,115,0.4956521739130435,0.35929625929625925,0.8,0.018932165683001583,0.5130434782608696,0.6956521739130435,1.0
shuffled_domain_rank,123,11.0,2,108,0.4351851851851852,0.2223744650573919,0.8333333333333334,0.031386189344767106,0.4485981308411215,0.5981308411214953,0.9907407407407407
shuffled_domain_rank,123,11.0,3,108,0.4537037037037037,0.29628915952959756,0.8703703703703703,0.020760442786371614,0.48148148148148145,0.6481481481481481,1.0
shuffled_domain_rank,123,11.0,4,108,0.46296296296296297,0.3458635265700483,0.8796296296296297,0.03058693870648986,0.48148148148148145,0.6203703703703703,1.0
shuffled_domain_rank,123,11.0,5,108,0.39814814814814814,0.2912294561230731,0.8611111111111112,0.023043917319484793,0.4380952380952381,0.6666666666666666,0.9722222222222222
shuffled_domain_rank,123,12.0,1,115,0.4956521739130435,0.3561640873567479,0.782608695652174,0.020802430832596214,0.5309734513274337,0.7168141592920354,0.9826086956521739
shuffled_domain_rank,123,12.0,2,108,0.46296296296296297,0.23999453999454,0.8055555555555556,0.02825857295282589,0.49056603773584906,0.6226415094339622,0.9814814814814815
shuffled_domain_rank,123,12.0,3,108,0.4351851851851852,0.302679399453593,0.8333333333333334,0.02343232699212223,0.46296296296296297,0.6111111111111112,1.0
shuffled_domain_rank,123,12.0,4,108,0.39814814814814814,0.30992304695110073,0.8703703703703703,0.031141316699685763,0.4351851851851852,0.5833333333333334,1.0
shuffled_domain_rank,123,12.0,5,108,0.3888888888888889,0.2733711262282691,0.8333333333333334,0.01577849050343208,0.4380952380952381,0.7047619047619048,0.9722222222222222
shuffled_domain_rank,123,13.0,1,115,0.5217391304347826,0.37702055619824654,0.7913043478260869,0.01693614093671509,0.5526315789473685,0.7368421052631579,0.991304347826087
shuffled_domain_rank,123,13.0,2,108,0.4444444444444444,0.2318724513599145,0.8518518518518519,0.029181171308848026,0.4672897196261682,0.616822429906542,0.9907407407407407
shuffled_domain_rank,123,13.0,3,108,0.4074074074074074,0.28216122836376,0.8703703703703703,0.025346705827343795,0.4537037037037037,0.6296296296296297,1.0
shuffled_domain_rank,123,13.0,4,108,0.37037037037037035,0.2871411128553986,0.8888888888888888,0.0376053821529644,0.3888888888888889,0.5370370370370371,1.0
shuffled_domain_rank,123,13.0,5,108,0.4166666666666667,0.2978961778961779,0.8518518518518519,0.017723828648375906,0.4528301886792453,0.7075471698113207,0.9814814814814815
shuffled_domain_rank,123,14.0,1,115,0.48695652173913045,0.3223787517392169,0.808695652173913,0.01959913729354066,0.5221238938053098,0.7168141592920354,0.9826086956521739
shuffled_domain_rank,123,14.0,2,108,0.4537037037037037,0.23942065867704046,0.8240740740740741,0.024693580031603688,0.4766355140186916,0.6355140186915887,0.9907407407407407
shuffled_domain_rank,123,14.0,3,108,0.4351851851851852,0.29582322628917607,0.8425925925925926,0.0261400183899053,0.46296296296296297,0.6111111111111112,1.0
shuffled_domain_rank,123,14.0,4,108,0.42592592592592593,0.32607212006461067,0.8518518518518519,0.03511519615202467,0.4537037037037037,0.5740740740740741,1.0
shuffled_domain_rank,123,14.0,5,108,0.32407407407407407,0.24043251796060786,0.8333333333333334,0.019489902982897787,0.38095238095238093,0.6476190476190476,0.9722222222222222
shuffled_domain_rank,123,15.0,1,115,0.46956521739130436,0.32553434220100885,0.782608695652174,0.020375570969670243,0.5087719298245614,0.7017543859649122,0.991304347826087
shuffled_domain_rank,123,15.0,2,108,0.4444444444444444,0.23767667986734922,0.8425925925925926,0.029591945146991584,0.4672897196261682,0.6355140186915887,0.9907407407407407
shuffled_domain_rank,123,15.0,3,108,0.4074074074074074,0.2898375262054507,0.8611111111111112,0.024190815705939145,0.4444444444444444,0.6111111111111112,1.0
shuffled_domain_rank,123,15.0,4,108,0.48148148148148145,0.3894037861779797,0.8796296296296297,0.03098708239674315,0.5,0.6203703703703703,1.0
shuffled_domain_rank,123,15.0,5,108,0.37037037037037035,0.270066557838297,0.8703703703703703,0.02018656414915852,0.4230769230769231,0.6538461538461539,0.9629629629629629
shuffled_domain_rank,123,16.0,1,115,0.5043478260869565,0.3512854330978805,0.782608695652174,0.019069871927863757,0.5398230088495575,0.7256637168141593,0.9826086956521739
shuffled_domain_rank,123,16.0,2,108,0.4537037037037037,0.2461452165753241,0.8518518518518519,0.023823937579250602,0.4811320754716981,0.6320754716981132,0.9814814814814815
shuffled_domain_rank,123,16.0,3,108,0.4351851851851852,0.30422820306707915,0.8333333333333334,0.024279724376354814,0.4766355140186916,0.6261682242990654,0.9907407407407407
shuffled_domain_rank,123,16.0,4,108,0.42592592592592593,0.3159155659155659,0.8611111111111112,0.03201964733438293,0.4537037037037037,0.5925925925925926,1.0
shuffled_domain_rank,123,16.0,5,108,0.37037037037037035,0.2617982552660832,0.8518518518518519,0.018777949749662647,0.41904761904761906,0.638095238095238,0.9722222222222222
shuffled_domain_rank,123,17.0,1,115,0.46956521739130436,0.3302663342014055,0.8,0.021874462711682315,0.5,0.6929824561403509,0.991304347826087
shuffled_domain_rank,123,17.0,2,108,0.46296296296296297,0.24856630824372758,0.8148148148148148,0.026892853787706058,0.48148148148148145,0.6296296296296297,1.0
shuffled_domain_rank,123,17.0,3,108,0.4444444444444444,0.31146475319382777,0.8425925925925926,0.02199769714373083,0.48148148148148145,0.6481481481481481,1.0
shuffled_domain_rank,123,17.0,4,108,0.42592592592592593,0.31747649132686884,0.8888888888888888,0.03355728630392596,0.4444444444444444,0.5740740740740741,1.0
shuffled_domain_rank,123,17.0,5,108,0.37037037037037035,0.25840498003288703,0.8148148148148148,0.017084669690216537,0.4056603773584906,0.660377358490566,0.9814814814814815
shuffled_domain_rank,123,18.0,1,115,0.4956521739130435,0.3541647708314375,0.7913043478260869,0.016790047948630732,0.5350877192982456,0.7280701754385965,0.991304347826087
shuffled_domain_rank,123,18.0,2,108,0.42592592592592593,0.20941160329954897,0.8333333333333334,0.028178472441008337,0.4485981308411215,0.6074766355140186,0.9907407407407407
shuffled_domain_rank,123,18.0,3,108,0.4166666666666667,0.30012443920489895,0.8425925925925926,0.02419638254899714,0.46296296296296297,0.6296296296296297,1.0
shuffled_domain_rank,123,18.0,4,108,0.4351851851851852,0.3283230179781904,0.8425925925925926,0.032192696809381895,0.46296296296296297,0.5833333333333334,1.0
shuffled_domain_rank,123,18.0,5,108,0.37962962962962965,0.26846465632858635,0.8148148148148148,0.017700014488450485,0.42857142857142855,0.6571428571428571,0.9722222222222222
shuffled_domain_rank,123,19.0,1,115,0.4956521739130435,0.34651317984651325,0.8173913043478261,0.01694295057474392,0.5263157894736842,0.7368421052631579,0.991304347826087
shuffled_domain_rank,123,19.0,2,108,0.42592592592592593,0.21227477477477477,0.8148148148148148,0.0297574913850727,0.4485981308411215,0.6074766355140186,0.9907407407407407
shuffled_domain_rank,123,19.0,3,108,0.4166666666666667,0.29412105751391465,0.8611111111111112,0.023970662028582543,0.4537037037037037,0.6203703703703703,1.0
shuffled_domain_rank,123,19.0,4,108,0.4537037037037037,0.3328070131849202,0.8703703703703703,0.02936013301290014,0.4722222222222222,0.5925925925925926,1.0
shuffled_domain_rank,123,19.0,5,108,0.3888888888888889,0.2758843192011508,0.8148148148148148,0.017149613807198982,0.42452830188679247,0.6698113207547169,0.9814814814814815
shuffled_domain_rank,123,20.0,1,115,0.48695652173913045,0.33944408429919454,0.808695652173913,0.018630510292299316,0.5217391304347826,0.7217391304347827,1.0
shuffled_domain_rank,123,20.0,2,108,0.4444444444444444,0.23286540851196025,0.8425925925925926,0.02951607687531937,0.45794392523364486,0.6074766355140186,0.9907407407407407
shuffled_domain_rank,123,20.0,3,108,0.4166666666666667,0.28938520618569097,0.8240740740740741,0.024487677154053845,0.4537037037037037,0.6018518518518519,1.0
shuffled_domain_rank,123,20.0,4,108,0.4074074074074074,0.30620205602777606,0.8888888888888888,0.03339282821531372,0.4351851851851852,0.5740740740740741,1.0
shuffled_domain_rank,123,20.0,5,108,0.37962962962962965,0.26061681982734614,0.8240740740740741,0.018824111152059224,0.4326923076923077,0.6634615384615384,0.9629629629629629
shuffled_domain_rank,123,21.0,1,115,0.5043478260869565,0.3617866986381328,0.782608695652174,0.01839046757000975,0.5398230088495575,0.7345132743362832,0.9826086956521739
shuffled_domain_rank,123,21.0,2,108,0.4444444444444444,0.23010878292957937,0.8518518518518519,0.026454246302367732,0.4672897196261682,0.6261682242990654,0.9907407407407407
shuffled_domain_rank,123,21.0,3,108,0.48148148148148145,0.32943624604313276,0.8425925925925926,0.02064711845352837,0.5185185185185185,0.6666666666666666,1.0
shuffled_domain_rank,123,21.0,4,108,0.42592592592592593,0.3273894196705149,0.8888888888888888,0.031051214246926542,0.4444444444444444,0.5925925925925926,1.0
shuffled_domain_rank,123,21.0,5,108,0.4074074074074074,0.31532536879041434,0.8055555555555556,0.018003875977455584,0.45714285714285713,0.6761904761904762,0.9722222222222222
shuffled_domain_rank,123,22.0,1,115,0.5043478260869565,0.35547299922299924,0.7913043478260869,0.019187942434067618,0.5391304347826087,0.7130434782608696,1.0
shuffled_domain_rank,123,22.0,2,108,0.46296296296296297,0.24959647065550902,0.8148148148148148,0.023366817306994726,0.49056603773584906,0.6415094339622641,0.9814814814814815
shuffled_domain_rank,123,22.0,3,108,0.4444444444444444,0.3042299164250384,0.8425925925925926,0.0234777142165259,0.4766355140186916,0.6448598130841121,0.9907407407407407
shuffled_domain_rank,123,22.0,4,108,0.37037037037037035,0.2667338367425451,0.8703703703703703,0.03444042428564456,0.4074074074074074,0.5740740740740741,1.0
shuffled_domain_rank,123,22.0,5,108,0.4351851851851852,0.304611301704325,0.8333333333333334,0.0176181258387131,0.4672897196261682,0.6728971962616822,0.9907407407407407
shuffled_domain_rank,123,23.0,1,115,0.48695652173913045,0.3435967865792427,0.7913043478260869,0.018389737784741345,0.5217391304347826,0.7130434782608696,1.0
shuffled_domain_rank,123,23.0,2,108,0.4537037037037037,0.2387820512820513,0.8425925925925926,0.028371738499877844,0.4722222222222222,0.6203703703703703,1.0
shuffled_domain_rank,123,23.0,3,108,0.46296296296296297,0.3126742081727107,0.8333333333333334,0.020994179510599394,0.5092592592592593,0.6574074074074074,1.0
shuffled_domain_rank,123,23.0,4,108,0.3611111111111111,0.2777329718790361,0.8888888888888888,0.035887389023213555,0.3888888888888889,0.5370370370370371,1.0
shuffled_domain_rank,123,23.0,5,108,0.3888888888888889,0.24774410774410774,0.8148148148148148,0.016659923273877778,0.4380952380952381,0.6857142857142857,0.9722222222222222
shuffled_domain_rank,123,24.0,1,115,0.48695652173913045,0.34509397514161577,0.8,0.018786129133381863,0.5217391304347826,0.7130434782608696,1.0
shuffled_domain_rank,123,24.0,2,108,0.46296296296296297,0.24454584264541301,0.8333333333333334,0.028796056897828746,0.48598130841121495,0.6261682242990654,0.9907407407407407
shuffled_domain_rank,123,24.0,3,108,0.4166666666666667,0.28964268571217583,0.8611111111111112,0.02875974064898572,0.4537037037037037,0.6111111111111112,1.0
shuffled_domain_rank,123,24.0,4,108,0.42592592592592593,0.32187099788012635,0.8611111111111112,0.026340713603713022,0.46296296296296297,0.5833333333333334,1.0
shuffled_domain_rank,123,24.0,5,108,0.4166666666666667,0.2953643578643579,0.8333333333333334,0.01809966083725596,0.4666666666666667,0.6666666666666666,0.9722222222222222
shuffled_domain_rank,123,25.0,1,115,0.5304347826086957,0.3874142212927259,0.7739130434782608,0.01795720893545219,0.5478260869565217,0.7217391304347827,1.0
shuffled_domain_rank,123,25.0,2,108,0.4537037037037037,0.23453867326037045,0.8518518518518519,0.03152917800728699,0.4722222222222222,0.6203703703703703,1.0
shuffled_domain_rank,123,25.0,3,108,0.39814814814814814,0.2761666793716473,0.8518518518518519,0.02677344832842236,0.4351851851851852,0.6203703703703703,1.0
shuffled_domain_rank,123,25.0,4,108,0.4166666666666667,0.3201795409342579,0.8796296296296297,0.03218677460282312,0.4351851851851852,0.5833333333333334,1.0
shuffled_domain_rank,123,25.0,5,108,0.32407407407407407,0.2332010582010582,0.8148148148148148,0.02107572867642103,0.375,0.6153846153846154,0.9629629629629629
shuffled_domain_rank,123,26.0,1,115,0.48695652173913045,0.3471558672147402,0.808695652173913,0.020756301036244523,0.5263157894736842,0.7017543859649122,0.991304347826087
shuffled_domain_rank,123,26.0,2,108,0.4351851851851852,0.2271021884747149,0.8148148148148148,0.027631680470450067,0.45794392523364486,0.616822429906542,0.9907407407407407
shuffled_domain_rank,123,26.0,3,108,0.4444444444444444,0.3185423145377379,0.8425925925925926,0.022922966154340745,0.4722222222222222,0.6203703703703703,1.0
shuffled_domain_rank,123,26.0,4,108,0.4166666666666667,0.30624551257462646,0.8981481481481481,0.03125194531684718,0.4351851851851852,0.5833333333333334,1.0
shuffled_domain_rank,123,26.0,5,108,0.3888888888888889,0.2846890294002072,0.8240740740740741,0.019562808521530403,0.4380952380952381,0.638095238095238,0.9722222222222222
shuffled_domain_rank,123,27.0,1,115,0.4956521739130435,0.34754104275503267,0.8,0.018337653547451132,0.5263157894736842,0.7105263157894737,0.991304347826087
shuffled_domain_rank,123,27.0,2,108,0.4722222222222222,0.2452291000678097,0.8240740740740741,0.024329554360449618,0.4953271028037383,0.6448598130841121,0.9907407407407407
shuffled_domain_rank,123,27.0,3,108,0.4074074074074074,0.2873531575909946,0.8425925925925926,0.021190912642413445,0.4444444444444444,0.6296296296296297,1.0
shuffled_domain_rank,123,27.0,4,108,0.4722222222222222,0.36317051345101836,0.8703703703703703,0.030781944185794025,0.5,0.6296296296296297,1.0
shuffled_domain_rank,123,27.0,5,108,0.37037037037037035,0.25933570671110434,0.8240740740740741,0.01721709763336187,0.41904761904761906,0.6761904761904762,0.9722222222222222
shuffled_domain_rank,123,28.0,1,115,0.4956521739130435,0.3474236009641203,0.8,0.019004504103159684,0.5304347826086957,0.7130434782608696,1.0
shuffled_domain_rank,123,28.0,2,108,0.4444444444444444,0.2391124293423144,0.8055555555555556,0.026149197277963915,0.4672897196261682,0.6355140186915887,0.9907407407407407
shuffled_domain_rank,123,28.0,3,108,0.3888888888888889,0.2608709453870744,0.8240740740740741,0.023545206792614914,0.42592592592592593,0.5833333333333334,1.0
shuffled_domain_rank,123,28.0,4,108,0.37962962962962965,0.29000721500721505,0.8888888888888888,0.035689102394472025,0.4074074074074074,0.5648148148148148,1.0
shuffled_domain_rank,123,28.0,5,108,0.3425925925925926,0.2257867339516276,0.8240740740740741,0.02153793306328281,0.3904761904761905,0.6571428571428571,0.9722222222222222
shuffled_domain_rank,123,29.0,1,115,0.4608695652173913,0.3123781676413256,0.808695652173913,0.019931458558169513,0.5,0.6754385964912281,0.991304347826087
shuffled_domain_rank,123,29.0,2,108,0.42592592592592593,0.21798048048048047,0.8333333333333334,0.030560007410439544,0.4485981308411215,0.5981308411214953,0.9907407407407407
shuffled_domain_rank,123,29.0,3,108,0.4074074074074074,0.2831898976114029,0.8518518518518519,0.026884837746657706,0.4537037037037037,0.6574074074074074,1.0
shuffled_domain_rank,123,29.0,4,108,0.4537037037037037,0.3429199248348185,0.8425925925925926,0.032858640175140806,0.48148148148148145,0.6111111111111112,1.0
shuffled_domain_rank,123,29.0,5,108,0.35185185185185186,0.24167661741602262,0.8703703703703703,0.018681716318653032,0.3867924528301887,0.6320754716981132,0.9814814814814815
baseline_stats,2024,,1,115,0.4434782608695652,0.2719901462839316,0.7478260869565218,0.02029264145545898,0.47368421052631576,0.6842105263157895,0.991304347826087
baseline_stats,2024,,2,108,0.5,0.2981808891159939,0.8055555555555556,0.016078869029232595,0.5277777777777778,0.6759259259259259,1.0
baseline_stats,2024,,3,108,0.37962962962962965,0.24519169736860258,0.8333333333333334,0.025690399755973144,0.4166666666666667,0.5740740740740741,1.0
baseline_stats,2024,,4,108,0.42592592592592593,0.3145490620490621,0.8425925925925926,0.0302323819115805,0.47619047619047616,0.6190476190476191,0.9722222222222222
baseline_stats,2024,,5,108,0.37037037037037035,0.26054909353154965,0.8611111111111112,0.02959741685204877,0.39622641509433965,0.6320754716981132,0.9814814814814815
real_domain_rank,2024,,1,115,0.4608695652173913,0.2862985989724032,0.7217391304347827,0.019734265128810408,0.49122807017543857,0.7192982456140351,0.991304347826087
real_domain_rank,2024,,2,108,0.5092592592592593,0.30937098844672656,0.8425925925925926,0.015443315630902819,0.5277777777777778,0.6759259259259259,1.0
real_domain_rank,2024,,3,108,0.4166666666666667,0.27115923160655797,0.8148148148148148,0.02583947211537256,0.4537037037037037,0.5740740740740741,1.0
real_domain_rank,2024,,4,108,0.4166666666666667,0.3134181822895976,0.8703703703703703,0.030933251808742363,0.47619047619047616,0.638095238095238,0.9722222222222222
real_domain_rank,2024,,5,108,0.37962962962962965,0.26710520043853375,0.8425925925925926,0.027331430164453337,0.4095238095238095,0.6666666666666666,0.9722222222222222
shuffled_domain_rank,2024,0.0,1,115,0.4782608695652174,0.3041582373690217,0.782608695652174,0.01978688800756208,0.5087719298245614,0.7105263157894737,0.991304347826087
shuffled_domain_rank,2024,0.0,2,108,0.46296296296296297,0.2656898656898657,0.8333333333333334,0.02095817294036604,0.48148148148148145,0.6296296296296297,1.0
shuffled_domain_rank,2024,0.0,3,108,0.4074074074074074,0.27175925925925926,0.8333333333333334,0.024345709536210285,0.4351851851851852,0.5740740740740741,1.0
shuffled_domain_rank,2024,0.0,4,108,0.3888888888888889,0.28468530166643374,0.8796296296296297,0.030687083641295024,0.4392523364485981,0.5700934579439252,0.9907407407407407
shuffled_domain_rank,2024,0.0,5,108,0.3888888888888889,0.2834052724403601,0.8611111111111112,0.028670226866792187,0.42452830188679247,0.6698113207547169,0.9814814814814815
shuffled_domain_rank,2024,1.0,1,115,0.4608695652173913,0.28387605042016806,0.6956521739130435,0.02084322409567936,0.49122807017543857,0.6842105263157895,0.991304347826087
shuffled_domain_rank,2024,1.0,2,108,0.4074074074074074,0.247167673577989,0.8425925925925926,0.027289701750111046,0.4166666666666667,0.5740740740740741,1.0
shuffled_domain_rank,2024,1.0,3,108,0.39814814814814814,0.27258135494237073,0.7870370370370371,0.02508461827394503,0.42592592592592593,0.5555555555555556,1.0
shuffled_domain_rank,2024,1.0,4,108,0.3611111111111111,0.272890648280342,0.8703703703703703,0.03333718662019002,0.4056603773584906,0.5471698113207547,0.9814814814814815
shuffled_domain_rank,2024,1.0,5,108,0.4166666666666667,0.29240266905951734,0.8611111111111112,0.028283347627788346,0.45714285714285713,0.6761904761904762,0.9722222222222222
shuffled_domain_rank,2024,2.0,1,115,0.46956521739130436,0.28810042535532737,0.7739130434782608,0.02071296729538737,0.4956521739130435,0.6956521739130435,1.0
shuffled_domain_rank,2024,2.0,2,108,0.5,0.29796066693756457,0.7962962962962963,0.016800801340134647,0.5185185185185185,0.6666666666666666,1.0
shuffled_domain_rank,2024,2.0,3,108,0.37037037037037035,0.24306023194912085,0.8333333333333334,0.0290453562256443,0.40186915887850466,0.5233644859813084,0.9907407407407407
shuffled_domain_rank,2024,2.0,4,108,0.3888888888888889,0.29104613385315137,0.8703703703703703,0.025091953201498138,0.4392523364485981,0.5700934579439252,0.9907407407407407
shuffled_domain_rank,2024,2.0,5,108,0.3888888888888889,0.27358058608058605,0.8148148148148148,0.02800004952000649,0.411214953271028,0.6822429906542056,0.9907407407407407
shuffled_domain_rank,2024,3.0,1,115,0.45217391304347826,0.27392052392052396,0.7391304347826086,0.02072780558491576,0.47368421052631576,0.6754385964912281,0.991304347826087
shuffled_domain_rank,2024,3.0,2,108,0.4074074074074074,0.2600695861099778,0.8148148148148148,0.02986948049773095,0.42592592592592593,0.5740740740740741,1.0
shuffled_domain_rank,2024,3.0,3,108,0.4074074074074074,0.27159518141253297,0.8148148148148148,0.025451741318397666,0.4392523364485981,0.5514018691588785,0.9907407407407407
shuffled_domain_rank,2024,3.0,4,108,0.4166666666666667,0.3041514941514942,0.8703703703703703,0.03223798321751277,0.4672897196261682,0.5981308411214953,0.9907407407407407
shuffled_domain_rank,2024,3.0,5,108,0.39814814814814814,0.27509429514380007,0.8611111111111112,0.027514722110796613,0.42452830188679247,0.6509433962264151,0.9814814814814815
shuffled_domain_rank,2024,4.0,1,115,0.45217391304347826,0.2710802876244052,0.7565217391304347,0.02045510467431894,0.49122807017543857,0.6842105263157895,0.991304347826087
shuffled_domain_rank,2024,4.0,2,108,0.49074074074074076,0.2898185957726847,0.8333333333333334,0.01703805797365898,0.5,0.6574074074074074,1.0
shuffled_domain_rank,2024,4.0,3,108,0.4074074074074074,0.27173357835654405,0.7870370370370371,0.024796386571416834,0.4485981308411215,0.5700934579439252,0.9907407407407407
shuffled_domain_rank,2024,4.0,4,108,0.39814814814814814,0.30149043277146553,0.8611111111111112,0.03268696795170057,0.4485981308411215,0.5794392523364486,0.9907407407407407
shuffled_domain_rank,2024,4.0,5,108,0.42592592592592593,0.2973516679399032,0.8240740740740741,0.026434956768276396,0.4528301886792453,0.660377358490566,0.9814814814814815
shuffled_domain_rank,2024,5.0,1,115,0.46956521739130436,0.29382454488386694,0.7391304347826086,0.019955104674318942,0.49122807017543857,0.7017543859649122,0.991304347826087
shuffled_domain_rank,2024,5.0,2,108,0.4166666666666667,0.27174630924630927,0.8240740740740741,0.03136755118258212,0.4444444444444444,0.5925925925925926,1.0
shuffled_domain_rank,2024,5.0,3,108,0.37962962962962965,0.2617928262923103,0.7777777777777778,0.02682346179498973,0.4074074074074074,0.5462962962962963,1.0
shuffled_domain_rank,2024,5.0,4,108,0.37037037037037035,0.2725012094823416,0.8703703703703703,0.03370653403555821,0.411214953271028,0.5327102803738317,0.9907407407407407
shuffled_domain_rank,2024,5.0,5,108,0.3888888888888889,0.28130665408811467,0.8333333333333334,0.03059074525487948,0.41509433962264153,0.6792452830188679,0.9814814814814815
shuffled_domain_rank,2024,6.0,1,115,0.45217391304347826,0.27440456566401616,0.7478260869565218,0.02116496538407335,0.4824561403508772,0.7017543859649122,0.991304347826087
shuffled_domain_rank,2024,6.0,2,108,0.4074074074074074,0.25921132149202325,0.8240740740740741,0.027372787327288303,0.42592592592592593,0.5740740740740741,1.0
shuffled_domain_rank,2024,6.0,3,108,0.4074074074074074,0.27117905101519674,0.7962962962962963,0.023677339160581443,0.4444444444444444,0.6111111111111112,1.0
shuffled_domain_rank,2024,6.0,4,108,0.35185185185185186,0.27921519712643816,0.8981481481481481,0.03511129064012784,0.4,0.5428571428571428,0.9722222222222222
shuffled_domain_rank,2024,6.0,5,108,0.4074074074074074,0.2930735615341373,0.8518518518518519,0.027759843592801224,0.4380952380952381,0.6952380952380952,0.9722222222222222
shuffled_domain_rank,2024,7.0,1,115,0.46956521739130436,0.28967894850247794,0.7217391304347827,0.01908325648218901,0.4824561403508772,0.7017543859649122,0.991304347826087
shuffled_domain_rank,2024,7.0,2,108,0.4722222222222222,0.28367055191587515,0.8333333333333334,0.019902888312010328,0.5,0.6388888888888888,1.0
shuffled_domain_rank,2024,7.0,3,108,0.42592592592592593,0.28312235940319436,0.7962962962962963,0.023319007701051088,0.4537037037037037,0.5833333333333334,1.0
shuffled_domain_rank,2024,7.0,4,108,0.42592592592592593,0.3194781256878966,0.8796296296296297,0.026286828838677726,0.4716981132075472,0.6132075471698113,0.9814814814814815
shuffled_domain_rank,2024,7.0,5,108,0.37962962962962965,0.2855758802963772,0.8703703703703703,0.029289488663731905,0.4056603773584906,0.6320754716981132,0.9814814814814815
shuffled_domain_rank,2024,8.0,1,115,0.4608695652173913,0.27536764705882355,0.7478260869565218,0.020545125272513856,0.4782608695652174,0.6956521739130435,1.0
shuffled_domain_rank,2024,8.0,2,108,0.5,0.3067977550736171,0.8240740740740741,0.01912608902900424,0.5185185185185185,0.6759259259259259,1.0
shuffled_domain_rank,2024,8.0,3,108,0.4074074074074074,0.2758402148707939,0.8425925925925926,0.023620287439468736,0.4392523364485981,0.5794392523364486,0.9907407407407407
shuffled_domain_rank,2024,8.0,4,108,0.3611111111111111,0.2733036028716267,0.8703703703703703,0.036906425241270614,0.4056603773584906,0.5283018867924528,0.9814814814814815
shuffled_domain_rank,2024,8.0,5,108,0.4074074074074074,0.2409617861482197,0.8333333333333334,0.029335925459956863,0.4339622641509434,0.6981132075471698,0.9814814814814815
shuffled_domain_rank,2024,9.0,1,115,0.4608695652173913,0.277020202020202,0.7652173913043478,0.021164561258762662,0.48695652173913045,0.6782608695652174,1.0
shuffled_domain_rank,2024,9.0,2,108,0.48148148148148145,0.29010631415445065,0.8333333333333334,0.020858828636366972,0.49074074074074076,0.6388888888888888,1.0
shuffled_domain_rank,2024,9.0,3,108,0.4074074074074074,0.2777669112661248,0.8240740740740741,0.024029848078470188,0.4351851851851852,0.5740740740740741,1.0
shuffled_domain_rank,2024,9.0,4,108,0.37962962962962965,0.28692489358907824,0.9074074074074074,0.0274625832137577,0.42452830188679247,0.5660377358490566,0.9814814814814815
shuffled_domain_rank,2024,9.0,5,108,0.3888888888888889,0.2755102040816326,0.8611111111111112,0.03142216959489729,0.42857142857142855,0.6761904761904762,0.9722222222222222
shuffled_domain_rank,2024,10.0,1,115,0.4608695652173913,0.2838038398383226,0.7391304347826086,0.01927168230015138,0.48695652173913045,0.7130434782608696,1.0
shuffled_domain_rank,2024,10.0,2,108,0.4722222222222222,0.2851466510003095,0.7962962962962963,0.02503611227364731,0.49074074074074076,0.6296296296296297,1.0
shuffled_domain_rank,2024,10.0,3,108,0.42592592592592593,0.27881562881562877,0.8055555555555556,0.02462369592343907,0.46296296296296297,0.6018518518518519,1.0
shuffled_domain_rank,2024,10.0,4,108,0.42592592592592593,0.3171674678931193,0.8425925925925926,0.02531418921546992,0.4716981132075472,0.5943396226415094,0.9814814814814815
shuffled_domain_rank,2024,10.0,5,108,0.37962962962962965,0.2760399497241603,0.8425925925925926,0.03118689831995432,0.41904761904761906,0.6571428571428571,0.9722222222222222
shuffled_domain_rank,2024,11.0,1,115,0.46956521739130436,0.2949878546565497,0.7130434782608696,0.020910522466005884,0.49122807017543857,0.6754385964912281,0.991304347826087
shuffled_domain_rank,2024,11.0,2,108,0.39814814814814814,0.25642525642525643,0.8240740740740741,0.029762281863912828,0.4166666666666667,0.5833333333333334,1.0
shuffled_domain_rank,2024,11.0,3,108,0.4074074074074074,0.2727153098413461,0.8240740740740741,0.023729596552160597,0.4444444444444444,0.5648148148148148,1.0
shuffled_domain_rank,2024,11.0,4,108,0.4074074074074074,0.2959807747997735,0.8796296296296297,0.030767136410015782,0.4528301886792453,0.5849056603773585,0.9814814814814815
shuffled_domain_rank,2024,11.0,5,108,0.3888888888888889,0.2727061577993255,0.8148148148148148,0.027851207632837424,0.42452830188679247,0.6792452830188679,0.9814814814814815
shuffled_domain_rank,2024,12.0,1,115,0.46956521739130436,0.2951855742296919,0.7304347826086957,0.019378061819125558,0.5,0.7105263157894737,0.991304347826087
shuffled_domain_rank,2024,12.0,2,108,0.42592592592592593,0.23997228755227115,0.7870370370370371,0.026089414273558792,0.4444444444444444,0.6018518518518519,1.0
shuffled_domain_rank,2024,12.0,3,108,0.39814814814814814,0.2708673716220886,0.8333333333333334,0.02535720447096185,0.4351851851851852,0.5648148148148148,1.0
shuffled_domain_rank,2024,12.0,4,108,0.4351851851851852,0.3214855320118478,0.8796296296296297,0.022214308347834662,0.48148148148148145,0.6111111111111112,1.0
shuffled_domain_rank,2024,12.0,5,108,0.42592592592592593,0.3308363065505923,0.8055555555555556,0.024267653981934416,0.46226415094339623,0.6981132075471698,0.9814814814814815
shuffled_domain_rank,2024,13.0,1,115,0.46956521739130436,0.29273504273504275,0.7304347826086957,0.020529726833737133,0.504424778761062,0.7079646017699115,0.9826086956521739
shuffled_domain_rank,2024,13.0,2,108,0.46296296296296297,0.2825793028189263,0.8240740740740741,0.02325657483501288,0.4722222222222222,0.6111111111111112,1.0
shuffled_domain_rank,2024,13.0,3,108,0.3888888888888889,0.2624009398434686,0.8333333333333334,0.027260598348080346,0.4166666666666667,0.5555555555555556,1.0
shuffled_domain_rank,2024,13.0,4,108,0.4074074074074074,0.3040359629452325,0.8796296296296297,0.030752919252000226,0.4485981308411215,0.5700934579439252,0.9907407407407407
shuffled_domain_rank,2024,13.0,5,108,0.42592592592592593,0.3231420171647876,0.8518518518518519,0.027164336469237552,0.4528301886792453,0.6886792452830188,0.9814814814814815
shuffled_domain_rank,2024,14.0,1,115,0.46956521739130436,0.2874935995903738,0.7217391304347827,0.020232508310697808,0.4956521739130435,0.6956521739130435,1.0
shuffled_domain_rank,2024,14.0,2,108,0.4537037037037037,0.2758763153652817,0.8148148148148148,0.02207274708356942,0.4722222222222222,0.6296296296296297,1.0
shuffled_domain_rank,2024,14.0,3,108,0.3888888888888889,0.2540187791622857,0.8055555555555556,0.028258513060657433,0.4166666666666667,0.5555555555555556,1.0
shuffled_domain_rank,2024,14.0,4,108,0.4537037037037037,0.3391720573552484,0.8703703703703703,0.03180865755888863,0.4953271028037383,0.6261682242990654,0.9907407407407407
shuffled_domain_rank,2024,14.0,5,108,0.4444444444444444,0.3171021824120545,0.8518518518518519,0.02665835980620373,0.49056603773584906,0.6698113207547169,0.9814814814814815
shuffled_domain_rank,2024,15.0,1,115,0.45217391304347826,0.27454236979972646,0.7739130434782608,0.01932267007143649,0.49122807017543857,0.7192982456140351,0.991304347826087
shuffled_domain_rank,2024,15.0,2,108,0.48148148148148145,0.29937487396652546,0.8148148148148148,0.019216903035157662,0.49074074074074076,0.6388888888888888,1.0
shuffled_domain_rank,2024,15.0,3,108,0.4444444444444444,0.3015734007523827,0.8240740740740741,0.02412087809059335,0.4722222222222222,0.6111111111111112,1.0
shuffled_domain_rank,2024,15.0,4,108,0.4351851851851852,0.3181333217047503,0.8518518518518519,0.029784963679911243,0.4722222222222222,0.5925925925925926,1.0
shuffled_domain_rank,2024,15.0,5,108,0.4166666666666667,0.2965561252348552,0.8333333333333334,0.0302032662257777,0.44339622641509435,0.6698113207547169,0.9814814814814815
shuffled_domain_rank,2024,16.0,1,115,0.45217391304347826,0.2746693121693122,0.7565217391304347,0.021005504797433742,0.47368421052631576,0.6929824561403509,0.991304347826087
shuffled_domain_rank,2024,16.0,2,108,0.46296296296296297,0.2626563810774337,0.8240740740740741,0.01949133408498343,0.48148148148148145,0.6296296296296297,1.0
shuffled_domain_rank,2024,16.0,3,108,0.3888888888888889,0.2617713201923728,0.8425925925925926,0.027978806410999115,0.42592592592592593,0.5648148148148148,1.0
shuffled_domain_rank,2024,16.0,4,108,0.4074074074074074,0.2953470504586228,0.8888888888888888,0.027360033071169774,0.4485981308411215,0.5794392523364486,0.9907407407407407
shuffled_domain_rank,2024,16.0,5,108,0.3888888888888889,0.2685278997335735,0.8518518518518519,0.03114655435457476,0.41509433962264153,0.660377358490566,0.9814814814814815
shuffled_domain_rank,2024,17.0,1,115,0.4608695652173913,0.2810630883653196,0.7478260869565218,0.018028843520573833,0.49122807017543857,0.7192982456140351,0.991304347826087
shuffled_domain_rank,2024,17.0,2,108,0.48148148148148145,0.28526949713941585,0.8240740740740741,0.019268051183865563,0.5,0.6574074074074074,1.0
shuffled_domain_rank,2024,17.0,3,108,0.39814814814814814,0.25966986599897995,0.7962962962962963,0.027614871392790168,0.42592592592592593,0.5648148148148148,1.0
shuffled_domain_rank,2024,17.0,4,108,0.4351851851851852,0.32265125743006495,0.8425925925925926,0.02231461718769768,0.49056603773584906,0.6132075471698113,0.9814814814814815
shuffled_domain_rank,2024,17.0,5,108,0.4166666666666667,0.2753900730485539,0.8518518518518519,0.025753215050071256,0.44761904761904764,0.6761904761904762,0.9722222222222222
shuffled_domain_rank,2024,18.0,1,115,0.48695652173913045,0.3103626644547361,0.7217391304347827,0.01863825389961622,0.5087719298245614,0.7017543859649122,0.991304347826087
shuffled_domain_rank,2024,18.0,2,108,0.42592592592592593,0.23890951390951395,0.8240740740740741,0.021639301535116454,0.4537037037037037,0.6111111111111112,1.0
shuffled_domain_rank,2024,18.0,3,108,0.4722222222222222,0.29845319554996974,0.8240740740740741,0.022137433927351013,0.5,0.6481481481481481,1.0
shuffled_domain_rank,2024,18.0,4,108,0.39814814814814814,0.30218781916895127,0.8888888888888888,0.03401135466579544,0.4528301886792453,0.5754716981132075,0.9814814814814815
shuffled_domain_rank,2024,18.0,5,108,0.4444444444444444,0.3086602713872977,0.8425925925925926,0.02638982264796318,0.4857142857142857,0.7238095238095238,0.9722222222222222
shuffled_domain_rank,2024,19.0,1,115,0.45217391304347826,0.27157833361635747,0.7391304347826086,0.020881189645613495,0.4824561403508772,0.6842105263157895,0.991304347826087
shuffled_domain_rank,2024,19.0,2,108,0.49074074074074076,0.28118816090121684,0.8240740740740741,0.019363205905958386,0.5092592592592593,0.6481481481481481,1.0
shuffled_domain_rank,2024,19.0,3,108,0.39814814814814814,0.2626984126984127,0.8148148148148148,0.025900531650163712,0.4351851851851852,0.5833333333333334,1.0
shuffled_domain_rank,2024,19.0,4,108,0.4074074074074074,0.30131906813891024,0.8888888888888888,0.030849325188294183,0.46226415094339623,0.6037735849056604,0.9814814814814815
shuffled_domain_rank,2024,19.0,5,108,0.4351851851851852,0.3283550683550684,0.8518518518518519,0.02402620887201928,0.4666666666666667,0.7238095238095238,0.9722222222222222
shuffled_domain_rank,2024,20.0,1,115,0.4608695652173913,0.28462618728606276,0.7391304347826086,0.02021131207634894,0.49122807017543857,0.6754385964912281,0.991304347826087
shuffled_domain_rank,2024,20.0,2,108,0.4537037037037037,0.2832808418174272,0.8518518518518519,0.02416993285470621,0.4722222222222222,0.6203703703703703,1.0
shuffled_domain_rank,2024,20.0,3,108,0.39814814814814814,0.2721451434923921,0.8518518518518519,0.02552273749731888,0.4351851851851852,0.5740740740740741,1.0
shuffled_domain_rank,2024,20.0,4,108,0.37962962962962965,0.28560665706320537,0.8611111111111112,0.03337343948710208,0.4339622641509434,0.5660377358490566,0.9814814814814815
shuffled_domain_rank,2024,20.0,5,108,0.37962962962962965,0.2841269841269842,0.8518518518518519,0.0272871268410749,0.41904761904761906,0.6761904761904762,0.9722222222222222
shuffled_domain_rank,2024,21.0,1,115,0.46956521739130436,0.28676077076842527,0.7391304347826086,0.019115629705458017,0.4956521739130435,0.6956521739130435,1.0
shuffled_domain_rank,2024,21.0,2,108,0.39814814814814814,0.2667781493868451,0.8240740740740741,0.03115683111014433,0.4074074074074074,0.5648148148148148,1.0
shuffled_domain_rank,2024,21.0,3,108,0.4351851851851852,0.2809860992750561,0.8148148148148148,0.024269887982918716,0.4722222222222222,0.6018518518518519,1.0
shuffled_domain_rank,2024,21.0,4,108,0.3888888888888889,0.2933955151176286,0.8796296296296297,0.03259337908791754,0.4339622641509434,0.5754716981132075,0.9814814814814815
shuffled_domain_rank,2024,21.0,5,108,0.4166666666666667,0.2930999905789822,0.8333333333333334,0.02926930194057366,0.4528301886792453,0.7075471698113207,0.9814814814814815
shuffled_domain_rank,2024,22.0,1,115,0.4608695652173913,0.27741013071895426,0.7565217391304347,0.020805820510905536,0.48695652173913045,0.6869565217391305,1.0
shuffled_domain_rank,2024,22.0,2,108,0.4074074074074074,0.26717318003991736,0.8148148148148148,0.03092044071342759,0.42592592592592593,0.5740740740740741,1.0
shuffled_domain_rank,2024,22.0,3,108,0.3611111111111111,0.24280242399990296,0.8518518518518519,0.026029923698911734,0.4074074074074074,0.5462962962962963,1.0
shuffled_domain_rank,2024,22.0,4,108,0.42592592592592593,0.3198860804123962,0.8703703703703703,0.023496762980835507,0.4672897196261682,0.5700934579439252,0.9907407407407407
shuffled_domain_rank,2024,22.0,5,108,0.3888888888888889,0.2753091880026865,0.8333333333333334,0.026759907991435586,0.41509433962264153,0.6981132075471698,0.9814814814814815
shuffled_domain_rank,2024,23.0,1,115,0.4608695652173913,0.2800456914399943,0.7565217391304347,0.018787967341586928,0.48695652173913045,0.6869565217391305,1.0
shuffled_domain_rank,2024,23.0,2,108,0.48148148148148145,0.28755603998322443,0.8333333333333334,0.02094191744767639,0.49074074074074076,0.6296296296296297,1.0
shuffled_domain_rank,2024,23.0,3,108,0.42592592592592593,0.28027500100613567,0.8240740740740741,0.025151973378859282,0.46296296296296297,0.5740740740740741,1.0
shuffled_domain_rank,2024,23.0,4,108,0.4074074074074074,0.3131377001563096,0.8703703703703703,0.02794854485706048,0.4528301886792453,0.5754716981132075,0.9814814814814815
shuffled_domain_rank,2024,23.0,5,108,0.39814814814814814,0.2880958730793714,0.8333333333333334,0.028190255196782452,0.42857142857142855,0.6761904761904762,0.9722222222222222
shuffled_domain_rank,2024,24.0,1,115,0.4782608695652174,0.2987134273772205,0.7478260869565218,0.019527455010834756,0.5043478260869565,0.7043478260869566,1.0
shuffled_domain_rank,2024,24.0,2,108,0.49074074074074076,0.2769521643284019,0.8240740740740741,0.0162292098917495,0.5092592592592593,0.6574074074074074,1.0
shuffled_domain_rank,2024,24.0,3,108,0.3888888888888889,0.2703172982077648,0.8333333333333334,0.030705381056802924,0.4166666666666667,0.5648148148148148,1.0
shuffled_domain_rank,2024,24.0,4,108,0.4074074074074074,0.313752390897308,0.8888888888888888,0.023356831542324954,0.46226415094339623,0.5943396226415094,0.9814814814814815
shuffled_domain_rank,2024,24.0,5,108,0.3611111111111111,0.25106695309702826,0.8148148148148148,0.030206503505583633,0.39622641509433965,0.6415094339622641,0.9814814814814815
shuffled_domain_rank,2024,25.0,1,115,0.43478260869565216,0.2506139341839139,0.7478260869565218,0.0209097815268581,0.4649122807017544,0.7017543859649122,0.991304347826087
shuffled_domain_rank,2024,25.0,2,108,0.4351851851851852,0.25860323886639675,0.8333333333333334,0.024407870646259818,0.4537037037037037,0.6111111111111112,1.0
shuffled_domain_rank,2024,25.0,3,108,0.3888888888888889,0.26807305000853393,0.8148148148148148,0.025850874963434897,0.42592592592592593,0.5462962962962963,1.0
shuffled_domain_rank,2024,25.0,4,108,0.39814814814814814,0.29794347776803914,0.8611111111111112,0.026169375862026698,0.4339622641509434,0.5754716981132075,0.9814814814814815
shuffled_domain_rank,2024,25.0,5,108,0.4166666666666667,0.29495873923118504,0.8611111111111112,0.024306403312772458,0.46226415094339623,0.660377358490566,0.9814814814814815
shuffled_domain_rank,2024,26.0,1,115,0.46956521739130436,0.2928713858424726,0.7478260869565218,0.020025908351985457,0.49122807017543857,0.6842105263157895,0.991304347826087
shuffled_domain_rank,2024,26.0,2,108,0.4166666666666667,0.2437952196382429,0.7870370370370371,0.02644653109160102,0.4351851851851852,0.5833333333333334,1.0
shuffled_domain_rank,2024,26.0,3,108,0.4166666666666667,0.2730307515872333,0.8055555555555556,0.02201629914647055,0.46296296296296297,0.6111111111111112,1.0
shuffled_domain_rank,2024,26.0,4,108,0.39814814814814814,0.293623812491737,0.8703703703703703,0.03371105420442328,0.42990654205607476,0.5514018691588785,0.9907407407407407
shuffled_domain_rank,2024,26.0,5,108,0.39814814814814814,0.26767140021926467,0.8425925925925926,0.026636383368528287,0.4380952380952381,0.6857142857142857,0.9722222222222222
shuffled_domain_rank,2024,27.0,1,115,0.4782608695652174,0.29659900284900287,0.7478260869565218,0.019410831521169212,0.5130434782608696,0.7217391304347827,1.0
shuffled_domain_rank,2024,27.0,2,108,0.48148148148148145,0.2916981911841992,0.8240740740740741,0.020002092567334245,0.5,0.6481481481481481,1.0
shuffled_domain_rank,2024,27.0,3,108,0.39814814814814814,0.2601245865374652,0.8148148148148148,0.024374516732312487,0.4351851851851852,0.5740740740740741,1.0
shuffled_domain_rank,2024,27.0,4,108,0.39814814814814814,0.291261725860882,0.8703703703703703,0.030167042015136977,0.4444444444444444,0.5740740740740741,1.0
shuffled_domain_rank,2024,27.0,5,108,0.4444444444444444,0.29814410012429815,0.8703703703703703,0.02593787285321657,0.47619047619047616,0.7142857142857143,0.9722222222222222
shuffled_domain_rank,2024,28.0,1,115,0.45217391304347826,0.26323677413123203,0.7391304347826086,0.020132672402139107,0.48695652173913045,0.6956521739130435,1.0
shuffled_domain_rank,2024,28.0,2,108,0.4444444444444444,0.2556862745098039,0.7870370370370371,0.022151105602510816,0.4537037037037037,0.6111111111111112,1.0
shuffled_domain_rank,2024,28.0,3,108,0.4074074074074074,0.27529317840891115,0.7870370370370371,0.02461343041251157,0.4351851851851852,0.5648148148148148,1.0
shuffled_domain_rank,2024,28.0,4,108,0.4166666666666667,0.3121593291404612,0.8611111111111112,0.03301057810982938,0.46226415094339623,0.5660377358490566,0.9814814814814815
shuffled_domain_rank,2024,28.0,5,108,0.4444444444444444,0.3086537937053401,0.8148148148148148,0.028904475472240912,0.4716981132075472,0.6886792452830188,0.9814814814814815
shuffled_domain_rank,2024,29.0,1,115,0.46956521739130436,0.2975025160230944,0.7391304347826086,0.017575788308679837,0.5,0.7192982456140351,0.991304347826087
shuffled_domain_rank,2024,29.0,2,108,0.49074074074074076,0.28706750765574296,0.8240740740740741,0.020090037278273846,0.5,0.6481481481481481,1.0
shuffled_domain_rank,2024,29.0,3,108,0.37962962962962965,0.25670678527821383,0.8148148148148148,0.024458646580189463,0.42592592592592593,0.5648148148148148,1.0
shuffled_domain_rank,2024,29.0,4,108,0.37962962962962965,0.27962876851422697,0.8796296296296297,0.031170597667517973,0.42857142857142855,0.5714285714285714,0.9722222222222222
shuffled_domain_rank,2024,29.0,5,108,0.4537037037037037,0.3220917996828361,0.8240740740740741,0.025780820519769893,0.4857142857142857,0.6952380952380952,0.9722222222222222
baseline_stats,11,,1,115,0.4434782608695652,0.2530365769496204,0.7652173913043478,0.016076442225344028,0.4782608695652174,0.7217391304347827,1.0
baseline_stats,11,,2,108,0.48148148148148145,0.27078096195743256,0.7962962962962963,0.03262699049909041,0.5142857142857142,0.6190476190476191,0.9722222222222222
baseline_stats,11,,3,108,0.3611111111111111,0.28036806241858886,0.8425925925925926,0.022705262560608563,0.3888888888888889,0.5555555555555556,1.0
baseline_stats,11,,4,108,0.37037037037037035,0.2720983705026258,0.8518518518518519,0.029042192759665,0.4074074074074074,0.5555555555555556,1.0
baseline_stats,11,,5,108,0.39814814814814814,0.2844196780366993,0.8240740740740741,0.026726945048147134,0.46153846153846156,0.6538461538461539,0.9629629629629629
real_domain_rank,11,,1,115,0.4782608695652174,0.2881738881738882,0.7478260869565218,0.014901650646092956,0.5130434782608696,0.7391304347826086,1.0
real_domain_rank,11,,2,108,0.4722222222222222,0.27273779419921473,0.7777777777777778,0.029245780750729814,0.5047619047619047,0.6190476190476191,0.9722222222222222
real_domain_rank,11,,3,108,0.35185185185185186,0.2795705279747833,0.8148148148148148,0.024904245484604674,0.37037037037037035,0.5370370370370371,1.0
real_domain_rank,11,,4,108,0.3888888888888889,0.27811077811077806,0.8333333333333334,0.026268027400321317,0.4351851851851852,0.5833333333333334,1.0
real_domain_rank,11,,5,108,0.35185185185185186,0.2557670879799731,0.7962962962962963,0.0302830820667335,0.41346153846153844,0.5865384615384616,0.9629629629629629
shuffled_domain_rank,11,0.0,1,115,0.4260869565217391,0.24304511913207563,0.7391304347826086,0.01858873670138387,0.45217391304347826,0.7130434782608696,1.0
shuffled_domain_rank,11,0.0,2,108,0.4351851851851852,0.24630110630110633,0.7870370370370371,0.03734981146397848,0.46226415094339623,0.5849056603773585,0.9814814814814815
shuffled_domain_rank,11,0.0,3,108,0.37037037037037035,0.2996413773290041,0.8333333333333334,0.025020582601754396,0.3888888888888889,0.5185185185185185,1.0
shuffled_domain_rank,11,0.0,4,108,0.35185185185185186,0.25168479668479665,0.8425925925925926,0.024765532176263257,0.4074074074074074,0.5648148148148148,1.0
shuffled_domain_rank,11,0.0,5,108,0.39814814814814814,0.28118810202143535,0.8333333333333334,0.027061696930741622,0.4339622641509434,0.6320754716981132,0.9814814814814815
shuffled_domain_rank,11,1.0,1,115,0.4608695652173913,0.2764945765250923,0.7478260869565218,0.014811832085097038,0.4956521739130435,0.7391304347826086,1.0
shuffled_domain_rank,11,1.0,2,108,0.5,0.29341542347462307,0.7777777777777778,0.02502098595619382,0.5283018867924528,0.6509433962264151,0.9814814814814815
shuffled_domain_rank,11,1.0,3,108,0.4166666666666667,0.32097697583325485,0.8055555555555556,0.020699885094664014,0.4351851851851852,0.5925925925925926,1.0
shuffled_domain_rank,11,1.0,4,108,0.35185185185185186,0.2534262453173102,0.8148148148148148,0.029538791520531255,0.411214953271028,0.5514018691588785,0.9907407407407407
shuffled_domain_rank,11,1.0,5,108,0.37037037037037035,0.27007089352594976,0.8055555555555556,0.027563583614535307,0.42857142857142855,0.6190476190476191,0.9722222222222222
shuffled_domain_rank,11,2.0,1,115,0.46956521739130436,0.2808659970865885,0.7304347826086957,0.015175001863131754,0.5043478260869565,0.7391304347826086,1.0
shuffled_domain_rank,11,2.0,2,108,0.5,0.3089242183359831,0.7962962962962963,0.023962649507030993,0.5283018867924528,0.6509433962264151,0.9814814814814815
shuffled_domain_rank,11,2.0,3,108,0.37962962962962965,0.3053779377308789,0.8333333333333334,0.021917652227333793,0.4074074074074074,0.5648148148148148,1.0
shuffled_domain_rank,11,2.0,4,108,0.32407407407407407,0.22596621603018774,0.8148148148148148,0.026987057321818574,0.4,0.580952380952381,0.9722222222222222
shuffled_domain_rank,11,2.0,5,108,0.39814814814814814,0.2650275867922927,0.7962962962962963,0.02625126741963355,0.4339622641509434,0.6226415094339622,0.9814814814814815
shuffled_domain_rank,11,3.0,1,115,0.4260869565217391,0.23214080605384954,0.7478260869565218,0.016266007442735333,0.4608695652173913,0.7043478260869566,1.0
shuffled_domain_rank,11,3.0,2,108,0.4351851851851852,0.2464499007445502,0.7962962962962963,0.033540524273001165,0.45794392523364486,0.5794392523364486,0.9907407407407407
shuffled_domain_rank,11,3.0,3,108,0.4074074074074074,0.32585297618892245,0.8148148148148148,0.02084938265887009,0.42592592592592593,0.5925925925925926,1.0
shuffled_domain_rank,11,3.0,4,108,0.3611111111111111,0.25799249087653026,0.8333333333333334,0.02729180579207592,0.41509433962264153,0.5471698113207547,0.9814814814814815
shuffled_domain_rank,11,3.0,5,108,0.3333333333333333,0.2250568810146849,0.8240740740740741,0.02974209542082528,0.3904761904761905,0.6,0.9722222222222222
shuffled_domain_rank,11,4.0,1,115,0.43478260869565216,0.24024803083626614,0.7565217391304347,0.016050691384699993,0.45217391304347826,0.7217391304347827,1.0
shuffled_domain_rank,11,4.0,2,108,0.4722222222222222,0.27555555555555555,0.7962962962962963,0.03275350359920222,0.4953271028037383,0.5981308411214953,0.9907407407407407
shuffled_domain_rank,11,4.0,3,108,0.32407407407407407,0.2745913722957396,0.8148148148148148,0.0280068367888567,0.3611111111111111,0.5185185185185185,1.0
shuffled_domain_rank,11,4.0,4,108,0.32407407407407407,0.23297030882396733,0.8333333333333334,0.03036805679836936,0.37962962962962965,0.5462962962962963,1.0
shuffled_domain_rank,11,4.0,5,108,0.3611111111111111,0.2649764717180448,0.8333333333333334,0.030695244344640587,0.39622641509433965,0.5943396226415094,0.9814814814814815
shuffled_domain_rank,11,5.0,1,115,0.4260869565217391,0.2399135170035086,0.7565217391304347,0.016346009018462764,0.4608695652173913,0.7043478260869566,1.0
shuffled_domain_rank,11,5.0,2,108,0.49074074074074076,0.2888092843975197,0.7962962962962963,0.026751603255967284,0.5188679245283019,0.6226415094339622,0.9814814814814815
shuffled_domain_rank,11,5.0,3,108,0.37037037037037035,0.2561841083815391,0.8333333333333334,0.026995023850664924,0.3925233644859813,0.5607476635514018,0.9907407407407407
shuffled_domain_rank,11,5.0,4,108,0.35185185185185186,0.24576319635143165,0.8333333333333334,0.026213541033988624,0.4166666666666667,0.5648148148148148,1.0
shuffled_domain_rank,11,5.0,5,108,0.3888888888888889,0.2659214782926123,0.8240740740740741,0.02449212105587538,0.42452830188679247,0.6415094339622641,0.9814814814814815
shuffled_domain_rank,11,6.0,1,115,0.45217391304347826,0.2639052732405727,0.7478260869565218,0.015532019424130121,0.48695652173913045,0.7391304347826086,1.0
shuffled_domain_rank,11,6.0,2,108,0.4722222222222222,0.26957297088876037,0.7777777777777778,0.029268409344323714,0.5,0.6132075471698113,0.9814814814814815
shuffled_domain_rank,11,6.0,3,108,0.4074074074074074,0.3179205189859089,0.8425925925925926,0.02196070820901875,0.4351851851851852,0.5833333333333334,1.0
shuffled_domain_rank,11,6.0,4,108,0.35185185185185186,0.26517329964760156,0.8148148148148148,0.028688920587654886,0.40186915887850466,0.5233644859813084,0.9907407407407407
shuffled_domain_rank,11,6.0,5,108,0.35185185185185186,0.22456659619450317,0.8333333333333334,0.026176940083631323,0.39622641509433965,0.5943396226415094,0.9814814814814815
shuffled_domain_rank,11,7.0,1,115,0.4434782608695652,0.2559135610766045,0.7391304347826086,0.016017085708285445,0.4782608695652174,0.7130434782608696,1.0
shuffled_domain_rank,11,7.0,2,108,0.4722222222222222,0.26095801418791037,0.8148148148148148,0.02771277203299976,0.5,0.6132075471698113,0.9814814814814815
shuffled_domain_rank,11,7.0,3,108,0.37962962962962965,0.2934620363705353,0.8240740740740741,0.0277821100677379,0.4074074074074074,0.5555555555555556,1.0
shuffled_domain_rank,11,7.0,4,108,0.3333333333333333,0.2266533998168181,0.8333333333333334,0.021687241109012878,0.40186915887850466,0.5887850467289719,0.9907407407407407
shuffled_domain_rank,11,7.0,5,108,0.3611111111111111,0.25668527379053696,0.8611111111111112,0.030145642773794112,0.39622641509433965,0.6132075471698113,0.9814814814814815
shuffled_domain_rank,11,8.0,1,115,0.45217391304347826,0.26507957165166945,0.7478260869565218,0.01702432467502752,0.48695652173913045,0.7043478260869566,1.0
shuffled_domain_rank,11,8.0,2,108,0.46296296296296297,0.27941490888219256,0.8148148148148148,0.033328042618527974,0.48598130841121495,0.5981308411214953,0.9907407407407407
shuffled_domain_rank,11,8.0,3,108,0.35185185185185186,0.24423179160021266,0.8333333333333334,0.02931496026405615,0.37962962962962965,0.5462962962962963,1.0
shuffled_domain_rank,11,8.0,4,108,0.3611111111111111,0.2686928684051701,0.8425925925925926,0.029301168959369347,0.4074074074074074,0.5370370370370371,1.0
shuffled_domain_rank,11,8.0,5,108,0.3611111111111111,0.26912477954144626,0.8611111111111112,0.030516985276462894,0.4095238095238095,0.5904761904761905,0.9722222222222222
shuffled_domain_rank,11,9.0,1,115,0.4608695652173913,0.2719584770599867,0.7217391304347827,0.01633405532828367,0.48695652173913045,0.7043478260869566,1.0
shuffled_domain_rank,11,9.0,2,108,0.5092592592592593,0.29960023044676426,0.7685185185185185,0.025718164705386428,0.5428571428571428,0.6571428571428571,0.9722222222222222
shuffled_domain_rank,11,9.0,3,108,0.39814814814814814,0.27066795180679,0.8148148148148148,0.019766649285906504,0.4351851851851852,0.5925925925925926,1.0
shuffled_domain_rank,11,9.0,4,108,0.32407407407407407,0.23626998594241003,0.7962962962962963,0.02976460093571806,0.3611111111111111,0.5185185185185185,1.0
shuffled_domain_rank,11,9.0,5,108,0.3611111111111111,0.2529265981743231,0.8518518518518519,0.029206164018893293,0.40186915887850466,0.5887850467289719,0.9907407407407407
shuffled_domain_rank,11,10.0,1,115,0.45217391304347826,0.2617317275747508,0.6956521739130435,0.015791942371669452,0.48695652173913045,0.7391304347826086,1.0
shuffled_domain_rank,11,10.0,2,108,0.48148148148148145,0.2675867691590962,0.7962962962962963,0.030439211877344042,0.5046728971962616,0.5981308411214953,0.9907407407407407
shuffled_domain_rank,11,10.0,3,108,0.3888888888888889,0.3017733119159185,0.8333333333333334,0.021991669221202076,0.4166666666666667,0.5555555555555556,1.0
shuffled_domain_rank,11,10.0,4,108,0.37037037037037035,0.2778376279555525,0.8611111111111112,0.025925385905858685,0.4074074074074074,0.5462962962962963,1.0
shuffled_domain_rank,11,10.0,5,108,0.35185185185185186,0.2689213508179025,0.8148148148148148,0.03005141237395977,0.4,0.638095238095238,0.9722222222222222
shuffled_domain_rank,11,11.0,1,115,0.4782608695652174,0.2960173139236833,0.7478260869565218,0.016041649152447327,0.5043478260869565,0.7565217391304347,1.0
shuffled_domain_rank,11,11.0,2,108,0.49074074074074076,0.29107917827430024,0.7870370370370371,0.030421026681320382,0.5094339622641509,0.6132075471698113,0.9814814814814815
shuffled_domain_rank,11,11.0,3,108,0.3611111111111111,0.23953088496402206,0.8518518518518519,0.027836184373791192,0.3925233644859813,0.5514018691588785,0.9907407407407407
shuffled_domain_rank,11,11.0,4,108,0.3888888888888889,0.2760676823176823,0.8240740740740741,0.01820466046690165,0.4444444444444444,0.6111111111111112,1.0
shuffled_domain_rank,11,11.0,5,108,0.3611111111111111,0.2510830427109497,0.8333333333333334,0.03150145877187306,0.4,0.6,0.9722222222222222
shuffled_domain_rank,11,12.0,1,115,0.4608695652173913,0.2759054895302773,0.7391304347826086,0.017037997905079094,0.48695652173913045,0.7304347826086957,1.0
shuffled_domain_rank,11,12.0,2,108,0.49074074074074076,0.28611969004125865,0.7777777777777778,0.028169081694103808,0.5094339622641509,0.6132075471698113,0.9814814814814815
shuffled_domain_rank,11,12.0,3,108,0.3611111111111111,0.25006129180508213,0.8240740740740741,0.02343031178213248,0.3888888888888889,0.5370370370370371,1.0
shuffled_domain_rank,11,12.0,4,108,0.35185185185185186,0.2631719337183406,0.8333333333333334,0.02853288462708226,0.4166666666666667,0.5740740740740741,1.0
shuffled_domain_rank,11,12.0,5,108,0.3611111111111111,0.2721688034188034,0.8148148148148148,0.029489493002243024,0.39622641509433965,0.5943396226415094,0.9814814814814815
shuffled_domain_rank,11,13.0,1,115,0.4608695652173913,0.27368760613723503,0.782608695652174,0.012548754572421378,0.4956521739130435,0.7391304347826086,1.0
shuffled_domain_rank,11,13.0,2,108,0.49074074074074076,0.2947417499260924,0.7777777777777778,0.02787794217406049,0.5188679245283019,0.6226415094339622,0.9814814814814815
shuffled_domain_rank,11,13.0,3,108,0.37962962962962965,0.2649123031385572,0.8240740740740741,0.023693003908852022,0.4074074074074074,0.5555555555555556,1.0
shuffled_domain_rank,11,13.0,4,108,0.35185185185185186,0.2547349547349547,0.8425925925925926,0.02870675064805088,0.4074074074074074,0.5648148148148148,1.0
shuffled_domain_rank,11,13.0,5,108,0.3888888888888889,0.2984884526043063,0.8148148148148148,0.027059764591674605,0.4339622641509434,0.6509433962264151,0.9814814814814815
shuffled_domain_rank,11,14.0,1,115,0.4608695652173913,0.2772309561783246,0.7391304347826086,0.0176574013404012,0.48695652173913045,0.7217391304347827,1.0
shuffled_domain_rank,11,14.0,2,108,0.49074074074074076,0.2845756947765556,0.7592592592592593,0.029152019664865463,0.5188679245283019,0.6132075471698113,0.9814814814814815
shuffled_domain_rank,11,14.0,3,108,0.3425925925925926,0.28133792535966445,0.8425925925925926,0.025529607902306413,0.3611111111111111,0.5370370370370371,1.0
shuffled_domain_rank,11,14.0,4,108,0.3425925925925926,0.24823559653281013,0.8240740740740741,0.02778664130223088,0.4056603773584906,0.5566037735849056,0.9814814814814815
shuffled_domain_rank,11,14.0,5,108,0.37962962962962965,0.27909624921758386,0.8240740740740741,0.026945532765429867,0.41509433962264153,0.6132075471698113,0.9814814814814815
shuffled_domain_rank,11,15.0,1,115,0.45217391304347826,0.2610964733771751,0.7652173913043478,0.01468885718992751,0.4782608695652174,0.7304347826086957,1.0
shuffled_domain_rank,11,15.0,2,108,0.48148148148148145,0.26634603859522954,0.7962962962962963,0.029677721501886467,0.5142857142857142,0.6095238095238096,0.9722222222222222
shuffled_domain_rank,11,15.0,3,108,0.37037037037037035,0.29415302814317595,0.8425925925925926,0.023783467370157754,0.3888888888888889,0.5277777777777778,1.0
shuffled_domain_rank,11,15.0,4,108,0.3148148148148148,0.22504374710257066,0.8240740740740741,0.030585216989048196,0.37037037037037035,0.5277777777777778,1.0
shuffled_domain_rank,11,15.0,5,108,0.37037037037037035,0.2474422092069151,0.8333333333333334,0.026484991885413048,0.4056603773584906,0.6226415094339622,0.9814814814814815
shuffled_domain_rank,11,16.0,1,115,0.4608695652173913,0.27411159192237083,0.7652173913043478,0.015001832603147048,0.48695652173913045,0.7391304347826086,1.0
shuffled_domain_rank,11,16.0,2,108,0.5,0.28390688259109315,0.7962962962962963,0.02837032220350453,0.5283018867924528,0.6415094339622641,0.9814814814814815
shuffled_domain_rank,11,16.0,3,108,0.3611111111111111,0.28699440231130374,0.8611111111111112,0.024259888990987744,0.39814814814814814,0.5462962962962963,1.0
shuffled_domain_rank,11,16.0,4,108,0.3611111111111111,0.295045695045695,0.8333333333333334,0.027218248726588744,0.4205607476635514,0.5981308411214953,0.9907407407407407
shuffled_domain_rank,11,16.0,5,108,0.3888888888888889,0.30818667759240026,0.7962962962962963,0.02654697760916804,0.4339622641509434,0.6226415094339622,0.9814814814814815
shuffled_domain_rank,11,17.0,1,115,0.46956521739130436,0.28584533030994014,0.7304347826086957,0.015115218263063362,0.4956521739130435,0.7304347826086957,1.0
shuffled_domain_rank,11,17.0,2,108,0.46296296296296297,0.27648894315560985,0.8055555555555556,0.032943731408551766,0.49056603773584906,0.5943396226415094,0.9814814814814815
shuffled_domain_rank,11,17.0,3,108,0.3611111111111111,0.2894993894993895,0.8425925925925926,0.024076909649532838,0.37962962962962965,0.5277777777777778,1.0
shuffled_domain_rank,11,17.0,4,108,0.3333333333333333,0.23727613170391781,0.8148148148148148,0.024064677367329763,0.4074074074074074,0.5648148148148148,1.0
shuffled_domain_rank,11,17.0,5,108,0.37037037037037035,0.2680549612513669,0.7962962962962963,0.025792496035623162,0.4056603773584906,0.5943396226415094,0.9814814814814815
shuffled_domain_rank,11,18.0,1,115,0.4608695652173913,0.278354138551507,0.7217391304347827,0.016885038472842395,0.4956521739130435,0.7478260869565218,1.0
shuffled_domain_rank,11,18.0,2,108,0.48148148148148145,0.2732251082251082,0.8055555555555556,0.026292606502644228,0.5142857142857142,0.6285714285714286,0.9722222222222222
shuffled_domain_rank,11,18.0,3,108,0.3425925925925926,0.2716156271711827,0.8148148148148148,0.02414392316897485,0.37383177570093457,0.5514018691588785,0.9907407407407407
shuffled_domain_rank,11,18.0,4,108,0.3611111111111111,0.25935021051300117,0.8148148148148148,0.026098354100085475,0.4166666666666667,0.5740740740740741,1.0
shuffled_domain_rank,11,18.0,5,108,0.3611111111111111,0.27579091406677614,0.8148148148148148,0.025980772235032118,0.4095238095238095,0.6285714285714286,0.9722222222222222
shuffled_domain_rank,11,19.0,1,115,0.45217391304347826,0.26573498964803316,0.7217391304347827,0.01669030423882437,0.48695652173913045,0.7304347826086957,1.0
shuffled_domain_rank,11,19.0,2,108,0.48148148148148145,0.27530649116014966,0.7777777777777778,0.031981825771077346,0.5046728971962616,0.616822429906542,0.9907407407407407
shuffled_domain_rank,11,19.0,3,108,0.35185185185185186,0.2819571954065625,0.8425925925925926,0.025808146885005354,0.37962962962962965,0.5277777777777778,1.0
shuffled_domain_rank,11,19.0,4,108,0.37962962962962965,0.2747386912604304,0.8240740740740741,0.025338357775900124,0.42990654205607476,0.5887850467289719,0.9907407407407407
shuffled_domain_rank,11,19.0,5,108,0.3055555555555556,0.20650793650793653,0.8333333333333334,0.02650632590801883,0.34285714285714286,0.6,0.9722222222222222
shuffled_domain_rank,11,20.0,1,115,0.45217391304347826,0.26424689440993787,0.7739130434782608,0.017115064995018654,0.4782608695652174,0.7304347826086957,1.0
shuffled_domain_rank,11,20.0,2,108,0.5185185185185185,0.3009577677224736,0.7962962962962963,0.02643323843232862,0.5420560747663551,0.6542056074766355,0.9907407407407407
shuffled_domain_rank,11,20.0,3,108,0.37037037037037035,0.3008366676480204,0.8240740740740741,0.02229153332183475,0.3888888888888889,0.5462962962962963,1.0
shuffled_domain_rank,11,20.0,4,108,0.32407407407407407,0.23486208473968573,0.7870370370370371,0.028718248888598943,0.3888888888888889,0.5555555555555556,1.0
shuffled_domain_rank,11,20.0,5,108,0.3425925925925926,0.25465185740879664,0.7962962962962963,0.029951002080613614,0.36792452830188677,0.6037735849056604,0.9814814814814815
shuffled_domain_rank,11,21.0,1,115,0.4434782608695652,0.25234940400170286,0.782608695652174,0.015414181050418571,0.46956521739130436,0.7217391304347827,1.0
shuffled_domain_rank,11,21.0,2,108,0.46296296296296297,0.27566639106618585,0.8148148148148148,0.032674490339372246,0.5,0.5961538461538461,0.9629629629629629
shuffled_domain_rank,11,21.0,3,108,0.4166666666666667,0.33137973137973137,0.8148148148148148,0.022191697925539614,0.4351851851851852,0.6018518518518519,1.0
shuffled_domain_rank,11,21.0,4,108,0.3611111111111111,0.2627450676689659,0.8518518518518519,0.021494042584739873,0.411214953271028,0.5700934579439252,0.9907407407407407
shuffled_domain_rank,11,21.0,5,108,0.35185185185185186,0.2589750106244952,0.8240740740740741,0.025646740009898365,0.3867924528301887,0.6037735849056604,0.9814814814814815
shuffled_domain_rank,11,22.0,1,115,0.48695652173913045,0.30026355979169045,0.7391304347826086,0.015577122810155847,0.5130434782608696,0.7391304347826086,1.0
shuffled_domain_rank,11,22.0,2,108,0.46296296296296297,0.27550317688050835,0.7777777777777778,0.029128568564056653,0.49523809523809526,0.6190476190476191,0.9722222222222222
shuffled_domain_rank,11,22.0,3,108,0.4166666666666667,0.32724418438704156,0.8425925925925926,0.021329463335796477,0.4351851851851852,0.5925925925925926,1.0
shuffled_domain_rank,11,22.0,4,108,0.3333333333333333,0.22962024356899322,0.8055555555555556,0.027416034773843488,0.37962962962962965,0.5370370370370371,1.0
shuffled_domain_rank,11,22.0,5,108,0.35185185185185186,0.2441902782144895,0.8425925925925926,0.027796016898997498,0.3904761904761905,0.6285714285714286,0.9722222222222222
shuffled_domain_rank,11,23.0,1,115,0.41739130434782606,0.2330448301348217,0.7304347826086957,0.019222717871323333,0.4434782608695652,0.6869565217391305,1.0
shuffled_domain_rank,11,23.0,2,108,0.4722222222222222,0.27401544401544403,0.7962962962962963,0.025179509117306254,0.5047619047619047,0.6190476190476191,0.9722222222222222
shuffled_domain_rank,11,23.0,3,108,0.3425925925925926,0.2768486696554736,0.8240740740740741,0.026087389140490826,0.37037037037037035,0.5277777777777778,1.0
shuffled_domain_rank,11,23.0,4,108,0.3425925925925926,0.23981933152664858,0.8240740740740741,0.027596188247425494,0.3925233644859813,0.5607476635514018,0.9907407407407407
shuffled_domain_rank,11,23.0,5,108,0.3425925925925926,0.25875864875864873,0.7962962962962963,0.028655068519710593,0.37735849056603776,0.5849056603773585,0.9814814814814815
shuffled_domain_rank,11,24.0,1,115,0.4608695652173913,0.2732142857142857,0.7304347826086957,0.016054511091065666,0.4956521739130435,0.7391304347826086,1.0
shuffled_domain_rank,11,24.0,2,108,0.5,0.2880524642289348,0.7777777777777778,0.025731673035879393,0.5283018867924528,0.6415094339622641,0.9814814814814815
shuffled_domain_rank,11,24.0,3,108,0.37037037037037035,0.29308230001608804,0.7870370370370371,0.024835694552194677,0.3888888888888889,0.5370370370370371,1.0
shuffled_domain_rank,11,24.0,4,108,0.32407407407407407,0.23013115540289453,0.8333333333333334,0.02882585323159094,0.3867924528301887,0.5188679245283019,0.9814814814814815
shuffled_domain_rank,11,24.0,5,108,0.37037037037037035,0.28869666078968403,0.8518518518518519,0.026142472478647125,0.41509433962264153,0.6415094339622641,0.9814814814814815
shuffled_domain_rank,11,25.0,1,115,0.4608695652173913,0.27456117574111677,0.7304347826086957,0.0164127360673011,0.4956521739130435,0.7478260869565218,1.0
shuffled_domain_rank,11,25.0,2,108,0.48148148148148145,0.27069067638173333,0.7685185185185185,0.030032904372714227,0.5094339622641509,0.6132075471698113,0.9814814814814815
shuffled_domain_rank,11,25.0,3,108,0.37962962962962965,0.30297657524548277,0.8518518518518519,0.023070489694299257,0.39814814814814814,0.5555555555555556,1.0
shuffled_domain_rank,11,25.0,4,108,0.3333333333333333,0.24244406296130436,0.8055555555555556,0.025893288942607624,0.39814814814814814,0.5648148148148148,1.0
shuffled_domain_rank,11,25.0,5,108,0.3611111111111111,0.26430333949713797,0.8240740740740741,0.028990482132444484,0.40384615384615385,0.5961538461538461,0.9629629629629629
shuffled_domain_rank,11,26.0,1,115,0.4608695652173913,0.2760049965932319,0.7391304347826086,0.01486493261287667,0.4956521739130435,0.7304347826086957,1.0
shuffled_domain_rank,11,26.0,2,108,0.49074074074074076,0.2874635031070675,0.7777777777777778,0.028819481929733538,0.514018691588785,0.616822429906542,0.9907407407407407
shuffled_domain_rank,11,26.0,3,108,0.37037037037037035,0.29475672877846787,0.8240740740740741,0.021858262027630058,0.40186915887850466,0.5981308411214953,0.9907407407407407
shuffled_domain_rank,11,26.0,4,108,0.35185185185185186,0.24276886512180632,0.8240740740740741,0.02969084329478888,0.4074074074074074,0.5185185185185185,1.0
shuffled_domain_rank,11,26.0,5,108,0.37037037037037035,0.2742488111535731,0.8148148148148148,0.025362111174128673,0.41509433962264153,0.6132075471698113,0.9814814814814815
shuffled_domain_rank,11,27.0,1,115,0.4434782608695652,0.25070632152360867,0.7565217391304347,0.016097462183575356,0.46956521739130436,0.7130434782608696,1.0
shuffled_domain_rank,11,27.0,2,108,0.5370370370370371,0.314880077075199,0.7685185185185185,0.025627428253310065,0.5607476635514018,0.6448598130841121,0.9907407407407407
shuffled_domain_rank,11,27.0,3,108,0.37962962962962965,0.29220599725007657,0.8333333333333334,0.024366273075513974,0.39814814814814814,0.5555555555555556,1.0
shuffled_domain_rank,11,27.0,4,108,0.3611111111111111,0.2668425600961963,0.7962962962962963,0.02621591243181106,0.42990654205607476,0.5700934579439252,0.9907407407407407
shuffled_domain_rank,11,27.0,5,108,0.37037037037037035,0.2604515811492556,0.8425925925925926,0.028368060578135477,0.4095238095238095,0.6285714285714286,0.9722222222222222
shuffled_domain_rank,11,28.0,1,115,0.45217391304347826,0.2701900683645106,0.7130434782608696,0.015019952319370871,0.4782608695652174,0.7391304347826086,1.0
shuffled_domain_rank,11,28.0,2,108,0.48148148148148145,0.28051809942899053,0.7777777777777778,0.026510951905346927,0.5094339622641509,0.6226415094339622,0.9814814814814815
shuffled_domain_rank,11,28.0,3,108,0.37962962962962965,0.29935855982654014,0.8425925925925926,0.02252628913401171,0.39814814814814814,0.5555555555555556,1.0
shuffled_domain_rank,11,28.0,4,108,0.3425925925925926,0.24095830095830095,0.8333333333333334,0.02638903818810398,0.4074074074074074,0.5462962962962963,1.0
shuffled_domain_rank,11,28.0,5,108,0.35185185185185186,0.2658996780593877,0.8611111111111112,0.026751505583831908,0.4056603773584906,0.6226415094339622,0.9814814814814815
shuffled_domain_rank,11,29.0,1,115,0.4608695652173913,0.27111174272026517,0.7652173913043478,0.015301298920946636,0.48695652173913045,0.7304347826086957,1.0
shuffled_domain_rank,11,29.0,2,108,0.49074074074074076,0.2929138229138229,0.7870370370370371,0.028656265786748254,0.514018691588785,0.6261682242990654,0.9907407407407407
shuffled_domain_rank,11,29.0,3,108,0.4074074074074074,0.3267340186695026,0.8425925925925926,0.023281047075232326,0.42592592592592593,0.5833333333333334,1.0
shuffled_domain_rank,11,29.0,4,108,0.3425925925925926,0.2437956627203939,0.8240740740740741,0.028404050794117713,0.411214953271028,0.5420560747663551,0.9907407407407407
shuffled_domain_rank,11,29.0,5,108,0.3611111111111111,0.26184986511073466,0.8148148148148148,0.023986680273449995,0.3867924528301887,0.6037735849056604,0.9814814814814815
baseline_stats,99,,1,115,0.4260869565217391,0.2799664881901724,0.7130434782608696,0.026171939307944894,0.4608695652173913,0.6869565217391305,1.0
baseline_stats,99,,2,108,0.49074074074074076,0.3009835843169177,0.8703703703703703,0.021152096218448282,0.5185185185185185,0.6759259259259259,1.0
baseline_stats,99,,3,108,0.37037037037037035,0.2629062943796647,0.7592592592592593,0.025793551094880393,0.39814814814814814,0.5648148148148148,1.0
baseline_stats,99,,4,108,0.3425925925925926,0.24972437250762372,0.8611111111111112,0.021582075038957097,0.39622641509433965,0.5094339622641509,0.9814814814814815
baseline_stats,99,,5,108,0.35185185185185186,0.19850870455709166,0.8240740740740741,0.02637077943910957,0.3942307692307692,0.6346153846153846,0.9629629629629629
real_domain_rank,99,,1,115,0.4782608695652174,0.3209258771738999,0.7217391304347827,0.023130258872052986,0.5130434782608696,0.7478260869565218,1.0
real_domain_rank,99,,2,108,0.48148148148148145,0.294254401512466,0.8240740740740741,0.022558358496514816,0.5092592592592593,0.6666666666666666,1.0
real_domain_rank,99,,3,108,0.4166666666666667,0.28432067862606036,0.8425925925925926,0.02081378165442364,0.4444444444444444,0.5833333333333334,1.0
real_domain_rank,99,,4,108,0.35185185185185186,0.23409771233778884,0.8703703703703703,0.020401771780696163,0.42857142857142855,0.5047619047619047,0.9722222222222222
real_domain_rank,99,,5,108,0.35185185185185186,0.19393274853801168,0.7962962962962963,0.025628382841508184,0.38461538461538464,0.6442307692307693,0.9629629629629629
shuffled_domain_rank,99,0.0,1,115,0.46956521739130436,0.29984921177649687,0.7565217391304347,0.022659951338611505,0.48695652173913045,0.7304347826086957,1.0
shuffled_domain_rank,99,0.0,2,108,0.49074074074074076,0.3047297297297297,0.8425925925925926,0.022096772347000176,0.5185185185185185,0.6574074074074074,1.0
shuffled_domain_rank,99,0.0,3,108,0.3888888888888889,0.26390651305829577,0.8333333333333334,0.022905192288266565,0.42592592592592593,0.5555555555555556,1.0
shuffled_domain_rank,99,0.0,4,108,0.37037037037037035,0.25760869565217387,0.9074074074074074,0.022104560238579013,0.4205607476635514,0.514018691588785,0.9907407407407407
shuffled_domain_rank,99,0.0,5,108,0.3611111111111111,0.20180316818335017,0.7870370370370371,0.027175327504988682,0.3867924528301887,0.6320754716981132,0.9814814814814815
shuffled_domain_rank,99,1.0,1,115,0.45217391304347826,0.29763533957082344,0.7391304347826086,0.02376798295158602,0.48695652173913045,0.7217391304347827,1.0
shuffled_domain_rank,99,1.0,2,108,0.5092592592592593,0.30769783758914193,0.8518518518518519,0.02077257193682263,0.5370370370370371,0.6666666666666666,1.0
shuffled_domain_rank,99,1.0,3,108,0.4166666666666667,0.27975393028024603,0.8240740740740741,0.021650021083635937,0.4444444444444444,0.5648148148148148,1.0
shuffled_domain_rank,99,1.0,4,108,0.3425925925925926,0.24181103892498199,0.8981481481481481,0.02277678595008163,0.39622641509433965,0.5188679245283019,0.9814814814814815
shuffled_domain_rank,99,1.0,5,108,0.3333333333333333,0.18777314834803716,0.8333333333333334,0.027752966264965755,0.37142857142857144,0.6285714285714286,0.9722222222222222
shuffled_domain_rank,99,2.0,1,115,0.4608695652173913,0.30358108745959217,0.7478260869565218,0.02418554548850198,0.4956521739130435,0.7478260869565218,1.0
shuffled_domain_rank,99,2.0,2,108,0.48148148148148145,0.28936635326303395,0.8518518518518519,0.025205572681515027,0.5092592592592593,0.6481481481481481,1.0
shuffled_domain_rank,99,2.0,3,108,0.4074074074074074,0.28130341880341886,0.7962962962962963,0.02214575048409764,0.4444444444444444,0.5740740740740741,1.0
shuffled_domain_rank,99,2.0,4,108,0.3333333333333333,0.2400611809148395,0.8703703703703703,0.025067302891910555,0.37735849056603776,0.4528301886792453,0.9814814814814815
shuffled_domain_rank,99,2.0,5,108,0.32407407407407407,0.19413919413919412,0.7962962962962963,0.025831752547369965,0.3557692307692308,0.6346153846153846,0.9629629629629629
shuffled_domain_rank,99,3.0,1,115,0.48695652173913045,0.33067360546878916,0.7304347826086957,0.022730740253897232,0.5130434782608696,0.7391304347826086,1.0
shuffled_domain_rank,99,3.0,2,108,0.4537037037037037,0.2694001417685628,0.8055555555555556,0.027822355779273094,0.48148148148148145,0.6111111111111112,1.0
shuffled_domain_rank,99,3.0,3,108,0.4074074074074074,0.2776561596882619,0.8148148148148148,0.026523757271818996,0.4351851851851852,0.5833333333333334,1.0
shuffled_domain_rank,99,3.0,4,108,0.37037037037037035,0.26214173357030496,0.9166666666666666,0.01913461810397352,0.42452830188679247,0.5188679245283019,0.9814814814814815
shuffled_domain_rank,99,3.0,5,108,0.39814814814814814,0.23281236232267158,0.8055555555555556,0.027441611418583714,0.42452830188679247,0.6509433962264151,0.9814814814814815
shuffled_domain_rank,99,4.0,1,115,0.43478260869565216,0.2833922632309729,0.7565217391304347,0.025837612982394155,0.46956521739130436,0.7130434782608696,1.0
shuffled_domain_rank,99,4.0,2,108,0.46296296296296297,0.28919265659686605,0.8611111111111112,0.027072805079246923,0.48148148148148145,0.6203703703703703,1.0
shuffled_domain_rank,99,4.0,3,108,0.3888888888888889,0.2679056124682602,0.7962962962962963,0.023082768924670722,0.42592592592592593,0.5648148148148148,1.0
shuffled_domain_rank,99,4.0,4,108,0.35185185185185186,0.26418145901209605,0.8425925925925926,0.02059019059613792,0.41346153846153844,0.49038461538461536,0.9629629629629629
shuffled_domain_rank,99,4.0,5,108,0.3611111111111111,0.23499400209926524,0.8240740740740741,0.02658532629818042,0.38461538461538464,0.6346153846153846,0.9629629629629629
shuffled_domain_rank,99,5.0,1,115,0.46956521739130436,0.31849046015712684,0.7043478260869566,0.023036113314734877,0.4956521739130435,0.7304347826086957,1.0
shuffled_domain_rank,99,5.0,2,108,0.4537037037037037,0.2680149933099785,0.8425925925925926,0.026256199521487694,0.48148148148148145,0.6296296296296297,1.0
shuffled_domain_rank,99,5.0,3,108,0.4166666666666667,0.2834341143864953,0.8148148148148148,0.019951783585684828,0.4537037037037037,0.6018518518518519,1.0
shuffled_domain_rank,99,5.0,4,108,0.3425925925925926,0.2581147658662471,0.8333333333333334,0.025010187952785798,0.39622641509433965,0.4716981132075472,0.9814814814814815
shuffled_domain_rank,99,5.0,5,108,0.37037037037037035,0.2147505466110117,0.8518518518518519,0.026488410846271834,0.4,0.6476190476190476,0.9722222222222222
shuffled_domain_rank,99,6.0,1,115,0.4782608695652174,0.31623317296941583,0.7304347826086957,0.023503518104106554,0.5130434782608696,0.7304347826086957,1.0
shuffled_domain_rank,99,6.0,2,108,0.5185185185185185,0.323018623018623,0.8796296296296297,0.02155659611919394,0.5462962962962963,0.6944444444444444,1.0
shuffled_domain_rank,99,6.0,3,108,0.4166666666666667,0.28559796270793714,0.8425925925925926,0.022056887601103557,0.4537037037037037,0.5740740740740741,1.0
shuffled_domain_rank,99,6.0,4,108,0.37962962962962965,0.2720096690839377,0.8611111111111112,0.02201895825786397,0.4205607476635514,0.514018691588785,0.9907407407407407
shuffled_domain_rank,99,6.0,5,108,0.3888888888888889,0.21348484848484847,0.7962962962962963,0.02602040427567843,0.41509433962264153,0.6509433962264151,0.9814814814814815
shuffled_domain_rank,99,7.0,1,115,0.48695652173913045,0.32859183452916274,0.7478260869565218,0.022050077470595474,0.5130434782608696,0.7565217391304347,1.0
shuffled_domain_rank,99,7.0,2,108,0.46296296296296297,0.2709648458173532,0.8333333333333334,0.027005850951379834,0.48148148148148145,0.6296296296296297,1.0
shuffled_domain_rank,99,7.0,3,108,0.37962962962962965,0.2668501341672125,0.7870370370370371,0.021968124804392905,0.4074074074074074,0.5462962962962963,1.0
shuffled_domain_rank,99,7.0,4,108,0.3611111111111111,0.2636470381301513,0.8796296296296297,0.023392181336588314,0.42857142857142855,0.5238095238095238,0.9722222222222222
shuffled_domain_rank,99,7.0,5,108,0.3611111111111111,0.20618139551777995,0.8055555555555556,0.026975625547343982,0.38461538461538464,0.625,0.9629629629629629
shuffled_domain_rank,99,8.0,1,115,0.48695652173913045,0.3361681329423265,0.7217391304347827,0.0215289785791385,0.5130434782608696,0.7478260869565218,1.0
shuffled_domain_rank,99,8.0,2,108,0.49074074074074076,0.2906095366621682,0.8518518518518519,0.025034072160526798,0.5185185185185185,0.6666666666666666,1.0
shuffled_domain_rank,99,8.0,3,108,0.4537037037037037,0.30887438550089,0.8055555555555556,0.021797254771718785,0.49074074074074076,0.6111111111111112,1.0
shuffled_domain_rank,99,8.0,4,108,0.3425925925925926,0.24361767178781624,0.8981481481481481,0.022326811558264333,0.4056603773584906,0.5094339622641509,0.9814814814814815
shuffled_domain_rank,99,8.0,5,108,0.37037037037037035,0.21651940401940398,0.7685185185185185,0.024263148231878133,0.3942307692307692,0.6826923076923077,0.9629629629629629
shuffled_domain_rank,99,9.0,1,115,0.4608695652173913,0.30766014941304043,0.7391304347826086,0.02419239703730533,0.4956521739130435,0.7217391304347827,1.0
shuffled_domain_rank,99,9.0,2,108,0.4722222222222222,0.2912157287157287,0.8703703703703703,0.024105451303330652,0.5,0.6388888888888888,1.0
shuffled_domain_rank,99,9.0,3,108,0.4537037037037037,0.3087012945264879,0.8055555555555556,0.020303349051651206,0.4722222222222222,0.6296296296296297,1.0
shuffled_domain_rank,99,9.0,4,108,0.39814814814814814,0.2879726238045423,0.8981481481481481,0.021060386608734803,0.44339622641509435,0.5471698113207547,0.9814814814814815
shuffled_domain_rank,99,9.0,5,108,0.3611111111111111,0.1988925177571718,0.7962962962962963,0.028037991872118057,0.39622641509433965,0.6226415094339622,0.9814814814814815
shuffled_domain_rank,99,10.0,1,115,0.4608695652173913,0.3046814296814297,0.7391304347826086,0.02363852574203836,0.49122807017543857,0.7105263157894737,0.991304347826087
shuffled_domain_rank,99,10.0,2,108,0.4722222222222222,0.26839089822960793,0.8333333333333334,0.02516183742640021,0.49074074074074076,0.6481481481481481,1.0
shuffled_domain_rank,99,10.0,3,108,0.39814814814814814,0.27627791563275433,0.8333333333333334,0.022120504003855793,0.4351851851851852,0.5925925925925926,1.0
shuffled_domain_rank,99,10.0,4,108,0.3611111111111111,0.2697778202720615,0.8333333333333334,0.02177524286060346,0.4205607476635514,0.514018691588785,0.9907407407407407
shuffled_domain_rank,99,10.0,5,108,0.37962962962962965,0.22313797313797315,0.8148148148148148,0.025571125298805904,0.41346153846153844,0.6538461538461539,0.9629629629629629
shuffled_domain_rank,99,11.0,1,115,0.46956521739130436,0.30284508926274634,0.7565217391304347,0.023517533876097667,0.4956521739130435,0.7391304347826086,1.0
shuffled_domain_rank,99,11.0,2,108,0.49074074074074076,0.3027183027183027,0.8518518518518519,0.02258233751357943,0.5185185185185185,0.6759259259259259,1.0
shuffled_domain_rank,99,11.0,3,108,0.39814814814814814,0.276533634756398,0.7870370370370371,0.020533726567357573,0.42592592592592593,0.5648148148148148,1.0
shuffled_domain_rank,99,11.0,4,108,0.3611111111111111,0.26316848043088586,0.8796296296296297,0.021749778308772616,0.41509433962264153,0.5094339622641509,0.9814814814814815
shuffled_domain_rank,99,11.0,5,108,0.3888888888888889,0.21571083505866115,0.8055555555555556,0.0279644334449674,0.42452830188679247,0.6132075471698113,0.9814814814814815
shuffled_domain_rank,99,12.0,1,115,0.4782608695652174,0.3164778091099229,0.7478260869565218,0.023125994437945274,0.5043478260869565,0.7217391304347827,1.0
shuffled_domain_rank,99,12.0,2,108,0.4722222222222222,0.2888648388648389,0.7962962962962963,0.024816295394282473,0.5,0.6574074074074074,1.0
shuffled_domain_rank,99,12.0,3,108,0.4166666666666667,0.28877338877338876,0.8333333333333334,0.019697296004478018,0.4444444444444444,0.5740740740740741,1.0
shuffled_domain_rank,99,12.0,4,108,0.3611111111111111,0.2805794296038198,0.8425925925925926,0.020947271826751948,0.4230769230769231,0.5192307692307693,0.9629629629629629
shuffled_domain_rank,99,12.0,5,108,0.37037037037037035,0.2098417455560313,0.7870370370370371,0.027252198101637797,0.40384615384615385,0.625,0.9629629629629629
shuffled_domain_rank,99,13.0,1,115,0.45217391304347826,0.29889499694597144,0.7217391304347827,0.024770719230470407,0.48695652173913045,0.7304347826086957,1.0
shuffled_domain_rank,99,13.0,2,108,0.46296296296296297,0.2700208288443583,0.8333333333333334,0.02584850175930655,0.48148148148148145,0.6203703703703703,1.0
shuffled_domain_rank,99,13.0,3,108,0.39814814814814814,0.2831371613020549,0.7962962962962963,0.02270172115737701,0.42592592592592593,0.5648148148148148,1.0
shuffled_domain_rank,99,13.0,4,108,0.37037037037037035,0.273168751478952,0.8981481481481481,0.02267908268893918,0.42857142857142855,0.5238095238095238,0.9722222222222222
shuffled_domain_rank,99,13.0,5,108,0.39814814814814814,0.22317251461988305,0.8240740740740741,0.027083454003772458,0.42452830188679247,0.6415094339622641,0.9814814814814815
shuffled_domain_rank,99,14.0,1,115,0.48695652173913045,0.3365374043219013,0.7304347826086957,0.022350277932573454,0.5217391304347826,0.7391304347826086,1.0
shuffled_domain_rank,99,14.0,2,108,0.5,0.3060084976751643,0.8240740740740741,0.02348255411488528,0.5277777777777778,0.6574074074074074,1.0
shuffled_domain_rank,99,14.0,3,108,0.37037037037037035,0.2677998345740282,0.8148148148148148,0.022690929614474296,0.4074074074074074,0.5740740740740741,1.0
shuffled_domain_rank,99,14.0,4,108,0.37037037037037035,0.2707375478927203,0.8425925925925926,0.02125560232904345,0.41904761904761906,0.5142857142857142,0.9722222222222222
shuffled_domain_rank,99,14.0,5,108,0.37962962962962965,0.22944867123537663,0.7870370370370371,0.026473819406254737,0.4056603773584906,0.6509433962264151,0.9814814814814815
shuffled_domain_rank,99,15.0,1,115,0.46956521739130436,0.30660628871638046,0.7391304347826086,0.023305283091232566,0.4956521739130435,0.7304347826086957,1.0
shuffled_domain_rank,99,15.0,2,108,0.48148148148148145,0.2885831476840249,0.8240740740740741,0.022886521345926905,0.5092592592592593,0.6666666666666666,1.0
shuffled_domain_rank,99,15.0,3,108,0.42592592592592593,0.2966108857336038,0.8055555555555556,0.02582015494932626,0.4537037037037037,0.5648148148148148,1.0
shuffled_domain_rank,99,15.0,4,108,0.3611111111111111,0.26333979328165374,0.8888888888888888,0.023473542956300004,0.41509433962264153,0.5094339622641509,0.9814814814814815
shuffled_domain_rank,99,15.0,5,108,0.37962962962962965,0.24280123801536166,0.8055555555555556,0.02652176455500832,0.41346153846153844,0.625,0.9629629629629629
shuffled_domain_rank,99,16.0,1,115,0.46956521739130436,0.31156263091746966,0.7391304347826086,0.02398363923929651,0.4956521739130435,0.7304347826086957,1.0
shuffled_domain_rank,99,16.0,2,108,0.4351851851851852,0.2454540665823852,0.8703703703703703,0.027350840897513676,0.4537037037037037,0.6203703703703703,1.0
shuffled_domain_rank,99,16.0,3,108,0.42592592592592593,0.28790746764083686,0.8240740740740741,0.02030930859156145,0.4722222222222222,0.5925925925925926,1.0
shuffled_domain_rank,99,16.0,4,108,0.3611111111111111,0.2547246975763055,0.8611111111111112,0.02379693708831579,0.41509433962264153,0.5,0.9814814814814815
shuffled_domain_rank,99,16.0,5,108,0.3888888888888889,0.2586779017751676,0.7592592592592593,0.02753988331424304,0.41904761904761906,0.6571428571428571,0.9722222222222222
shuffled_domain_rank,99,17.0,1,115,0.46956521739130436,0.3206350007126922,0.7304347826086957,0.022987114942188344,0.4956521739130435,0.7391304347826086,1.0
shuffled_domain_rank,99,17.0,2,108,0.5,0.3141212641212641,0.8888888888888888,0.022393565015302114,0.5277777777777778,0.6666666666666666,1.0
shuffled_domain_rank,99,17.0,3,108,0.4074074074074074,0.27650773994914485,0.8333333333333334,0.023534447350983003,0.4392523364485981,0.6074766355140186,0.9907407407407407
shuffled_domain_rank,99,17.0,4,108,0.37962962962962965,0.29892787524366476,0.8518518518518519,0.022211777071767334,0.41509433962264153,0.5188679245283019,0.9814814814814815
shuffled_domain_rank,99,17.0,5,108,0.37037037037037035,0.24239655011067376,0.8055555555555556,0.0277809978924764,0.4,0.6476190476190476,0.9722222222222222
shuffled_domain_rank,99,18.0,1,115,0.46956521739130436,0.31365629229406317,0.7304347826086957,0.023583208293958397,0.4956521739130435,0.7391304347826086,1.0
shuffled_domain_rank,99,18.0,2,108,0.4166666666666667,0.24841805461071517,0.8425925925925926,0.028274984592399802,0.4444444444444444,0.5925925925925926,1.0
shuffled_domain_rank,99,18.0,3,108,0.42592592592592593,0.2912671869193608,0.7962962962962963,0.020143487902249464,0.4537037037037037,0.6018518518518519,1.0
shuffled_domain_rank,99,18.0,4,108,0.3425925925925926,0.24960253809501345,0.8796296296296297,0.02442970714808812,0.39622641509433965,0.5,0.9814814814814815
shuffled_domain_rank,99,18.0,5,108,0.3425925925925926,0.19181173436492582,0.7777777777777778,0.029577905244454875,0.36792452830188677,0.6226415094339622,0.9814814814814815
shuffled_domain_rank,99,19.0,1,115,0.48695652173913045,0.32910353535353537,0.7304347826086957,0.02382055208383196,0.5130434782608696,0.7304347826086957,1.0
shuffled_domain_rank,99,19.0,2,108,0.4722222222222222,0.30677146927146925,0.8240740740740741,0.02678620452162185,0.5,0.6388888888888888,1.0
shuffled_domain_rank,99,19.0,3,108,0.3888888888888889,0.2640808739418897,0.8148148148148148,0.02605193364632364,0.42592592592592593,0.5833333333333334,1.0
shuffled_domain_rank,99,19.0,4,108,0.3611111111111111,0.27114050920350596,0.8611111111111112,0.0233465210892746,0.41904761904761906,0.5238095238095238,0.9722222222222222
shuffled_domain_rank,99,19.0,5,108,0.35185185185185186,0.2108974358974359,0.8333333333333334,0.027026961567590803,0.38461538461538464,0.625,0.9629629629629629
shuffled_domain_rank,99,20.0,1,115,0.4608695652173913,0.29723548751241996,0.7217391304347827,0.024136222317697645,0.49122807017543857,0.7105263157894737,0.991304347826087
shuffled_domain_rank,99,20.0,2,108,0.5,0.31571506571506575,0.8333333333333334,0.02235591519786895,0.5277777777777778,0.6759259259259259,1.0
shuffled_domain_rank,99,20.0,3,108,0.4074074074074074,0.2841666666666667,0.8148148148148148,0.02305388033029266,0.4351851851851852,0.5740740740740741,1.0
shuffled_domain_rank,99,20.0,4,108,0.3888888888888889,0.2779895932457778,0.8796296296296297,0.021529301339644095,0.44339622641509435,0.5377358490566038,0.9814814814814815
shuffled_domain_rank,99,20.0,5,108,0.37962962962962965,0.2155564845782237,0.8240740740740741,0.026151830673241852,0.41346153846153844,0.6346153846153846,0.9629629629629629
shuffled_domain_rank,99,21.0,1,115,0.4608695652173913,0.29494022796775093,0.7391304347826086,0.022617590227544372,0.4956521739130435,0.7391304347826086,1.0
shuffled_domain_rank,99,21.0,2,108,0.4722222222222222,0.29375992738824597,0.8518518518518519,0.02423437443700067,0.5,0.6574074074074074,1.0
shuffled_domain_rank,99,21.0,3,108,0.4074074074074074,0.2838715044132108,0.7777777777777778,0.020203935507501526,0.4444444444444444,0.5925925925925926,1.0
shuffled_domain_rank,99,21.0,4,108,0.35185185185185186,0.23574431187752184,0.9074074074074074,0.023523935914939342,0.41904761904761906,0.5333333333333333,0.9722222222222222
shuffled_domain_rank,99,21.0,5,108,0.3888888888888889,0.21925134726175635,0.7777777777777778,0.026900381176139285,0.41904761904761906,0.638095238095238,0.9722222222222222
shuffled_domain_rank,99,22.0,1,115,0.4956521739130435,0.33857485778172375,0.7391304347826086,0.02180324445578044,0.5217391304347826,0.7391304347826086,1.0
shuffled_domain_rank,99,22.0,2,108,0.4722222222222222,0.2758645460819374,0.8240740740740741,0.025509425706900804,0.49074074074074076,0.6296296296296297,1.0
shuffled_domain_rank,99,22.0,3,108,0.3888888888888889,0.26727932482408184,0.8240740740740741,0.021475042618344344,0.42592592592592593,0.5740740740740741,1.0
shuffled_domain_rank,99,22.0,4,108,0.4074074074074074,0.2929337371805091,0.8425925925925926,0.01888543657666071,0.4666666666666667,0.5238095238095238,0.9722222222222222
shuffled_domain_rank,99,22.0,5,108,0.35185185185185186,0.2072266524898104,0.7777777777777778,0.026631360533820023,0.375,0.6346153846153846,0.9629629629629629
shuffled_domain_rank,99,23.0,1,115,0.4608695652173913,0.30858942237221115,0.7478260869565218,0.02389923540474002,0.4956521739130435,0.7304347826086957,1.0
shuffled_domain_rank,99,23.0,2,108,0.5,0.3029624638115204,0.8333333333333334,0.019552699132661663,0.5277777777777778,0.6666666666666666,1.0
shuffled_domain_rank,99,23.0,3,108,0.39814814814814814,0.27025065817917343,0.8518518518518519,0.0221523977996577,0.4351851851851852,0.5833333333333334,1.0
shuffled_domain_rank,99,23.0,4,108,0.35185185185185186,0.26522889348976303,0.8425925925925926,0.024662026110011025,0.4056603773584906,0.5,0.9814814814814815
shuffled_domain_rank,99,23.0,5,108,0.3888888888888889,0.24503538789253076,0.8055555555555556,0.026658353802986517,0.42857142857142855,0.6285714285714286,0.9722222222222222
shuffled_domain_rank,99,24.0,1,115,0.4434782608695652,0.2899257371219988,0.7565217391304347,0.023517553233217123,0.4782608695652174,0.7217391304347827,1.0
shuffled_domain_rank,99,24.0,2,108,0.4722222222222222,0.2783623378639681,0.75,0.02435694321034039,0.5,0.6481481481481481,1.0
shuffled_domain_rank,99,24.0,3,108,0.4166666666666667,0.2871171340736558,0.8148148148148148,0.019487874868007758,0.4485981308411215,0.5887850467289719,0.9907407407407407
shuffled_domain_rank,99,24.0,4,108,0.3333333333333333,0.24361042890646012,0.8425925925925926,0.023650829940552263,0.3904761904761905,0.5238095238095238,0.9722222222222222
shuffled_domain_rank,99,24.0,5,108,0.37037037037037035,0.20246125365780773,0.7962962962962963,0.027413682506163023,0.4095238095238095,0.6190476190476191,0.9722222222222222
shuffled_domain_rank,99,25.0,1,115,0.46956521739130436,0.30988540374505286,0.7130434782608696,0.02256014875903733,0.4956521739130435,0.7304347826086957,1.0
shuffled_domain_rank,99,25.0,2,108,0.5,0.31442499008903335,0.8425925925925926,0.025044830260482955,0.5185185185185185,0.6666666666666666,1.0
shuffled_domain_rank,99,25.0,3,108,0.4166666666666667,0.2856874688081303,0.7962962962962963,0.018476677957633806,0.4444444444444444,0.5925925925925926,1.0
shuffled_domain_rank,99,25.0,4,108,0.3425925925925926,0.2410871057859123,0.8796296296296297,0.02321657615605114,0.3925233644859813,0.514018691588785,0.9907407407407407
shuffled_domain_rank,99,25.0,5,108,0.35185185185185186,0.19577832037137513,0.7962962962962963,0.024793486230241486,0.38461538461538464,0.6538461538461539,0.9629629629629629
shuffled_domain_rank,99,26.0,1,115,0.48695652173913045,0.34182956949327653,0.7043478260869566,0.019894266224061753,0.5217391304347826,0.7391304347826086,1.0
shuffled_domain_rank,99,26.0,2,108,0.48148148148148145,0.2903849959134512,0.7962962962962963,0.023589407273091004,0.5,0.6574074074074074,1.0
shuffled_domain_rank,99,26.0,3,108,0.42592592592592593,0.29240935735996526,0.8333333333333334,0.02689178851987253,0.46296296296296297,0.5740740740740741,1.0
shuffled_domain_rank,99,26.0,4,108,0.3425925925925926,0.25193535659515315,0.8518518518518519,0.023553517607392667,0.4056603773584906,0.5188679245283019,0.9814814814814815
shuffled_domain_rank,99,26.0,5,108,0.39814814814814814,0.23405017921146956,0.7592592592592593,0.026715817184890855,0.4339622641509434,0.6509433962264151,0.9814814814814815
shuffled_domain_rank,99,27.0,1,115,0.4608695652173913,0.2816659920849074,0.7304347826086957,0.026794072298917306,0.4956521739130435,0.7304347826086957,1.0
shuffled_domain_rank,99,27.0,2,108,0.48148148148148145,0.30329527522509975,0.8611111111111112,0.023567897471954556,0.5092592592592593,0.6666666666666666,1.0
shuffled_domain_rank,99,27.0,3,108,0.37962962962962965,0.2641591684442842,0.8148148148148148,0.027308720440851513,0.4074074074074074,0.5555555555555556,1.0
shuffled_domain_rank,99,27.0,4,108,0.3611111111111111,0.2677787911030045,0.8518518518518519,0.023788900073781746,0.41509433962264153,0.5283018867924528,0.9814814814814815
shuffled_domain_rank,99,27.0,5,108,0.35185185185185186,0.19850870455709166,0.8055555555555556,0.0261000650841609,0.3942307692307692,0.6346153846153846,0.9629629629629629
shuffled_domain_rank,99,28.0,1,115,0.48695652173913045,0.3286876871728392,0.7391304347826086,0.02193976075449418,0.5217391304347826,0.7478260869565218,1.0
shuffled_domain_rank,99,28.0,2,108,0.4722222222222222,0.28536414565826324,0.8425925925925926,0.024781842618146286,0.5,0.6481481481481481,1.0
shuffled_domain_rank,99,28.0,3,108,0.4074074074074074,0.2765725442200659,0.8055555555555556,0.027098237362157815,0.4351851851851852,0.5648148148148148,1.0
shuffled_domain_rank,99,28.0,4,108,0.37037037037037035,0.27525056769242817,0.8611111111111112,0.024111531696526762,0.41904761904761906,0.5142857142857142,0.9722222222222222
shuffled_domain_rank,99,28.0,5,108,0.35185185185185186,0.20456349206349203,0.7962962962962963,0.02855321298049969,0.36792452830188677,0.6320754716981132,0.9814814814814815
shuffled_domain_rank,99,29.0,1,115,0.45217391304347826,0.30385504466453944,0.7217391304347827,0.024976646277922347,0.49122807017543857,0.7192982456140351,0.991304347826087
shuffled_domain_rank,99,29.0,2,108,0.4444444444444444,0.25935339824487474,0.8425925925925926,0.026411083509158023,0.4722222222222222,0.6296296296296297,1.0
shuffled_domain_rank,99,29.0,3,108,0.49074074074074076,0.32792778400979233,0.8333333333333334,0.019895874104816347,0.5185185185185185,0.6296296296296297,1.0
shuffled_domain_rank,99,29.0,4,108,0.32407407407407407,0.22806967481124782,0.8796296296296297,0.02293499589320951,0.3867924528301887,0.49056603773584906,0.9814814814814815
shuffled_domain_rank,99,29.0,5,108,0.3611111111111111,0.20064441923489004,0.7870370370370371,0.026523615541396425,0.38095238095238093,0.638095238095238,0.9722222222222222
baseline_stats,7777,,1,115,0.45217391304347826,0.27996406109613653,0.7739130434782608,0.023144477179644334,0.46956521739130436,0.7217391304347827,1.0
baseline_stats,7777,,2,108,0.4351851851851852,0.23848482181815514,0.8148148148148148,0.02783219474869363,0.4722222222222222,0.6018518518518519,1.0
baseline_stats,7777,,3,108,0.37962962962962965,0.2871131338641599,0.8148148148148148,0.027448153106622665,0.411214953271028,0.5420560747663551,0.9907407407407407
baseline_stats,7777,,4,108,0.42592592592592593,0.3141419010984228,0.8425925925925926,0.02708118673970916,0.4953271028037383,0.6261682242990654,0.9907407407407407
baseline_stats,7777,,5,108,0.4444444444444444,0.30656375215198745,0.8611111111111112,0.020444915235304874,0.49038461538461536,0.625,0.9629629629629629
real_domain_rank,7777,,1,115,0.4782608695652174,0.29728956010716445,0.7565217391304347,0.020658635933475382,0.4956521739130435,0.7391304347826086,1.0
real_domain_rank,7777,,2,108,0.48148148148148145,0.2629669016052411,0.7870370370370371,0.0222926210270401,0.5092592592592593,0.6759259259259259,1.0
real_domain_rank,7777,,3,108,0.4074074074074074,0.28548357327427093,0.8055555555555556,0.02356944302251265,0.4351851851851852,0.5740740740740741,1.0
real_domain_rank,7777,,4,108,0.4537037037037037,0.3435342789598108,0.8703703703703703,0.03619627132149267,0.4953271028037383,0.5607476635514018,0.9907407407407407
real_domain_rank,7777,,5,108,0.42592592592592593,0.30631335458921666,0.8518518518518519,0.02047617836002677,0.44761904761904764,0.6571428571428571,0.9722222222222222
shuffled_domain_rank,7777,0.0,1,115,0.45217391304347826,0.2773778590607157,0.7739130434782608,0.022996782851453377,0.46956521739130436,0.7304347826086957,1.0
shuffled_domain_rank,7777,0.0,2,108,0.42592592592592593,0.23900086841263316,0.8333333333333334,0.029655547156681252,0.46296296296296297,0.6111111111111112,1.0
shuffled_domain_rank,7777,0.0,3,108,0.35185185185185186,0.264858979350903,0.8333333333333334,0.028587888748604903,0.37962962962962965,0.5277777777777778,1.0
shuffled_domain_rank,7777,0.0,4,108,0.4537037037037037,0.3331195831195831,0.8888888888888888,0.022407916069962012,0.49074074074074076,0.6111111111111112,1.0
shuffled_domain_rank,7777,0.0,5,108,0.4444444444444444,0.30740740740740735,0.8518518518518519,0.016489323812186756,0.4857142857142857,0.6666666666666666,0.9722222222222222
shuffled_domain_rank,7777,1.0,1,115,0.4434782608695652,0.2654579419930297,0.782608695652174,0.022745984502502002,0.4608695652173913,0.7217391304347827,1.0
shuffled_domain_rank,7777,1.0,2,108,0.2962962962962963,0.1874794452193833,0.8333333333333334,0.04194290136223377,0.3333333333333333,0.46296296296296297,1.0
shuffled_domain_rank,7777,1.0,3,108,0.35185185185185186,0.22594965613582632,0.8055555555555556,0.03232481613325795,0.38317757009345793,0.5420560747663551,0.9907407407407407
shuffled_domain_rank,7777,1.0,4,108,0.4444444444444444,0.3301115989795235,0.8611111111111112,0.0251465221503394,0.48598130841121495,0.616822429906542,0.9907407407407407
shuffled_domain_rank,7777,1.0,5,108,0.4166666666666667,0.28127537836840166,0.8611111111111112,0.020889614129977134,0.4716981132075472,0.6132075471698113,0.9814814814814815
shuffled_domain_rank,7777,2.0,1,115,0.45217391304347826,0.2738659807625325,0.782608695652174,0.02458103225141999,0.46956521739130436,0.7043478260869566,1.0
shuffled_domain_rank,7777,2.0,2,108,0.49074074074074076,0.2755816637959099,0.7777777777777778,0.02372851171055666,0.5277777777777778,0.6666666666666666,1.0
shuffled_domain_rank,7777,2.0,3,108,0.3333333333333333,0.2500955998099142,0.8055555555555556,0.03139282399253974,0.3611111111111111,0.5462962962962963,1.0
shuffled_domain_rank,7777,2.0,4,108,0.4722222222222222,0.3420016491445062,0.8796296296296297,0.03047887875743902,0.5233644859813084,0.6542056074766355,0.9907407407407407
shuffled_domain_rank,7777,2.0,5,108,0.4166666666666667,0.276582105837425,0.8518518518518519,0.020336300060051455,0.45714285714285713,0.6190476190476191,0.9722222222222222
shuffled_domain_rank,7777,3.0,1,115,0.4434782608695652,0.27264309764309763,0.7913043478260869,0.02005524447763883,0.4608695652173913,0.7478260869565218,1.0
shuffled_domain_rank,7777,3.0,2,108,0.5,0.28421077146454915,0.8148148148148148,0.023163361769670834,0.5370370370370371,0.6759259259259259,1.0
shuffled_domain_rank,7777,3.0,3,108,0.35185185185185186,0.26212570299437604,0.8148148148148148,0.03263051882177867,0.3925233644859813,0.5233644859813084,0.9907407407407407
shuffled_domain_rank,7777,3.0,4,108,0.42592592592592593,0.3206143008635055,0.9074074074074074,0.025530702343759707,0.4722222222222222,0.5833333333333334,1.0
shuffled_domain_rank,7777,3.0,5,108,0.37962962962962965,0.28121169250552036,0.8888888888888888,0.0197378281526119,0.41346153846153844,0.6442307692307693,0.9629629629629629
shuffled_domain_rank,7777,4.0,1,115,0.4608695652173913,0.28453138746571444,0.7739130434782608,0.021699198243448747,0.4782608695652174,0.7217391304347827,1.0
shuffled_domain_rank,7777,4.0,2,108,0.3888888888888889,0.27045404201157325,0.8055555555555556,0.03241140048040439,0.4166666666666667,0.5648148148148148,1.0
shuffled_domain_rank,7777,4.0,3,108,0.37037037037037035,0.2808532000341793,0.8148148148148148,0.02457895045380352,0.4074074074074074,0.5648148148148148,1.0
shuffled_domain_rank,7777,4.0,4,108,0.4444444444444444,0.32360091599222035,0.8611111111111112,0.026009318457784734,0.4953271028037383,0.6074766355140186,0.9907407407407407
shuffled_domain_rank,7777,4.0,5,108,0.4444444444444444,0.2998954599761051,0.8611111111111112,0.016336791553667903,0.4857142857142857,0.6666666666666666,0.9722222222222222
shuffled_domain_rank,7777,5.0,1,115,0.48695652173913045,0.3054612925580668,0.7652173913043478,0.021944862261039092,0.5043478260869565,0.7391304347826086,1.0
shuffled_domain_rank,7777,5.0,2,108,0.37037037037037035,0.21325536062378167,0.8055555555555556,0.03602726390799037,0.39814814814814814,0.5555555555555556,1.0
shuffled_domain_rank,7777,5.0,3,108,0.37037037037037035,0.2796821902673385,0.8055555555555556,0.0250237851256014,0.411214953271028,0.5607476635514018,0.9907407407407407
shuffled_domain_rank,7777,5.0,4,108,0.4444444444444444,0.3211590543112282,0.8796296296296297,0.031622458714656666,0.48598130841121495,0.6074766355140186,0.9907407407407407
shuffled_domain_rank,7777,5.0,5,108,0.42592592592592593,0.29341445375963876,0.8888888888888888,0.0222135548177027,0.4528301886792453,0.6320754716981132,0.9814814814814815
shuffled_domain_rank,7777,6.0,1,115,0.46956521739130436,0.2886837970535787,0.7304347826086957,0.020331296065333418,0.48695652173913045,0.7391304347826086,1.0
shuffled_domain_rank,7777,6.0,2,108,0.39814814814814814,0.21889282028600912,0.7962962962962963,0.03302803594259659,0.4351851851851852,0.5833333333333334,1.0
shuffled_domain_rank,7777,6.0,3,108,0.3333333333333333,0.24014684226612207,0.8055555555555556,0.034602516312490214,0.37037037037037035,0.5370370370370371,1.0
shuffled_domain_rank,7777,6.0,4,108,0.4537037037037037,0.3332959520772297,0.8611111111111112,0.026322255184168735,0.5046728971962616,0.616822429906542,0.9907407407407407
shuffled_domain_rank,7777,6.0,5,108,0.4444444444444444,0.3039580438700749,0.8796296296296297,0.020206486095322607,0.46226415094339623,0.6415094339622641,0.9814814814814815
shuffled_domain_rank,7777,7.0,1,115,0.48695652173913045,0.3003312255344776,0.7478260869565218,0.02320420522268529,0.5043478260869565,0.7391304347826086,1.0
shuffled_domain_rank,7777,7.0,2,108,0.37962962962962965,0.2223583780560525,0.7962962962962963,0.036791167066716986,0.4166666666666667,0.5555555555555556,1.0
shuffled_domain_rank,7777,7.0,3,108,0.35185185185185186,0.26748619737750173,0.8148148148148148,0.033001488426599494,0.3925233644859813,0.5514018691588785,0.9907407407407407
shuffled_domain_rank,7777,7.0,4,108,0.4166666666666667,0.3132518223097933,0.8703703703703703,0.030428889407109593,0.4766355140186916,0.6261682242990654,0.9907407407407407
shuffled_domain_rank,7777,7.0,5,108,0.4537037037037037,0.31109642250946595,0.8425925925925926,0.01849084669209535,0.49038461538461536,0.6634615384615384,0.9629629629629629
shuffled_domain_rank,7777,8.0,1,115,0.4782608695652174,0.30145355999014534,0.7739130434782608,0.02071738863653106,0.4956521739130435,0.7478260869565218,1.0
shuffled_domain_rank,7777,8.0,2,108,0.3888888888888889,0.2346821611527494,0.7870370370370371,0.03339300611614871,0.4166666666666667,0.5648148148148148,1.0
shuffled_domain_rank,7777,8.0,3,108,0.37962962962962965,0.2857546048722519,0.8148148148148148,0.02503020592741275,0.411214953271028,0.5700934579439252,0.9907407407407407
shuffled_domain_rank,7777,8.0,4,108,0.4351851851851852,0.32426375416297026,0.8611111111111112,0.03222372604189101,0.48598130841121495,0.5981308411214953,0.9907407407407407
shuffled_domain_rank,7777,8.0,5,108,0.4537037037037037,0.3214475079533404,0.8425925925925926,0.02066850514330595,0.49523809523809526,0.6476190476190476,0.9722222222222222
shuffled_domain_rank,7777,9.0,1,115,0.5043478260869565,0.3246750764525994,0.782608695652174,0.020049769740344135,0.5217391304347826,0.7565217391304347,1.0
shuffled_domain_rank,7777,9.0,2,108,0.35185185185185186,0.22110745930154332,0.8240740740740741,0.04127614340907694,0.3888888888888889,0.5462962962962963,1.0
shuffled_domain_rank,7777,9.0,3,108,0.37037037037037035,0.27590408342904343,0.8240740740740741,0.029027945518741854,0.4166666666666667,0.5833333333333334,1.0
shuffled_domain_rank,7777,9.0,4,108,0.4351851851851852,0.31820454677597537,0.8796296296296297,0.026892429759511026,0.49074074074074076,0.6203703703703703,1.0
shuffled_domain_rank,7777,9.0,5,108,0.4351851851851852,0.2885796684990838,0.8611111111111112,0.0185712468340467,0.4807692307692308,0.6538461538461539,0.9629629629629629
shuffled_domain_rank,7777,10.0,1,115,0.45217391304347826,0.27893949548814484,0.7478260869565218,0.023248781652143065,0.46956521739130436,0.7217391304347827,1.0
shuffled_domain_rank,7777,10.0,2,108,0.4166666666666667,0.22008547008547008,0.8333333333333334,0.030496119371028245,0.4537037037037037,0.6111111111111112,1.0
shuffled_domain_rank,7777,10.0,3,108,0.3611111111111111,0.2580347270167899,0.8055555555555556,0.026933724724750554,0.4074074074074074,0.5555555555555556,1.0
shuffled_domain_rank,7777,10.0,4,108,0.3888888888888889,0.29609988776655444,0.8518518518518519,0.03386139865604184,0.45794392523364486,0.5794392523364486,0.9907407407407407
shuffled_domain_rank,7777,10.0,5,108,0.4166666666666667,0.2927216813086378,0.8703703703703703,0.020839063172816273,0.45714285714285713,0.6285714285714286,0.9722222222222222
shuffled_domain_rank,7777,11.0,1,115,0.4782608695652174,0.3014604034929238,0.7652173913043478,0.021332147503164138,0.4956521739130435,0.7478260869565218,1.0
shuffled_domain_rank,7777,11.0,2,108,0.3611111111111111,0.20416800028450513,0.8148148148148148,0.03611096480906081,0.39814814814814814,0.5555555555555556,1.0
shuffled_domain_rank,7777,11.0,3,108,0.37037037037037035,0.26578666500128606,0.8055555555555556,0.030481818565079827,0.40186915887850466,0.5514018691588785,0.9907407407407407
shuffled_domain_rank,7777,11.0,4,108,0.4444444444444444,0.34202171279470694,0.8518518518518519,0.015314412163089495,0.4953271028037383,0.6261682242990654,0.9907407407407407
shuffled_domain_rank,7777,11.0,5,108,0.4444444444444444,0.3073870573870574,0.8518518518518519,0.020814863687462746,0.4672897196261682,0.6355140186915887,0.9907407407407407
shuffled_domain_rank,7777,12.0,1,115,0.4782608695652174,0.3043055462410301,0.7478260869565218,0.020119260197114477,0.4956521739130435,0.7391304347826086,1.0
shuffled_domain_rank,7777,12.0,2,108,0.4351851851851852,0.24183570118529465,0.8148148148148148,0.027727831876442906,0.4722222222222222,0.6203703703703703,1.0
shuffled_domain_rank,7777,12.0,3,108,0.3888888888888889,0.2843803104320283,0.8148148148148148,0.029012124317151475,0.4205607476635514,0.5794392523364486,0.9907407407407407
shuffled_domain_rank,7777,12.0,4,108,0.4537037037037037,0.3293456874567226,0.8518518518518519,0.02603641080680727,0.5046728971962616,0.6448598130841121,0.9907407407407407
shuffled_domain_rank,7777,12.0,5,108,0.39814814814814814,0.26017822333611806,0.8518518518518519,0.02174521018963641,0.4326923076923077,0.6346153846153846,0.9629629629629629
shuffled_domain_rank,7777,13.0,1,115,0.4608695652173913,0.28163396406390506,0.7739130434782608,0.02214258674290836,0.4782608695652174,0.7391304347826086,1.0
shuffled_domain_rank,7777,13.0,2,108,0.3333333333333333,0.20316882632112196,0.8518518518518519,0.04118583287534197,0.37037037037037035,0.5277777777777778,1.0
shuffled_domain_rank,7777,13.0,3,108,0.37037037037037035,0.2737603518001324,0.8055555555555556,0.03224004994887133,0.411214953271028,0.5327102803738317,0.9907407407407407
shuffled_domain_rank,7777,13.0,4,108,0.4537037037037037,0.333672956362032,0.8425925925925926,0.019313492293545488,0.5092592592592593,0.6388888888888888,1.0
shuffled_domain_rank,7777,13.0,5,108,0.42592592592592593,0.2913961015024845,0.8611111111111112,0.01892605453767315,0.46601941747572817,0.6407766990291263,0.9537037037037037
shuffled_domain_rank,7777,14.0,1,115,0.46956521739130436,0.2958458458458459,0.7565217391304347,0.022137302988822022,0.48695652173913045,0.7391304347826086,1.0
shuffled_domain_rank,7777,14.0,2,108,0.4722222222222222,0.2634363686995266,0.7962962962962963,0.02508775916432115,0.5092592592592593,0.6388888888888888,1.0
shuffled_domain_rank,7777,14.0,3,108,0.39814814814814814,0.2911810411810412,0.8333333333333334,0.029114365410117433,0.4351851851851852,0.6111111111111112,1.0
shuffled_domain_rank,7777,14.0,4,108,0.5,0.3598279188801326,0.8333333333333334,0.020910612488255372,0.5607476635514018,0.6542056074766355,0.9907407407407407
shuffled_domain_rank,7777,14.0,5,108,0.4444444444444444,0.2983906525573192,0.8518518518518519,0.022508806614217385,0.46226415094339623,0.6320754716981132,0.9814814814814815
shuffled_domain_rank,7777,15.0,1,115,0.4956521739130435,0.3192709516238928,0.7739130434782608,0.02262843705092379,0.5130434782608696,0.7565217391304347,1.0
shuffled_domain_rank,7777,15.0,2,108,0.42592592592592593,0.24477025898078528,0.7962962962962963,0.030807184640148352,0.46296296296296297,0.6018518518518519,1.0
shuffled_domain_rank,7777,15.0,3,108,0.3888888888888889,0.28437274113024946,0.8240740740740741,0.0291734940583938,0.4205607476635514,0.5514018691588785,0.9907407407407407
shuffled_domain_rank,7777,15.0,4,108,0.4074074074074074,0.3087167730390237,0.8611111111111112,0.034760701771205924,0.45794392523364486,0.5700934579439252,0.9907407407407407
shuffled_domain_rank,7777,15.0,5,108,0.39814814814814814,0.2773436220475998,0.8518518518518519,0.01952837425965677,0.4326923076923077,0.6538461538461539,0.9629629629629629
shuffled_domain_rank,7777,16.0,1,115,0.4782608695652174,0.30059852392370634,0.7913043478260869,0.024102974736054956,0.4956521739130435,0.7304347826086957,1.0
shuffled_domain_rank,7777,16.0,2,108,0.46296296296296297,0.24996916812464856,0.8333333333333334,0.024111462594896414,0.5,0.6574074074074074,1.0
shuffled_domain_rank,7777,16.0,3,108,0.37037037037037035,0.2466755912539045,0.8055555555555556,0.029488135420443234,0.40186915887850466,0.5700934579439252,0.9907407407407407
shuffled_domain_rank,7777,16.0,4,108,0.46296296296296297,0.3394727939484972,0.8796296296296297,0.025209766938614844,0.514018691588785,0.6448598130841121,0.9907407407407407
shuffled_domain_rank,7777,16.0,5,108,0.39814814814814814,0.2809143829685104,0.8611111111111112,0.020594407028135253,0.4380952380952381,0.638095238095238,0.9722222222222222
shuffled_domain_rank,7777,17.0,1,115,0.4608695652173913,0.28087503374686434,0.7391304347826086,0.021387343106255053,0.4782608695652174,0.7217391304347827,1.0
shuffled_domain_rank,7777,17.0,2,108,0.4351851851851852,0.22701863354037266,0.8333333333333334,0.028158041226755887,0.4722222222222222,0.6296296296296297,1.0
shuffled_domain_rank,7777,17.0,3,108,0.3425925925925926,0.26098935448147753,0.7962962962962963,0.029633649132559087,0.37383177570093457,0.5607476635514018,0.9907407407407407
shuffled_domain_rank,7777,17.0,4,108,0.4351851851851852,0.317065851581218,0.8796296296296297,0.026660841190509734,0.48148148148148145,0.6296296296296297,1.0
shuffled_domain_rank,7777,17.0,5,108,0.4166666666666667,0.3090290775606776,0.8703703703703703,0.0189737100127537,0.4380952380952381,0.638095238095238,0.9722222222222222
shuffled_domain_rank,7777,18.0,1,115,0.4782608695652174,0.30103187042842217,0.7652173913043478,0.022506357830385713,0.4956521739130435,0.7391304347826086,1.0
shuffled_domain_rank,7777,18.0,2,108,0.4444444444444444,0.23437118437118434,0.8055555555555556,0.02692061974678628,0.4722222222222222,0.6296296296296297,1.0
shuffled_domain_rank,7777,18.0,3,108,0.39814814814814814,0.2992635658914729,0.8333333333333334,0.024655524456620774,0.42592592592592593,0.5925925925925926,1.0
shuffled_domain_rank,7777,18.0,4,108,0.48148148148148145,0.35904942231362913,0.8611111111111112,0.01749932441349908,0.514018691588785,0.6542056074766355,0.9907407407407407
shuffled_domain_rank,7777,18.0,5,108,0.42592592592592593,0.3084615504894142,0.8611111111111112,0.02077042573720869,0.46153846153846156,0.6346153846153846,0.9629629629629629
shuffled_domain_rank,7777,19.0,1,115,0.4782608695652174,0.2944388944388944,0.8,0.02132007901012733,0.4956521739130435,0.7391304347826086,1.0
shuffled_domain_rank,7777,19.0,2,108,0.3888888888888889,0.2281845888822633,0.8425925925925926,0.03356140120556897,0.42592592592592593,0.5740740740740741,1.0
shuffled_domain_rank,7777,19.0,3,108,0.3888888888888889,0.2823615059982341,0.8148148148148148,0.032154633707726206,0.42592592592592593,0.5648148148148148,1.0
shuffled_domain_rank,7777,19.0,4,108,0.4444444444444444,0.33189634439634436,0.8888888888888888,0.027349277838367214,0.4953271028037383,0.6074766355140186,0.9907407407407407
shuffled_domain_rank,7777,19.0,5,108,0.4444444444444444,0.3066977827813741,0.8796296296296297,0.016888779817671996,0.4857142857142857,0.6571428571428571,0.9722222222222222
shuffled_domain_rank,7777,20.0,1,115,0.4608695652173913,0.287746124842899,0.7739130434782608,0.023901470369542738,0.4782608695652174,0.7304347826086957,1.0
shuffled_domain_rank,7777,20.0,2,108,0.4166666666666667,0.22973357973357977,0.7962962962962963,0.03228786935061819,0.4537037037037037,0.6111111111111112,1.0
shuffled_domain_rank,7777,20.0,3,108,0.37037037037037035,0.2783721038636769,0.7962962962962963,0.03173962255195697,0.4074074074074074,0.5740740740740741,1.0
shuffled_domain_rank,7777,20.0,4,108,0.49074074074074076,0.36090564248458984,0.8703703703703703,0.024371025175024846,0.5514018691588785,0.6728971962616822,0.9907407407407407
shuffled_domain_rank,7777,20.0,5,108,0.4351851851851852,0.3114932229225889,0.8518518518518519,0.02157230891450854,0.4666666666666667,0.6571428571428571,0.9722222222222222
shuffled_domain_rank,7777,21.0,1,115,0.4782608695652174,0.3017250204750205,0.782608695652174,0.020576125622543566,0.4956521739130435,0.7478260869565218,1.0
shuffled_domain_rank,7777,21.0,2,108,0.4166666666666667,0.2282051282051282,0.7962962962962963,0.02845319849996122,0.4444444444444444,0.5833333333333334,1.0
shuffled_domain_rank,7777,21.0,3,108,0.3888888888888889,0.25426356589147286,0.8148148148148148,0.029026367686823457,0.4166666666666667,0.5648148148148148,1.0
shuffled_domain_rank,7777,21.0,4,108,0.48148148148148145,0.35456926685852236,0.8518518518518519,0.026005270115219723,0.5462962962962963,0.6481481481481481,1.0
shuffled_domain_rank,7777,21.0,5,108,0.4722222222222222,0.3313758764371224,0.8611111111111112,0.020119942488624594,0.5096153846153846,0.6538461538461539,0.9629629629629629
shuffled_domain_rank,7777,22.0,1,115,0.46956521739130436,0.283907735366501,0.7391304347826086,0.02255140069129802,0.48695652173913045,0.7304347826086957,1.0
shuffled_domain_rank,7777,22.0,2,108,0.39814814814814814,0.2451006777247912,0.8240740740740741,0.03289367488387683,0.42592592592592593,0.5740740740740741,1.0
shuffled_domain_rank,7777,22.0,3,108,0.37037037037037035,0.2761190334719746,0.8333333333333334,0.029441221687379348,0.411214953271028,0.5514018691588785,0.9907407407407407
shuffled_domain_rank,7777,22.0,4,108,0.48148148148148145,0.35662257495590827,0.8611111111111112,0.020388191581447244,0.5233644859813084,0.6635514018691588,0.9907407407407407
shuffled_domain_rank,7777,22.0,5,108,0.4166666666666667,0.28177966778948543,0.8703703703703703,0.02073096658938487,0.45714285714285713,0.638095238095238,0.9722222222222222
shuffled_domain_rank,7777,23.0,1,115,0.5043478260869565,0.32402012402012403,0.7391304347826086,0.02139145830795806,0.5217391304347826,0.7565217391304347,1.0
shuffled_domain_rank,7777,23.0,2,108,0.35185185185185186,0.20849551414768805,0.8333333333333334,0.03642153629520192,0.3888888888888889,0.5462962962962963,1.0
shuffled_domain_rank,7777,23.0,3,108,0.37962962962962965,0.2793300653594772,0.8240740740740741,0.025563381848365315,0.411214953271028,0.5514018691588785,0.9907407407407407
shuffled_domain_rank,7777,23.0,4,108,0.46296296296296297,0.3513075055941138,0.8425925925925926,0.022085978846635535,0.5046728971962616,0.6635514018691588,0.9907407407407407
shuffled_domain_rank,7777,23.0,5,108,0.4166666666666667,0.29425867645773235,0.8703703703703703,0.02133262785721901,0.4519230769230769,0.625,0.9629629629629629
shuffled_domain_rank,7777,24.0,1,115,0.4782608695652174,0.30574263627223125,0.7652173913043478,0.021645927633709577,0.4956521739130435,0.7478260869565218,1.0
shuffled_domain_rank,7777,24.0,2,108,0.42592592592592593,0.24425162296449424,0.8518518518518519,0.03416365256708812,0.4351851851851852,0.5925925925925926,1.0
shuffled_domain_rank,7777,24.0,3,108,0.37037037037037035,0.2302004964412139,0.8148148148148148,0.032626729910697455,0.4166666666666667,0.5833333333333334,1.0
shuffled_domain_rank,7777,24.0,4,108,0.4537037037037037,0.3374128540305011,0.8796296296296297,0.019818749101159404,0.4953271028037383,0.6261682242990654,0.9907407407407407
shuffled_domain_rank,7777,24.0,5,108,0.4074074074074074,0.29782157169701223,0.8703703703703703,0.018318882246543263,0.4423076923076923,0.6634615384615384,0.9629629629629629
shuffled_domain_rank,7777,25.0,1,115,0.46956521739130436,0.2969802555168409,0.7478260869565218,0.02301597874193397,0.48695652173913045,0.7391304347826086,1.0
shuffled_domain_rank,7777,25.0,2,108,0.37037037037037035,0.19607949805969604,0.7962962962962963,0.035688695151579936,0.39814814814814814,0.5648148148148148,1.0
shuffled_domain_rank,7777,25.0,3,108,0.3333333333333333,0.21699298342372153,0.7962962962962963,0.03135837664202399,0.37383177570093457,0.5327102803738317,0.9907407407407407
shuffled_domain_rank,7777,25.0,4,108,0.42592592592592593,0.31524447603905503,0.8796296296296297,0.033398811259993194,0.48148148148148145,0.5833333333333334,1.0
shuffled_domain_rank,7777,25.0,5,108,0.4444444444444444,0.29580096814139367,0.8611111111111112,0.022567227346588444,0.49038461538461536,0.625,0.9629629629629629
shuffled_domain_rank,7777,26.0,1,115,0.48695652173913045,0.3132191401928244,0.7565217391304347,0.022402129608058336,0.5043478260869565,0.7565217391304347,1.0
shuffled_domain_rank,7777,26.0,2,108,0.39814814814814814,0.23748358748358753,0.8148148148148148,0.03411224043414552,0.4351851851851852,0.5648148148148148,1.0
shuffled_domain_rank,7777,26.0,3,108,0.37962962962962965,0.2817620445096601,0.8333333333333334,0.0232536101509685,0.4074074074074074,0.5833333333333334,1.0
shuffled_domain_rank,7777,26.0,4,108,0.4722222222222222,0.34384854837685025,0.8611111111111112,0.02457303858601884,0.5233644859813084,0.6261682242990654,0.9907407407407407
shuffled_domain_rank,7777,26.0,5,108,0.4444444444444444,0.3199057256530012,0.8611111111111112,0.021034992022435854,0.46226415094339623,0.6509433962264151,0.9814814814814815
shuffled_domain_rank,7777,27.0,1,115,0.4956521739130435,0.3176098553594016,0.7565217391304347,0.022012495971542177,0.5130434782608696,0.7391304347826086,1.0
shuffled_domain_rank,7777,27.0,2,108,0.4166666666666667,0.23337623337623337,0.8055555555555556,0.030757980400841774,0.4444444444444444,0.6018518518518519,1.0
shuffled_domain_rank,7777,27.0,3,108,0.37962962962962965,0.2819320657555952,0.8148148148148148,0.026309529108416198,0.4074074074074074,0.5648148148148148,1.0
shuffled_domain_rank,7777,27.0,4,108,0.49074074074074076,0.3583781381485829,0.8703703703703703,0.0195261202074267,0.5370370370370371,0.6574074074074074,1.0
shuffled_domain_rank,7777,27.0,5,108,0.42592592592592593,0.30283863521190707,0.8611111111111112,0.017996380756004716,0.47619047619047616,0.6571428571428571,0.9722222222222222
shuffled_domain_rank,7777,28.0,1,115,0.4782608695652174,0.2933076029055842,0.7304347826086957,0.019779877994045163,0.4956521739130435,0.7565217391304347,1.0
shuffled_domain_rank,7777,28.0,2,108,0.42592592592592593,0.23420719254052588,0.7962962962962963,0.027931203260073742,0.46296296296296297,0.6296296296296297,1.0
shuffled_domain_rank,7777,28.0,3,108,0.39814814814814814,0.29183864642049834,0.8333333333333334,0.02353395273802479,0.42592592592592593,0.5833333333333334,1.0
shuffled_domain_rank,7777,28.0,4,108,0.48148148148148145,0.35347193437311203,0.8703703703703703,0.01867784265792118,0.5370370370370371,0.6666666666666666,1.0
shuffled_domain_rank,7777,28.0,5,108,0.4351851851851852,0.3090376775150242,0.8611111111111112,0.02054601641827458,0.46153846153846156,0.6346153846153846,0.9629629629629629
shuffled_domain_rank,7777,29.0,1,115,0.4434782608695652,0.265361881406024,0.7565217391304347,0.024271285505240915,0.4608695652173913,0.7391304347826086,1.0
shuffled_domain_rank,7777,29.0,2,108,0.4351851851851852,0.23695844385499557,0.8148148148148148,0.02939193818808765,0.48148148148148145,0.6296296296296297,1.0
shuffled_domain_rank,7777,29.0,3,108,0.37037037037037035,0.2724149068876414,0.8240740740740741,0.025000921792777665,0.39814814814814814,0.5555555555555556,1.0
shuffled_domain_rank,7777,29.0,4,108,0.4351851851851852,0.31765114917288834,0.8425925925925926,0.03079892980347965,0.5046728971962616,0.6261682242990654,0.9907407407407407
shuffled_domain_rank,7777,29.0,5,108,0.4351851851851852,0.3072829438939067,0.8703703703703703,0.022232412414288485,0.45714285714285713,0.638095238095238,0.9722222222222222
baseline_stats,2025,,1,115,0.4434782608695652,0.2823748295112126,0.782608695652174,0.02318749938758083,0.47368421052631576,0.6842105263157895,0.991304347826087
baseline_stats,2025,,2,108,0.4074074074074074,0.2768892419494829,0.8240740740740741,0.040330568186269886,0.4351851851851852,0.5370370370370371,1.0
baseline_stats,2025,,3,108,0.37962962962962965,0.2372496522035856,0.7870370370370371,0.02377086981968538,0.4351851851851852,0.5833333333333334,1.0
baseline_stats,2025,,4,108,0.42592592592592593,0.3145969798910229,0.8796296296296297,0.017260545915925917,0.49038461538461536,0.6730769230769231,0.9629629629629629
baseline_stats,2025,,5,108,0.3888888888888889,0.316281999202821,0.8333333333333334,0.019123065844974783,0.40186915887850466,0.6542056074766355,0.9907407407407407
real_domain_rank,2025,,1,115,0.4434782608695652,0.29459214649432036,0.7739130434782608,0.02534689037273495,0.47368421052631576,0.6842105263157895,0.991304347826087
real_domain_rank,2025,,2,108,0.5740740740740741,0.34726657194591737,0.8425925925925926,0.01698692271637158,0.6111111111111112,0.6944444444444444,1.0
real_domain_rank,2025,,3,108,0.4074074074074074,0.2553341682140749,0.8055555555555556,0.023512974541714075,0.4537037037037037,0.6018518518518519,1.0
real_domain_rank,2025,,4,108,0.4074074074074074,0.3077141984563274,0.8796296296296297,0.020070132190448713,0.4537037037037037,0.6574074074074074,1.0
real_domain_rank,2025,,5,108,0.37962962962962965,0.26911058218572287,0.8148148148148148,0.02031398836815085,0.3925233644859813,0.6448598130841121,0.9907407407407407
shuffled_domain_rank,2025,0.0,1,115,0.48695652173913045,0.34611684611684607,0.7913043478260869,0.01930806561212205,0.5175438596491229,0.7192982456140351,0.991304347826087
shuffled_domain_rank,2025,0.0,2,108,0.4537037037037037,0.2787891543021502,0.8148148148148148,0.02997068278002585,0.48148148148148145,0.5833333333333334,1.0
shuffled_domain_rank,2025,0.0,3,108,0.37037037037037035,0.22530430711610486,0.7870370370370371,0.025751648701903565,0.4166666666666667,0.5833333333333334,1.0
shuffled_domain_rank,2025,0.0,4,108,0.4074074074074074,0.307689701897019,0.8796296296296297,0.02047117696763415,0.45794392523364486,0.6448598130841121,0.9907407407407407
shuffled_domain_rank,2025,0.0,5,108,0.37962962962962965,0.2748670919723551,0.8148148148148148,0.022636527444534565,0.3925233644859813,0.6261682242990654,0.9907407407407407
shuffled_domain_rank,2025,1.0,1,115,0.46956521739130436,0.32347155768208397,0.808695652173913,0.021032026423731618,0.5087719298245614,0.7105263157894737,0.991304347826087
shuffled_domain_rank,2025,1.0,2,108,0.5092592592592593,0.309883642381401,0.8148148148148148,0.025352246808923205,0.5370370370370371,0.6296296296296297,1.0
shuffled_domain_rank,2025,1.0,3,108,0.37962962962962965,0.23300341699069163,0.8055555555555556,0.030145447121532613,0.4351851851851852,0.5833333333333334,1.0
shuffled_domain_rank,2025,1.0,4,108,0.4351851851851852,0.31886119513855343,0.8611111111111112,0.019441427471794507,0.5,0.6792452830188679,0.9814814814814815
shuffled_domain_rank,2025,1.0,5,108,0.37962962962962965,0.2686249014972419,0.8425925925925926,0.02132896110846063,0.4056603773584906,0.6226415094339622,0.9814814814814815
shuffled_domain_rank,2025,2.0,1,115,0.4434782608695652,0.3019626872910439,0.7652173913043478,0.019899819776398146,0.47368421052631576,0.6842105263157895,0.991304347826087
shuffled_domain_rank,2025,2.0,2,108,0.4444444444444444,0.2998317253515022,0.8148148148148148,0.03663922943721198,0.46296296296296297,0.5555555555555556,1.0
shuffled_domain_rank,2025,2.0,3,108,0.4074074074074074,0.25577692360561577,0.7870370370370371,0.02289164243884933,0.4444444444444444,0.5925925925925926,1.0
shuffled_domain_rank,2025,2.0,4,108,0.39814814814814814,0.28956890249639905,0.8703703703703703,0.019837794168749062,0.4444444444444444,0.6296296296296297,1.0
shuffled_domain_rank,2025,2.0,5,108,0.39814814814814814,0.286629822569514,0.8518518518518519,0.021332496253385007,0.41509433962264153,0.6415094339622641,0.9814814814814815
shuffled_domain_rank,2025,3.0,1,115,0.46956521739130436,0.3090504720406681,0.7913043478260869,0.023581027039733724,0.49122807017543857,0.6929824561403509,0.991304347826087
shuffled_domain_rank,2025,3.0,2,108,0.4537037037037037,0.2932806324110672,0.8055555555555556,0.03452393190570459,0.49074074074074076,0.5833333333333334,1.0
shuffled_domain_rank,2025,3.0,3,108,0.3611111111111111,0.22680326503414958,0.8055555555555556,0.025226592970955627,0.4166666666666667,0.5833333333333334,1.0
shuffled_domain_rank,2025,3.0,4,108,0.4074074074074074,0.2962185573879727,0.8796296296296297,0.01899482203047939,0.4537037037037037,0.6574074074074074,1.0
shuffled_domain_rank,2025,3.0,5,108,0.37037037037037035,0.2704708489848888,0.8148148148148148,0.021497563580520393,0.39622641509433965,0.6415094339622641,0.9814814814814815
shuffled_domain_rank,2025,4.0,1,115,0.4434782608695652,0.29797487312509446,0.782608695652174,0.0226610287974286,0.47368421052631576,0.6929824561403509,0.991304347826087
shuffled_domain_rank,2025,4.0,2,108,0.5277777777777778,0.3239630790270751,0.7962962962962963,0.021172381270578564,0.5648148148148148,0.6574074074074074,1.0
shuffled_domain_rank,2025,4.0,3,108,0.4074074074074074,0.2548502853735412,0.7777777777777778,0.028114396071215526,0.4537037037037037,0.6111111111111112,1.0
shuffled_domain_rank,2025,4.0,4,108,0.4166666666666667,0.3065241660099816,0.8703703703703703,0.020759416190162867,0.4857142857142857,0.6571428571428571,0.9722222222222222
shuffled_domain_rank,2025,4.0,5,108,0.37037037037037035,0.26649963032941754,0.8055555555555556,0.021271175793219663,0.38317757009345793,0.616822429906542,0.9907407407407407
shuffled_domain_rank,2025,5.0,1,115,0.40869565217391307,0.255269732725485,0.782608695652174,0.024239991591015173,0.4473684210526316,0.6666666666666666,0.991304347826087
shuffled_domain_rank,2025,5.0,2,108,0.5740740740740741,0.34910714285714284,0.8240740740740741,0.02047274951234176,0.6018518518518519,0.6851851851851852,1.0
shuffled_domain_rank,2025,5.0,3,108,0.39814814814814814,0.24790959795574852,0.8148148148148148,0.021502530689306156,0.4444444444444444,0.6111111111111112,1.0
shuffled_domain_rank,2025,5.0,4,108,0.42592592592592593,0.3030261951488447,0.8518518518518519,0.0235476632107625,0.49056603773584906,0.6415094339622641,0.9814814814814815
shuffled_domain_rank,2025,5.0,5,108,0.39814814814814814,0.2930249503767883,0.8611111111111112,0.022641408261435958,0.41509433962264153,0.6132075471698113,0.9814814814814815
shuffled_domain_rank,2025,6.0,1,115,0.43478260869565216,0.29589646464646463,0.7739130434782608,0.023484948601962447,0.4649122807017544,0.6754385964912281,0.991304347826087
shuffled_domain_rank,2025,6.0,2,108,0.5648148148148148,0.336554245778337,0.8425925925925926,0.018373975443008006,0.5925925925925926,0.6851851851851852,1.0
shuffled_domain_rank,2025,6.0,3,108,0.3888888888888889,0.24349612903829773,0.7777777777777778,0.023891587576860503,0.4444444444444444,0.5833333333333334,1.0
shuffled_domain_rank,2025,6.0,4,108,0.4166666666666667,0.30455198987807686,0.8611111111111112,0.02013328856188036,0.4811320754716981,0.6320754716981132,0.9814814814814815
shuffled_domain_rank,2025,6.0,5,108,0.37037037037037035,0.273573085365075,0.8055555555555556,0.019812073003105928,0.3925233644859813,0.6355140186915887,0.9907407407407407
shuffled_domain_rank,2025,7.0,1,115,0.4608695652173913,0.32201070534403864,0.7913043478260869,0.022742634670837415,0.4824561403508772,0.6929824561403509,0.991304347826087
shuffled_domain_rank,2025,7.0,2,108,0.48148148148148145,0.285737581132318,0.7962962962962963,0.02926226060163331,0.5092592592592593,0.5925925925925926,1.0
shuffled_domain_rank,2025,7.0,3,108,0.4074074074074074,0.26258257783400096,0.7685185185185185,0.025055173063773667,0.4444444444444444,0.5925925925925926,1.0
shuffled_domain_rank,2025,7.0,4,108,0.42592592592592593,0.30863698160694825,0.8703703703703703,0.0197742785037859,0.4766355140186916,0.6542056074766355,0.9907407407407407
shuffled_domain_rank,2025,7.0,5,108,0.37962962962962965,0.2780108823869912,0.8333333333333334,0.020088143891000068,0.4056603773584906,0.6037735849056604,0.9814814814814815
shuffled_domain_rank,2025,8.0,1,115,0.4608695652173913,0.3041184566919861,0.7565217391304347,0.021440879077384626,0.5,0.7105263157894737,0.991304347826087
shuffled_domain_rank,2025,8.0,2,108,0.4722222222222222,0.2927234299516908,0.8333333333333334,0.028680616232568613,0.5092592592592593,0.5925925925925926,1.0
shuffled_domain_rank,2025,8.0,3,108,0.37037037037037035,0.23316160160462382,0.7962962962962963,0.028382250900950597,0.4166666666666667,0.5833333333333334,1.0
shuffled_domain_rank,2025,8.0,4,108,0.42592592592592593,0.3197598932045937,0.8703703703703703,0.02349669325529653,0.49056603773584906,0.6698113207547169,0.9814814814814815
shuffled_domain_rank,2025,8.0,5,108,0.37037037037037035,0.27913660927165784,0.8055555555555556,0.018969696080991964,0.3925233644859813,0.6261682242990654,0.9907407407407407
shuffled_domain_rank,2025,9.0,1,115,0.4260869565217391,0.2632943893024538,0.8,0.023908898895434228,0.4649122807017544,0.6666666666666666,0.991304347826087
shuffled_domain_rank,2025,9.0,2,108,0.4074074074074074,0.2619090830524587,0.8425925925925926,0.03694066548862575,0.4444444444444444,0.5370370370370371,1.0
shuffled_domain_rank,2025,9.0,3,108,0.4166666666666667,0.2567779241692285,0.7777777777777778,0.02456215757749189,0.4537037037037037,0.5833333333333334,1.0
shuffled_domain_rank,2025,9.0,4,108,0.4166666666666667,0.31259820426487095,0.8703703703703703,0.019288975518655358,0.4672897196261682,0.6542056074766355,0.9907407407407407
shuffled_domain_rank,2025,9.0,5,108,0.39814814814814814,0.3093671199289177,0.8796296296296297,0.022485562831851654,0.411214953271028,0.616822429906542,0.9907407407407407
shuffled_domain_rank,2025,10.0,1,115,0.46956521739130436,0.32413632119514474,0.7739130434782608,0.021412088063112428,0.5087719298245614,0.7192982456140351,0.991304347826087
shuffled_domain_rank,2025,10.0,2,108,0.5,0.2986473217676225,0.8333333333333334,0.02457331736869746,0.5370370370370371,0.6388888888888888,1.0
shuffled_domain_rank,2025,10.0,3,108,0.39814814814814814,0.2547948741847926,0.8055555555555556,0.02432406639182079,0.4351851851851852,0.5833333333333334,1.0
shuffled_domain_rank,2025,10.0,4,108,0.39814814814814814,0.2963353342557186,0.8703703703703703,0.022430831093127223,0.4528301886792453,0.6320754716981132,0.9814814814814815
shuffled_domain_rank,2025,10.0,5,108,0.3888888888888889,0.27789987789987786,0.8333333333333334,0.022527770373158604,0.41509433962264153,0.6415094339622641,0.9814814814814815
shuffled_domain_rank,2025,11.0,1,115,0.4260869565217391,0.27285644165439565,0.7913043478260869,0.022710041763290476,0.45614035087719296,0.6842105263157895,0.991304347826087
shuffled_domain_rank,2025,11.0,2,108,0.48148148148148145,0.2945851022992259,0.8240740740740741,0.02856575033712041,0.5185185185185185,0.6111111111111112,1.0
shuffled_domain_rank,2025,11.0,3,108,0.35185185185185186,0.2218167992850141,0.8055555555555556,0.031644888968712835,0.3888888888888889,0.5277777777777778,1.0
shuffled_domain_rank,2025,11.0,4,108,0.37962962962962965,0.2790637860082304,0.8703703703703703,0.02081374690484584,0.44339622641509435,0.6226415094339622,0.9814814814814815
shuffled_domain_rank,2025,11.0,5,108,0.3888888888888889,0.2955242727688548,0.8148148148148148,0.021965542675571475,0.41509433962264153,0.6320754716981132,0.9814814814814815
shuffled_domain_rank,2025,12.0,1,115,0.45217391304347826,0.2961147239355204,0.7304347826086957,0.02398668224349919,0.4824561403508772,0.6929824561403509,0.991304347826087
shuffled_domain_rank,2025,12.0,2,108,0.5185185185185185,0.31586687306501543,0.8055555555555556,0.0254286484151204,0.5462962962962963,0.6296296296296297,1.0
shuffled_domain_rank,2025,12.0,3,108,0.3888888888888889,0.2413116673986239,0.7685185185185185,0.02928298708668561,0.4351851851851852,0.5925925925925926,1.0
shuffled_domain_rank,2025,12.0,4,108,0.4074074074074074,0.2914737721578487,0.8425925925925926,0.017535246887974223,0.4666666666666667,0.6571428571428571,0.9722222222222222
shuffled_domain_rank,2025,12.0,5,108,0.3611111111111111,0.25161812915935855,0.7962962962962963,0.024937878511157148,0.37383177570093457,0.6074766355140186,0.9907407407407407
shuffled_domain_rank,2025,13.0,1,115,0.4260869565217391,0.2631030596738561,0.782608695652174,0.024353233741916207,0.4649122807017544,0.6754385964912281,0.991304347826087
shuffled_domain_rank,2025,13.0,2,108,0.5185185185185185,0.3107205992315107,0.8240740740740741,0.022824906240610315,0.5462962962962963,0.6481481481481481,1.0
shuffled_domain_rank,2025,13.0,3,108,0.4166666666666667,0.2638308127756577,0.8055555555555556,0.02431358811649241,0.4444444444444444,0.6018518518518519,1.0
shuffled_domain_rank,2025,13.0,4,108,0.37962962962962965,0.28252020535033034,0.8796296296296297,0.02304445932995229,0.4519230769230769,0.625,0.9629629629629629
shuffled_domain_rank,2025,13.0,5,108,0.4166666666666667,0.30505605505605504,0.8333333333333334,0.021347425345768185,0.4392523364485981,0.6542056074766355,0.9907407407407407
shuffled_domain_rank,2025,14.0,1,115,0.43478260869565216,0.2736138484228467,0.7913043478260869,0.02435811189506103,0.4649122807017544,0.6754385964912281,0.991304347826087
shuffled_domain_rank,2025,14.0,2,108,0.5185185185185185,0.3179392011311417,0.8333333333333334,0.02586272080079877,0.5462962962962963,0.6296296296296297,1.0
shuffled_domain_rank,2025,14.0,3,108,0.3425925925925926,0.22109673220144288,0.8055555555555556,0.024538244438989748,0.3888888888888889,0.5740740740740741,1.0
shuffled_domain_rank,2025,14.0,4,108,0.4444444444444444,0.3171953209902985,0.8518518518518519,0.019033565844062794,0.5,0.6415094339622641,0.9814814814814815
shuffled_domain_rank,2025,14.0,5,108,0.39814814814814814,0.29323287681950294,0.8518518518518519,0.021050579413951605,0.411214953271028,0.6635514018691588,0.9907407407407407
shuffled_domain_rank,2025,15.0,1,115,0.4434782608695652,0.29997944372944374,0.7739130434782608,0.022081716361477585,0.4824561403508772,0.6842105263157895,0.991304347826087
shuffled_domain_rank,2025,15.0,2,108,0.5,0.3116507742432653,0.8333333333333334,0.028139421449921032,0.5277777777777778,0.6111111111111112,1.0
shuffled_domain_rank,2025,15.0,3,108,0.39814814814814814,0.25051495284362674,0.8240740740740741,0.023807116278590553,0.4444444444444444,0.6018518518518519,1.0
shuffled_domain_rank,2025,15.0,4,108,0.4722222222222222,0.34110676048878297,0.9074074074074074,0.018625805903569777,0.5233644859813084,0.6822429906542056,0.9907407407407407
shuffled_domain_rank,2025,15.0,5,108,0.39814814814814814,0.30067367621872626,0.8333333333333334,0.020955798723291914,0.42857142857142855,0.6095238095238096,0.9722222222222222
shuffled_domain_rank,2025,16.0,1,115,0.45217391304347826,0.29636904761904764,0.7391304347826086,0.02465985141342761,0.49122807017543857,0.6754385964912281,0.991304347826087
shuffled_domain_rank,2025,16.0,2,108,0.4722222222222222,0.3053161420894689,0.8148148148148148,0.030362842289010445,0.5,0.5925925925925926,1.0
shuffled_domain_rank,2025,16.0,3,108,0.37962962962962965,0.23842968625577318,0.7962962962962963,0.02903890597889704,0.4166666666666667,0.5833333333333334,1.0
shuffled_domain_rank,2025,16.0,4,108,0.37037037037037035,0.28203194039183604,0.8240740740740741,0.024510542372981406,0.4339622641509434,0.6037735849056604,0.9814814814814815
shuffled_domain_rank,2025,16.0,5,108,0.37962962962962965,0.28196560921019126,0.8148148148148148,0.023556564382128598,0.39622641509433965,0.6226415094339622,0.9814814814814815
shuffled_domain_rank,2025,17.0,1,115,0.4434782608695652,0.28245880463622397,0.782608695652174,0.022195691450061898,0.4824561403508772,0.7017543859649122,0.991304347826087
shuffled_domain_rank,2025,17.0,2,108,0.4444444444444444,0.28286288874524174,0.8240740740740741,0.03250150265093026,0.4722222222222222,0.5648148148148148,1.0
shuffled_domain_rank,2025,17.0,3,108,0.37962962962962965,0.23409961685823752,0.7870370370370371,0.029334738819386103,0.4074074074074074,0.5648148148148148,1.0
shuffled_domain_rank,2025,17.0,4,108,0.39814814814814814,0.28139730639730637,0.8888888888888888,0.020584007558753118,0.4537037037037037,0.6481481481481481,1.0
shuffled_domain_rank,2025,17.0,5,108,0.3888888888888889,0.28339251502111484,0.8240740740740741,0.021717625959861018,0.40186915887850466,0.5981308411214953,0.9907407407407407
shuffled_domain_rank,2025,18.0,1,115,0.46956521739130436,0.31083271866740425,0.7913043478260869,0.02314413617118612,0.5,0.7105263157894737,0.991304347826087
shuffled_domain_rank,2025,18.0,2,108,0.5185185185185185,0.31531879813446184,0.8148148148148148,0.02469585702350223,0.5555555555555556,0.6481481481481481,1.0
shuffled_domain_rank,2025,18.0,3,108,0.4074074074074074,0.2522400486239984,0.7962962962962963,0.023382997619955437,0.46296296296296297,0.6018518518518519,1.0
shuffled_domain_rank,2025,18.0,4,108,0.4074074074074074,0.30422107251375546,0.8425925925925926,0.02203359856673752,0.46226415094339623,0.6320754716981132,0.9814814814814815
shuffled_domain_rank,2025,18.0,5,108,0.39814814814814814,0.2881295914592252,0.8055555555555556,0.021173037502352093,0.4166666666666667,0.6388888888888888,1.0
shuffled_domain_rank,2025,19.0,1,115,0.4608695652173913,0.3150947015632924,0.8173913043478261,0.021814585330640478,0.49122807017543857,0.7105263157894737,0.991304347826087
shuffled_domain_rank,2025,19.0,2,108,0.5370370370370371,0.3287962173474924,0.8055555555555556,0.02317918104302736,0.5648148148148148,0.6574074074074074,1.0
shuffled_domain_rank,2025,19.0,3,108,0.37962962962962965,0.23325286511827825,0.7870370370370371,0.025383957844821697,0.42592592592592593,0.5740740740740741,1.0
shuffled_domain_rank,2025,19.0,4,108,0.42592592592592593,0.30458615458615457,0.8703703703703703,0.017377372979756184,0.4766355140186916,0.6728971962616822,0.9907407407407407
shuffled_domain_rank,2025,19.0,5,108,0.3611111111111111,0.2663548124349518,0.8148148148148148,0.02193954576043007,0.37735849056603776,0.6226415094339622,0.9814814814814815
shuffled_domain_rank,2025,20.0,1,115,0.43478260869565216,0.292196608373079,0.7913043478260869,0.022596058486852474,0.47368421052631576,0.6929824561403509,0.991304347826087
shuffled_domain_rank,2025,20.0,2,108,0.49074074074074076,0.31401370022059677,0.8333333333333334,0.029962869349816873,0.5092592592592593,0.6018518518518519,1.0
shuffled_domain_rank,2025,20.0,3,108,0.42592592592592593,0.27037526427061315,0.7962962962962963,0.02310086615424002,0.46296296296296297,0.6111111111111112,1.0
shuffled_domain_rank,2025,20.0,4,108,0.4166666666666667,0.3082958313220346,0.8703703703703703,0.02085791412798606,0.4672897196261682,0.6542056074766355,0.9907407407407407
shuffled_domain_rank,2025,20.0,5,108,0.37037037037037035,0.2815563937392174,0.8425925925925926,0.022802419472543724,0.3904761904761905,0.638095238095238,0.9722222222222222
shuffled_domain_rank,2025,21.0,1,115,0.45217391304347826,0.29392460642460644,0.7652173913043478,0.02440952792455426,0.4824561403508772,0.6842105263157895,0.991304347826087
shuffled_domain_rank,2025,21.0,2,108,0.5092592592592593,0.3039136302294197,0.8240740740740741,0.025526179399809175,0.5370370370370371,0.6388888888888888,1.0
shuffled_domain_rank,2025,21.0,3,108,0.3888888888888889,0.24395951929158757,0.7685185185185185,0.024543996114233635,0.42592592592592593,0.5740740740740741,1.0
shuffled_domain_rank,2025,21.0,4,108,0.4166666666666667,0.3097903906356336,0.8518518518518519,0.020957606875130205,0.4766355140186916,0.6542056074766355,0.9907407407407407
shuffled_domain_rank,2025,21.0,5,108,0.37962962962962965,0.2863680566233913,0.7962962962962963,0.01950322117591734,0.4056603773584906,0.660377358490566,0.9814814814814815
shuffled_domain_rank,2025,22.0,1,115,0.45217391304347826,0.30380768469003766,0.782608695652174,0.02239644191325683,0.49122807017543857,0.7192982456140351,0.991304347826087
shuffled_domain_rank,2025,22.0,2,108,0.5555555555555556,0.33864692218350756,0.8333333333333334,0.019803110885981693,0.5833333333333334,0.6851851851851852,1.0
shuffled_domain_rank,2025,22.0,3,108,0.3888888888888889,0.2443853427895981,0.7685185185185185,0.024750848105038227,0.4351851851851852,0.5925925925925926,1.0
shuffled_domain_rank,2025,22.0,4,108,0.4074074074074074,0.29784785798814495,0.8888888888888888,0.02227935626871118,0.45794392523364486,0.616822429906542,0.9907407407407407
shuffled_domain_rank,2025,22.0,5,108,0.4074074074074074,0.3002090080814869,0.8425925925925926,0.021158821937966893,0.42990654205607476,0.6542056074766355,0.9907407407407407
shuffled_domain_rank,2025,23.0,1,115,0.4434782608695652,0.28426704014939314,0.7739130434782608,0.024545796102756975,0.47368421052631576,0.6666666666666666,0.991304347826087
shuffled_domain_rank,2025,23.0,2,108,0.4444444444444444,0.28411540150670583,0.7962962962962963,0.035118348487251615,0.48148148148148145,0.5740740740740741,1.0
shuffled_domain_rank,2025,23.0,3,108,0.32407407407407407,0.2089798377205174,0.8055555555555556,0.025513394701344266,0.3611111111111111,0.5555555555555556,1.0
shuffled_domain_rank,2025,23.0,4,108,0.3888888888888889,0.28439404898553916,0.8888888888888888,0.02106195329328684,0.4485981308411215,0.6355140186915887,0.9907407407407407
shuffled_domain_rank,2025,23.0,5,108,0.3425925925925926,0.25568392237594917,0.8240740740740741,0.022607042906883566,0.36792452830188677,0.5754716981132075,0.9814814814814815
shuffled_domain_rank,2025,24.0,1,115,0.4434782608695652,0.2902934016139024,0.7565217391304347,0.023435893848810035,0.47368421052631576,0.7017543859649122,0.991304347826087
shuffled_domain_rank,2025,24.0,2,108,0.5277777777777778,0.3165614474645744,0.8240740740740741,0.023855899505768836,0.5462962962962963,0.6388888888888888,1.0
shuffled_domain_rank,2025,24.0,3,108,0.3888888888888889,0.2474480068852066,0.7592592592592593,0.0235920220852591,0.4351851851851852,0.6111111111111112,1.0
shuffled_domain_rank,2025,24.0,4,108,0.4166666666666667,0.3098081609904944,0.8425925925925926,0.018808985738548174,0.4716981132075472,0.660377358490566,0.9814814814814815
shuffled_domain_rank,2025,24.0,5,108,0.3611111111111111,0.27599997091522516,0.8333333333333334,0.022147270598816098,0.3867924528301887,0.6132075471698113,0.9814814814814815
shuffled_domain_rank,2025,25.0,1,115,0.43478260869565216,0.28069433069433064,0.7652173913043478,0.025561876179515386,0.4649122807017544,0.6666666666666666,0.991304347826087
shuffled_domain_rank,2025,25.0,2,108,0.5092592592592593,0.3131514352892541,0.8148148148148148,0.024454421084606267,0.5277777777777778,0.6296296296296297,1.0
shuffled_domain_rank,2025,25.0,3,108,0.39814814814814814,0.23913537274896227,0.8148148148148148,0.021324300767190094,0.4444444444444444,0.6111111111111112,1.0
shuffled_domain_rank,2025,25.0,4,108,0.4074074074074074,0.3076347627658658,0.8611111111111112,0.019418885689695103,0.47619047619047616,0.6571428571428571,0.9722222222222222
shuffled_domain_rank,2025,25.0,5,108,0.3611111111111111,0.2605182953684619,0.8611111111111112,0.02101099508416355,0.38317757009345793,0.6261682242990654,0.9907407407407407
shuffled_domain_rank,2025,26.0,1,115,0.48695652173913045,0.3317793317793318,0.782608695652174,0.02107396206937688,0.5175438596491229,0.7017543859649122,0.991304347826087
shuffled_domain_rank,2025,26.0,2,108,0.5092592592592593,0.30625110756689705,0.8333333333333334,0.024420626965574403,0.5462962962962963,0.6388888888888888,1.0
shuffled_domain_rank,2025,26.0,3,108,0.37962962962962965,0.24121388069510094,0.7777777777777778,0.024388900621698576,0.42592592592592593,0.5833333333333334,1.0
shuffled_domain_rank,2025,26.0,4,108,0.4166666666666667,0.30474245253657023,0.8796296296296297,0.02960588307240553,0.45794392523364486,0.616822429906542,0.9907407407407407
shuffled_domain_rank,2025,26.0,5,108,0.35185185185185186,0.2592999592999593,0.8240740740740741,0.02309068111818736,0.38095238095238093,0.6190476190476191,0.9722222222222222
shuffled_domain_rank,2025,27.0,1,115,0.45217391304347826,0.3066415927812362,0.782608695652174,0.02445198528745678,0.49122807017543857,0.7017543859649122,0.991304347826087
shuffled_domain_rank,2025,27.0,2,108,0.49074074074074076,0.3090650753054845,0.7962962962962963,0.028826603376519367,0.5185185185185185,0.6203703703703703,1.0
shuffled_domain_rank,2025,27.0,3,108,0.3888888888888889,0.2436868686868687,0.7870370370370371,0.02390178998472635,0.4351851851851852,0.5925925925925926,1.0
shuffled_domain_rank,2025,27.0,4,108,0.4074074074074074,0.2991541761703052,0.8703703703703703,0.019890636340619272,0.4716981132075472,0.6509433962264151,0.9814814814814815
shuffled_domain_rank,2025,27.0,5,108,0.37962962962962965,0.27490402842833583,0.8240740740740741,0.016987173586990586,0.4056603773584906,0.6415094339622641,0.9814814814814815
shuffled_domain_rank,2025,28.0,1,115,0.40869565217391307,0.2575299490818012,0.782608695652174,0.02549890753897142,0.4473684210526316,0.6754385964912281,0.991304347826087
shuffled_domain_rank,2025,28.0,2,108,0.4444444444444444,0.28786058583611424,0.8240740740740741,0.036430652746957996,0.46296296296296297,0.5648148148148148,1.0
shuffled_domain_rank,2025,28.0,3,108,0.35185185185185186,0.22265455145217639,0.7777777777777778,0.02877807400902342,0.39814814814814814,0.5740740740740741,1.0
shuffled_domain_rank,2025,28.0,4,108,0.39814814814814814,0.3013976096773169,0.8611111111111112,0.018399574042224014,0.4528301886792453,0.660377358490566,0.9814814814814815
shuffled_domain_rank,2025,28.0,5,108,0.3611111111111111,0.26031746031746034,0.8611111111111112,0.020919787330870913,0.37962962962962965,0.6296296296296297,1.0
shuffled_domain_rank,2025,29.0,1,115,0.4260869565217391,0.2727455716586151,0.7565217391304347,0.02432045934285476,0.45614035087719296,0.6929824561403509,0.991304347826087
shuffled_domain_rank,2025,29.0,2,108,0.5462962962962963,0.329974923052398,0.8148148148148148,0.01918247024464001,0.5740740740740741,0.6666666666666666,1.0
shuffled_domain_rank,2025,29.0,3,108,0.37962962962962965,0.23818646232439336,0.7870370370370371,0.024445604849239085,0.4166666666666667,0.5925925925925926,1.0
shuffled_domain_rank,2025,29.0,4,108,0.4166666666666667,0.30072348085216644,0.8888888888888888,0.018226645469116304,0.4722222222222222,0.6388888888888888,1.0
shuffled_domain_rank,2025,29.0,5,108,0.35185185185185186,0.22473414071420383,0.8333333333333334,0.02335383580792046,0.37735849056603776,0.6320754716981132,0.9814814814814815
baseline_stats,1,,1,115,0.43478260869565216,0.282924340966643,0.782608695652174,0.024575959703190785,0.4473684210526316,0.6754385964912281,0.991304347826087
baseline_stats,1,,2,108,0.35185185185185186,0.23822029822029822,0.7870370370370371,0.0429576968149874,0.3644859813084112,0.5327102803738317,0.9907407407407407
baseline_stats,1,,3,108,0.4166666666666667,0.3313281432974528,0.8611111111111112,0.020364930809227553,0.4537037037037037,0.6018518518518519,1.0
baseline_stats,1,,4,108,0.2962962962962963,0.22058601171641481,0.8055555555555556,0.02342210829571434,0.3619047619047619,0.5333333333333333,0.9722222222222222
baseline_stats,1,,5,108,0.4074074074074074,0.24767888084174472,0.8240740740740741,0.021594551653544562,0.4803921568627451,0.6176470588235294,0.9444444444444444
real_domain_rank,1,,1,115,0.43478260869565216,0.27798130480752986,0.782608695652174,0.02479902653516596,0.45614035087719296,0.6929824561403509,0.991304347826087
real_domain_rank,1,,2,108,0.37962962962962965,0.24716922805158095,0.7685185185185185,0.0440628087669499,0.3925233644859813,0.5700934579439252,0.9907407407407407
real_domain_rank,1,,3,108,0.39814814814814814,0.3194626931039975,0.7962962962962963,0.0213751274657017,0.4444444444444444,0.5833333333333334,1.0
real_domain_rank,1,,4,108,0.37037037037037035,0.27382776865535485,0.8518518518518519,0.022070983244888563,0.42592592592592593,0.5555555555555556,1.0
real_domain_rank,1,,5,108,0.35185185185185186,0.20287862119545289,0.8611111111111112,0.02346157905584538,0.4411764705882353,0.6176470588235294,0.9444444444444444
shuffled_domain_rank,1,0.0,1,115,0.4260869565217391,0.2752211717161808,0.7739130434782608,0.02531168618015355,0.43859649122807015,0.6666666666666666,0.991304347826087
shuffled_domain_rank,1,0.0,2,108,0.35185185185185186,0.25556976413753907,0.8240740740740741,0.03736425709774671,0.35514018691588783,0.5514018691588785,0.9907407407407407
shuffled_domain_rank,1,0.0,3,108,0.3888888888888889,0.3108650608650609,0.8333333333333334,0.022090641140832014,0.4351851851851852,0.5833333333333334,1.0
shuffled_domain_rank,1,0.0,4,108,0.37037037037037035,0.2744783349038668,0.8518518518518519,0.020865669722707727,0.4205607476635514,0.5700934579439252,0.9907407407407407
shuffled_domain_rank,1,0.0,5,108,0.4074074074074074,0.2475698289651778,0.8333333333333334,0.020291919710586685,0.4854368932038835,0.6310679611650486,0.9537037037037037
shuffled_domain_rank,1,1.0,1,115,0.41739130434782606,0.26403253952841993,0.7565217391304347,0.026910747081756736,0.43859649122807015,0.6666666666666666,0.991304347826087
shuffled_domain_rank,1,1.0,2,108,0.3148148148148148,0.2150913797383879,0.7592592592592593,0.0475998597827136,0.32710280373831774,0.5046728971962616,0.9907407407407407
shuffled_domain_rank,1,1.0,3,108,0.4537037037037037,0.3485217673814165,0.8240740740740741,0.01933715633989177,0.49074074074074076,0.6481481481481481,1.0
shuffled_domain_rank,1,1.0,4,108,0.35185185185185186,0.24769988465640638,0.8425925925925926,0.022161600804365238,0.4056603773584906,0.5471698113207547,0.9814814814814815
shuffled_domain_rank,1,1.0,5,108,0.4166666666666667,0.25410406460401874,0.8518518518518519,0.020948254905385662,0.49038461538461536,0.6442307692307693,0.9629629629629629
shuffled_domain_rank,1,2.0,1,115,0.4260869565217391,0.27149799051096113,0.782608695652174,0.02564508590637005,0.43859649122807015,0.6754385964912281,0.991304347826087
shuffled_domain_rank,1,2.0,2,108,0.3333333333333333,0.2343984962406015,0.7870370370370371,0.04581012721621518,0.35514018691588783,0.5420560747663551,0.9907407407407407
shuffled_domain_rank,1,2.0,3,108,0.4166666666666667,0.32772633958104513,0.8333333333333334,0.021875239334490284,0.4537037037037037,0.6018518518518519,1.0
shuffled_domain_rank,1,2.0,4,108,0.37037037037037035,0.26006142530965226,0.8518518518518519,0.019374166941027875,0.42452830188679247,0.5660377358490566,0.9814814814814815
shuffled_domain_rank,1,2.0,5,108,0.39814814814814814,0.24078680777320108,0.8425925925925926,0.02175961494788405,0.46601941747572817,0.6116504854368932,0.9537037037037037
shuffled_domain_rank,1,3.0,1,115,0.4434782608695652,0.2888126221459555,0.7739130434782608,0.025013391898366304,0.4649122807017544,0.6929824561403509,0.991304347826087
shuffled_domain_rank,1,3.0,2,108,0.3888888888888889,0.2541883024619597,0.7592592592592593,0.03797014882116305,0.40186915887850466,0.5794392523364486,0.9907407407407407
shuffled_domain_rank,1,3.0,3,108,0.3888888888888889,0.31509846957960164,0.8333333333333334,0.020103862520072294,0.4351851851851852,0.6111111111111112,1.0
shuffled_domain_rank,1,3.0,4,108,0.39814814814814814,0.28363997113997114,0.7962962962962963,0.01845628618189762,0.4444444444444444,0.6018518518518519,1.0
shuffled_domain_rank,1,3.0,5,108,0.42592592592592593,0.253935142734886,0.8148148148148148,0.019115736386587822,0.49514563106796117,0.6504854368932039,0.9537037037037037
shuffled_domain_rank,1,4.0,1,115,0.45217391304347826,0.29583333333333334,0.782608695652174,0.02569231520892815,0.47368421052631576,0.6842105263157895,0.991304347826087
shuffled_domain_rank,1,4.0,2,108,0.3055555555555556,0.21574221280103634,0.7777777777777778,0.04272486766551955,0.3177570093457944,0.514018691588785,0.9907407407407407
shuffled_domain_rank,1,4.0,3,108,0.3888888888888889,0.315398442553615,0.8240740740740741,0.02755665067908886,0.4351851851851852,0.6018518518518519,1.0
shuffled_domain_rank,1,4.0,4,108,0.3333333333333333,0.24055028305028303,0.8611111111111112,0.022442474740179588,0.37383177570093457,0.5420560747663551,0.9907407407407407
shuffled_domain_rank,1,4.0,5,108,0.4074074074074074,0.24980921855921853,0.8425925925925926,0.02087025797358856,0.4803921568627451,0.6372549019607843,0.9444444444444444
shuffled_domain_rank,1,5.0,1,115,0.4434782608695652,0.2911019631100767,0.7652173913043478,0.024450174078945962,0.45614035087719296,0.6842105263157895,0.991304347826087
shuffled_domain_rank,1,5.0,2,108,0.3333333333333333,0.2378093266292024,0.7777777777777778,0.04524823430183656,0.35514018691588783,0.5233644859813084,0.9907407407407407
shuffled_domain_rank,1,5.0,3,108,0.3888888888888889,0.29767133554927505,0.8333333333333334,0.019812811568251196,0.4351851851851852,0.5833333333333334,1.0
shuffled_domain_rank,1,5.0,4,108,0.37037037037037035,0.2790152918528204,0.8611111111111112,0.019301237795663825,0.4339622641509434,0.5943396226415094,0.9814814814814815
shuffled_domain_rank,1,5.0,5,108,0.4074074074074074,0.2521262891480446,0.8425925925925926,0.021269708783800478,0.47572815533980584,0.6310679611650486,0.9537037037037037
shuffled_domain_rank,1,6.0,1,115,0.4434782608695652,0.29152039638665483,0.7565217391304347,0.024122847573643663,0.45614035087719296,0.6929824561403509,0.991304347826087
shuffled_domain_rank,1,6.0,2,108,0.35185185185185186,0.23144433186986377,0.7777777777777778,0.04050429799071756,0.3644859813084112,0.5514018691588785,0.9907407407407407
shuffled_domain_rank,1,6.0,3,108,0.42592592592592593,0.326899081310846,0.8333333333333334,0.020174735370030113,0.4722222222222222,0.6018518518518519,1.0
shuffled_domain_rank,1,6.0,4,108,0.37962962962962965,0.25871391982503095,0.8796296296296297,0.021412208986777644,0.42592592592592593,0.5740740740740741,1.0
shuffled_domain_rank,1,6.0,5,108,0.3888888888888889,0.23127358313155524,0.8333333333333334,0.020748641511978277,0.46078431372549017,0.6274509803921569,0.9444444444444444
shuffled_domain_rank,1,7.0,1,115,0.43478260869565216,0.273015873015873,0.7478260869565218,0.026110322218280902,0.4473684210526316,0.6754385964912281,0.991304347826087
shuffled_domain_rank,1,7.0,2,108,0.3333333333333333,0.2596716149347728,0.7592592592592593,0.04415525513548751,0.35514018691588783,0.5233644859813084,0.9907407407407407
shuffled_domain_rank,1,7.0,3,108,0.3888888888888889,0.3081883367597653,0.8611111111111112,0.024299076864769828,0.4444444444444444,0.5925925925925926,1.0
shuffled_domain_rank,1,7.0,4,108,0.3425925925925926,0.2529312354312354,0.8703703703703703,0.020373636892923312,0.38317757009345793,0.5420560747663551,0.9907407407407407
shuffled_domain_rank,1,7.0,5,108,0.3888888888888889,0.23863833267488685,0.8425925925925926,0.02194418829253254,0.46601941747572817,0.6116504854368932,0.9537037037037037
shuffled_domain_rank,1,8.0,1,115,0.4434782608695652,0.2886616593540071,0.782608695652174,0.025377275234815557,0.45614035087719296,0.6842105263157895,0.991304347826087
shuffled_domain_rank,1,8.0,2,108,0.3888888888888889,0.25173169512975335,0.8240740740740741,0.036538894228818466,0.40186915887850466,0.5887850467289719,0.9907407407407407
shuffled_domain_rank,1,8.0,3,108,0.4166666666666667,0.3266955266955267,0.8333333333333334,0.020469854598502552,0.4537037037037037,0.5833333333333334,1.0
shuffled_domain_rank,1,8.0,4,108,0.35185185185185186,0.24933458976012166,0.8518518518518519,0.020806908969235156,0.39814814814814814,0.5462962962962963,1.0
shuffled_domain_rank,1,8.0,5,108,0.39814814814814814,0.25449294587461485,0.8425925925925926,0.022543652717097844,0.47058823529411764,0.6274509803921569,0.9444444444444444
shuffled_domain_rank,1,9.0,1,115,0.4434782608695652,0.2914796134877271,0.7913043478260869,0.02467428603630164,0.4649122807017544,0.6929824561403509,0.991304347826087
shuffled_domain_rank,1,9.0,2,108,0.35185185185185186,0.2328985507246377,0.7685185185185185,0.03922601784883993,0.37383177570093457,0.5607476635514018,0.9907407407407407
shuffled_domain_rank,1,9.0,3,108,0.4444444444444444,0.34239948206192933,0.8518518518518519,0.01947911151645194,0.49074074074074076,0.6296296296296297,1.0
shuffled_domain_rank,1,9.0,4,108,0.3425925925925926,0.2534060738316057,0.8888888888888888,0.019531819359115608,0.37735849056603776,0.5660377358490566,0.9814814814814815
shuffled_domain_rank,1,9.0,5,108,0.37962962962962965,0.23778728773102364,0.8333333333333334,0.02200857663865652,0.44660194174757284,0.6310679611650486,0.9537037037037037
shuffled_domain_rank,1,10.0,1,115,0.4260869565217391,0.27354312354312355,0.7652173913043478,0.02555448543482951,0.43859649122807015,0.6666666666666666,0.991304347826087
shuffled_domain_rank,1,10.0,2,108,0.2777777777777778,0.2013814500911275,0.7777777777777778,0.04601051209888976,0.2962962962962963,0.49074074074074076,1.0
shuffled_domain_rank,1,10.0,3,108,0.42592592592592593,0.33055555555555555,0.8148148148148148,0.02129684769760152,0.46296296296296297,0.6203703703703703,1.0
shuffled_domain_rank,1,10.0,4,108,0.3148148148148148,0.23220611916264092,0.8611111111111112,0.020407062799342676,0.37142857142857144,0.5428571428571428,0.9722222222222222
shuffled_domain_rank,1,10.0,5,108,0.3888888888888889,0.24246948771024915,0.8333333333333334,0.022745231331976264,0.46601941747572817,0.6213592233009708,0.9537037037037037
shuffled_domain_rank,1,11.0,1,115,0.4260869565217391,0.2740871569866885,0.7652173913043478,0.025586112548620234,0.43859649122807015,0.6754385964912281,0.991304347826087
shuffled_domain_rank,1,11.0,2,108,0.3055555555555556,0.20454059829059826,0.8055555555555556,0.044133896560200475,0.3055555555555556,0.5,1.0
shuffled_domain_rank,1,11.0,3,108,0.3888888888888889,0.31226674488298684,0.8425925925925926,0.022176997223483583,0.4444444444444444,0.5925925925925926,1.0
shuffled_domain_rank,1,11.0,4,108,0.3333333333333333,0.2437316582053424,0.8518518518518519,0.02139344545158362,0.38317757009345793,0.5327102803738317,0.9907407407407407
shuffled_domain_rank,1,11.0,5,108,0.37962962962962965,0.22294075024831972,0.8425925925925926,0.022213643538144093,0.43137254901960786,0.6176470588235294,0.9444444444444444
shuffled_domain_rank,1,12.0,1,115,0.4260869565217391,0.274980364838377,0.7739130434782608,0.025393043967462104,0.4473684210526316,0.6666666666666666,0.991304347826087
shuffled_domain_rank,1,12.0,2,108,0.3611111111111111,0.22904761904761906,0.7592592592592593,0.04089195638611297,0.3644859813084112,0.5607476635514018,0.9907407407407407
shuffled_domain_rank,1,12.0,3,108,0.3611111111111111,0.29275222688756525,0.8703703703703703,0.028758041897354675,0.39814814814814814,0.5555555555555556,1.0
shuffled_domain_rank,1,12.0,4,108,0.37037037037037035,0.25098302290504754,0.8796296296296297,0.020528026433483653,0.4205607476635514,0.5607476635514018,0.9907407407407407
shuffled_domain_rank,1,12.0,5,108,0.3888888888888889,0.23194444444444443,0.8611111111111112,0.01901164022235884,0.46153846153846156,0.6826923076923077,0.9629629629629629
shuffled_domain_rank,1,13.0,1,115,0.4260869565217391,0.27669574336241004,0.8,0.026357595449304966,0.4473684210526316,0.6666666666666666,0.991304347826087
shuffled_domain_rank,1,13.0,2,108,0.37037037037037035,0.24265869140105498,0.7962962962962963,0.0421192440796051,0.38317757009345793,0.5607476635514018,0.9907407407407407
shuffled_domain_rank,1,13.0,3,108,0.4166666666666667,0.3257112908056304,0.8425925925925926,0.01973969543553757,0.4722222222222222,0.6388888888888888,1.0
shuffled_domain_rank,1,13.0,4,108,0.3425925925925926,0.26167803738558454,0.8703703703703703,0.021198353110699317,0.3925233644859813,0.5514018691588785,0.9907407407407407
shuffled_domain_rank,1,13.0,5,108,0.4074074074074074,0.24905019385122082,0.8148148148148148,0.020614383822511448,0.46601941747572817,0.6407766990291263,0.9537037037037037
shuffled_domain_rank,1,14.0,1,115,0.41739130434782606,0.26435006435006436,0.7652173913043478,0.024980937385173426,0.43859649122807015,0.6842105263157895,0.991304347826087
shuffled_domain_rank,1,14.0,2,108,0.2777777777777778,0.1914026412128879,0.7777777777777778,0.046940638404460916,0.2897196261682243,0.4766355140186916,0.9907407407407407
shuffled_domain_rank,1,14.0,3,108,0.4166666666666667,0.3170050884841102,0.7962962962962963,0.027556678429442833,0.4722222222222222,0.6018518518518519,1.0
shuffled_domain_rank,1,14.0,4,108,0.35185185185185186,0.27809486505138675,0.8611111111111112,0.023063560908629037,0.39622641509433965,0.5471698113207547,0.9814814814814815
shuffled_domain_rank,1,14.0,5,108,0.42592592592592593,0.2648429786587681,0.8333333333333334,0.020909493408629982,0.49514563106796117,0.6504854368932039,0.9537037037037037
shuffled_domain_rank,1,15.0,1,115,0.4260869565217391,0.27046838948136004,0.7652173913043478,0.02482718272399567,0.4473684210526316,0.6929824561403509,0.991304347826087
shuffled_domain_rank,1,15.0,2,108,0.35185185185185186,0.2329788044073758,0.7407407407407407,0.04561542508952857,0.3644859813084112,0.5607476635514018,0.9907407407407407
shuffled_domain_rank,1,15.0,3,108,0.37962962962962965,0.3054108309990663,0.8333333333333334,0.021349721705609177,0.4351851851851852,0.6018518518518519,1.0
shuffled_domain_rank,1,15.0,4,108,0.32407407407407407,0.2465133597209069,0.8611111111111112,0.02276889022763907,0.38095238095238093,0.5333333333333333,0.9722222222222222
shuffled_domain_rank,1,15.0,5,108,0.39814814814814814,0.24126229461595314,0.8518518518518519,0.0205414457097474,0.47115384615384615,0.6346153846153846,0.9629629629629629
shuffled_domain_rank,1,16.0,1,115,0.4260869565217391,0.2820987654320988,0.7478260869565218,0.027172728465889126,0.4473684210526316,0.6666666666666666,0.991304347826087
shuffled_domain_rank,1,16.0,2,108,0.37962962962962965,0.2460921431509667,0.7870370370370371,0.04424114895716866,0.38317757009345793,0.5700934579439252,0.9907407407407407
shuffled_domain_rank,1,16.0,3,108,0.37962962962962965,0.3014278521353993,0.8240740740740741,0.02016439660024036,0.42592592592592593,0.5925925925925926,1.0
shuffled_domain_rank,1,16.0,4,108,0.39814814814814814,0.2813904148218003,0.8611111111111112,0.01634245925943634,0.4392523364485981,0.5981308411214953,0.9907407407407407
shuffled_domain_rank,1,16.0,5,108,0.42592592592592593,0.26315817751987963,0.8055555555555556,0.020933190235943144,0.49514563106796117,0.6407766990291263,0.9537037037037037
shuffled_domain_rank,1,17.0,1,115,0.4434782608695652,0.29186329186329185,0.7739130434782608,0.024387131649293913,0.45614035087719296,0.6929824561403509,0.991304347826087
shuffled_domain_rank,1,17.0,2,108,0.32407407407407407,0.22176317252218583,0.7685185185185185,0.03860426193596177,0.3364485981308411,0.5233644859813084,0.9907407407407407
shuffled_domain_rank,1,17.0,3,108,0.4074074074074074,0.3254978354978355,0.8240740740740741,0.021323155892505174,0.4537037037037037,0.5925925925925926,1.0
shuffled_domain_rank,1,17.0,4,108,0.3611111111111111,0.2527945910298851,0.9074074074074074,0.020347218325842232,0.4074074074074074,0.5462962962962963,1.0
shuffled_domain_rank,1,17.0,5,108,0.3888888888888889,0.23280084749156915,0.8425925925925926,0.02195245438670039,0.47115384615384615,0.6346153846153846,0.9629629629629629
shuffled_domain_rank,1,18.0,1,115,0.45217391304347826,0.294567354965585,0.7652173913043478,0.025366149367651254,0.47368421052631576,0.6929824561403509,0.991304347826087
shuffled_domain_rank,1,18.0,2,108,0.32407407407407407,0.21709961584430362,0.7870370370370371,0.046509579398639436,0.3364485981308411,0.5233644859813084,0.9907407407407407
shuffled_domain_rank,1,18.0,3,108,0.4074074074074074,0.3231117100928422,0.8240740740740741,0.019786322149861504,0.4537037037037037,0.6296296296296297,1.0
shuffled_domain_rank,1,18.0,4,108,0.3425925925925926,0.24876512876512877,0.8796296296296297,0.021685890288119205,0.37735849056603776,0.5377358490566038,0.9814814814814815
shuffled_domain_rank,1,18.0,5,108,0.35185185185185186,0.21502815772711456,0.7962962962962963,0.021010582447745466,0.45544554455445546,0.6336633663366337,0.9351851851851852
shuffled_domain_rank,1,19.0,1,115,0.43478260869565216,0.2847437220502236,0.7913043478260869,0.02576468489248475,0.45614035087719296,0.6929824561403509,0.991304347826087
shuffled_domain_rank,1,19.0,2,108,0.3333333333333333,0.24977264304659696,0.7777777777777778,0.04234915494258256,0.34579439252336447,0.514018691588785,0.9907407407407407
shuffled_domain_rank,1,19.0,3,108,0.4074074074074074,0.3219897049728982,0.8240740740740741,0.02978292310853237,0.4537037037037037,0.5648148148148148,1.0
shuffled_domain_rank,1,19.0,4,108,0.3611111111111111,0.2537763253449528,0.8611111111111112,0.022031192247473637,0.40186915887850466,0.5607476635514018,0.9907407407407407
shuffled_domain_rank,1,19.0,5,108,0.4074074074074074,0.24191618417424873,0.8611111111111112,0.019961559720635205,0.47572815533980584,0.6601941747572816,0.9537037037037037
shuffled_domain_rank,1,20.0,1,115,0.43478260869565216,0.28240594279822373,0.7565217391304347,0.02474396108830544,0.4473684210526316,0.6842105263157895,0.991304347826087
shuffled_domain_rank,1,20.0,2,108,0.35185185185185186,0.22732746818112673,0.7870370370370371,0.0457894441190474,0.35514018691588783,0.5514018691588785,0.9907407407407407
shuffled_domain_rank,1,20.0,3,108,0.4074074074074074,0.32244075369075365,0.8055555555555556,0.027663636859516196,0.4444444444444444,0.5925925925925926,1.0
shuffled_domain_rank,1,20.0,4,108,0.3611111111111111,0.2746891149698672,0.8518518518518519,0.022803273492224226,0.4074074074074074,0.5555555555555556,1.0
shuffled_domain_rank,1,20.0,5,108,0.37962962962962965,0.23574558798070563,0.8611111111111112,0.022834343273643854,0.4411764705882353,0.6176470588235294,0.9444444444444444
shuffled_domain_rank,1,21.0,1,115,0.41739130434782606,0.2571649019284335,0.7565217391304347,0.0251135110924908,0.4298245614035088,0.6842105263157895,0.991304347826087
shuffled_domain_rank,1,21.0,2,108,0.3611111111111111,0.2488922108487326,0.7685185185185185,0.04377500896851723,0.3644859813084112,0.5420560747663551,0.9907407407407407
shuffled_domain_rank,1,21.0,3,108,0.4166666666666667,0.3254242006880271,0.8333333333333334,0.022637540872759192,0.4537037037037037,0.6018518518518519,1.0
shuffled_domain_rank,1,21.0,4,108,0.3611111111111111,0.24609756097560975,0.8611111111111112,0.020229638006533258,0.411214953271028,0.5607476635514018,0.9907407407407407
shuffled_domain_rank,1,21.0,5,108,0.4074074074074074,0.24174048983845753,0.8703703703703703,0.018490964506143327,0.47572815533980584,0.6601941747572816,0.9537037037037037
shuffled_domain_rank,1,22.0,1,115,0.4260869565217391,0.2714043007620989,0.782608695652174,0.0269227533705066,0.43859649122807015,0.6578947368421053,0.991304347826087
shuffled_domain_rank,1,22.0,2,108,0.3055555555555556,0.22525175527395283,0.7870370370370371,0.04540304555033322,0.3177570093457944,0.4953271028037383,0.9907407407407407
shuffled_domain_rank,1,22.0,3,108,0.4351851851851852,0.34065444359562,0.8333333333333334,0.02071620728024231,0.49074074074074076,0.6203703703703703,1.0
shuffled_domain_rank,1,22.0,4,108,0.32407407407407407,0.24451184437133855,0.8518518518518519,0.020240389863422387,0.37735849056603776,0.5471698113207547,0.9814814814814815
shuffled_domain_rank,1,22.0,5,108,0.3888888888888889,0.22322401001769707,0.8240740740740741,0.020106471746439408,0.4563106796116505,0.6310679611650486,0.9537037037037037
shuffled_domain_rank,1,23.0,1,115,0.45217391304347826,0.30476190476190473,0.7739130434782608,0.02450966221478737,0.4649122807017544,0.7017543859649122,0.991304347826087
shuffled_domain_rank,1,23.0,2,108,0.3425925925925926,0.2417315686958544,0.7777777777777778,0.046928879707244776,0.34579439252336447,0.5046728971962616,0.9907407407407407
shuffled_domain_rank,1,23.0,3,108,0.3888888888888889,0.30957875457875456,0.8240740740740741,0.021476171810067536,0.42592592592592593,0.5833333333333334,1.0
shuffled_domain_rank,1,23.0,4,108,0.3425925925925926,0.229759710151867,0.8703703703703703,0.02033018024009206,0.38317757009345793,0.5420560747663551,0.9907407407407407
shuffled_domain_rank,1,23.0,5,108,0.39814814814814814,0.24537180580316767,0.8055555555555556,0.02089337810164468,0.47058823529411764,0.6470588235294118,0.9444444444444444
shuffled_domain_rank,1,24.0,1,115,0.43478260869565216,0.28219137184654425,0.7913043478260869,0.02464102475390891,0.4473684210526316,0.6929824561403509,0.991304347826087
shuffled_domain_rank,1,24.0,2,108,0.2777777777777778,0.20918769948217134,0.7870370370370371,0.049843146668297984,0.2897196261682243,0.4953271028037383,0.9907407407407407
shuffled_domain_rank,1,24.0,3,108,0.3888888888888889,0.29867966169866195,0.8055555555555556,0.02011694954694614,0.4444444444444444,0.5925925925925926,1.0
shuffled_domain_rank,1,24.0,4,108,0.4166666666666667,0.29806000254113457,0.7962962962962963,0.016824169235895674,0.45794392523364486,0.616822429906542,0.9907407407407407
shuffled_domain_rank,1,24.0,5,108,0.42592592592592593,0.2591673559415495,0.8148148148148148,0.02122092946226773,0.49038461538461536,0.6346153846153846,0.9629629629629629
shuffled_domain_rank,1,25.0,1,115,0.43478260869565216,0.2843677010343677,0.7652173913043478,0.025412645722314078,0.45614035087719296,0.6842105263157895,0.991304347826087
shuffled_domain_rank,1,25.0,2,108,0.2777777777777778,0.20570576768719184,0.7592592592592593,0.045069706014894635,0.29906542056074764,0.514018691588785,0.9907407407407407
shuffled_domain_rank,1,25.0,3,108,0.39814814814814814,0.31161420883643104,0.8518518518518519,0.02396639978740939,0.4537037037037037,0.6111111111111112,1.0
shuffled_domain_rank,1,25.0,4,108,0.3425925925925926,0.24826946806953462,0.8518518518518519,0.022488702221318085,0.3888888888888889,0.5648148148148148,1.0
shuffled_domain_rank,1,25.0,5,108,0.4166666666666667,0.2523297491039426,0.8611111111111112,0.021889754045858953,0.49038461538461536,0.6153846153846154,0.9629629629629629
shuffled_domain_rank,1,26.0,1,115,0.4608695652173913,0.304750233426704,0.8,0.026174727505713494,0.4824561403508772,0.6929824561403509,0.991304347826087
shuffled_domain_rank,1,26.0,2,108,0.3425925925925926,0.24030830280830276,0.7777777777777778,0.04037347208384231,0.3425925925925926,0.5277777777777778,1.0
shuffled_domain_rank,1,26.0,3,108,0.42592592592592593,0.33771140915440284,0.8611111111111112,0.021324511207327604,0.4722222222222222,0.6111111111111112,1.0
shuffled_domain_rank,1,26.0,4,108,0.3611111111111111,0.2651238519196198,0.8703703703703703,0.02001660984926932,0.4095238095238095,0.5619047619047619,0.9722222222222222
shuffled_domain_rank,1,26.0,5,108,0.39814814814814814,0.25348762010347375,0.8148148148148148,0.023409657366560758,0.46601941747572817,0.6116504854368932,0.9537037037037037
shuffled_domain_rank,1,27.0,1,115,0.43478260869565216,0.28378328540600345,0.7913043478260869,0.0249429783117105,0.4473684210526316,0.6666666666666666,0.991304347826087
shuffled_domain_rank,1,27.0,2,108,0.3148148148148148,0.23042755991285405,0.7685185185185185,0.046429223192675416,0.32407407407407407,0.49074074074074076,1.0
shuffled_domain_rank,1,27.0,3,108,0.35185185185185186,0.2933265360356207,0.8333333333333334,0.02231759561889401,0.37962962962962965,0.5648148148148148,1.0
shuffled_domain_rank,1,27.0,4,108,0.37962962962962965,0.28140729194219083,0.8611111111111112,0.02156711714417154,0.4351851851851852,0.6018518518518519,1.0
shuffled_domain_rank,1,27.0,5,108,0.4074074074074074,0.25507518796992473,0.8611111111111112,0.02140464435805132,0.46601941747572817,0.6116504854368932,0.9537037037037037
shuffled_domain_rank,1,28.0,1,115,0.43478260869565216,0.28470375137041803,0.808695652173913,0.02508131050622008,0.4473684210526316,0.6929824561403509,0.991304347826087
shuffled_domain_rank,1,28.0,2,108,0.2777777777777778,0.20029502477367425,0.7870370370370371,0.04654283871742288,0.2897196261682243,0.48598130841121495,0.9907407407407407
shuffled_domain_rank,1,28.0,3,108,0.4166666666666667,0.32821916645446053,0.8055555555555556,0.026782842037967443,0.46296296296296297,0.5925925925925926,1.0
shuffled_domain_rank,1,28.0,4,108,0.3425925925925926,0.24369790851718562,0.8796296296296297,0.01913315467468065,0.38317757009345793,0.5607476635514018,0.9907407407407407
shuffled_domain_rank,1,28.0,5,108,0.37962962962962965,0.2308749418203412,0.8055555555555556,0.021765628086344142,0.46078431372549017,0.6470588235294118,0.9444444444444444
shuffled_domain_rank,1,29.0,1,115,0.4260869565217391,0.27330199443682,0.7739130434782608,0.026297720538838047,0.43859649122807015,0.6842105263157895,0.991304347826087
shuffled_domain_rank,1,29.0,2,108,0.32407407407407407,0.21526492420109444,0.7592592592592593,0.047757830075974964,0.3364485981308411,0.5327102803738317,0.9907407407407407
shuffled_domain_rank,1,29.0,3,108,0.3888888888888889,0.31807816366639896,0.8055555555555556,0.021283540299551155,0.42592592592592593,0.6018518518518519,1.0
shuffled_domain_rank,1,29.0,4,108,0.32407407407407407,0.2396348163689297,0.8703703703703703,0.021476942866854278,0.37735849056603776,0.5471698113207547,0.9814814814814815
shuffled_domain_rank,1,29.0,5,108,0.4166666666666667,0.257649894471295,0.8240740740740741,0.01959042894344909,0.49038461538461536,0.6442307692307693,0.9629629629629629
baseline_stats,13,,1,115,0.43478260869565216,0.29495020230314345,0.7913043478260869,0.02700196438969198,0.4649122807017544,0.6842105263157895,0.991304347826087
baseline_stats,13,,2,108,0.4444444444444444,0.330825913021035,0.8333333333333334,0.03424810641993129,0.4537037037037037,0.5925925925925926,1.0
baseline_stats,13,,3,108,0.3888888888888889,0.2684576945664577,0.7777777777777778,0.02439381527375937,0.4392523364485981,0.5794392523364486,0.9907407407407407
baseline_stats,13,,4,108,0.4444444444444444,0.3188823254040645,0.8888888888888888,0.025299411248350886,0.4857142857142857,0.5904761904761905,0.9722222222222222
baseline_stats,13,,5,108,0.3055555555555556,0.1820042831947594,0.7870370370370371,0.021500004475753825,0.3557692307692308,0.5576923076923077,0.9629629629629629
real_domain_rank,13,,1,115,0.45217391304347826,0.30599747474747474,0.7739130434782608,0.026244576769244146,0.4824561403508772,0.7017543859649122,0.991304347826087
real_domain_rank,13,,2,108,0.4722222222222222,0.33232164660736085,0.8518518518518519,0.029011982168688215,0.48148148148148145,0.6111111111111112,1.0
real_domain_rank,13,,3,108,0.37962962962962965,0.2602432518680419,0.7962962962962963,0.025376078972250003,0.4444444444444444,0.5740740740740741,1.0
real_domain_rank,13,,4,108,0.4444444444444444,0.32756111036886115,0.8981481481481481,0.027020224602478913,0.48598130841121495,0.5981308411214953,0.9907407407407407
real_domain_rank,13,,5,108,0.32407407407407407,0.1806229341469616,0.7314814814814815,0.024057851623022458,0.38095238095238093,0.580952380952381,0.9722222222222222
shuffled_domain_rank,13,0.0,1,115,0.4434782608695652,0.2974025974025974,0.808695652173913,0.027179589678098456,0.47368421052631576,0.6929824561403509,0.991304347826087
shuffled_domain_rank,13,0.0,2,108,0.39814814814814814,0.2991797083285235,0.8240740740740741,0.03496116011738624,0.411214953271028,0.5607476635514018,0.9907407407407407
shuffled_domain_rank,13,0.0,3,108,0.42592592592592593,0.2873317022880795,0.7777777777777778,0.021376972367913378,0.49074074074074076,0.6296296296296297,1.0
shuffled_domain_rank,13,0.0,4,108,0.42592592592592593,0.3062519863477456,0.8611111111111112,0.023422701118221242,0.47619047619047616,0.638095238095238,0.9722222222222222
shuffled_domain_rank,13,0.0,5,108,0.32407407407407407,0.19518772893772893,0.7962962962962963,0.01987916783138411,0.38095238095238093,0.6285714285714286,0.9722222222222222
shuffled_domain_rank,13,1.0,1,115,0.4260869565217391,0.28255772005772006,0.7913043478260869,0.026613522110329114,0.45614035087719296,0.6929824561403509,0.991304347826087
shuffled_domain_rank,13,1.0,2,108,0.32407407407407407,0.26449556901534305,0.8518518518518519,0.037822801055958206,0.3364485981308411,0.5046728971962616,0.9907407407407407
shuffled_domain_rank,13,1.0,3,108,0.3611111111111111,0.2427271119788028,0.75,0.02951323960040984,0.4074074074074074,0.5555555555555556,1.0
shuffled_domain_rank,13,1.0,4,108,0.4444444444444444,0.3141794025650007,0.8611111111111112,0.026824653838247517,0.49523809523809526,0.6190476190476191,0.9722222222222222
shuffled_domain_rank,13,1.0,5,108,0.35185185185185186,0.20096235710527574,0.7222222222222222,0.019389289484614842,0.4,0.6190476190476191,0.9722222222222222
shuffled_domain_rank,13,2.0,1,115,0.43478260869565216,0.29747503840245776,0.7913043478260869,0.027122121807852975,0.4649122807017544,0.6929824561403509,0.991304347826087
shuffled_domain_rank,13,2.0,2,108,0.39814814814814814,0.2588695955835915,0.8240740740740741,0.035843088607241586,0.4074074074074074,0.5648148148148148,1.0
shuffled_domain_rank,13,2.0,3,108,0.4074074074074074,0.2702821869488536,0.7870370370370371,0.025197967888622226,0.4537037037037037,0.5833333333333334,1.0
shuffled_domain_rank,13,2.0,4,108,0.4351851851851852,0.3125120804071903,0.8796296296296297,0.026906323141457737,0.4672897196261682,0.6074766355140186,0.9907407407407407
shuffled_domain_rank,13,2.0,5,108,0.3425925925925926,0.20535847020995535,0.75,0.020436116168143968,0.38461538461538464,0.5961538461538461,0.9629629629629629
shuffled_domain_rank,13,3.0,1,115,0.43478260869565216,0.29047771278330264,0.7652173913043478,0.027174328381388436,0.4649122807017544,0.6842105263157895,0.991304347826087
shuffled_domain_rank,13,3.0,2,108,0.32407407407407407,0.27811611149463467,0.8148148148148148,0.03883295489082741,0.3333333333333333,0.5,1.0
shuffled_domain_rank,13,3.0,3,108,0.3611111111111111,0.24654355514550416,0.7962962962962963,0.024166198006493497,0.4166666666666667,0.5555555555555556,1.0
shuffled_domain_rank,13,3.0,4,108,0.4166666666666667,0.308303969931877,0.8518518518518519,0.02759581810205847,0.4666666666666667,0.5904761904761905,0.9722222222222222
shuffled_domain_rank,13,3.0,5,108,0.3611111111111111,0.19746642246642246,0.8055555555555556,0.020024583959854788,0.41904761904761906,0.6095238095238096,0.9722222222222222
shuffled_domain_rank,13,4.0,1,115,0.4782608695652174,0.3325758913994208,0.8173913043478261,0.024253926930858306,0.5087719298245614,0.7192982456140351,0.991304347826087
shuffled_domain_rank,13,4.0,2,108,0.42592592592592593,0.30835512932287124,0.8240740740740741,0.030226934246871034,0.4351851851851852,0.5740740740740741,1.0
shuffled_domain_rank,13,4.0,3,108,0.42592592592592593,0.2785723832435942,0.7777777777777778,0.024220174880266423,0.48148148148148145,0.5925925925925926,1.0
shuffled_domain_rank,13,4.0,4,108,0.42592592592592593,0.3152494935440672,0.9074074074074074,0.027516733006201423,0.4666666666666667,0.6,0.9722222222222222
shuffled_domain_rank,13,4.0,5,108,0.3148148148148148,0.17711265537352494,0.7685185185185185,0.024010737959437138,0.37142857142857144,0.580952380952381,0.9722222222222222
shuffled_domain_rank,13,5.0,1,115,0.4434782608695652,0.2975184208580793,0.8,0.02609566655353142,0.47368421052631576,0.6929824561403509,0.991304347826087
shuffled_domain_rank,13,5.0,2,108,0.37037037037037035,0.323272792022792,0.8518518518518519,0.03836538951948133,0.38317757009345793,0.514018691588785,0.9907407407407407
shuffled_domain_rank,13,5.0,3,108,0.37037037037037035,0.25273104067939073,0.7685185185185185,0.03200886573763876,0.42592592592592593,0.5462962962962963,1.0
shuffled_domain_rank,13,5.0,4,108,0.4351851851851852,0.3101888678240598,0.8518518518518519,0.025439261941052987,0.4672897196261682,0.5887850467289719,0.9907407407407407
shuffled_domain_rank,13,5.0,5,108,0.3148148148148148,0.17769469254617767,0.7777777777777778,0.021422597421351164,0.3619047619047619,0.6,0.9722222222222222
shuffled_domain_rank,13,6.0,1,115,0.4260869565217391,0.2793353741146611,0.782608695652174,0.027998215780402166,0.45614035087719296,0.6842105263157895,0.991304347826087
shuffled_domain_rank,13,6.0,2,108,0.37037037037037035,0.2856722183709866,0.8333333333333334,0.03733161774437554,0.37962962962962965,0.5277777777777778,1.0
shuffled_domain_rank,13,6.0,3,108,0.3888888888888889,0.2690581352065145,0.7777777777777778,0.026500057931621163,0.4537037037037037,0.5833333333333334,1.0
shuffled_domain_rank,13,6.0,4,108,0.4166666666666667,0.3140988210432655,0.8703703703703703,0.02598521416120543,0.45714285714285713,0.5904761904761905,0.9722222222222222
shuffled_domain_rank,13,6.0,5,108,0.32407407407407407,0.2010465724751439,0.8148148148148148,0.022891489051906615,0.3619047619047619,0.6095238095238096,0.9722222222222222
shuffled_domain_rank,13,7.0,1,115,0.40869565217391307,0.26570151067304765,0.8,0.0287974326654971,0.43859649122807015,0.6666666666666666,0.991304347826087
shuffled_domain_rank,13,7.0,2,108,0.28703703703703703,0.24830408224717168,0.8240740740740741,0.0394277219165749,0.29906542056074764,0.4766355140186916,0.9907407407407407
shuffled_domain_rank,13,7.0,3,108,0.42592592592592593,0.2788187231028519,0.7870370370370371,0.02661498778649523,0.4766355140186916,0.5794392523364486,0.9907407407407407
shuffled_domain_rank,13,7.0,4,108,0.42592592592592593,0.31010926187433774,0.8703703703703703,0.024750531022502225,0.45794392523364486,0.5794392523364486,0.9907407407407407
shuffled_domain_rank,13,7.0,5,108,0.32407407407407407,0.1808994708994709,0.7314814814814815,0.023890953456748115,0.37142857142857144,0.6095238095238096,0.9722222222222222
shuffled_domain_rank,13,8.0,1,115,0.4260869565217391,0.2898395721925134,0.782608695652174,0.026646489737787816,0.45614035087719296,0.6754385964912281,0.991304347826087
shuffled_domain_rank,13,8.0,2,108,0.4444444444444444,0.3296966443518168,0.8425925925925926,0.03324278303931095,0.4537037037037037,0.5925925925925926,1.0
shuffled_domain_rank,13,8.0,3,108,0.42592592592592593,0.2767151477496305,0.7962962962962963,0.023759843343324406,0.48598130841121495,0.6074766355140186,0.9907407407407407
shuffled_domain_rank,13,8.0,4,108,0.4444444444444444,0.3265956388584444,0.9166666666666666,0.02596198622992329,0.49056603773584906,0.6320754716981132,0.9814814814814815
shuffled_domain_rank,13,8.0,5,108,0.32407407407407407,0.19196930946291557,0.7685185185185185,0.02110169042558162,0.38095238095238093,0.6,0.9722222222222222
shuffled_domain_rank,13,9.0,1,115,0.4260869565217391,0.2794112434979308,0.7652173913043478,0.02634925761480202,0.45614035087719296,0.6842105263157895,0.991304347826087
shuffled_domain_rank,13,9.0,2,108,0.37962962962962965,0.2865961199294533,0.8055555555555556,0.03564456561626762,0.3925233644859813,0.5607476635514018,0.9907407407407407
shuffled_domain_rank,13,9.0,3,108,0.42592592592592593,0.295322424037271,0.7777777777777778,0.022054659258426163,0.4722222222222222,0.5833333333333334,1.0
shuffled_domain_rank,13,9.0,4,108,0.4722222222222222,0.35176224611708484,0.8796296296296297,0.016823041057586804,0.5094339622641509,0.6132075471698113,0.9814814814814815
shuffled_domain_rank,13,9.0,5,108,0.35185185185185186,0.20076179858788556,0.7962962962962963,0.019439188845168577,0.4,0.6095238095238096,0.9722222222222222
shuffled_domain_rank,13,10.0,1,115,0.4608695652173913,0.32046856240404625,0.8,0.024698126809074898,0.49122807017543857,0.7192982456140351,0.991304347826087
shuffled_domain_rank,13,10.0,2,108,0.35185185185185186,0.28094996200482375,0.7870370370370371,0.03833050075595637,0.3611111111111111,0.5092592592592593,1.0
shuffled_domain_rank,13,10.0,3,108,0.37037037037037035,0.2557119817624019,0.7962962962962963,0.029977337722153927,0.4205607476635514,0.5420560747663551,0.9907407407407407
shuffled_domain_rank,13,10.0,4,108,0.4722222222222222,0.3425794324345049,0.9074074074074074,0.02465605597219169,0.5046728971962616,0.6074766355140186,0.9907407407407407
shuffled_domain_rank,13,10.0,5,108,0.3148148148148148,0.17843462022490156,0.8055555555555556,0.02276205800559064,0.3619047619047619,0.5904761904761905,0.9722222222222222
shuffled_domain_rank,13,11.0,1,115,0.43478260869565216,0.2864808802308802,0.8,0.0271756741879344,0.4649122807017544,0.7017543859649122,0.991304347826087
shuffled_domain_rank,13,11.0,2,108,0.4166666666666667,0.30823607427055705,0.8333333333333334,0.03551141152794548,0.42990654205607476,0.5607476635514018,0.9907407407407407
shuffled_domain_rank,13,11.0,3,108,0.42592592592592593,0.2730229120473023,0.8148148148148148,0.022438876153761878,0.48148148148148145,0.6018518518518519,1.0
shuffled_domain_rank,13,11.0,4,108,0.42592592592592593,0.31163396960056555,0.8796296296296297,0.020143666762933242,0.4666666666666667,0.6095238095238096,0.9722222222222222
shuffled_domain_rank,13,11.0,5,108,0.2962962962962963,0.17068023227443518,0.7592592592592593,0.024348015861391743,0.34285714285714286,0.5714285714285714,0.9722222222222222
shuffled_domain_rank,13,12.0,1,115,0.43478260869565216,0.2936908732212338,0.782608695652174,0.02565634166358397,0.4649122807017544,0.6929824561403509,0.991304347826087
shuffled_domain_rank,13,12.0,2,108,0.3425925925925926,0.2899462511700939,0.8240740740740741,0.03815448919657806,0.35185185185185186,0.5,1.0
shuffled_domain_rank,13,12.0,3,108,0.42592592592592593,0.2898148148148148,0.8333333333333334,0.028518389141277686,0.49074074074074076,0.5925925925925926,1.0
shuffled_domain_rank,13,12.0,4,108,0.4166666666666667,0.301579707365343,0.8796296296296297,0.02841821470013528,0.4528301886792453,0.5660377358490566,0.9814814814814815
shuffled_domain_rank,13,12.0,5,108,0.3148148148148148,0.18451768580634562,0.7685185185185185,0.027210272009270738,0.36538461538461536,0.5961538461538461,0.9629629629629629
shuffled_domain_rank,13,13.0,1,115,0.4434782608695652,0.29726124076218957,0.8,0.02710816382674519,0.47368421052631576,0.6929824561403509,0.991304347826087
shuffled_domain_rank,13,13.0,2,108,0.46296296296296297,0.3395557506156585,0.8240740740740741,0.03225515103773399,0.4722222222222222,0.6203703703703703,1.0
shuffled_domain_rank,13,13.0,3,108,0.4444444444444444,0.29515080556747225,0.7777777777777778,0.023900743146752855,0.4953271028037383,0.5981308411214953,0.9907407407407407
shuffled_domain_rank,13,13.0,4,108,0.4351851851851852,0.31698991190679165,0.8425925925925926,0.02542503718944928,0.4857142857142857,0.6,0.9722222222222222
shuffled_domain_rank,13,13.0,5,108,0.37037037037037035,0.20694172194172192,0.7777777777777778,0.02013550170444282,0.41509433962264153,0.6415094339622641,0.9814814814814815
shuffled_domain_rank,13,14.0,1,115,0.4434782608695652,0.3033910533910534,0.782608695652174,0.026710909186891847,0.47368421052631576,0.6842105263157895,0.991304347826087
shuffled_domain_rank,13,14.0,2,108,0.3611111111111111,0.29198062918993156,0.8148148148148148,0.04033887541078247,0.37037037037037035,0.5,1.0
shuffled_domain_rank,13,14.0,3,108,0.4166666666666667,0.28389022993599466,0.8240740740740741,0.028867210786263593,0.4766355140186916,0.5981308411214953,0.9907407407407407
shuffled_domain_rank,13,14.0,4,108,0.4444444444444444,0.3299184298225219,0.8703703703703703,0.026405584291649707,0.49056603773584906,0.6226415094339622,0.9814814814814815
shuffled_domain_rank,13,14.0,5,108,0.3333333333333333,0.19564814814814813,0.7777777777777778,0.024142192076591316,0.38095238095238093,0.6190476190476191,0.9722222222222222
shuffled_domain_rank,13,15.0,1,115,0.43478260869565216,0.2911021984551396,0.782608695652174,0.027083579541853503,0.4649122807017544,0.7017543859649122,0.991304347826087
shuffled_domain_rank,13,15.0,2,108,0.39814814814814814,0.31035489667565136,0.8333333333333334,0.036701665648027286,0.4074074074074074,0.5555555555555556,1.0
shuffled_domain_rank,13,15.0,3,108,0.4166666666666667,0.28087997274043786,0.8148148148148148,0.02404864612466901,0.4766355140186916,0.6074766355140186,0.9907407407407407
shuffled_domain_rank,13,15.0,4,108,0.4074074074074074,0.2897068972516543,0.8703703703703703,0.028871604372695318,0.46153846153846156,0.5769230769230769,0.9629629629629629
shuffled_domain_rank,13,15.0,5,108,0.3611111111111111,0.2033114414696333,0.7314814814814815,0.01872855829508577,0.41346153846153844,0.6538461538461539,0.9629629629629629
shuffled_domain_rank,13,16.0,1,115,0.45217391304347826,0.31066883824236763,0.7478260869565218,0.025542394378548335,0.4824561403508772,0.7105263157894737,0.991304347826087
shuffled_domain_rank,13,16.0,2,108,0.3333333333333333,0.27644442263086333,0.8240740740740741,0.0388228896518604,0.3425925925925926,0.49074074074074076,1.0
shuffled_domain_rank,13,16.0,3,108,0.4166666666666667,0.2761702596034404,0.7777777777777778,0.02420721432271487,0.4722222222222222,0.5740740740740741,1.0
shuffled_domain_rank,13,16.0,4,108,0.42592592592592593,0.3138556618819777,0.8981481481481481,0.025764576355944542,0.4666666666666667,0.580952380952381,0.9722222222222222
shuffled_domain_rank,13,16.0,5,108,0.3333333333333333,0.19586515730132747,0.7870370370370371,0.01865076323328588,0.3942307692307692,0.6153846153846154,0.9629629629629629
shuffled_domain_rank,13,17.0,1,115,0.4434782608695652,0.29983164983164984,0.7913043478260869,0.02476923532557999,0.47368421052631576,0.6929824561403509,0.991304347826087
shuffled_domain_rank,13,17.0,2,108,0.39814814814814814,0.2995083358290906,0.8148148148148148,0.03562073141680499,0.411214953271028,0.5607476635514018,0.9907407407407407
shuffled_domain_rank,13,17.0,3,108,0.4074074074074074,0.27663754569488014,0.8240740740740741,0.030899421053184075,0.46296296296296297,0.5555555555555556,1.0
shuffled_domain_rank,13,17.0,4,108,0.48148148148148145,0.35250544662309363,0.8703703703703703,0.025649561794085635,0.5238095238095238,0.638095238095238,0.9722222222222222
shuffled_domain_rank,13,17.0,5,108,0.32407407407407407,0.20032679738562095,0.7870370370370371,0.021047592594053338,0.3619047619047619,0.5619047619047619,0.9722222222222222
shuffled_domain_rank,13,18.0,1,115,0.46956521739130436,0.32746603555427084,0.7739130434782608,0.024830570171169887,0.5,0.7192982456140351,0.991304347826087
shuffled_domain_rank,13,18.0,2,108,0.37037037037037035,0.29516389769198764,0.8333333333333334,0.03812466207091095,0.37962962962962965,0.5277777777777778,1.0
shuffled_domain_rank,13,18.0,3,108,0.37962962962962965,0.24988206990895798,0.7962962962962963,0.0309069779705263,0.42592592592592593,0.5462962962962963,1.0
shuffled_domain_rank,13,18.0,4,108,0.46296296296296297,0.3387622640634689,0.8981481481481481,0.024897106811421134,0.49523809523809526,0.6476190476190476,0.9722222222222222
shuffled_domain_rank,13,18.0,5,108,0.35185185185185186,0.20509444561477422,0.7777777777777778,0.021344022884353636,0.4,0.6285714285714286,0.9722222222222222
shuffled_domain_rank,13,19.0,1,115,0.4434782608695652,0.29839639042675087,0.808695652173913,0.026588969085208414,0.47368421052631576,0.7017543859649122,0.991304347826087
shuffled_domain_rank,13,19.0,2,108,0.3333333333333333,0.26119689643123406,0.8148148148148148,0.03986120447606637,0.3425925925925926,0.48148148148148145,1.0
shuffled_domain_rank,13,19.0,3,108,0.37037037037037035,0.2569190557869803,0.8055555555555556,0.025469345119894973,0.42592592592592593,0.5648148148148148,1.0
shuffled_domain_rank,13,19.0,4,108,0.42592592592592593,0.297898468870091,0.8888888888888888,0.02149521327688481,0.45714285714285713,0.5904761904761905,0.9722222222222222
shuffled_domain_rank,13,19.0,5,108,0.3148148148148148,0.18634991910853982,0.7592592592592593,0.02035003272329225,0.3619047619047619,0.5904761904761905,0.9722222222222222
shuffled_domain_rank,13,20.0,1,115,0.4434782608695652,0.3042763293000485,0.782608695652174,0.027404725195013028,0.47368421052631576,0.7105263157894737,0.991304347826087
shuffled_domain_rank,13,20.0,2,108,0.4166666666666667,0.324309376331053,0.8148148148148148,0.03881563472568822,0.42592592592592593,0.5648148148148148,1.0
shuffled_domain_rank,13,20.0,3,108,0.3888888888888889,0.26734360410831,0.7870370370370371,0.02556171420204413,0.4444444444444444,0.5740740740740741,1.0
shuffled_domain_rank,13,20.0,4,108,0.4351851851851852,0.3106841793739128,0.8888888888888888,0.02669179065653576,0.47619047619047616,0.6,0.9722222222222222
shuffled_domain_rank,13,20.0,5,108,0.35185185185185186,0.20893823525402475,0.7314814814814815,0.02300055519095173,0.3942307692307692,0.6057692307692307,0.9629629629629629
shuffled_domain_rank,13,21.0,1,115,0.4260869565217391,0.2878313308420835,0.8,0.029149593504242285,0.4473684210526316,0.6578947368421053,0.991304347826087
shuffled_domain_rank,13,21.0,2,108,0.4444444444444444,0.3164580265095729,0.8425925925925926,0.030408505318164962,0.4537037037037037,0.6203703703703703,1.0
shuffled_domain_rank,13,21.0,3,108,0.42592592592592593,0.27936644654990905,0.7777777777777778,0.02247113099466685,0.48148148148148145,0.6111111111111112,1.0
shuffled_domain_rank,13,21.0,4,108,0.48148148148148145,0.3539899754598086,0.8611111111111112,0.024690636922735428,0.5233644859813084,0.6635514018691588,0.9907407407407407
shuffled_domain_rank,13,21.0,5,108,0.35185185185185186,0.20798614702693588,0.7962962962962963,0.0202513606896595,0.4,0.6,0.9722222222222222
shuffled_domain_rank,13,22.0,1,115,0.43478260869565216,0.2892255892255892,0.782608695652174,0.02805797112173082,0.4649122807017544,0.6754385964912281,0.991304347826087
shuffled_domain_rank,13,22.0,2,108,0.3888888888888889,0.31329978803345776,0.8055555555555556,0.03503906246414792,0.39814814814814814,0.5370370370370371,1.0
shuffled_domain_rank,13,22.0,3,108,0.4166666666666667,0.27794484540675396,0.7592592592592593,0.022505232260150936,0.4722222222222222,0.5925925925925926,1.0
shuffled_domain_rank,13,22.0,4,108,0.46296296296296297,0.33440704032809293,0.9074074074074074,0.02637309186130058,0.48598130841121495,0.616822429906542,0.9907407407407407
shuffled_domain_rank,13,22.0,5,108,0.3611111111111111,0.20711003699725505,0.7592592592592593,0.018939997912002904,0.41904761904761906,0.6095238095238096,0.9722222222222222
shuffled_domain_rank,13,23.0,1,115,0.4434782608695652,0.2956773618538324,0.782608695652174,0.025937376276220832,0.47368421052631576,0.7017543859649122,0.991304347826087
shuffled_domain_rank,13,23.0,2,108,0.3333333333333333,0.2699453765281504,0.8240740740740741,0.04281357914370738,0.3425925925925926,0.5185185185185185,1.0
shuffled_domain_rank,13,23.0,3,108,0.4351851851851852,0.2904473858580139,0.8055555555555556,0.021808266498916783,0.4953271028037383,0.6074766355140186,0.9907407407407407
shuffled_domain_rank,13,23.0,4,108,0.4537037037037037,0.3229099783363349,0.9259259259259259,0.026474733557448542,0.49038461538461536,0.625,0.9629629629629629
shuffled_domain_rank,13,23.0,5,108,0.2962962962962963,0.17366080434403416,0.75,0.026561476054399957,0.34615384615384615,0.5769230769230769,0.9629629629629629
shuffled_domain_rank,13,24.0,1,115,0.4608695652173913,0.32767815892815894,0.8,0.025321323886427802,0.49122807017543857,0.7192982456140351,0.991304347826087
shuffled_domain_rank,13,24.0,2,108,0.3611111111111111,0.283693590006359,0.8148148148148148,0.03663651479937624,0.37383177570093457,0.514018691588785,0.9907407407407407
shuffled_domain_rank,13,24.0,3,108,0.42592592592592593,0.2898725092874029,0.7870370370370371,0.025218868628436284,0.48148148148148145,0.5648148148148148,1.0
shuffled_domain_rank,13,24.0,4,108,0.4444444444444444,0.32677633586982835,0.8796296296296297,0.028620602066524146,0.4766355140186916,0.5981308411214953,0.9907407407407407
shuffled_domain_rank,13,24.0,5,108,0.32407407407407407,0.1963963963963964,0.8148148148148148,0.020266390401998804,0.3619047619047619,0.6190476190476191,0.9722222222222222
shuffled_domain_rank,13,25.0,1,115,0.43478260869565216,0.2932598039215686,0.782608695652174,0.027341857188998356,0.4649122807017544,0.6929824561403509,0.991304347826087
shuffled_domain_rank,13,25.0,2,108,0.4351851851851852,0.3321178821178821,0.8240740740740741,0.03178546443167082,0.4444444444444444,0.5833333333333334,1.0
shuffled_domain_rank,13,25.0,3,108,0.39814814814814814,0.2729904715720319,0.7777777777777778,0.026154215648956817,0.4537037037037037,0.5648148148148148,1.0
shuffled_domain_rank,13,25.0,4,108,0.4444444444444444,0.32953059442421145,0.8796296296296297,0.027154244729053475,0.49056603773584906,0.6037735849056604,0.9814814814814815
shuffled_domain_rank,13,25.0,5,108,0.32407407407407407,0.19073164817845667,0.7685185185185185,0.023915784243621344,0.37142857142857144,0.5904761904761905,0.9722222222222222
shuffled_domain_rank,13,26.0,1,115,0.4608695652173913,0.31504691309963145,0.7913043478260869,0.025975500328436187,0.49122807017543857,0.6929824561403509,0.991304347826087
shuffled_domain_rank,13,26.0,2,108,0.4074074074074074,0.3167487610855815,0.8240740740740741,0.034551305146746904,0.4166666666666667,0.5462962962962963,1.0
shuffled_domain_rank,13,26.0,3,108,0.3611111111111111,0.23698725681130514,0.7685185185185185,0.02499540778268784,0.4205607476635514,0.5794392523364486,0.9907407407407407
shuffled_domain_rank,13,26.0,4,108,0.48148148148148145,0.35116959064327485,0.8703703703703703,0.026115829479536144,0.5092592592592593,0.6203703703703703,1.0
shuffled_domain_rank,13,26.0,5,108,0.3333333333333333,0.19585858585858587,0.7777777777777778,0.021713921688144004,0.38461538461538464,0.6442307692307693,0.9629629629629629
shuffled_domain_rank,13,27.0,1,115,0.4434782608695652,0.2968852163498262,0.7913043478260869,0.025599585622483975,0.47368421052631576,0.7017543859649122,0.991304347826087
shuffled_domain_rank,13,27.0,2,108,0.42592592592592593,0.3165988679906453,0.8240740740740741,0.03359992034917921,0.4392523364485981,0.5700934579439252,0.9907407407407407
shuffled_domain_rank,13,27.0,3,108,0.39814814814814814,0.2681537463269877,0.8055555555555556,0.0229437164020794,0.46296296296296297,0.6203703703703703,1.0
shuffled_domain_rank,13,27.0,4,108,0.42592592592592593,0.31062469599054965,0.8425925925925926,0.0282264441642581,0.46601941747572817,0.6019417475728155,0.9537037037037037
shuffled_domain_rank,13,27.0,5,108,0.3148148148148148,0.1827546610155306,0.7962962962962963,0.023170278708605656,0.36538461538461536,0.5769230769230769,0.9629629629629629
shuffled_domain_rank,13,28.0,1,115,0.45217391304347826,0.3155638958391252,0.8173913043478261,0.026066151397014157,0.4824561403508772,0.7017543859649122,0.991304347826087
shuffled_domain_rank,13,28.0,2,108,0.4166666666666667,0.3160421621223015,0.8148148148148148,0.037112876971928034,0.42990654205607476,0.5700934579439252,0.9907407407407407
shuffled_domain_rank,13,28.0,3,108,0.4537037037037037,0.29495823991184283,0.7777777777777778,0.025833690427323187,0.514018691588785,0.6355140186915887,0.9907407407407407
shuffled_domain_rank,13,28.0,4,108,0.4351851851851852,0.30814226925338034,0.8703703703703703,0.027539764915312633,0.4811320754716981,0.6226415094339622,0.9814814814814815
shuffled_domain_rank,13,28.0,5,108,0.3148148148148148,0.18504432624113476,0.7685185185185185,0.024180928821836638,0.36538461538461536,0.5769230769230769,0.9629629629629629
shuffled_domain_rank,13,29.0,1,115,0.4434782608695652,0.30098605098605097,0.7739130434782608,0.02651119363119804,0.47368421052631576,0.6929824561403509,0.991304347826087
shuffled_domain_rank,13,29.0,2,108,0.4444444444444444,0.33727820887594656,0.8240740740740741,0.03454116457925551,0.4537037037037037,0.6018518518518519,1.0
shuffled_domain_rank,13,29.0,3,108,0.3888888888888889,0.2597229094507669,0.7685185185185185,0.029863708119589424,0.4392523364485981,0.5700934579439252,0.9907407407407407
shuffled_domain_rank,13,29.0,4,108,0.4351851851851852,0.3184787704600583,0.8888888888888888,0.026346092607930423,0.4716981132075472,0.6132075471698113,0.9814814814814815
shuffled_domain_rank,13,29.0,5,108,0.3148148148148148,0.1762047877572718,0.7962962962962963,0.022852940780451362,0.3619047619047619,0.6095238095238096,0.9722222222222222
baseline_stats,500,,1,115,0.4260869565217391,0.2703829562236642,0.7565217391304347,0.02748104504049822,0.45217391304347826,0.6521739130434783,1.0
baseline_stats,500,,2,108,0.4722222222222222,0.34541857365386774,0.8148148148148148,0.022834049653814005,0.4953271028037383,0.6822429906542056,0.9907407407407407
baseline_stats,500,,3,108,0.3611111111111111,0.23660059404740255,0.7777777777777778,0.0296668115369632,0.4205607476635514,0.5981308411214953,0.9907407407407407
baseline_stats,500,,4,108,0.3888888888888889,0.27653904370071364,0.8055555555555556,0.03797173247077367,0.4380952380952381,0.5619047619047619,0.9722222222222222
baseline_stats,500,,5,108,0.37037037037037035,0.22743847408795861,0.7870370370370371,0.016838308661612615,0.3888888888888889,0.6759259259259259,1.0
real_domain_rank,500,,1,115,0.43478260869565216,0.2748243599636789,0.7652173913043478,0.024749472485441786,0.4608695652173913,0.6521739130434783,1.0
real_domain_rank,500,,2,108,0.5185185185185185,0.3639198563111606,0.8333333333333334,0.01672229624286475,0.5277777777777778,0.7037037037037037,1.0
real_domain_rank,500,,3,108,0.3888888888888889,0.2633468383468384,0.8055555555555556,0.028835659846068937,0.4351851851851852,0.6111111111111112,1.0
real_domain_rank,500,,4,108,0.42592592592592593,0.3202052662418516,0.8333333333333334,0.0386158619777816,0.45714285714285713,0.5428571428571428,0.9722222222222222
real_domain_rank,500,,5,108,0.3333333333333333,0.18468351087690135,0.7962962962962963,0.019259654872991326,0.37383177570093457,0.616822429906542,0.9907407407407407
shuffled_domain_rank,500,0.0,1,115,0.41739130434782606,0.25322920676822674,0.7478260869565218,0.02711065793111729,0.4434782608695652,0.6521739130434783,1.0
shuffled_domain_rank,500,0.0,2,108,0.42592592592592593,0.33460501317644176,0.8425925925925926,0.03063481065222376,0.4351851851851852,0.6111111111111112,1.0
shuffled_domain_rank,500,0.0,3,108,0.35185185185185186,0.24511195333093352,0.7962962962962963,0.03358205351107594,0.40186915887850466,0.5887850467289719,0.9907407407407407
shuffled_domain_rank,500,0.0,4,108,0.4166666666666667,0.3003102466568312,0.8055555555555556,0.03167438577622629,0.47115384615384615,0.6057692307692307,0.9629629629629629
shuffled_domain_rank,500,0.0,5,108,0.35185185185185186,0.19740118269530035,0.7962962962962963,0.019396786845932462,0.37037037037037035,0.6296296296296297,1.0
shuffled_domain_rank,500,1.0,1,115,0.4,0.23982683982683983,0.7565217391304347,0.02913230906423633,0.4260869565217391,0.6347826086956522,1.0
shuffled_domain_rank,500,1.0,2,108,0.4166666666666667,0.32358561885679765,0.7870370370370371,0.03162236875229049,0.42990654205607476,0.616822429906542,0.9907407407407407
shuffled_domain_rank,500,1.0,3,108,0.39814814814814814,0.27612444722461144,0.7962962962962963,0.032157227950389784,0.4444444444444444,0.5925925925925926,1.0
shuffled_domain_rank,500,1.0,4,108,0.4074074074074074,0.3016900905443163,0.8055555555555556,0.024770835390920645,0.4423076923076923,0.5961538461538461,0.9629629629629629
shuffled_domain_rank,500,1.0,5,108,0.35185185185185186,0.2074074074074074,0.8055555555555556,0.018030743771098263,0.37383177570093457,0.6355140186915887,0.9907407407407407
shuffled_domain_rank,500,2.0,1,115,0.43478260869565216,0.27145836538625917,0.7913043478260869,0.025244706081512375,0.4608695652173913,0.6695652173913044,1.0
shuffled_domain_rank,500,2.0,2,108,0.4722222222222222,0.34691196031621563,0.8425925925925926,0.024011592456202137,0.48598130841121495,0.6448598130841121,0.9907407407407407
shuffled_domain_rank,500,2.0,3,108,0.3888888888888889,0.26423566933142856,0.7777777777777778,0.031004475049441822,0.4392523364485981,0.6074766355140186,0.9907407407407407
shuffled_domain_rank,500,2.0,4,108,0.37962962962962965,0.2696535836281753,0.8425925925925926,0.030797992728647507,0.4380952380952381,0.580952380952381,0.9722222222222222
shuffled_domain_rank,500,2.0,5,108,0.4166666666666667,0.25717712353891214,0.7870370370370371,0.016275763091270136,0.4392523364485981,0.6822429906542056,0.9907407407407407
shuffled_domain_rank,500,3.0,1,115,0.43478260869565216,0.27234338949109743,0.7565217391304347,0.027641284531342295,0.4608695652173913,0.6434782608695652,1.0
shuffled_domain_rank,500,3.0,2,108,0.37037037037037035,0.29542822385570605,0.8240740740740741,0.03280361612394817,0.3925233644859813,0.5607476635514018,0.9907407407407407
shuffled_domain_rank,500,3.0,3,108,0.37962962962962965,0.2630321537202983,0.7685185185185185,0.0294044025421437,0.42592592592592593,0.5833333333333334,1.0
shuffled_domain_rank,500,3.0,4,108,0.4166666666666667,0.2958417336324313,0.8333333333333334,0.0192262199313465,0.4666666666666667,0.6190476190476191,0.9722222222222222
shuffled_domain_rank,500,3.0,5,108,0.32407407407407407,0.1843896843896844,0.8240740740740741,0.02000168243962555,0.3611111111111111,0.6111111111111112,1.0
shuffled_domain_rank,500,4.0,1,115,0.4260869565217391,0.26768977820379686,0.7652173913043478,0.027004594220323634,0.45217391304347826,0.6347826086956522,1.0
shuffled_domain_rank,500,4.0,2,108,0.42592592592592593,0.32198185804975055,0.8240740740740741,0.023701921719375973,0.4392523364485981,0.6448598130841121,0.9907407407407407
shuffled_domain_rank,500,4.0,3,108,0.37962962962962965,0.2602460960067603,0.8148148148148148,0.031034286893171496,0.4392523364485981,0.5700934579439252,0.9907407407407407
shuffled_domain_rank,500,4.0,4,108,0.42592592592592593,0.3165401543761006,0.8240740740740741,0.026495164097273007,0.47619047619047616,0.6,0.9722222222222222
shuffled_domain_rank,500,4.0,5,108,0.37037037037037035,0.21105968805508915,0.7870370370370371,0.016725094187018837,0.4056603773584906,0.6415094339622641,0.9814814814814815
shuffled_domain_rank,500,5.0,1,115,0.45217391304347826,0.29369740966837155,0.7391304347826086,0.025083028848817038,0.4782608695652174,0.6695652173913044,1.0
shuffled_domain_rank,500,5.0,2,108,0.4444444444444444,0.32298037496057297,0.8148148148148148,0.024401902014091828,0.4537037037037037,0.6388888888888888,1.0
shuffled_domain_rank,500,5.0,3,108,0.3888888888888889,0.27220855401005495,0.8240740740740741,0.031025608834817697,0.42990654205607476,0.5887850467289719,0.9907407407407407
shuffled_domain_rank,500,5.0,4,108,0.4166666666666667,0.30094377167547903,0.7962962962962963,0.020438003842449846,0.46153846153846156,0.6057692307692307,0.9629629629629629
shuffled_domain_rank,500,5.0,5,108,0.3611111111111111,0.21249400581083747,0.7962962962962963,0.016072331398424542,0.3925233644859813,0.6635514018691588,0.9907407407407407
shuffled_domain_rank,500,6.0,1,115,0.43478260869565216,0.2733278733278733,0.7478260869565218,0.02502813922586351,0.4608695652173913,0.6521739130434783,1.0
shuffled_domain_rank,500,6.0,2,108,0.4166666666666667,0.32379716422269617,0.8055555555555556,0.02832016054105013,0.4339622641509434,0.6132075471698113,0.9814814814814815
shuffled_domain_rank,500,6.0,3,108,0.3888888888888889,0.2644004776637898,0.8055555555555556,0.029380337109768017,0.4392523364485981,0.5887850467289719,0.9907407407407407
shuffled_domain_rank,500,6.0,4,108,0.3611111111111111,0.266893815255982,0.8333333333333334,0.023613931869291917,0.41904761904761906,0.5904761904761905,0.9722222222222222
shuffled_domain_rank,500,6.0,5,108,0.39814814814814814,0.23617999698656547,0.7962962962962963,0.015768615338523456,0.42990654205607476,0.6822429906542056,0.9907407407407407
shuffled_domain_rank,500,7.0,1,115,0.4434782608695652,0.2821204387114576,0.7652173913043478,0.029536279767220192,0.46956521739130436,0.6521739130434783,1.0
shuffled_domain_rank,500,7.0,2,108,0.5277777777777778,0.37914321450906824,0.8611111111111112,0.019992329615880246,0.5277777777777778,0.6851851851851852,1.0
shuffled_domain_rank,500,7.0,3,108,0.42592592592592593,0.28252443545669026,0.8240740740740741,0.03117515659543343,0.46296296296296297,0.6296296296296297,1.0
shuffled_domain_rank,500,7.0,4,108,0.4444444444444444,0.32004357298474945,0.8425925925925926,0.033082982887987056,0.4811320754716981,0.5849056603773585,0.9814814814814815
shuffled_domain_rank,500,7.0,5,108,0.39814814814814814,0.2322734862023543,0.8055555555555556,0.016030172434483153,0.4166666666666667,0.6574074074074074,1.0
shuffled_domain_rank,500,8.0,1,115,0.4434782608695652,0.2771942110177404,0.7739130434782608,0.02675858301140376,0.46956521739130436,0.6782608695652174,1.0
shuffled_domain_rank,500,8.0,2,108,0.4166666666666667,0.33256464966991284,0.8425925925925926,0.03199861951705703,0.4205607476635514,0.6074766355140186,0.9907407407407407
shuffled_domain_rank,500,8.0,3,108,0.37037037037037035,0.2575152633128855,0.7777777777777778,0.027468072234147253,0.4392523364485981,0.6261682242990654,0.9907407407407407
shuffled_domain_rank,500,8.0,4,108,0.37037037037037035,0.27335271529644933,0.7870370370370371,0.026721366610811325,0.41509433962264153,0.5660377358490566,0.9814814814814815
shuffled_domain_rank,500,8.0,5,108,0.3425925925925926,0.20798844013129728,0.7870370370370371,0.016042892122894673,0.37383177570093457,0.6542056074766355,0.9907407407407407
shuffled_domain_rank,500,9.0,1,115,0.40869565217391307,0.2398162868751104,0.7739130434782608,0.028103580965366227,0.43478260869565216,0.6434782608695652,1.0
shuffled_domain_rank,500,9.0,2,108,0.4166666666666667,0.3275294787522343,0.8240740740740741,0.029605371503694494,0.42990654205607476,0.6074766355140186,0.9907407407407407
shuffled_domain_rank,500,9.0,3,108,0.4351851851851852,0.31140486497629355,0.7777777777777778,0.02908478299472926,0.49074074074074076,0.6481481481481481,1.0
shuffled_domain_rank,500,9.0,4,108,0.37962962962962965,0.2781826125746271,0.8518518518518519,0.0263531518879848,0.41509433962264153,0.5660377358490566,0.9814814814814815
shuffled_domain_rank,500,9.0,5,108,0.35185185185185186,0.20204911232785794,0.7962962962962963,0.018794966271604686,0.37037037037037035,0.6388888888888888,1.0
shuffled_domain_rank,500,10.0,1,115,0.4434782608695652,0.2803886429123621,0.7478260869565218,0.025924210908901266,0.46956521739130436,0.6695652173913044,1.0
shuffled_domain_rank,500,10.0,2,108,0.48148148148148145,0.3447544920605017,0.8425925925925926,0.02193383898774823,0.49074074074074076,0.6481481481481481,1.0
shuffled_domain_rank,500,10.0,3,108,0.3888888888888889,0.26387676867637283,0.7870370370370371,0.03242737651503037,0.4351851851851852,0.5740740740740741,1.0
shuffled_domain_rank,500,10.0,4,108,0.3611111111111111,0.25854156883967183,0.7777777777777778,0.029528090590097346,0.4174757281553398,0.5631067961165048,0.9537037037037037
shuffled_domain_rank,500,10.0,5,108,0.3611111111111111,0.21533228676085817,0.7962962962962963,0.017135873367477527,0.39814814814814814,0.6574074074074074,1.0
shuffled_domain_rank,500,11.0,1,115,0.41739130434782606,0.262144985429988,0.7565217391304347,0.028842734906773217,0.4434782608695652,0.6347826086956522,1.0
shuffled_domain_rank,500,11.0,2,108,0.49074074074074076,0.35645790536309024,0.8055555555555556,0.02394194643077385,0.5,0.6574074074074074,1.0
shuffled_domain_rank,500,11.0,3,108,0.3888888888888889,0.26501035196687367,0.8148148148148148,0.02864505973124325,0.42990654205607476,0.5794392523364486,0.9907407407407407
shuffled_domain_rank,500,11.0,4,108,0.42592592592592593,0.3143752849977201,0.8425925925925926,0.030266927696111383,0.4807692307692308,0.6153846153846154,0.9629629629629629
shuffled_domain_rank,500,11.0,5,108,0.35185185185185186,0.19928221724338227,0.8148148148148148,0.017844053196217603,0.3888888888888889,0.6296296296296297,1.0
shuffled_domain_rank,500,12.0,1,115,0.41739130434782606,0.26868447482952446,0.7478260869565218,0.027049587392400192,0.4434782608695652,0.6434782608695652,1.0
shuffled_domain_rank,500,12.0,2,108,0.4074074074074074,0.31432635959753846,0.8611111111111112,0.030729163867638926,0.4166666666666667,0.6018518518518519,1.0
shuffled_domain_rank,500,12.0,3,108,0.3888888888888889,0.2773643410852713,0.7870370370370371,0.028087452133523153,0.44339622641509435,0.6132075471698113,0.9814814814814815
shuffled_domain_rank,500,12.0,4,108,0.39814814814814814,0.2983724407637451,0.8333333333333334,0.0225392650937865,0.4339622641509434,0.5849056603773585,0.9814814814814815
shuffled_domain_rank,500,12.0,5,108,0.3333333333333333,0.19605791034362463,0.8055555555555556,0.017076542371407325,0.3611111111111111,0.6296296296296297,1.0
shuffled_domain_rank,500,13.0,1,115,0.4260869565217391,0.2663814872866597,0.7652173913043478,0.026667846361369624,0.45217391304347826,0.6521739130434783,1.0
shuffled_domain_rank,500,13.0,2,108,0.5,0.3658896658896658,0.8611111111111112,0.016085444831486655,0.5092592592592593,0.7037037037037037,1.0
shuffled_domain_rank,500,13.0,3,108,0.35185185185185186,0.2436281859070465,0.7777777777777778,0.03184585741558618,0.3925233644859813,0.6074766355140186,0.9907407407407407
shuffled_domain_rank,500,13.0,4,108,0.3888888888888889,0.2925042046901302,0.8240740740740741,0.021024233582424383,0.4339622641509434,0.5943396226415094,0.9814814814814815
shuffled_domain_rank,500,13.0,5,108,0.3611111111111111,0.22531623751135946,0.8148148148148148,0.017647256331010424,0.3925233644859813,0.6542056074766355,0.9907407407407407
shuffled_domain_rank,500,14.0,1,115,0.40869565217391307,0.24135499135499136,0.7565217391304347,0.025091224502938003,0.43478260869565216,0.6521739130434783,1.0
shuffled_domain_rank,500,14.0,2,108,0.4351851851851852,0.3290383594557595,0.8055555555555556,0.025539643897353796,0.4485981308411215,0.6448598130841121,0.9907407407407407
shuffled_domain_rank,500,14.0,3,108,0.37037037037037035,0.24880218039283666,0.8055555555555556,0.031923730598433495,0.4205607476635514,0.5794392523364486,0.9907407407407407
shuffled_domain_rank,500,14.0,4,108,0.37962962962962965,0.28206071631248575,0.7685185185185185,0.025024407985984307,0.4380952380952381,0.580952380952381,0.9722222222222222
shuffled_domain_rank,500,14.0,5,108,0.37962962962962965,0.2300611465828857,0.7777777777777778,0.016239067632801557,0.4166666666666667,0.6666666666666666,1.0
shuffled_domain_rank,500,15.0,1,115,0.40869565217391307,0.24468606851784425,0.7478260869565218,0.02550257306341283,0.43478260869565216,0.6521739130434783,1.0
shuffled_domain_rank,500,15.0,2,108,0.4722222222222222,0.3340653430616711,0.8333333333333334,0.016356046632047296,0.4953271028037383,0.6728971962616822,0.9907407407407407
shuffled_domain_rank,500,15.0,3,108,0.3888888888888889,0.27439929272836355,0.7870370370370371,0.031585744107961465,0.4392523364485981,0.5981308411214953,0.9907407407407407
shuffled_domain_rank,500,15.0,4,108,0.39814814814814814,0.30336586586586584,0.7962962962962963,0.032702650446922374,0.4326923076923077,0.5673076923076923,0.9629629629629629
shuffled_domain_rank,500,15.0,5,108,0.39814814814814814,0.24167919799498747,0.8148148148148148,0.016273785547133063,0.4166666666666667,0.6851851851851852,1.0
shuffled_domain_rank,500,16.0,1,115,0.3565217391304348,0.22230248681861586,0.7478260869565218,0.027789896685252627,0.4,0.6090909090909091,0.9565217391304348
shuffled_domain_rank,500,16.0,2,108,0.4444444444444444,0.3334466459466459,0.8611111111111112,0.02409203800139228,0.46296296296296297,0.6388888888888888,1.0
shuffled_domain_rank,500,16.0,3,108,0.3888888888888889,0.2647306397306397,0.8148148148148148,0.03139999144585576,0.4392523364485981,0.6074766355140186,0.9907407407407407
shuffled_domain_rank,500,16.0,4,108,0.4074074074074074,0.303725684924612,0.8240740740740741,0.02193479944353784,0.47619047619047616,0.638095238095238,0.9722222222222222
shuffled_domain_rank,500,16.0,5,108,0.37037037037037035,0.2262234346027671,0.7870370370370371,0.01644753566839214,0.3888888888888889,0.6759259259259259,1.0
shuffled_domain_rank,500,17.0,1,115,0.43478260869565216,0.2658919547692756,0.7652173913043478,0.023560310168949064,0.4608695652173913,0.6608695652173913,1.0
shuffled_domain_rank,500,17.0,2,108,0.4166666666666667,0.31660575417512155,0.8055555555555556,0.028785442788606688,0.42592592592592593,0.6203703703703703,1.0
shuffled_domain_rank,500,17.0,3,108,0.37037037037037035,0.25562091503267975,0.7962962962962963,0.03200667847610213,0.4392523364485981,0.5981308411214953,0.9907407407407407
shuffled_domain_rank,500,17.0,4,108,0.3888888888888889,0.28400761388566265,0.7962962962962963,0.03129925827828645,0.4326923076923077,0.5865384615384616,0.9629629629629629
shuffled_domain_rank,500,17.0,5,108,0.3425925925925926,0.21693243516988928,0.7962962962962963,0.01823782427121123,0.3611111111111111,0.6296296296296297,1.0
shuffled_domain_rank,500,18.0,1,115,0.4260869565217391,0.26161616161616164,0.7565217391304347,0.02613909703784478,0.45217391304347826,0.6695652173913044,1.0
shuffled_domain_rank,500,18.0,2,108,0.4166666666666667,0.32461364454118075,0.8518518518518519,0.03329608595059233,0.4351851851851852,0.6018518518518519,1.0
shuffled_domain_rank,500,18.0,3,108,0.39814814814814814,0.27869391590321824,0.7870370370370371,0.030415648406499515,0.4444444444444444,0.5925925925925926,1.0
shuffled_domain_rank,500,18.0,4,108,0.3888888888888889,0.2852229645930948,0.8055555555555556,0.025676537996785494,0.44761904761904764,0.6,0.9722222222222222
shuffled_domain_rank,500,18.0,5,108,0.35185185185185186,0.2176214392709238,0.8240740740740741,0.018317799972933698,0.37037037037037035,0.6111111111111112,1.0
shuffled_domain_rank,500,19.0,1,115,0.43478260869565216,0.2681410457846962,0.7565217391304347,0.02456653450182892,0.4649122807017544,0.6666666666666666,0.991304347826087
shuffled_domain_rank,500,19.0,2,108,0.46296296296296297,0.3629878495095886,0.8240740740740741,0.026937930722576574,0.46296296296296297,0.6388888888888888,1.0
shuffled_domain_rank,500,19.0,3,108,0.4074074074074074,0.2828455413173021,0.7777777777777778,0.02931035713489753,0.45794392523364486,0.6261682242990654,0.9907407407407407
shuffled_domain_rank,500,19.0,4,108,0.39814814814814814,0.28417340626642956,0.8240740740740741,0.030696010129582056,0.4519230769230769,0.5961538461538461,0.9629629629629629
shuffled_domain_rank,500,19.0,5,108,0.3055555555555556,0.18462512244279897,0.7870370370370371,0.01947819494837121,0.32710280373831774,0.5981308411214953,0.9907407407407407
shuffled_domain_rank,500,20.0,1,115,0.41739130434782606,0.25751462323470437,0.7565217391304347,0.02630299658721791,0.4434782608695652,0.6434782608695652,1.0
shuffled_domain_rank,500,20.0,2,108,0.42592592592592593,0.31080225817067925,0.8425925925925926,0.02909406108137728,0.4351851851851852,0.6203703703703703,1.0
shuffled_domain_rank,500,20.0,3,108,0.3888888888888889,0.27627588976417283,0.7870370370370371,0.027620803700249094,0.4485981308411215,0.5887850467289719,0.9907407407407407
shuffled_domain_rank,500,20.0,4,108,0.3888888888888889,0.2815895068907117,0.8148148148148148,0.025589068743842924,0.4423076923076923,0.5865384615384616,0.9629629629629629
shuffled_domain_rank,500,20.0,5,108,0.3055555555555556,0.1692253908748754,0.8333333333333334,0.02048659991194514,0.3425925925925926,0.5925925925925926,1.0
shuffled_domain_rank,500,21.0,1,115,0.4260869565217391,0.26041657493270404,0.7652173913043478,0.026387004796397464,0.45217391304347826,0.6608695652173913,1.0
shuffled_domain_rank,500,21.0,2,108,0.49074074074074076,0.37088165088165087,0.8148148148148148,0.024068735373559025,0.5,0.6759259259259259,1.0
shuffled_domain_rank,500,21.0,3,108,0.37962962962962965,0.26542598174904747,0.7777777777777778,0.03082290674454413,0.4339622641509434,0.6226415094339622,0.9814814814814815
shuffled_domain_rank,500,21.0,4,108,0.37962962962962965,0.28065565565565564,0.8148148148148148,0.023308495560118006,0.4326923076923077,0.5769230769230769,0.9629629629629629
shuffled_domain_rank,500,21.0,5,108,0.3611111111111111,0.21181761315140246,0.8148148148148148,0.01928022860152528,0.39814814814814814,0.6388888888888888,1.0
shuffled_domain_rank,500,22.0,1,115,0.4,0.25396825396825395,0.7565217391304347,0.028439426459423073,0.44545454545454544,0.6454545454545455,0.9565217391304348
shuffled_domain_rank,500,22.0,2,108,0.3888888888888889,0.3131602956560512,0.8240740740740741,0.03305378843940809,0.3888888888888889,0.5648148148148148,1.0
shuffled_domain_rank,500,22.0,3,108,0.42592592592592593,0.2978725962768516,0.7962962962962963,0.028415076779915026,0.4766355140186916,0.6261682242990654,0.9907407407407407
shuffled_domain_rank,500,22.0,4,108,0.42592592592592593,0.31604052218087303,0.8240740740740741,0.02614446097656759,0.4666666666666667,0.6,0.9722222222222222
shuffled_domain_rank,500,22.0,5,108,0.2962962962962963,0.1810077519379845,0.7870370370370371,0.019932854381918254,0.3148148148148148,0.6111111111111112,1.0
shuffled_domain_rank,500,23.0,1,115,0.4260869565217391,0.26123402163225173,0.7391304347826086,0.028195834464506155,0.45217391304347826,0.6521739130434783,1.0
shuffled_domain_rank,500,23.0,2,108,0.46296296296296297,0.33672514619883037,0.8333333333333334,0.025516223923338747,0.48148148148148145,0.6481481481481481,1.0
shuffled_domain_rank,500,23.0,3,108,0.37962962962962965,0.2637699238236179,0.7870370370370371,0.031333172291510086,0.42592592592592593,0.6018518518518519,1.0
shuffled_domain_rank,500,23.0,4,108,0.37962962962962965,0.28201954790865735,0.8148148148148148,0.024585675564975748,0.4380952380952381,0.580952380952381,0.9722222222222222
shuffled_domain_rank,500,23.0,5,108,0.35185185185185186,0.2033255976554946,0.8055555555555556,0.0172120912401686,0.37962962962962965,0.6481481481481481,1.0
shuffled_domain_rank,500,24.0,1,115,0.43478260869565216,0.273966823966824,0.7391304347826086,0.026920184230198697,0.4608695652173913,0.6695652173913044,1.0
shuffled_domain_rank,500,24.0,2,108,0.5370370370370371,0.3888710597632292,0.8148148148148148,0.015714552319110568,0.5462962962962963,0.7129629629629629,1.0
shuffled_domain_rank,500,24.0,3,108,0.39814814814814814,0.28993710691823904,0.8055555555555556,0.03282275872738625,0.4392523364485981,0.5700934579439252,0.9907407407407407
shuffled_domain_rank,500,24.0,4,108,0.37037037037037035,0.27481671847384564,0.7870370370370371,0.025518324542618546,0.41904761904761906,0.6,0.9722222222222222
shuffled_domain_rank,500,24.0,5,108,0.3888888888888889,0.22676467676467674,0.8148148148148148,0.016495125713768405,0.4205607476635514,0.6635514018691588,0.9907407407407407
shuffled_domain_rank,500,25.0,1,115,0.41739130434782606,0.2607944078532314,0.7391304347826086,0.027758986703065945,0.4434782608695652,0.6521739130434783,1.0
shuffled_domain_rank,500,25.0,2,108,0.4074074074074074,0.3117223762954313,0.8425925925925926,0.028620763639209092,0.4205607476635514,0.5887850467289719,0.9907407407407407
shuffled_domain_rank,500,25.0,3,108,0.39814814814814814,0.2656688108197262,0.7962962962962963,0.03177524884767487,0.45794392523364486,0.6261682242990654,0.9907407407407407
shuffled_domain_rank,500,25.0,4,108,0.3888888888888889,0.2871099185052673,0.8148148148148148,0.02805581159689338,0.44761904761904764,0.6,0.9722222222222222
shuffled_domain_rank,500,25.0,5,108,0.3611111111111111,0.21027949683630145,0.8148148148148148,0.019245978254561775,0.3888888888888889,0.6388888888888888,1.0
shuffled_domain_rank,500,26.0,1,115,0.4434782608695652,0.2818117025989505,0.7304347826086957,0.025293357673025065,0.46956521739130436,0.6695652173913044,1.0
shuffled_domain_rank,500,26.0,2,108,0.39814814814814814,0.31384547226652487,0.8240740740740741,0.03364952510788999,0.4205607476635514,0.6074766355140186,0.9907407407407407
shuffled_domain_rank,500,26.0,3,108,0.39814814814814814,0.26989096175142685,0.8148148148148148,0.030614012606303056,0.4444444444444444,0.6296296296296297,1.0
shuffled_domain_rank,500,26.0,4,108,0.39814814814814814,0.2897842897842898,0.7962962962962963,0.029714966852118975,0.4423076923076923,0.5865384615384616,0.9629629629629629
shuffled_domain_rank,500,26.0,5,108,0.37037037037037035,0.22006922643483862,0.7962962962962963,0.01698263335997891,0.40186915887850466,0.6635514018691588,0.9907407407407407
shuffled_domain_rank,500,27.0,1,115,0.3739130434782609,0.21564211270093622,0.7217391304347827,0.029412225817309404,0.4,0.6086956521739131,1.0
shuffled_domain_rank,500,27.0,2,108,0.46296296296296297,0.352131972209428,0.8518518518518519,0.020519652935199376,0.48148148148148145,0.6666666666666666,1.0
shuffled_domain_rank,500,27.0,3,108,0.3611111111111111,0.2585373979676828,0.7962962962962963,0.03221111047318547,0.4056603773584906,0.5943396226415094,0.9814814814814815
shuffled_domain_rank,500,27.0,4,108,0.4166666666666667,0.3021663486095683,0.7962962962962963,0.02297667876700701,0.47619047619047616,0.6190476190476191,0.9722222222222222
shuffled_domain_rank,500,27.0,5,108,0.3333333333333333,0.19725182225182225,0.8240740740740741,0.017098799519634913,0.37037037037037035,0.6388888888888888,1.0
shuffled_domain_rank,500,28.0,1,115,0.43478260869565216,0.26679464889404036,0.7652173913043478,0.027142540785810614,0.4608695652173913,0.6608695652173913,1.0
shuffled_domain_rank,500,28.0,2,108,0.4537037037037037,0.33977411477411473,0.8425925925925926,0.02523309470585239,0.4722222222222222,0.6574074074074074,1.0
shuffled_domain_rank,500,28.0,3,108,0.3888888888888889,0.2710583506801251,0.7870370370370371,0.02942257682997738,0.44339622641509435,0.6132075471698113,0.9814814814814815
shuffled_domain_rank,500,28.0,4,108,0.42592592592592593,0.3034822197612895,0.7962962962962963,0.017684173900763996,0.4811320754716981,0.6509433962264151,0.9814814814814815
shuffled_domain_rank,500,28.0,5,108,0.3611111111111111,0.2108699608699609,0.8055555555555556,0.017980298168859536,0.3925233644859813,0.6542056074766355,0.9907407407407407
shuffled_domain_rank,500,29.0,1,115,0.4260869565217391,0.2638246993630866,0.7391304347826086,0.025912120437966382,0.45217391304347826,0.6695652173913044,1.0
shuffled_domain_rank,500,29.0,2,108,0.4537037037037037,0.3376323447947632,0.8240740740740741,0.02329867487817872,0.4672897196261682,0.6448598130841121,0.9907407407407407
shuffled_domain_rank,500,29.0,3,108,0.4074074074074074,0.27152613606514314,0.7870370370370371,0.027455623147108386,0.45794392523364486,0.6448598130841121,0.9907407407407407
shuffled_domain_rank,500,29.0,4,108,0.4351851851851852,0.3035947712418301,0.7685185185185185,0.02334634300635743,0.4857142857142857,0.6285714285714286,0.9722222222222222
shuffled_domain_rank,500,29.0,5,108,0.35185185185185186,0.20224303197725124,0.7962962962962963,0.01914811155600455,0.38317757009345793,0.6074766355140186,0.9907407407407407
baseline_stats,808,,1,115,0.4260869565217391,0.24635414268833541,0.7391304347826086,0.0242658782205447,0.4434782608695652,0.6782608695652174,1.0
baseline_stats,808,,2,108,0.39814814814814814,0.22669568993098407,0.75,0.03647775094999539,0.4166666666666667,0.5648148148148148,1.0
baseline_stats,808,,3,108,0.3888888888888889,0.3053486997635934,0.8055555555555556,0.02198664043926086,0.4205607476635514,0.616822429906542,0.9907407407407407
baseline_stats,808,,4,108,0.35185185185185186,0.2533649917000007,0.8148148148148148,0.03355511942574706,0.4056603773584906,0.5471698113207547,0.9814814814814815
baseline_stats,808,,5,108,0.3888888888888889,0.27245256389993233,0.8703703703703703,0.021266427736615755,0.4205607476635514,0.6261682242990654,0.9907407407407407
real_domain_rank,808,,1,115,0.4434782608695652,0.2620597496758488,0.7304347826086957,0.026263586413307467,0.45217391304347826,0.6608695652173913,1.0
real_domain_rank,808,,2,108,0.4444444444444444,0.23984496124031007,0.7685185185185185,0.027438021138591614,0.46296296296296297,0.6481481481481481,1.0
real_domain_rank,808,,3,108,0.4166666666666667,0.3169413666142331,0.7962962962962963,0.01868341237888921,0.4672897196261682,0.6542056074766355,0.9907407407407407
real_domain_rank,808,,4,108,0.32407407407407407,0.24052396878483837,0.8333333333333334,0.033610076128298076,0.3867924528301887,0.5283018867924528,0.9814814814814815
real_domain_rank,808,,5,108,0.37962962962962965,0.262656420768195,0.7592592592592593,0.024111145160535957,0.4056603773584906,0.6132075471698113,0.9814814814814815
shuffled_domain_rank,808,0.0,1,115,0.40869565217391307,0.2314872325741891,0.7391304347826086,0.02528773937587435,0.4260869565217391,0.6521739130434783,1.0
shuffled_domain_rank,808,0.0,2,108,0.4166666666666667,0.22562736205593348,0.7592592592592593,0.028921465318168305,0.4351851851851852,0.6111111111111112,1.0
shuffled_domain_rank,808,0.0,3,108,0.46296296296296297,0.35140415140415143,0.8055555555555556,0.018784966138187576,0.5046728971962616,0.6355140186915887,0.9907407407407407
shuffled_domain_rank,808,0.0,4,108,0.35185185185185186,0.24948879034244886,0.8333333333333334,0.028239063266093014,0.39622641509433965,0.5754716981132075,0.9814814814814815
shuffled_domain_rank,808,0.0,5,108,0.37962962962962965,0.24189250225835593,0.8148148148148148,0.024047409599347546,0.411214953271028,0.6074766355140186,0.9907407407407407
shuffled_domain_rank,808,1.0,1,115,0.43478260869565216,0.2626382876382876,0.7652173913043478,0.02382256192056346,0.45217391304347826,0.6695652173913044,1.0
shuffled_domain_rank,808,1.0,2,108,0.3888888888888889,0.21448540706605224,0.7777777777777778,0.03572126987846357,0.4074074074074074,0.5740740740740741,1.0
shuffled_domain_rank,808,1.0,3,108,0.4166666666666667,0.32323633156966486,0.8055555555555556,0.018854254144752308,0.4444444444444444,0.6111111111111112,1.0
shuffled_domain_rank,808,1.0,4,108,0.35185185185185186,0.2558373428493938,0.8611111111111112,0.027939423747478213,0.4056603773584906,0.5754716981132075,0.9814814814814815
shuffled_domain_rank,808,1.0,5,108,0.39814814814814814,0.2609508547008547,0.8240740740740741,0.022310484216973653,0.4339622641509434,0.6226415094339622,0.9814814814814815
shuffled_domain_rank,808,2.0,1,115,0.4260869565217391,0.25317163968479756,0.7130434782608696,0.024639408154660952,0.4434782608695652,0.6869565217391305,1.0
shuffled_domain_rank,808,2.0,2,108,0.37037037037037035,0.21765567765567764,0.75,0.0386050635880511,0.3888888888888889,0.5648148148148148,1.0
shuffled_domain_rank,808,2.0,3,108,0.4722222222222222,0.358447557713882,0.7962962962962963,0.02013591418282958,0.5092592592592593,0.6574074074074074,1.0
shuffled_domain_rank,808,2.0,4,108,0.3611111111111111,0.2636034926918153,0.8333333333333334,0.027981016470803186,0.411214953271028,0.5700934579439252,0.9907407407407407
shuffled_domain_rank,808,2.0,5,108,0.39814814814814814,0.26446842037342677,0.8333333333333334,0.021438994538685714,0.42592592592592593,0.6111111111111112,1.0
shuffled_domain_rank,808,3.0,1,115,0.41739130434782606,0.2566391941391941,0.7304347826086957,0.026199479275896432,0.43478260869565216,0.6608695652173913,1.0
shuffled_domain_rank,808,3.0,2,108,0.4074074074074074,0.21854846811245035,0.7407407407407407,0.033570038574278524,0.42592592592592593,0.5740740740740741,1.0
shuffled_domain_rank,808,3.0,3,108,0.4166666666666667,0.32475101775540477,0.7870370370370371,0.02064978135090407,0.4485981308411215,0.5981308411214953,0.9907407407407407
shuffled_domain_rank,808,3.0,4,108,0.37962962962962965,0.27849047705975416,0.8518518518518519,0.028998767106319125,0.4392523364485981,0.5981308411214953,0.9907407407407407
shuffled_domain_rank,808,3.0,5,108,0.39814814814814814,0.27180293501048214,0.8518518518518519,0.021218759277530287,0.4392523364485981,0.616822429906542,0.9907407407407407
shuffled_domain_rank,808,4.0,1,115,0.4434782608695652,0.26664805249197265,0.7565217391304347,0.025386020358583263,0.4608695652173913,0.6608695652173913,1.0
shuffled_domain_rank,808,4.0,2,108,0.4351851851851852,0.23192676410498192,0.7685185185185185,0.028209870505483275,0.4537037037037037,0.6203703703703703,1.0
shuffled_domain_rank,808,4.0,3,108,0.42592592592592593,0.33149704326174917,0.7962962962962963,0.01956529797209196,0.46296296296296297,0.6203703703703703,1.0
shuffled_domain_rank,808,4.0,4,108,0.3611111111111111,0.26308177834972574,0.8888888888888888,0.028338622382799036,0.41509433962264153,0.6132075471698113,0.9814814814814815
shuffled_domain_rank,808,4.0,5,108,0.4074074074074074,0.26589703795586145,0.7962962962962963,0.019656426044819784,0.44339622641509435,0.6320754716981132,0.9814814814814815
shuffled_domain_rank,808,5.0,1,115,0.40869565217391307,0.22542998485027474,0.7478260869565218,0.025678040143778922,0.4298245614035088,0.6754385964912281,0.991304347826087
shuffled_domain_rank,808,5.0,2,108,0.3425925925925926,0.1968960541374334,0.7685185185185185,0.03854428368551516,0.3611111111111111,0.5277777777777778,1.0
shuffled_domain_rank,808,5.0,3,108,0.4351851851851852,0.3437095389587436,0.8148148148148148,0.019518952192093788,0.4672897196261682,0.616822429906542,0.9907407407407407
shuffled_domain_rank,808,5.0,4,108,0.37962962962962965,0.27036258948023656,0.8333333333333334,0.0319613050104673,0.42990654205607476,0.5700934579439252,0.9907407407407407
shuffled_domain_rank,808,5.0,5,108,0.3611111111111111,0.2454467702608435,0.8240740740740741,0.022935569784647412,0.3888888888888889,0.5925925925925926,1.0
shuffled_domain_rank,808,6.0,1,115,0.4260869565217391,0.25508157718983737,0.7478260869565218,0.023533988913505548,0.4434782608695652,0.6782608695652174,1.0
shuffled_domain_rank,808,6.0,2,108,0.37962962962962965,0.2129645994527578,0.7314814814814815,0.03921429685111625,0.39814814814814814,0.5555555555555556,1.0
shuffled_domain_rank,808,6.0,3,108,0.4074074074074074,0.31106628697990824,0.7870370370370371,0.02136629471756192,0.4351851851851852,0.6018518518518519,1.0
shuffled_domain_rank,808,6.0,4,108,0.3888888888888889,0.2815999172339461,0.8518518518518519,0.032332597464701046,0.4485981308411215,0.6448598130841121,0.9907407407407407
shuffled_domain_rank,808,6.0,5,108,0.3888888888888889,0.2233421594586643,0.7962962962962963,0.021607687711681964,0.4205607476635514,0.6542056074766355,0.9907407407407407
shuffled_domain_rank,808,7.0,1,115,0.43478260869565216,0.2477266612859833,0.7391304347826086,0.02567445454077604,0.45217391304347826,0.6608695652173913,1.0
shuffled_domain_rank,808,7.0,2,108,0.48148148148148145,0.25404206795792555,0.7777777777777778,0.02329164012172019,0.5,0.6666666666666666,1.0
shuffled_domain_rank,808,7.0,3,108,0.42592592592592593,0.33496539716854573,0.8055555555555556,0.021259506857279505,0.46226415094339623,0.6037735849056604,0.9814814814814815
shuffled_domain_rank,808,7.0,4,108,0.3888888888888889,0.28333038534714805,0.8611111111111112,0.030812999154745772,0.42990654205607476,0.5794392523364486,0.9907407407407407
shuffled_domain_rank,808,7.0,5,108,0.4074074074074074,0.2778083028083028,0.8148148148148148,0.018535363914488998,0.44339622641509435,0.6509433962264151,0.9814814814814815
shuffled_domain_rank,808,8.0,1,115,0.4260869565217391,0.2500304349861872,0.7130434782608696,0.02400879557539596,0.4434782608695652,0.6782608695652174,1.0
shuffled_domain_rank,808,8.0,2,108,0.4351851851851852,0.23997145694615776,0.7407407407407407,0.02789935946230617,0.4537037037037037,0.6388888888888888,1.0
shuffled_domain_rank,808,8.0,3,108,0.4444444444444444,0.33647031753336404,0.7962962962962963,0.019401559340434676,0.48148148148148145,0.6388888888888888,1.0
shuffled_domain_rank,808,8.0,4,108,0.3333333333333333,0.2440999738226125,0.8703703703703703,0.03608419172044575,0.40186915887850466,0.5514018691588785,0.9907407407407407
shuffled_domain_rank,808,8.0,5,108,0.35185185185185186,0.22285738668227142,0.7685185185185185,0.025228883019159976,0.3888888888888889,0.5925925925925926,1.0
shuffled_domain_rank,808,9.0,1,115,0.40869565217391307,0.23032783942152268,0.7478260869565218,0.02618043559540217,0.4298245614035088,0.631578947368421,0.991304347826087
shuffled_domain_rank,808,9.0,2,108,0.39814814814814814,0.20978690621547766,0.8055555555555556,0.03366410503158813,0.4166666666666667,0.5740740740740741,1.0
shuffled_domain_rank,808,9.0,3,108,0.4444444444444444,0.33938890327779214,0.7962962962962963,0.02087002635317888,0.48598130841121495,0.6261682242990654,0.9907407407407407
shuffled_domain_rank,808,9.0,4,108,0.37037037037037035,0.265078332520193,0.8611111111111112,0.029198781282667438,0.42990654205607476,0.6261682242990654,0.9907407407407407
shuffled_domain_rank,808,9.0,5,108,0.4074074074074074,0.28913507989594944,0.8240740740740741,0.02298780720659895,0.44339622641509435,0.6415094339622641,0.9814814814814815
shuffled_domain_rank,808,10.0,1,115,0.45217391304347826,0.2758655899006776,0.7391304347826086,0.02190564863301789,0.47368421052631576,0.6929824561403509,0.991304347826087
shuffled_domain_rank,808,10.0,2,108,0.37037037037037035,0.2072283272283272,0.75,0.03447272744061726,0.3888888888888889,0.5555555555555556,1.0
shuffled_domain_rank,808,10.0,3,108,0.39814814814814814,0.3125649837418953,0.8148148148148148,0.021823943093734158,0.4392523364485981,0.5981308411214953,0.9907407407407407
shuffled_domain_rank,808,10.0,4,108,0.3611111111111111,0.26352541950748737,0.8703703703703703,0.02800519764854307,0.42452830188679247,0.5849056603773585,0.9814814814814815
shuffled_domain_rank,808,10.0,5,108,0.4166666666666667,0.27377813219918484,0.8425925925925926,0.019590782216407154,0.4444444444444444,0.6481481481481481,1.0
shuffled_domain_rank,808,11.0,1,115,0.4434782608695652,0.26800037819774664,0.7217391304347827,0.02451245142296822,0.4608695652173913,0.6869565217391305,1.0
shuffled_domain_rank,808,11.0,2,108,0.3888888888888889,0.2206893348197696,0.7870370370370371,0.037761914527891356,0.4074074074074074,0.5555555555555556,1.0
shuffled_domain_rank,808,11.0,3,108,0.4351851851851852,0.3414802065404475,0.7962962962962963,0.019662768036424232,0.4811320754716981,0.6415094339622641,0.9814814814814815
shuffled_domain_rank,808,11.0,4,108,0.3611111111111111,0.2581503394394508,0.8333333333333334,0.03246228473743277,0.4205607476635514,0.5981308411214953,0.9907407407407407
shuffled_domain_rank,808,11.0,5,108,0.37962962962962965,0.23874435411020778,0.8055555555555556,0.021752139634075702,0.4074074074074074,0.6018518518518519,1.0
shuffled_domain_rank,808,12.0,1,115,0.4260869565217391,0.25087485136504745,0.7478260869565218,0.024126422302033376,0.4434782608695652,0.6695652173913044,1.0
shuffled_domain_rank,808,12.0,2,108,0.4074074074074074,0.22636095298334388,0.7314814814814815,0.033824633540934,0.42592592592592593,0.5833333333333334,1.0
shuffled_domain_rank,808,12.0,3,108,0.4166666666666667,0.3293948438716338,0.8055555555555556,0.020349657129257927,0.4485981308411215,0.6074766355140186,0.9907407407407407
shuffled_domain_rank,808,12.0,4,108,0.3611111111111111,0.2568152454780362,0.8425925925925926,0.02578666593677774,0.411214953271028,0.5887850467289719,0.9907407407407407
shuffled_domain_rank,808,12.0,5,108,0.4074074074074074,0.2639122315592904,0.7870370370370371,0.02162291054069862,0.4444444444444444,0.6296296296296297,1.0
shuffled_domain_rank,808,13.0,1,115,0.41739130434782606,0.24473608050045637,0.7391304347826086,0.025376111018907466,0.43478260869565216,0.6608695652173913,1.0
shuffled_domain_rank,808,13.0,2,108,0.42592592592592593,0.22526891578046693,0.7777777777777778,0.028871993397484887,0.4444444444444444,0.6203703703703703,1.0
shuffled_domain_rank,808,13.0,3,108,0.4351851851851852,0.296129850910307,0.7962962962962963,0.018616326645698227,0.4766355140186916,0.6448598130841121,0.9907407407407407
shuffled_domain_rank,808,13.0,4,108,0.3425925925925926,0.2524242609548058,0.8518518518518519,0.03286962292964598,0.3867924528301887,0.5471698113207547,0.9814814814814815
shuffled_domain_rank,808,13.0,5,108,0.3888888888888889,0.2719475983595585,0.7962962962962963,0.02241417729209734,0.42452830188679247,0.6226415094339622,0.9814814814814815
shuffled_domain_rank,808,14.0,1,115,0.3826086956521739,0.2138659951159951,0.7304347826086957,0.028124499959340164,0.40350877192982454,0.6228070175438597,0.991304347826087
shuffled_domain_rank,808,14.0,2,108,0.3425925925925926,0.19778215513256014,0.7685185185185185,0.04228792353581151,0.3611111111111111,0.5185185185185185,1.0
shuffled_domain_rank,808,14.0,3,108,0.4351851851851852,0.3346830011074197,0.7962962962962963,0.02077631856930339,0.46296296296296297,0.6111111111111112,1.0
shuffled_domain_rank,808,14.0,4,108,0.32407407407407407,0.24125794418347613,0.8148148148148148,0.03255124187607202,0.36792452830188677,0.5377358490566038,0.9814814814814815
shuffled_domain_rank,808,14.0,5,108,0.37037037037037035,0.2525559625559625,0.8148148148148148,0.02447548861094047,0.3925233644859813,0.5887850467289719,0.9907407407407407
shuffled_domain_rank,808,15.0,1,115,0.43478260869565216,0.26052763661459316,0.7217391304347827,0.025030144481272533,0.45217391304347826,0.6695652173913044,1.0
shuffled_domain_rank,808,15.0,2,108,0.39814814814814814,0.21972165556008882,0.7777777777777778,0.03202108038704699,0.4166666666666667,0.5833333333333334,1.0
shuffled_domain_rank,808,15.0,3,108,0.39814814814814814,0.30992063492063493,0.8055555555555556,0.02108352872781955,0.42592592592592593,0.5925925925925926,1.0
shuffled_domain_rank,808,15.0,4,108,0.35185185185185186,0.25956007335838255,0.8611111111111112,0.040577388986467865,0.40186915887850466,0.5514018691588785,0.9907407407407407
shuffled_domain_rank,808,15.0,5,108,0.4074074074074074,0.26886428386428385,0.7962962962962963,0.020978475998633547,0.4351851851851852,0.6481481481481481,1.0
shuffled_domain_rank,808,16.0,1,115,0.4260869565217391,0.24826344563186672,0.7217391304347827,0.023936998177729544,0.4434782608695652,0.6695652173913044,1.0
shuffled_domain_rank,808,16.0,2,108,0.46296296296296297,0.24670783454652082,0.7407407407407407,0.024357943898578108,0.48148148148148145,0.6388888888888888,1.0
shuffled_domain_rank,808,16.0,3,108,0.4166666666666667,0.32718447880719687,0.7962962962962963,0.02257526435134317,0.45794392523364486,0.5981308411214953,0.9907407407407407
shuffled_domain_rank,808,16.0,4,108,0.3425925925925926,0.24554175840052508,0.8333333333333334,0.02992814299161114,0.4056603773584906,0.5471698113207547,0.9814814814814815
shuffled_domain_rank,808,16.0,5,108,0.37037037037037035,0.25581297090443433,0.7777777777777778,0.020702493935389435,0.39814814814814814,0.6111111111111112,1.0
shuffled_domain_rank,808,17.0,1,115,0.4260869565217391,0.253408581254094,0.7565217391304347,0.02554344670057653,0.4434782608695652,0.6782608695652174,1.0
shuffled_domain_rank,808,17.0,2,108,0.3148148148148148,0.18780480613297948,0.75,0.044609299140797906,0.3333333333333333,0.5,1.0
shuffled_domain_rank,808,17.0,3,108,0.42592592592592593,0.28383663142676424,0.7870370370370371,0.01850050634180558,0.46296296296296297,0.6481481481481481,1.0
shuffled_domain_rank,808,17.0,4,108,0.3333333333333333,0.2438778024143878,0.8796296296296297,0.033172908925736745,0.37735849056603776,0.5283018867924528,0.9814814814814815
shuffled_domain_rank,808,17.0,5,108,0.37037037037037035,0.24460634786721744,0.8333333333333334,0.022025147741763895,0.39814814814814814,0.6111111111111112,1.0
shuffled_domain_rank,808,18.0,1,115,0.40869565217391307,0.22798663324979115,0.7652173913043478,0.024940824293857234,0.4260869565217391,0.6608695652173913,1.0
shuffled_domain_rank,808,18.0,2,108,0.37962962962962965,0.21530800354329763,0.7685185185185185,0.03805860672161411,0.39814814814814814,0.5462962962962963,1.0
shuffled_domain_rank,808,18.0,3,108,0.39814814814814814,0.31532842310538567,0.7962962962962963,0.022650445287177492,0.42592592592592593,0.5833333333333334,1.0
shuffled_domain_rank,808,18.0,4,108,0.37037037037037035,0.27100525956735105,0.8796296296296297,0.03375393330792022,0.40186915887850466,0.5420560747663551,0.9907407407407407
shuffled_domain_rank,808,18.0,5,108,0.4166666666666667,0.2874754442114557,0.8518518518518519,0.017890243976288283,0.4444444444444444,0.6388888888888888,1.0
shuffled_domain_rank,808,19.0,1,115,0.40869565217391307,0.2287380864967072,0.7478260869565218,0.027428986121729265,0.41739130434782606,0.6434782608695652,1.0
shuffled_domain_rank,808,19.0,2,108,0.4166666666666667,0.2296079109727268,0.7314814814814815,0.031242550481692496,0.4351851851851852,0.5833333333333334,1.0
shuffled_domain_rank,808,19.0,3,108,0.4351851851851852,0.3243327910961579,0.7962962962962963,0.020402467196456112,0.4766355140186916,0.6448598130841121,0.9907407407407407
shuffled_domain_rank,808,19.0,4,108,0.37037037037037035,0.2632831968868398,0.8333333333333334,0.026719069279157126,0.4205607476635514,0.5887850467289719,0.9907407407407407
shuffled_domain_rank,808,19.0,5,108,0.39814814814814814,0.26410306044452386,0.8333333333333334,0.019920863809821894,0.42452830188679247,0.6226415094339622,0.9814814814814815
shuffled_domain_rank,808,20.0,1,115,0.4434782608695652,0.2733554177519695,0.7304347826086957,0.025411633922111605,0.4608695652173913,0.6869565217391305,1.0
shuffled_domain_rank,808,20.0,2,108,0.37037037037037035,0.20564131884886602,0.7592592592592593,0.03841832442580507,0.3888888888888889,0.5370370370370371,1.0
shuffled_domain_rank,808,20.0,3,108,0.4166666666666667,0.3272611691027654,0.7870370370370371,0.022143773703715036,0.4537037037037037,0.6018518518518519,1.0
shuffled_domain_rank,808,20.0,4,108,0.35185185185185186,0.2507312422382109,0.8518518518518519,0.030285667994346944,0.39622641509433965,0.5754716981132075,0.9814814814814815
shuffled_domain_rank,808,20.0,5,108,0.37037037037037035,0.24710939042622213,0.8240740740740741,0.021001501927383016,0.3888888888888889,0.6296296296296297,1.0
shuffled_domain_rank,808,21.0,1,115,0.41739130434782606,0.23205436538769872,0.7391304347826086,0.024788708051145397,0.43478260869565216,0.6695652173913044,1.0
shuffled_domain_rank,808,21.0,2,108,0.4537037037037037,0.24788279132791333,0.7685185185185185,0.02840318009415311,0.4722222222222222,0.6111111111111112,1.0
shuffled_domain_rank,808,21.0,3,108,0.42592592592592593,0.3294091710758377,0.8148148148148148,0.022190933019529596,0.46226415094339623,0.5943396226415094,0.9814814814814815
shuffled_domain_rank,808,21.0,4,108,0.32407407407407407,0.2340484644965027,0.8240740740740741,0.036943628161166454,0.38317757009345793,0.5420560747663551,0.9907407407407407
shuffled_domain_rank,808,21.0,5,108,0.37037037037037035,0.2540663040663041,0.8425925925925926,0.023171948653187464,0.4056603773584906,0.6037735849056604,0.9814814814814815
shuffled_domain_rank,808,22.0,1,115,0.43478260869565216,0.2737042650835754,0.7391304347826086,0.0245531873128278,0.4473684210526316,0.6666666666666666,0.991304347826087
shuffled_domain_rank,808,22.0,2,108,0.4444444444444444,0.2440897482921147,0.7777777777777778,0.029142482675887312,0.46296296296296297,0.6296296296296297,1.0
shuffled_domain_rank,808,22.0,3,108,0.4166666666666667,0.31022318488118766,0.7962962962962963,0.019751455368819833,0.4537037037037037,0.6203703703703703,1.0
shuffled_domain_rank,808,22.0,4,108,0.3333333333333333,0.24386626445449977,0.8333333333333334,0.02218002668117626,0.39622641509433965,0.5566037735849056,0.9814814814814815
shuffled_domain_rank,808,22.0,5,108,0.39814814814814814,0.2635069041389077,0.8611111111111112,0.022105563242409476,0.42990654205607476,0.6261682242990654,0.9907407407407407
shuffled_domain_rank,808,23.0,1,115,0.41739130434782606,0.24730048491658396,0.7304347826086957,0.026380323334055784,0.43478260869565216,0.6608695652173913,1.0
shuffled_domain_rank,808,23.0,2,108,0.37962962962962965,0.21528256468848853,0.75,0.03563421339403852,0.39814814814814814,0.5555555555555556,1.0
shuffled_domain_rank,808,23.0,3,108,0.4444444444444444,0.3396521149533198,0.8148148148148148,0.01937374421416065,0.4722222222222222,0.6296296296296297,1.0
shuffled_domain_rank,808,23.0,4,108,0.3333333333333333,0.24820211405577255,0.8611111111111112,0.028752826469134313,0.37735849056603776,0.5660377358490566,0.9814814814814815
shuffled_domain_rank,808,23.0,5,108,0.37962962962962965,0.2652331173311459,0.8240740740740741,0.022000007561787882,0.411214953271028,0.616822429906542,0.9907407407407407
shuffled_domain_rank,808,24.0,1,115,0.4,0.21566685062260282,0.7391304347826086,0.024791851529096316,0.42105263157894735,0.6491228070175439,0.991304347826087
shuffled_domain_rank,808,24.0,2,108,0.4074074074074074,0.2262503446374414,0.7685185185185185,0.032040983348775455,0.42592592592592593,0.5833333333333334,1.0
shuffled_domain_rank,808,24.0,3,108,0.4074074074074074,0.31268809849521206,0.7777777777777778,0.02087215638633152,0.4351851851851852,0.6018518518518519,1.0
shuffled_domain_rank,808,24.0,4,108,0.4166666666666667,0.2910613288520265,0.8240740740740741,0.029466068621222075,0.4672897196261682,0.616822429906542,0.9907407407407407
shuffled_domain_rank,808,24.0,5,108,0.39814814814814814,0.2691846673540037,0.8333333333333334,0.01828294502448556,0.42452830188679247,0.6320754716981132,0.9814814814814815
shuffled_domain_rank,808,25.0,1,115,0.4260869565217391,0.2415252487716256,0.7130434782608696,0.024800592623253098,0.4434782608695652,0.6608695652173913,1.0
shuffled_domain_rank,808,25.0,2,108,0.3888888888888889,0.21702508960573477,0.75,0.03508587724335687,0.4074074074074074,0.5462962962962963,1.0
shuffled_domain_rank,808,25.0,3,108,0.4166666666666667,0.32328925770433736,0.8148148148148148,0.01794112400530335,0.45794392523364486,0.6448598130841121,0.9907407407407407
shuffled_domain_rank,808,25.0,4,108,0.32407407407407407,0.23716899347151452,0.8333333333333334,0.03708753262876774,0.37383177570093457,0.5420560747663551,0.9907407407407407
shuffled_domain_rank,808,25.0,5,108,0.39814814814814814,0.2646699705523235,0.8333333333333334,0.021567845185258998,0.4205607476635514,0.616822429906542,0.9907407407407407
shuffled_domain_rank,808,26.0,1,115,0.43478260869565216,0.25618172676996204,0.7217391304347827,0.025056165163149544,0.45217391304347826,0.6608695652173913,1.0
shuffled_domain_rank,808,26.0,2,108,0.4351851851851852,0.24146704903283847,0.7592592592592593,0.03050171806820822,0.4537037037037037,0.6111111111111112,1.0
shuffled_domain_rank,808,26.0,3,108,0.39814814814814814,0.3083480305702528,0.7962962962962963,0.021094460325714062,0.4351851851851852,0.6296296296296297,1.0
shuffled_domain_rank,808,26.0,4,108,0.3611111111111111,0.2608857120485028,0.8518518518518519,0.02685209548360746,0.411214953271028,0.5887850467289719,0.9907407407407407
shuffled_domain_rank,808,26.0,5,108,0.37037037037037035,0.24355398403534925,0.8148148148148148,0.023224552829889784,0.40186915887850466,0.5981308411214953,0.9907407407407407
shuffled_domain_rank,808,27.0,1,115,0.43478260869565216,0.26653957879448076,0.7043478260869566,0.024802689154033292,0.45217391304347826,0.6695652173913044,1.0
shuffled_domain_rank,808,27.0,2,108,0.3425925925925926,0.18534798534798533,0.7777777777777778,0.04156367304222481,0.3611111111111111,0.5277777777777778,1.0
shuffled_domain_rank,808,27.0,3,108,0.4166666666666667,0.3297260548781847,0.7870370370370371,0.02195329949896777,0.4444444444444444,0.6018518518518519,1.0
shuffled_domain_rank,808,27.0,4,108,0.35185185185185186,0.2617981826877092,0.8611111111111112,0.033157931628851674,0.41509433962264153,0.5754716981132075,0.9814814814814815
shuffled_domain_rank,808,27.0,5,108,0.37962962962962965,0.2519078116473667,0.7685185185185185,0.024193752613151053,0.4205607476635514,0.6074766355140186,0.9907407407407407
shuffled_domain_rank,808,28.0,1,115,0.41739130434782606,0.2342415675749009,0.7478260869565218,0.023439365138844325,0.43478260869565216,0.6695652173913044,1.0
shuffled_domain_rank,808,28.0,2,108,0.37962962962962965,0.21160019386969742,0.7870370370370371,0.03461427995008976,0.39814814814814814,0.5648148148148148,1.0
shuffled_domain_rank,808,28.0,3,108,0.4166666666666667,0.32417832191734003,0.7870370370370371,0.019621665584462763,0.4537037037037037,0.6296296296296297,1.0
shuffled_domain_rank,808,28.0,4,108,0.37037037037037035,0.2718676122931442,0.8796296296296297,0.032046370027738864,0.42452830188679247,0.5754716981132075,0.9814814814814815
shuffled_domain_rank,808,28.0,5,108,0.37037037037037035,0.24261169157023557,0.8703703703703703,0.022285109463848637,0.411214953271028,0.5981308411214953,0.9907407407407407
shuffled_domain_rank,808,29.0,1,115,0.4260869565217391,0.24749046398832708,0.7565217391304347,0.0234252338927663,0.4473684210526316,0.6666666666666666,0.991304347826087
shuffled_domain_rank,808,29.0,2,108,0.3611111111111111,0.19908476116385762,0.7592592592592593,0.03802450918316097,0.37962962962962965,0.5277777777777778,1.0
shuffled_domain_rank,808,29.0,3,108,0.3888888888888889,0.29959031602796987,0.8148148148148148,0.020958115803720118,0.42990654205607476,0.616822429906542,0.9907407407407407
shuffled_domain_rank,808,29.0,4,108,0.3888888888888889,0.28153662056101075,0.8611111111111112,0.023572809798532688,0.42990654205607476,0.5887850467289719,0.9907407407407407
shuffled_domain_rank,808,29.0,5,108,0.4166666666666667,0.289306883347131,0.8148148148148148,0.01865817771638941,0.44339622641509435,0.6698113207547169,0.9814814814814815
baseline_stats,314,,1,115,0.40869565217391307,0.28215538847117794,0.7739130434782608,0.024365345696015808,0.4473684210526316,0.6666666666666666,0.991304347826087
baseline_stats,314,,2,108,0.37962962962962965,0.2365913574132994,0.7962962962962963,0.0316574737046958,0.37962962962962965,0.5185185185185185,1.0
baseline_stats,314,,3,108,0.39814814814814814,0.2796126601499858,0.8425925925925926,0.025702129838553384,0.4166666666666667,0.5740740740740741,1.0
baseline_stats,314,,4,108,0.4351851851851852,0.31937105040553315,0.8055555555555556,0.03193217477806,0.48148148148148145,0.6296296296296297,1.0
baseline_stats,314,,5,108,0.35185185185185186,0.2218323272152046,0.8518518518518519,0.02124892135043651,0.3904761904761905,0.6476190476190476,0.9722222222222222
real_domain_rank,314,,1,115,0.41739130434782606,0.279548477048477,0.7739130434782608,0.02438636938810422,0.4649122807017544,0.6929824561403509,0.991304347826087
real_domain_rank,314,,2,108,0.4351851851851852,0.2593258316026394,0.7870370370370371,0.022118261834761937,0.4351851851851852,0.5740740740740741,1.0
real_domain_rank,314,,3,108,0.4166666666666667,0.3174260569951404,0.8148148148148148,0.024567565020139896,0.4485981308411215,0.5700934579439252,0.9907407407407407
real_domain_rank,314,,4,108,0.4166666666666667,0.30006020986773263,0.8333333333333334,0.03095365235913076,0.49074074074074076,0.6203703703703703,1.0
real_domain_rank,314,,5,108,0.3888888888888889,0.23791485016299438,0.8148148148148148,0.0196029485858199,0.411214953271028,0.6261682242990654,0.9907407407407407
shuffled_domain_rank,314,0.0,1,115,0.3826086956521739,0.24058611826904508,0.782608695652174,0.025785090617128227,0.4298245614035088,0.6491228070175439,0.991304347826087
shuffled_domain_rank,314,0.0,2,108,0.3888888888888889,0.24282420478072653,0.7962962962962963,0.03099680452673193,0.39814814814814814,0.5370370370370371,1.0
shuffled_domain_rank,314,0.0,3,108,0.4166666666666667,0.31533623609095307,0.8518518518518519,0.02486407178565039,0.4351851851851852,0.5925925925925926,1.0
shuffled_domain_rank,314,0.0,4,108,0.4444444444444444,0.32448162853721557,0.8055555555555556,0.02591015133588722,0.4953271028037383,0.6542056074766355,0.9907407407407407
shuffled_domain_rank,314,0.0,5,108,0.4166666666666667,0.2492315262785243,0.8148148148148148,0.020415182693359783,0.4485981308411215,0.6822429906542056,0.9907407407407407
shuffled_domain_rank,314,1.0,1,115,0.4260869565217391,0.30046901224271255,0.7478260869565218,0.022373618808552063,0.47368421052631576,0.7017543859649122,0.991304347826087
shuffled_domain_rank,314,1.0,2,108,0.2777777777777778,0.19728904974806616,0.7592592592592593,0.03702785052344801,0.2777777777777778,0.4074074074074074,1.0
shuffled_domain_rank,314,1.0,3,108,0.4351851851851852,0.2917216117216117,0.8425925925925926,0.026620457241458444,0.4537037037037037,0.6111111111111112,1.0
shuffled_domain_rank,314,1.0,4,108,0.4351851851851852,0.3153093067727214,0.8425925925925926,0.02797721009269687,0.48148148148148145,0.6111111111111112,1.0
shuffled_domain_rank,314,1.0,5,108,0.3888888888888889,0.23160875200689277,0.8148148148148148,0.022080370656701574,0.4339622641509434,0.6792452830188679,0.9814814814814815
shuffled_domain_rank,314,2.0,1,115,0.4260869565217391,0.2825345794764755,0.782608695652174,0.023809796750850935,0.47368421052631576,0.7017543859649122,0.991304347826087
shuffled_domain_rank,314,2.0,2,108,0.39814814814814814,0.2427873563218391,0.7777777777777778,0.02794307975952086,0.39814814814814814,0.5277777777777778,1.0
shuffled_domain_rank,314,2.0,3,108,0.3425925925925926,0.21699548438678873,0.8518518518518519,0.030188933484529487,0.3611111111111111,0.5370370370370371,1.0
shuffled_domain_rank,314,2.0,4,108,0.4074074074074074,0.3000948484498675,0.8148148148148148,0.027414044866241192,0.4722222222222222,0.6296296296296297,1.0
shuffled_domain_rank,314,2.0,5,108,0.42592592592592593,0.26209082738405287,0.8425925925925926,0.02066707489610146,0.46226415094339623,0.6698113207547169,0.9814814814814815
shuffled_domain_rank,314,3.0,1,115,0.4260869565217391,0.28527305586129115,0.7478260869565218,0.025822170383276843,0.47368421052631576,0.7105263157894737,0.991304347826087
shuffled_domain_rank,314,3.0,2,108,0.37962962962962965,0.2403060687602411,0.75,0.030245995658672847,0.37962962962962965,0.5185185185185185,1.0
shuffled_domain_rank,314,3.0,3,108,0.4074074074074074,0.2932226829961501,0.8611111111111112,0.024210230030644753,0.4351851851851852,0.6018518518518519,1.0
shuffled_domain_rank,314,3.0,4,108,0.46296296296296297,0.3212573334524554,0.8055555555555556,0.032410456077125414,0.5233644859813084,0.6635514018691588,0.9907407407407407
shuffled_domain_rank,314,3.0,5,108,0.37962962962962965,0.23609033296971582,0.8518518518518519,0.019139391395419782,0.41509433962264153,0.660377358490566,0.9814814814814815
shuffled_domain_rank,314,4.0,1,115,0.40869565217391307,0.2758960181485021,0.7478260869565218,0.023854456628321186,0.45614035087719296,0.6842105263157895,0.991304347826087
shuffled_domain_rank,314,4.0,2,108,0.4074074074074074,0.24686912772019154,0.7685185185185185,0.028925153000558985,0.4074074074074074,0.5277777777777778,1.0
shuffled_domain_rank,314,4.0,3,108,0.37037037037037035,0.21818886136196133,0.8425925925925926,0.030810489956203408,0.411214953271028,0.5794392523364486,0.9907407407407407
shuffled_domain_rank,314,4.0,4,108,0.4166666666666667,0.29847523749962773,0.8703703703703703,0.03248463689331718,0.4766355140186916,0.6542056074766355,0.9907407407407407
shuffled_domain_rank,314,4.0,5,108,0.37037037037037035,0.22704811841258185,0.8240740740740741,0.019835478815334262,0.4,0.6666666666666666,0.9722222222222222
shuffled_domain_rank,314,5.0,1,115,0.43478260869565216,0.29863632799412615,0.7652173913043478,0.021569119054718797,0.4824561403508772,0.7192982456140351,0.991304347826087
shuffled_domain_rank,314,5.0,2,108,0.37037037037037035,0.23220956741308726,0.7870370370370371,0.029798499108530274,0.37037037037037035,0.5,1.0
shuffled_domain_rank,314,5.0,3,108,0.42592592592592593,0.31449009927270793,0.8240740740740741,0.027296688344710395,0.4537037037037037,0.5925925925925926,1.0
shuffled_domain_rank,314,5.0,4,108,0.42592592592592593,0.3077158135981665,0.8518518518518519,0.024615443717894685,0.5,0.6666666666666666,1.0
shuffled_domain_rank,314,5.0,5,108,0.3888888888888889,0.22903294191860435,0.8425925925925926,0.02013537736554754,0.42452830188679247,0.660377358490566,0.9814814814814815
shuffled_domain_rank,314,6.0,1,115,0.41739130434782606,0.2702849927849928,0.7652173913043478,0.02335653751265082,0.45614035087719296,0.6929824561403509,0.991304347826087
shuffled_domain_rank,314,6.0,2,108,0.4537037037037037,0.2649289494170818,0.7592592592592593,0.019020647761713513,0.4537037037037037,0.6018518518518519,1.0
shuffled_domain_rank,314,6.0,3,108,0.37037037037037035,0.22784960709138866,0.8425925925925926,0.03653756755193893,0.37962962962962965,0.5555555555555556,1.0
shuffled_domain_rank,314,6.0,4,108,0.4166666666666667,0.2950307002938582,0.8333333333333334,0.03193807495828328,0.48148148148148145,0.6574074074074074,1.0
shuffled_domain_rank,314,6.0,5,108,0.4351851851851852,0.268662430759205,0.8240740740740741,0.018015230991350658,0.47619047619047616,0.6857142857142857,0.9722222222222222
shuffled_domain_rank,314,7.0,1,115,0.3826086956521739,0.25277011323740295,0.7739130434782608,0.024906055405233572,0.42105263157894735,0.6754385964912281,0.991304347826087
shuffled_domain_rank,314,7.0,2,108,0.4444444444444444,0.258401559454191,0.7777777777777778,0.020755585325211472,0.4444444444444444,0.5833333333333334,1.0
shuffled_domain_rank,314,7.0,3,108,0.37962962962962965,0.2906982423261493,0.8425925925925926,0.028887004371963006,0.39814814814814814,0.5648148148148148,1.0
shuffled_domain_rank,314,7.0,4,108,0.4351851851851852,0.3123272992944563,0.8518518518518519,0.024326421160689823,0.49074074074074076,0.6481481481481481,1.0
shuffled_domain_rank,314,7.0,5,108,0.35185185185185186,0.21383901265055763,0.8055555555555556,0.022924216436852593,0.3883495145631068,0.6699029126213593,0.9537037037037037
shuffled_domain_rank,314,8.0,1,115,0.45217391304347826,0.3143599740090968,0.7652173913043478,0.023425549200690746,0.5,0.7192982456140351,0.991304347826087
shuffled_domain_rank,314,8.0,2,108,0.35185185185185186,0.22754837310960283,0.8055555555555556,0.034564708799856125,0.35185185185185186,0.5,1.0
shuffled_domain_rank,314,8.0,3,108,0.3888888888888889,0.2840757276241147,0.8333333333333334,0.025072127692604737,0.4166666666666667,0.5833333333333334,1.0
shuffled_domain_rank,314,8.0,4,108,0.4074074074074074,0.2840295182400446,0.8333333333333334,0.026746177396291607,0.4722222222222222,0.6481481481481481,1.0
shuffled_domain_rank,314,8.0,5,108,0.39814814814814814,0.23328634085213032,0.8425925925925926,0.022022552087663447,0.42452830188679247,0.6698113207547169,0.9814814814814815
shuffled_domain_rank,314,9.0,1,115,0.41739130434782606,0.2707164209352992,0.7478260869565218,0.024156583221300897,0.4649122807017544,0.6929824561403509,0.991304347826087
shuffled_domain_rank,314,9.0,2,108,0.4444444444444444,0.2719231654014263,0.7870370370370371,0.026165811734872244,0.4444444444444444,0.5648148148148148,1.0
shuffled_domain_rank,314,9.0,3,108,0.4351851851851852,0.27838622257190315,0.8518518518518519,0.024526964498554998,0.46296296296296297,0.6111111111111112,1.0
shuffled_domain_rank,314,9.0,4,108,0.4351851851851852,0.31137954916150407,0.8518518518518519,0.021069067411079064,0.5185185185185185,0.7037037037037037,1.0
shuffled_domain_rank,314,9.0,5,108,0.3611111111111111,0.22378675203557605,0.7777777777777778,0.019896002788078845,0.4,0.6666666666666666,0.9722222222222222
shuffled_domain_rank,314,10.0,1,115,0.4260869565217391,0.2890525761378071,0.7739130434782608,0.024383375231335606,0.4649122807017544,0.7017543859649122,0.991304347826087
shuffled_domain_rank,314,10.0,2,108,0.3611111111111111,0.22551723030349266,0.7777777777777778,0.0337171958805843,0.3611111111111111,0.5,1.0
shuffled_domain_rank,314,10.0,3,108,0.4074074074074074,0.29040397161106546,0.8240740740740741,0.02242324287220289,0.4351851851851852,0.6111111111111112,1.0
shuffled_domain_rank,314,10.0,4,108,0.4537037037037037,0.3241428060233826,0.8240740740740741,0.020643935407079986,0.5,0.6574074074074074,1.0
shuffled_domain_rank,314,10.0,5,108,0.35185185185185186,0.2195785377463618,0.8148148148148148,0.021315569976605834,0.38461538461538464,0.6538461538461539,0.9629629629629629
shuffled_domain_rank,314,11.0,1,115,0.4260869565217391,0.287484984984985,0.7739130434782608,0.02508867713758942,0.47368421052631576,0.7105263157894737,0.991304347826087
shuffled_domain_rank,314,11.0,2,108,0.32407407407407407,0.23896872549889792,0.7777777777777778,0.035426634052653394,0.32407407407407407,0.4537037037037037,1.0
shuffled_domain_rank,314,11.0,3,108,0.4074074074074074,0.298609619286311,0.8333333333333334,0.02599528200495042,0.4351851851851852,0.6018518518518519,1.0
shuffled_domain_rank,314,11.0,4,108,0.39814814814814814,0.27752803018226263,0.8518518518518519,0.03186369900875022,0.45794392523364486,0.6261682242990654,0.9907407407407407
shuffled_domain_rank,314,11.0,5,108,0.3888888888888889,0.2394986121217021,0.8518518518518519,0.01902146855311153,0.4205607476635514,0.6635514018691588,0.9907407407407407
shuffled_domain_rank,314,12.0,1,115,0.40869565217391307,0.27073132201894473,0.7652173913043478,0.02419743026517387,0.45614035087719296,0.6842105263157895,0.991304347826087
shuffled_domain_rank,314,12.0,2,108,0.3888888888888889,0.238890654220983,0.7777777777777778,0.02998935138185554,0.3888888888888889,0.5185185185185185,1.0
shuffled_domain_rank,314,12.0,3,108,0.39814814814814814,0.2895710908476866,0.8425925925925926,0.029219136518753158,0.42592592592592593,0.5925925925925926,1.0
shuffled_domain_rank,314,12.0,4,108,0.46296296296296297,0.3330042120446408,0.8240740740740741,0.023427302753015182,0.5,0.6574074074074074,1.0
shuffled_domain_rank,314,12.0,5,108,0.3611111111111111,0.21471218172249099,0.8055555555555556,0.024033736271857214,0.3904761904761905,0.6666666666666666,0.9722222222222222
shuffled_domain_rank,314,13.0,1,115,0.3826086956521739,0.24725453571034506,0.7652173913043478,0.024460574002411094,0.4260869565217391,0.6695652173913044,1.0
shuffled_domain_rank,314,13.0,2,108,0.3333333333333333,0.21156961518718623,0.7962962962962963,0.030848018576543648,0.3333333333333333,0.46296296296296297,1.0
shuffled_domain_rank,314,13.0,3,108,0.4351851851851852,0.3199382317029376,0.8425925925925926,0.03059510634962231,0.4537037037037037,0.5925925925925926,1.0
shuffled_domain_rank,314,13.0,4,108,0.42592592592592593,0.31408039198475657,0.8518518518518519,0.01994702136449053,0.5,0.6698113207547169,0.9814814814814815
shuffled_domain_rank,314,13.0,5,108,0.35185185185185186,0.2194124581092666,0.8333333333333334,0.023560711489104224,0.37735849056603776,0.6415094339622641,0.9814814814814815
shuffled_domain_rank,314,14.0,1,115,0.4260869565217391,0.282374862650092,0.7391304347826086,0.024389480247800504,0.4649122807017544,0.6929824561403509,0.991304347826087
shuffled_domain_rank,314,14.0,2,108,0.4351851851851852,0.2588327354284801,0.7777777777777778,0.023048041040661302,0.4351851851851852,0.5740740740740741,1.0
shuffled_domain_rank,314,14.0,3,108,0.4444444444444444,0.30622636627791266,0.8425925925925926,0.026922539222061698,0.46296296296296297,0.6111111111111112,1.0
shuffled_domain_rank,314,14.0,4,108,0.46296296296296297,0.33423895379162044,0.8333333333333334,0.024971458559670447,0.5185185185185185,0.6851851851851852,1.0
shuffled_domain_rank,314,14.0,5,108,0.3888888888888889,0.23086635586635584,0.8055555555555556,0.01864534481541726,0.42452830188679247,0.6792452830188679,0.9814814814814815
shuffled_domain_rank,314,15.0,1,115,0.43478260869565216,0.29057456671860277,0.7565217391304347,0.02352427216726788,0.46956521739130436,0.7043478260869566,1.0
shuffled_domain_rank,314,15.0,2,108,0.42592592592592593,0.25968964054070437,0.7407407407407407,0.02248086579563505,0.42592592592592593,0.5648148148148148,1.0
shuffled_domain_rank,314,15.0,3,108,0.4351851851851852,0.29837150529604867,0.8333333333333334,0.029580408660041982,0.46296296296296297,0.6296296296296297,1.0
shuffled_domain_rank,314,15.0,4,108,0.4444444444444444,0.31971292382971045,0.8240740740740741,0.025646105105929115,0.49074074074074076,0.6481481481481481,1.0
shuffled_domain_rank,314,15.0,5,108,0.37037037037037035,0.23530901722391084,0.7962962962962963,0.02335029340905054,0.4,0.638095238095238,0.9722222222222222
shuffled_domain_rank,314,16.0,1,115,0.43478260869565216,0.30683171941033577,0.7739130434782608,0.02386654131866786,0.47368421052631576,0.7280701754385965,0.991304347826087
shuffled_domain_rank,314,16.0,2,108,0.3333333333333333,0.2174738841405508,0.7870370370370371,0.03517103226003186,0.3333333333333333,0.4722222222222222,1.0
shuffled_domain_rank,314,16.0,3,108,0.46296296296296297,0.3082786282829964,0.8240740740740741,0.025011830273951464,0.4953271028037383,0.6448598130841121,0.9907407407407407
shuffled_domain_rank,314,16.0,4,108,0.42592592592592593,0.2816740132745605,0.8333333333333334,0.029584320832668196,0.49074074074074076,0.6203703703703703,1.0
shuffled_domain_rank,314,16.0,5,108,0.35185185185185186,0.21908229658386838,0.8148148148148148,0.02150966716223448,0.3942307692307692,0.6442307692307693,0.9629629629629629
shuffled_domain_rank,314,17.0,1,115,0.41739130434782606,0.27542278593680464,0.7304347826086957,0.025785522439261157,0.4649122807017544,0.6754385964912281,0.991304347826087
shuffled_domain_rank,314,17.0,2,108,0.4444444444444444,0.26041676111035555,0.7962962962962963,0.022905724854107298,0.4444444444444444,0.5833333333333334,1.0
shuffled_domain_rank,314,17.0,3,108,0.4166666666666667,0.25808817652131844,0.8148148148148148,0.027836324099177148,0.4351851851851852,0.5555555555555556,1.0
shuffled_domain_rank,314,17.0,4,108,0.4074074074074074,0.29857841850816397,0.8333333333333334,0.025284284342687566,0.48148148148148145,0.6388888888888888,1.0
shuffled_domain_rank,314,17.0,5,108,0.39814814814814814,0.2444445268181753,0.8148148148148148,0.019974236880596886,0.42452830188679247,0.6792452830188679,0.9814814814814815
shuffled_domain_rank,314,18.0,1,115,0.4434782608695652,0.30781094443885143,0.7739130434782608,0.022871673224972494,0.49122807017543857,0.7105263157894737,0.991304347826087
shuffled_domain_rank,314,18.0,2,108,0.42592592592592593,0.27697424356089023,0.75,0.028595142519483186,0.42592592592592593,0.5740740740740741,1.0
shuffled_domain_rank,314,18.0,3,108,0.42592592592592593,0.30068632084761115,0.8425925925925926,0.026168065604796426,0.4444444444444444,0.6018518518518519,1.0
shuffled_domain_rank,314,18.0,4,108,0.3888888888888889,0.2895697167755991,0.8611111111111112,0.028055000214264807,0.45794392523364486,0.6355140186915887,0.9907407407407407
shuffled_domain_rank,314,18.0,5,108,0.37962962962962965,0.23273074034078878,0.8518518518518519,0.019151562023928946,0.40186915887850466,0.6448598130841121,0.9907407407407407
shuffled_domain_rank,314,19.0,1,115,0.41739130434782606,0.2802634540952298,0.7913043478260869,0.024250091753960513,0.4649122807017544,0.7105263157894737,0.991304347826087
shuffled_domain_rank,314,19.0,2,108,0.3888888888888889,0.2449073665767085,0.7777777777777778,0.02670207432444915,0.3888888888888889,0.5277777777777778,1.0
shuffled_domain_rank,314,19.0,3,108,0.39814814814814814,0.2817180914396745,0.8333333333333334,0.02741699734032312,0.42592592592592593,0.5555555555555556,1.0
shuffled_domain_rank,314,19.0,4,108,0.4444444444444444,0.3138388917458685,0.8240740740740741,0.029420772581279418,0.5092592592592593,0.6666666666666666,1.0
shuffled_domain_rank,314,19.0,5,108,0.3888888888888889,0.24149515639779506,0.8240740740740741,0.020316554298175447,0.41509433962264153,0.660377358490566,0.9814814814814815
shuffled_domain_rank,314,20.0,1,115,0.41739130434782606,0.25875235875235875,0.782608695652174,0.02140144285704003,0.45614035087719296,0.7105263157894737,0.991304347826087
shuffled_domain_rank,314,20.0,2,108,0.39814814814814814,0.2562769677131379,0.7592592592592593,0.02832760519426482,0.39814814814814814,0.5277777777777778,1.0
shuffled_domain_rank,314,20.0,3,108,0.3888888888888889,0.2847759103641457,0.8518518518518519,0.026041847596788507,0.4166666666666667,0.5833333333333334,1.0
shuffled_domain_rank,314,20.0,4,108,0.42592592592592593,0.304730930953866,0.8703703703703703,0.030871521540648712,0.48148148148148145,0.6296296296296297,1.0
shuffled_domain_rank,314,20.0,5,108,0.3611111111111111,0.2221175085438026,0.8333333333333334,0.02305523264508021,0.38317757009345793,0.6261682242990654,0.9907407407407407
shuffled_domain_rank,314,21.0,1,115,0.40869565217391307,0.2763351134846462,0.7565217391304347,0.025416830792302347,0.45614035087719296,0.7017543859649122,0.991304347826087
shuffled_domain_rank,314,21.0,2,108,0.4351851851851852,0.2598015240120503,0.7777777777777778,0.026308260992299163,0.4351851851851852,0.5740740740740741,1.0
shuffled_domain_rank,314,21.0,3,108,0.46296296296296297,0.33608968727661076,0.8148148148148148,0.02556993035471824,0.48148148148148145,0.6111111111111112,1.0
shuffled_domain_rank,314,21.0,4,108,0.4537037037037037,0.3229599369224766,0.8333333333333334,0.02810888809218023,0.5277777777777778,0.6851851851851852,1.0
shuffled_domain_rank,314,21.0,5,108,0.3611111111111111,0.2274610475340433,0.8240740740740741,0.023015827059445288,0.39622641509433965,0.6415094339622641,0.9814814814814815
shuffled_domain_rank,314,22.0,1,115,0.40869565217391307,0.2686265432098765,0.7565217391304347,0.02363374536325752,0.45614035087719296,0.6842105263157895,0.991304347826087
shuffled_domain_rank,314,22.0,2,108,0.37037037037037035,0.2316143551437669,0.7870370370370371,0.03265506875681778,0.37037037037037035,0.5,1.0
shuffled_domain_rank,314,22.0,3,108,0.4166666666666667,0.2907225289471666,0.8240740740740741,0.023990188875808456,0.4351851851851852,0.6111111111111112,1.0
shuffled_domain_rank,314,22.0,4,108,0.42592592592592593,0.3113879153379011,0.8240740740740741,0.02997724434135597,0.46296296296296297,0.6296296296296297,1.0
shuffled_domain_rank,314,22.0,5,108,0.37037037037037035,0.22220849802371542,0.7962962962962963,0.017902769991862858,0.40384615384615385,0.6538461538461539,0.9629629629629629
shuffled_domain_rank,314,23.0,1,115,0.4260869565217391,0.29197242413753316,0.7913043478260869,0.02566146835812808,0.45614035087719296,0.7017543859649122,0.991304347826087
shuffled_domain_rank,314,23.0,2,108,0.3888888888888889,0.24129788450543166,0.75,0.03074408737079328,0.3888888888888889,0.5277777777777778,1.0
shuffled_domain_rank,314,23.0,3,108,0.37037037037037035,0.26816239316239315,0.8240740740740741,0.03047347989797195,0.39814814814814814,0.5462962962962963,1.0
shuffled_domain_rank,314,23.0,4,108,0.42592592592592593,0.29894662579672066,0.8703703703703703,0.020883582960534823,0.49074074074074076,0.6574074074074074,1.0
shuffled_domain_rank,314,23.0,5,108,0.3888888888888889,0.22866921497327583,0.8333333333333334,0.019524631516576938,0.42857142857142855,0.6666666666666666,0.9722222222222222
shuffled_domain_rank,314,24.0,1,115,0.40869565217391307,0.2721447261797123,0.7739130434782608,0.025710955410672327,0.45614035087719296,0.6929824561403509,0.991304347826087
shuffled_domain_rank,314,24.0,2,108,0.37962962962962965,0.23949826673964605,0.7870370370370371,0.03149528848276192,0.37962962962962965,0.5277777777777778,1.0
shuffled_domain_rank,314,24.0,3,108,0.37962962962962965,0.2773797566905657,0.8425925925925926,0.027896748280257587,0.4074074074074074,0.5833333333333334,1.0
shuffled_domain_rank,314,24.0,4,108,0.4074074074074074,0.2920373335007482,0.8796296296296297,0.028356675693481083,0.46296296296296297,0.6203703703703703,1.0
shuffled_domain_rank,314,24.0,5,108,0.4166666666666667,0.25612163698489404,0.8055555555555556,0.018334955224911593,0.45714285714285713,0.6666666666666666,0.9722222222222222
shuffled_domain_rank,314,25.0,1,115,0.4260869565217391,0.2819214749039311,0.7565217391304347,0.024225081796091796,0.47368421052631576,0.7017543859649122,0.991304347826087
shuffled_domain_rank,314,25.0,2,108,0.3148148148148148,0.19475671750181553,0.7592592592592593,0.03565690330526528,0.3148148148148148,0.4537037037037037,1.0
shuffled_domain_rank,314,25.0,3,108,0.3611111111111111,0.22387991287620376,0.8425925925925926,0.030011190570806347,0.37962962962962965,0.5833333333333334,1.0
shuffled_domain_rank,314,25.0,4,108,0.4351851851851852,0.31180458549172535,0.7685185185185185,0.025720090036502004,0.48148148148148145,0.6296296296296297,1.0
shuffled_domain_rank,314,25.0,5,108,0.37962962962962965,0.234281643533413,0.8240740740740741,0.02317323290326298,0.4095238095238095,0.6571428571428571,0.9722222222222222
shuffled_domain_rank,314,26.0,1,115,0.43478260869565216,0.295487012987013,0.782608695652174,0.024606544895843144,0.4824561403508772,0.7105263157894737,0.991304347826087
shuffled_domain_rank,314,26.0,2,108,0.4074074074074074,0.25402652016879107,0.7777777777777778,0.02622647587545261,0.4074074074074074,0.5462962962962963,1.0
shuffled_domain_rank,314,26.0,3,108,0.35185185185185186,0.21177757917202658,0.8518518518518519,0.032413906427544256,0.37962962962962965,0.5462962962962963,1.0
shuffled_domain_rank,314,26.0,4,108,0.4722222222222222,0.34134772539797215,0.8240740740740741,0.018738416534887933,0.5277777777777778,0.6944444444444444,1.0
shuffled_domain_rank,314,26.0,5,108,0.35185185185185186,0.21899730251711866,0.8148148148148148,0.023525769143143065,0.38095238095238093,0.638095238095238,0.9722222222222222
shuffled_domain_rank,314,27.0,1,115,0.41739130434782606,0.28991963041663915,0.7913043478260869,0.024371141636439456,0.4649122807017544,0.7105263157894737,0.991304347826087
shuffled_domain_rank,314,27.0,2,108,0.5,0.29024849966459876,0.7777777777777778,0.01705251412052589,0.5,0.6296296296296297,1.0
shuffled_domain_rank,314,27.0,3,108,0.37962962962962965,0.2758974358974359,0.8333333333333334,0.028851578060497426,0.40186915887850466,0.5607476635514018,0.9907407407407407
shuffled_domain_rank,314,27.0,4,108,0.42592592592592593,0.29439471440750214,0.8333333333333334,0.03239140506989707,0.49074074074074076,0.6388888888888888,1.0
shuffled_domain_rank,314,27.0,5,108,0.35185185185185186,0.21566820276497692,0.8425925925925926,0.020249732018034993,0.4,0.6571428571428571,0.9722222222222222
shuffled_domain_rank,314,28.0,1,115,0.40869565217391307,0.26655826558265583,0.7739130434782608,0.023918112177603527,0.45614035087719296,0.6754385964912281,0.991304347826087
shuffled_domain_rank,314,28.0,2,108,0.4351851851851852,0.25702907208283554,0.7592592592592593,0.023589741892932496,0.4351851851851852,0.5648148148148148,1.0
shuffled_domain_rank,314,28.0,3,108,0.3888888888888889,0.2805048724860046,0.8333333333333334,0.0291406755572254,0.4166666666666667,0.5740740740740741,1.0
shuffled_domain_rank,314,28.0,4,108,0.46296296296296297,0.3273519163763066,0.8333333333333334,0.030482771544314363,0.5277777777777778,0.6666666666666666,1.0
shuffled_domain_rank,314,28.0,5,108,0.4074074074074074,0.24916988626666045,0.8333333333333334,0.016598371791868002,0.4380952380952381,0.7047619047619048,0.9722222222222222
shuffled_domain_rank,314,29.0,1,115,0.3826086956521739,0.24222729222729222,0.7391304347826086,0.02578664868373381,0.4298245614035088,0.6491228070175439,0.991304347826087
shuffled_domain_rank,314,29.0,2,108,0.3611111111111111,0.22410681106333277,0.7777777777777778,0.034033433638114875,0.3611111111111111,0.5,1.0
shuffled_domain_rank,314,29.0,3,108,0.3888888888888889,0.2881387608806964,0.8518518518518519,0.023920754897804496,0.4074074074074074,0.5833333333333334,1.0
shuffled_domain_rank,314,29.0,4,108,0.4444444444444444,0.3159748426730073,0.8611111111111112,0.0247217035268893,0.5,0.6388888888888888,1.0
shuffled_domain_rank,314,29.0,5,108,0.37962962962962965,0.2278572388655645,0.8055555555555556,0.021159998958985706,0.4056603773584906,0.660377358490566,0.9814814814814815
baseline_stats,271,,1,115,0.41739130434782606,0.25806340646049025,0.7565217391304347,0.018440414165442558,0.43478260869565216,0.6956521739130435,1.0
baseline_stats,271,,2,108,0.49074074074074076,0.28594705609268717,0.8148148148148148,0.02326971471307593,0.5185185185185185,0.6111111111111112,1.0
baseline_stats,271,,3,108,0.3611111111111111,0.2727085648433963,0.8425925925925926,0.02666014125397654,0.4074074074074074,0.5833333333333334,1.0
baseline_stats,271,,4,108,0.42592592592592593,0.29900962481428633,0.8703703703703703,0.028140479129627857,0.49074074074074076,0.6203703703703703,1.0
baseline_stats,271,,5,108,0.32407407407407407,0.20549431661173012,0.8055555555555556,0.017463819223787005,0.36893203883495146,0.6310679611650486,0.9537037037037037
real_domain_rank,271,,1,115,0.43478260869565216,0.2716972031137529,0.782608695652174,0.016814851342782676,0.45217391304347826,0.7130434782608696,1.0
real_domain_rank,271,,2,108,0.48148148148148145,0.2824528914879792,0.8240740740740741,0.024623846071423667,0.5185185185185185,0.6111111111111112,1.0
real_domain_rank,271,,3,108,0.3148148148148148,0.24804049962463862,0.8148148148148148,0.027265052868150834,0.3611111111111111,0.5277777777777778,1.0
real_domain_rank,271,,4,108,0.37037037037037035,0.2709400014128029,0.8796296296296297,0.02863366396220419,0.42592592592592593,0.5833333333333334,1.0
real_domain_rank,271,,5,108,0.3888888888888889,0.2430367018602313,0.8240740740740741,0.016563499592787967,0.42857142857142855,0.638095238095238,0.9722222222222222
shuffled_domain_rank,271,0.0,1,115,0.40869565217391307,0.21911990602692688,0.7478260869565218,0.021560169429522442,0.41739130434782606,0.6782608695652174,1.0
shuffled_domain_rank,271,0.0,2,108,0.5277777777777778,0.32017280803688575,0.8333333333333334,0.023795680388333334,0.5648148148148148,0.6574074074074074,1.0
shuffled_domain_rank,271,0.0,3,108,0.37037037037037035,0.2707088196041685,0.8333333333333334,0.032382250271025,0.4166666666666667,0.5462962962962963,1.0
shuffled_domain_rank,271,0.0,4,108,0.4074074074074074,0.29282282437286017,0.8425925925925926,0.02417645144007541,0.46296296296296297,0.6111111111111112,1.0
shuffled_domain_rank,271,0.0,5,108,0.3333333333333333,0.20759197324414716,0.8703703703703703,0.01608198844331054,0.37142857142857144,0.6285714285714286,0.9722222222222222
shuffled_domain_rank,271,1.0,1,115,0.41739130434782606,0.2409036182255996,0.7565217391304347,0.020852798936727132,0.43478260869565216,0.6956521739130435,1.0
shuffled_domain_rank,271,1.0,2,108,0.49074074074074076,0.28414771810998224,0.8148148148148148,0.024631337500229722,0.5185185185185185,0.6111111111111112,1.0
shuffled_domain_rank,271,1.0,3,108,0.3055555555555556,0.24105339105339105,0.8333333333333334,0.031809090111618414,0.35185185185185186,0.5277777777777778,1.0
shuffled_domain_rank,271,1.0,4,108,0.37962962962962965,0.26995651510079927,0.8796296296296297,0.02736018707271491,0.4444444444444444,0.5925925925925926,1.0
shuffled_domain_rank,271,1.0,5,108,0.3611111111111111,0.2253968253968254,0.8055555555555556,0.016731089404636457,0.39622641509433965,0.6226415094339622,0.9814814814814815
shuffled_domain_rank,271,2.0,1,115,0.43478260869565216,0.28431964573268925,0.7739130434782608,0.019062764333814815,0.4434782608695652,0.6956521739130435,1.0
shuffled_domain_rank,271,2.0,2,108,0.5,0.29898289412852513,0.8240740740740741,0.021618019544969194,0.5277777777777778,0.6296296296296297,1.0
shuffled_domain_rank,271,2.0,3,108,0.3425925925925926,0.26030312741276196,0.8148148148148148,0.025194411964294987,0.37962962962962965,0.5555555555555556,1.0
shuffled_domain_rank,271,2.0,4,108,0.4074074074074074,0.29048948681301623,0.8796296296296297,0.027697383731779292,0.46296296296296297,0.5833333333333334,1.0
shuffled_domain_rank,271,2.0,5,108,0.3425925925925926,0.21483336924513394,0.8518518518518519,0.015814203426769695,0.3904761904761905,0.638095238095238,0.9722222222222222
shuffled_domain_rank,271,3.0,1,115,0.41739130434782606,0.23680887825624666,0.7739130434782608,0.020704669481078842,0.4260869565217391,0.6869565217391305,1.0
shuffled_domain_rank,271,3.0,2,108,0.5092592592592593,0.3002445302445303,0.8240740740740741,0.022408349990156066,0.5370370370370371,0.6296296296296297,1.0
shuffled_domain_rank,271,3.0,3,108,0.3055555555555556,0.23844030365769497,0.8055555555555556,0.03063864650533405,0.35185185185185186,0.5370370370370371,1.0
shuffled_domain_rank,271,3.0,4,108,0.37037037037037035,0.26496383742941937,0.8611111111111112,0.02591144365920761,0.4351851851851852,0.6203703703703703,1.0
shuffled_domain_rank,271,3.0,5,108,0.3425925925925926,0.2100308358973314,0.8796296296296297,0.016584618611523994,0.36792452830188677,0.6415094339622641,0.9814814814814815
shuffled_domain_rank,271,4.0,1,115,0.4434782608695652,0.2896011396011396,0.8,0.01747499869709558,0.4608695652173913,0.7043478260869566,1.0
shuffled_domain_rank,271,4.0,2,108,0.5092592592592593,0.30146523716699153,0.8333333333333334,0.022304121426783178,0.5370370370370371,0.6296296296296297,1.0
shuffled_domain_rank,271,4.0,3,108,0.3425925925925926,0.26587635334481424,0.8333333333333334,0.032776892888272756,0.3888888888888889,0.5555555555555556,1.0
shuffled_domain_rank,271,4.0,4,108,0.4166666666666667,0.29673650605023155,0.8703703703703703,0.024965217264985372,0.4722222222222222,0.6388888888888888,1.0
shuffled_domain_rank,271,4.0,5,108,0.3425925925925926,0.2154493110375463,0.8333333333333334,0.017636100019259547,0.37142857142857144,0.6285714285714286,0.9722222222222222
shuffled_domain_rank,271,5.0,1,115,0.4434782608695652,0.296152312599681,0.7739130434782608,0.017746288865626764,0.45217391304347826,0.7043478260869566,1.0
shuffled_domain_rank,271,5.0,2,108,0.5,0.29337029337029336,0.7962962962962963,0.024806928523319324,0.5277777777777778,0.6111111111111112,1.0
shuffled_domain_rank,271,5.0,3,108,0.3055555555555556,0.196335879679208,0.8333333333333334,0.03147750594270878,0.3425925925925926,0.5370370370370371,1.0
shuffled_domain_rank,271,5.0,4,108,0.3888888888888889,0.28010520253706833,0.8796296296296297,0.02613414808561761,0.46296296296296297,0.6111111111111112,1.0
shuffled_domain_rank,271,5.0,5,108,0.37037037037037035,0.22818297981088678,0.8148148148148148,0.01670723952800037,0.4095238095238095,0.6476190476190476,0.9722222222222222
shuffled_domain_rank,271,6.0,1,115,0.4434782608695652,0.26049899623243405,0.7739130434782608,0.020888606430218632,0.4608695652173913,0.7043478260869566,1.0
shuffled_domain_rank,271,6.0,2,108,0.5277777777777778,0.3249970034759679,0.8240740740740741,0.020004348320345994,0.5555555555555556,0.6574074074074074,1.0
shuffled_domain_rank,271,6.0,3,108,0.3425925925925926,0.25661375661375657,0.8518518518518519,0.02849989636543931,0.3888888888888889,0.5648148148148148,1.0
shuffled_domain_rank,271,6.0,4,108,0.35185185185185186,0.2548427311085539,0.8888888888888888,0.030133152749816518,0.39814814814814814,0.5555555555555556,1.0
shuffled_domain_rank,271,6.0,5,108,0.3611111111111111,0.2281454072018364,0.8333333333333334,0.01797849879121004,0.3925233644859813,0.616822429906542,0.9907407407407407
shuffled_domain_rank,271,7.0,1,115,0.43478260869565216,0.2759684098043144,0.7739130434782608,0.017806514660357004,0.45217391304347826,0.7043478260869566,1.0
shuffled_domain_rank,271,7.0,2,108,0.5,0.2942803894260205,0.8148148148148148,0.02459598880977171,0.5277777777777778,0.6203703703703703,1.0
shuffled_domain_rank,271,7.0,3,108,0.35185185185185186,0.22819725756821038,0.7962962962962963,0.030148393703182588,0.38317757009345793,0.5607476635514018,0.9907407407407407
shuffled_domain_rank,271,7.0,4,108,0.37962962962962965,0.28311287477954145,0.8518518518518519,0.027923045108169238,0.4351851851851852,0.5740740740740741,1.0
shuffled_domain_rank,271,7.0,5,108,0.3888888888888889,0.23014609599975455,0.8055555555555556,0.01759300708805291,0.42452830188679247,0.6226415094339622,0.9814814814814815
shuffled_domain_rank,271,8.0,1,115,0.4260869565217391,0.23200167163639648,0.7391304347826086,0.021585193125699603,0.4434782608695652,0.6956521739130435,1.0
shuffled_domain_rank,271,8.0,2,108,0.5092592592592593,0.3223531417469232,0.8240740740740741,0.022974526157900705,0.5462962962962963,0.6388888888888888,1.0
shuffled_domain_rank,271,8.0,3,108,0.37962962962962965,0.2899348026578694,0.7962962962962963,0.023896606215811998,0.42990654205607476,0.5887850467289719,0.9907407407407407
shuffled_domain_rank,271,8.0,4,108,0.3888888888888889,0.2877332984475842,0.8611111111111112,0.02749400872744837,0.4444444444444444,0.5925925925925926,1.0
shuffled_domain_rank,271,8.0,5,108,0.37037037037037035,0.22825606114837593,0.8240740740740741,0.015118949525512949,0.4056603773584906,0.660377358490566,0.9814814814814815
shuffled_domain_rank,271,9.0,1,115,0.4434782608695652,0.2845756535022989,0.7652173913043478,0.017720314235940664,0.45614035087719296,0.7105263157894737,0.991304347826087
shuffled_domain_rank,271,9.0,2,108,0.5092592592592593,0.30112674849516957,0.8333333333333334,0.023376061867354556,0.5462962962962963,0.6388888888888888,1.0
shuffled_domain_rank,271,9.0,3,108,0.2962962962962963,0.24153478423641708,0.7962962962962963,0.03168084242489713,0.3333333333333333,0.5185185185185185,1.0
shuffled_domain_rank,271,9.0,4,108,0.3888888888888889,0.26775437002876473,0.8611111111111112,0.026046332919725714,0.4537037037037037,0.6111111111111112,1.0
shuffled_domain_rank,271,9.0,5,108,0.37037037037037035,0.23166502699342661,0.8240740740740741,0.017096397448703934,0.4,0.6285714285714286,0.9722222222222222
shuffled_domain_rank,271,10.0,1,115,0.40869565217391307,0.2550359921049576,0.7304347826086957,0.01809487892631033,0.4260869565217391,0.6956521739130435,1.0
shuffled_domain_rank,271,10.0,2,108,0.4722222222222222,0.2751227702684013,0.8425925925925926,0.02500945884927966,0.5092592592592593,0.6111111111111112,1.0
shuffled_domain_rank,271,10.0,3,108,0.3148148148148148,0.2067144192329744,0.8333333333333334,0.031075098480324755,0.3611111111111111,0.5462962962962963,1.0
shuffled_domain_rank,271,10.0,4,108,0.3888888888888889,0.28083894564922635,0.8425925925925926,0.029503475322951233,0.4351851851851852,0.5833333333333334,1.0
shuffled_domain_rank,271,10.0,5,108,0.37962962962962965,0.22423598468894634,0.8333333333333334,0.01652170956447096,0.41904761904761906,0.6476190476190476,0.9722222222222222
shuffled_domain_rank,271,11.0,1,115,0.40869565217391307,0.22673122874735777,0.7304347826086957,0.022046453326844802,0.4260869565217391,0.6869565217391305,1.0
shuffled_domain_rank,271,11.0,2,108,0.49074074074074076,0.2862283914915494,0.8333333333333334,0.022733322642613123,0.5277777777777778,0.6388888888888888,1.0
shuffled_domain_rank,271,11.0,3,108,0.3425925925925926,0.26432202510633884,0.7870370370370371,0.03042966874369628,0.37962962962962965,0.5462962962962963,1.0
shuffled_domain_rank,271,11.0,4,108,0.37962962962962965,0.27452624655732316,0.8703703703703703,0.027462568091730064,0.4351851851851852,0.6018518518518519,1.0
shuffled_domain_rank,271,11.0,5,108,0.3425925925925926,0.21150512214342002,0.8148148148148148,0.01613621192341407,0.38095238095238093,0.638095238095238,0.9722222222222222
shuffled_domain_rank,271,12.0,1,115,0.41739130434782606,0.2289541354176079,0.7478260869565218,0.019406200807003064,0.43478260869565216,0.7043478260869566,1.0
shuffled_domain_rank,271,12.0,2,108,0.48148148148148145,0.2839639863911709,0.8425925925925926,0.020948101802846557,0.5092592592592593,0.6296296296296297,1.0
shuffled_domain_rank,271,12.0,3,108,0.3148148148148148,0.23644065356089108,0.8240740740740741,0.03192630854456914,0.35185185185185186,0.5,1.0
shuffled_domain_rank,271,12.0,4,108,0.37037037037037035,0.26919978517722876,0.8796296296296297,0.02771018167281727,0.42592592592592593,0.6018518518518519,1.0
shuffled_domain_rank,271,12.0,5,108,0.3148148148148148,0.20240711669283096,0.8055555555555556,0.018933221682425783,0.3523809523809524,0.638095238095238,0.9722222222222222
shuffled_domain_rank,271,13.0,1,115,0.43478260869565216,0.2786309802088203,0.7913043478260869,0.0192694092216054,0.45217391304347826,0.6956521739130435,1.0
shuffled_domain_rank,271,13.0,2,108,0.49074074074074076,0.28570750237416903,0.8518518518518519,0.021526159101343215,0.5277777777777778,0.6296296296296297,1.0
shuffled_domain_rank,271,13.0,3,108,0.3333333333333333,0.25591789192302766,0.8333333333333334,0.02681704910552627,0.37962962962962965,0.5462962962962963,1.0
shuffled_domain_rank,271,13.0,4,108,0.3333333333333333,0.2532333643769874,0.8611111111111112,0.030832727555632204,0.37962962962962965,0.5370370370370371,1.0
shuffled_domain_rank,271,13.0,5,108,0.3425925925925926,0.20866114561766735,0.8425925925925926,0.01800664278756023,0.37735849056603776,0.6226415094339622,0.9814814814814815
shuffled_domain_rank,271,14.0,1,115,0.4434782608695652,0.25704709234121,0.7478260869565218,0.019699278750616216,0.45217391304347826,0.7043478260869566,1.0
shuffled_domain_rank,271,14.0,2,108,0.5277777777777778,0.3268325666581481,0.8333333333333334,0.025159923523193236,0.5555555555555556,0.6481481481481481,1.0
shuffled_domain_rank,271,14.0,3,108,0.3333333333333333,0.2530050740835054,0.8240740740740741,0.029730955355238592,0.37962962962962965,0.5740740740740741,1.0
shuffled_domain_rank,271,14.0,4,108,0.39814814814814814,0.2941637630662021,0.8518518518518519,0.02848925747930358,0.4351851851851852,0.6111111111111112,1.0
shuffled_domain_rank,271,14.0,5,108,0.3333333333333333,0.20440141868713294,0.8055555555555556,0.019262104266497545,0.37142857142857144,0.6095238095238096,0.9722222222222222
shuffled_domain_rank,271,15.0,1,115,0.41739130434782606,0.23560331576635926,0.7217391304347827,0.02070726728710314,0.43478260869565216,0.6869565217391305,1.0
shuffled_domain_rank,271,15.0,2,108,0.5092592592592593,0.3051615340831027,0.8240740740740741,0.022701418221615147,0.5370370370370371,0.6296296296296297,1.0
shuffled_domain_rank,271,15.0,3,108,0.3425925925925926,0.25529938249642226,0.8333333333333334,0.032293816967776466,0.3888888888888889,0.5277777777777778,1.0
shuffled_domain_rank,271,15.0,4,108,0.3888888888888889,0.28425925925925927,0.8796296296296297,0.030146604906182033,0.4351851851851852,0.5833333333333334,1.0
shuffled_domain_rank,271,15.0,5,108,0.37037037037037035,0.22904360426784512,0.8611111111111112,0.017840764733205953,0.3925233644859813,0.6261682242990654,0.9907407407407407
shuffled_domain_rank,271,16.0,1,115,0.4434782608695652,0.2518438697318008,0.7652173913043478,0.02016506189347795,0.4608695652173913,0.7130434782608696,1.0
shuffled_domain_rank,271,16.0,2,108,0.5,0.3166727716727717,0.8240740740740741,0.025748061820917913,0.5370370370370371,0.6203703703703703,1.0
shuffled_domain_rank,271,16.0,3,108,0.3888888888888889,0.29893817258976085,0.8240740740740741,0.022139055754667267,0.4351851851851852,0.6111111111111112,1.0
shuffled_domain_rank,271,16.0,4,108,0.3425925925925926,0.25929194230582203,0.8333333333333334,0.028383469810878914,0.3888888888888889,0.5555555555555556,1.0
shuffled_domain_rank,271,16.0,5,108,0.3333333333333333,0.21092556287130146,0.8148148148148148,0.019006779125056054,0.37142857142857144,0.6190476190476191,0.9722222222222222
shuffled_domain_rank,271,17.0,1,115,0.41739130434782606,0.22890818858560794,0.7478260869565218,0.02061878363666616,0.43478260869565216,0.6869565217391305,1.0
shuffled_domain_rank,271,17.0,2,108,0.4722222222222222,0.26369520667766283,0.8425925925925926,0.025816870483441678,0.5092592592592593,0.6018518518518519,1.0
shuffled_domain_rank,271,17.0,3,108,0.35185185185185186,0.2699719294980653,0.8425925925925926,0.029182000483689643,0.38317757009345793,0.5514018691588785,0.9907407407407407
shuffled_domain_rank,271,17.0,4,108,0.39814814814814814,0.27895201230741334,0.8611111111111112,0.02656848022320626,0.4537037037037037,0.6018518518518519,1.0
shuffled_domain_rank,271,17.0,5,108,0.3055555555555556,0.18456644098213557,0.8796296296296297,0.021032848266260094,0.3333333333333333,0.6095238095238096,0.9722222222222222
shuffled_domain_rank,271,18.0,1,115,0.4,0.2255700345683368,0.7739130434782608,0.021183510920307947,0.41228070175438597,0.6666666666666666,0.991304347826087
shuffled_domain_rank,271,18.0,2,108,0.4537037037037037,0.2509394926061593,0.8425925925925926,0.026000060552032057,0.49074074074074076,0.5925925925925926,1.0
shuffled_domain_rank,271,18.0,3,108,0.3611111111111111,0.27843885702603915,0.7962962962962963,0.03103926540238382,0.4074074074074074,0.5740740740740741,1.0
shuffled_domain_rank,271,18.0,4,108,0.3611111111111111,0.26045751633986924,0.8703703703703703,0.030301960038490866,0.4351851851851852,0.5740740740740741,1.0
shuffled_domain_rank,271,18.0,5,108,0.37037037037037035,0.23145787653388447,0.8425925925925926,0.016940493075446157,0.4,0.6571428571428571,0.9722222222222222
shuffled_domain_rank,271,19.0,1,115,0.45217391304347826,0.2919414763130002,0.7478260869565218,0.017976737716499533,0.47368421052631576,0.7192982456140351,0.991304347826087
shuffled_domain_rank,271,19.0,2,108,0.49074074074074076,0.28873691505270455,0.8240740740740741,0.026217176184496784,0.5185185185185185,0.6018518518518519,1.0
shuffled_domain_rank,271,19.0,3,108,0.3148148148148148,0.2479232182879599,0.8333333333333334,0.0322902702031396,0.3611111111111111,0.5277777777777778,1.0
shuffled_domain_rank,271,19.0,4,108,0.3888888888888889,0.28250141426242054,0.8888888888888888,0.027202487244787604,0.4537037037037037,0.6203703703703703,1.0
shuffled_domain_rank,271,19.0,5,108,0.3611111111111111,0.22440448136365423,0.8055555555555556,0.016743236102535083,0.4,0.638095238095238,0.9722222222222222
shuffled_domain_rank,271,20.0,1,115,0.41739130434782606,0.25377507324768994,0.7478260869565218,0.019593110805953107,0.43478260869565216,0.6869565217391305,1.0
shuffled_domain_rank,271,20.0,2,108,0.49074074074074076,0.29917133281304853,0.8425925925925926,0.022625098778906106,0.5277777777777778,0.6296296296296297,1.0
shuffled_domain_rank,271,20.0,3,108,0.3055555555555556,0.23932792975346162,0.8148148148148148,0.032425817391521554,0.3425925925925926,0.5370370370370371,1.0
shuffled_domain_rank,271,20.0,4,108,0.37962962962962965,0.2768959435626102,0.8796296296296297,0.028161652674345165,0.4351851851851852,0.5833333333333334,1.0
shuffled_domain_rank,271,20.0,5,108,0.3611111111111111,0.22056380161597958,0.8148148148148148,0.015296572992436924,0.3925233644859813,0.6355140186915887,0.9907407407407407
shuffled_domain_rank,271,21.0,1,115,0.41739130434782606,0.2585615773115773,0.7478260869565218,0.019545234385294714,0.43478260869565216,0.6869565217391305,1.0
shuffled_domain_rank,271,21.0,2,108,0.5092592592592593,0.30368870895186684,0.8425925925925926,0.02565259194249676,0.5370370370370371,0.6203703703703703,1.0
shuffled_domain_rank,271,21.0,3,108,0.3055555555555556,0.24706309580951272,0.7870370370370371,0.032952849310588235,0.35514018691588783,0.5327102803738317,0.9907407407407407
shuffled_domain_rank,271,21.0,4,108,0.3611111111111111,0.263912972596446,0.8981481481481481,0.032916581717193354,0.4074074074074074,0.5555555555555556,1.0
shuffled_domain_rank,271,21.0,5,108,0.3425925925925926,0.24957404058669883,0.8611111111111112,0.019421738534385415,0.3867924528301887,0.6037735849056604,0.9814814814814815
shuffled_domain_rank,271,22.0,1,115,0.41739130434782606,0.26095731994877264,0.7391304347826086,0.019049979598103332,0.4260869565217391,0.6782608695652174,1.0
shuffled_domain_rank,271,22.0,2,108,0.5185185185185185,0.30684249935121016,0.8333333333333334,0.025029308465391472,0.5555555555555556,0.6574074074074074,1.0
shuffled_domain_rank,271,22.0,3,108,0.32407407407407407,0.2404479578392622,0.8333333333333334,0.02790340335132521,0.3644859813084112,0.5233644859813084,0.9907407407407407
shuffled_domain_rank,271,22.0,4,108,0.3425925925925926,0.2532153032153032,0.9074074074074074,0.027864050638651165,0.4074074074074074,0.5740740740740741,1.0
shuffled_domain_rank,271,22.0,5,108,0.3425925925925926,0.20727637148543718,0.8333333333333334,0.016047647389367075,0.36792452830188677,0.6415094339622641,0.9814814814814815
shuffled_domain_rank,271,23.0,1,115,0.4260869565217391,0.26981580510992276,0.7652173913043478,0.01777347229808722,0.43859649122807015,0.6666666666666666,0.991304347826087
shuffled_domain_rank,271,23.0,2,108,0.4722222222222222,0.2740545759479232,0.8240740740740741,0.02477288933521639,0.5092592592592593,0.6111111111111112,1.0
shuffled_domain_rank,271,23.0,3,108,0.3055555555555556,0.23453127332437682,0.8240740740740741,0.031503786638200054,0.35185185185185186,0.5277777777777778,1.0
shuffled_domain_rank,271,23.0,4,108,0.3888888888888889,0.27236997501703386,0.8703703703703703,0.027944444213791362,0.4537037037037037,0.5740740740740741,1.0
shuffled_domain_rank,271,23.0,5,108,0.35185185185185186,0.21702602952602956,0.8333333333333334,0.016456898638899122,0.3867924528301887,0.6320754716981132,0.9814814814814815
shuffled_domain_rank,271,24.0,1,115,0.4260869565217391,0.2714093257755413,0.7304347826086957,0.017122097719594272,0.4434782608695652,0.7043478260869566,1.0
shuffled_domain_rank,271,24.0,2,108,0.48148148148148145,0.2738583860180956,0.8148148148148148,0.031031616518546197,0.5092592592592593,0.6018518518518519,1.0
shuffled_domain_rank,271,24.0,3,108,0.3611111111111111,0.2830083704665245,0.7962962962962963,0.02318923942463178,0.4074074074074074,0.5648148148148148,1.0
shuffled_domain_rank,271,24.0,4,108,0.37962962962962965,0.2819426069426069,0.8611111111111112,0.02811422402715718,0.42592592592592593,0.5648148148148148,1.0
shuffled_domain_rank,271,24.0,5,108,0.3888888888888889,0.238992167572717,0.7962962962962963,0.017317098846289288,0.4339622641509434,0.6415094339622641,0.9814814814814815
shuffled_domain_rank,271,25.0,1,115,0.40869565217391307,0.22668646701317274,0.7565217391304347,0.022461431104181927,0.41739130434782606,0.6695652173913044,1.0
shuffled_domain_rank,271,25.0,2,108,0.4722222222222222,0.28687628539788007,0.8148148148148148,0.0264236685779046,0.5,0.5925925925925926,1.0
shuffled_domain_rank,271,25.0,3,108,0.35185185185185186,0.26420082209128865,0.8518518518518519,0.03129188379480135,0.39814814814814814,0.5555555555555556,1.0
shuffled_domain_rank,271,25.0,4,108,0.3611111111111111,0.2586817638792223,0.8240740740740741,0.030065618465715226,0.4074074074074074,0.5740740740740741,1.0
shuffled_domain_rank,271,25.0,5,108,0.3611111111111111,0.22314412978043427,0.8240740740740741,0.0174699656191886,0.4095238095238095,0.6190476190476191,0.9722222222222222
shuffled_domain_rank,271,26.0,1,115,0.43478260869565216,0.24780685264556235,0.7565217391304347,0.020804789238460793,0.4608695652173913,0.6956521739130435,1.0
shuffled_domain_rank,271,26.0,2,108,0.5185185185185185,0.30941017178640945,0.8240740740740741,0.028607993953716018,0.5555555555555556,0.6388888888888888,1.0
shuffled_domain_rank,271,26.0,3,108,0.3425925925925926,0.27111555111555113,0.8148148148148148,0.027196600345035772,0.38317757009345793,0.5514018691588785,0.9907407407407407
shuffled_domain_rank,271,26.0,4,108,0.4166666666666667,0.30291391410365315,0.8611111111111112,0.02837543113175489,0.46296296296296297,0.6296296296296297,1.0
shuffled_domain_rank,271,26.0,5,108,0.3425925925925926,0.2083286882199926,0.8611111111111112,0.01663918996103346,0.38095238095238093,0.6285714285714286,0.9722222222222222
shuffled_domain_rank,271,27.0,1,115,0.40869565217391307,0.22330187467899332,0.7739130434782608,0.021194676762199813,0.4260869565217391,0.6869565217391305,1.0
shuffled_domain_rank,271,27.0,2,108,0.46296296296296297,0.26040384150985457,0.8611111111111112,0.02583361786056601,0.49074074074074076,0.5925925925925926,1.0
shuffled_domain_rank,271,27.0,3,108,0.32407407407407407,0.20695545195545195,0.8148148148148148,0.029898442870582697,0.37383177570093457,0.5420560747663551,0.9907407407407407
shuffled_domain_rank,271,27.0,4,108,0.37037037037037035,0.2812335194410666,0.8796296296296297,0.028243847955277776,0.42592592592592593,0.5833333333333334,1.0
shuffled_domain_rank,271,27.0,5,108,0.32407407407407407,0.19834743778622901,0.8240740740740741,0.017104928703605055,0.3619047619047619,0.638095238095238,0.9722222222222222
shuffled_domain_rank,271,28.0,1,115,0.41739130434782606,0.2560258591013102,0.7652173913043478,0.01921610179975655,0.43478260869565216,0.6869565217391305,1.0
shuffled_domain_rank,271,28.0,2,108,0.49074074074074076,0.28302532220518933,0.8055555555555556,0.02644139849348333,0.5185185185185185,0.6111111111111112,1.0
shuffled_domain_rank,271,28.0,3,108,0.3055555555555556,0.2379836452696423,0.8240740740740741,0.03261643489750215,0.3425925925925926,0.5092592592592593,1.0
shuffled_domain_rank,271,28.0,4,108,0.3611111111111111,0.2583502583502583,0.8796296296296297,0.028270072582923404,0.4166666666666667,0.5833333333333334,1.0
shuffled_domain_rank,271,28.0,5,108,0.3611111111111111,0.22384751773049646,0.7962962962962963,0.017462544573028108,0.39622641509433965,0.6415094339622641,0.9814814814814815
shuffled_domain_rank,271,29.0,1,115,0.41739130434782606,0.2560258591013102,0.7913043478260869,0.020211332810725374,0.43478260869565216,0.6956521739130435,1.0
shuffled_domain_rank,271,29.0,2,108,0.4537037037037037,0.28476559194380974,0.8425925925925926,0.027030565175339853,0.48148148148148145,0.5925925925925926,1.0
shuffled_domain_rank,271,29.0,3,108,0.35185185185185186,0.2799396809688745,0.8240740740740741,0.030296911287860814,0.39814814814814814,0.5740740740740741,1.0
shuffled_domain_rank,271,29.0,4,108,0.35185185185185186,0.25188307859763354,0.8333333333333334,0.030257553681942644,0.39814814814814814,0.5370370370370371,1.0
shuffled_domain_rank,271,29.0,5,108,0.3333333333333333,0.20415770609318995,0.8148148148148148,0.0183645196213215,0.36792452830188677,0.6037735849056604,0.9814814814814815
baseline_stats,1000,,1,115,0.4434782608695652,0.2989011291763585,0.7652173913043478,0.021470179917081132,0.47368421052631576,0.6666666666666666,0.991304347826087
baseline_stats,1000,,2,108,0.4722222222222222,0.29896577000235536,0.7962962962962963,0.027686368699929208,0.5094339622641509,0.660377358490566,0.9814814814814815
baseline_stats,1000,,3,108,0.4166666666666667,0.2763626969775252,0.8518518518518519,0.024898668913423787,0.46296296296296297,0.5648148148148148,1.0
baseline_stats,1000,,4,108,0.37962962962962965,0.28700142450142446,0.8055555555555556,0.03125609895338346,0.42592592592592593,0.5925925925925926,1.0
baseline_stats,1000,,5,108,0.42592592592592593,0.27133823719189576,0.8148148148148148,0.012313983728545749,0.46153846153846156,0.6826923076923077,0.9629629629629629
real_domain_rank,1000,,1,115,0.45217391304347826,0.3126543209876543,0.7652173913043478,0.021951918890679656,0.4824561403508772,0.6929824561403509,0.991304347826087
real_domain_rank,1000,,2,108,0.46296296296296297,0.28977659787617716,0.7962962962962963,0.026280929935695158,0.5,0.6509433962264151,0.9814814814814815
real_domain_rank,1000,,3,108,0.4166666666666667,0.2572937359554297,0.7962962962962963,0.02384122586961271,0.46296296296296297,0.5740740740740741,1.0
real_domain_rank,1000,,4,108,0.37037037037037035,0.27299860897019856,0.8518518518518519,0.03403756141348656,0.4166666666666667,0.5648148148148148,1.0
real_domain_rank,1000,,5,108,0.42592592592592593,0.2669674841247592,0.7870370370370371,0.013560596586709184,0.47619047619047616,0.6666666666666666,0.9722222222222222
shuffled_domain_rank,1000,0.0,1,115,0.45217391304347826,0.3093785318106239,0.782608695652174,0.022247875277532064,0.47368421052631576,0.6666666666666666,0.991304347826087
shuffled_domain_rank,1000,0.0,2,108,0.46296296296296297,0.27968245721995966,0.7777777777777778,0.02662650248806037,0.5094339622641509,0.6698113207547169,0.9814814814814815
shuffled_domain_rank,1000,0.0,3,108,0.3888888888888889,0.23865170386813006,0.8333333333333334,0.03511220772363871,0.4444444444444444,0.5462962962962963,1.0
shuffled_domain_rank,1000,0.0,4,108,0.39814814814814814,0.3026918081781304,0.8055555555555556,0.032004241611409516,0.4166666666666667,0.5925925925925926,1.0
shuffled_domain_rank,1000,0.0,5,108,0.4166666666666667,0.2525925585136111,0.8333333333333334,0.015833006220458537,0.46153846153846156,0.6730769230769231,0.9629629629629629
shuffled_domain_rank,1000,1.0,1,115,0.4260869565217391,0.28342031097741127,0.7739130434782608,0.02391563383636382,0.45614035087719296,0.6403508771929824,0.991304347826087
shuffled_domain_rank,1000,1.0,2,108,0.46296296296296297,0.29092323897815886,0.7592592592592593,0.027164587452781636,0.5,0.6509433962264151,0.9814814814814815
shuffled_domain_rank,1000,1.0,3,108,0.3888888888888889,0.2594596415010145,0.8148148148148148,0.031448792096646624,0.4351851851851852,0.5462962962962963,1.0
shuffled_domain_rank,1000,1.0,4,108,0.39814814814814814,0.2918015942478888,0.8240740740740741,0.032788240797269025,0.4444444444444444,0.5925925925925926,1.0
shuffled_domain_rank,1000,1.0,5,108,0.39814814814814814,0.24273512844941422,0.8240740740740741,0.015066144314751659,0.4380952380952381,0.6666666666666666,0.9722222222222222
shuffled_domain_rank,1000,2.0,1,115,0.4608695652173913,0.3057662438238929,0.8,0.020514294680972066,0.49122807017543857,0.6929824561403509,0.991304347826087
shuffled_domain_rank,1000,2.0,2,108,0.48148148148148145,0.29987996937149475,0.8055555555555556,0.022279952131599882,0.5188679245283019,0.6792452830188679,0.9814814814814815
shuffled_domain_rank,1000,2.0,3,108,0.4444444444444444,0.29233193277310926,0.8055555555555556,0.024021194192248192,0.49074074074074076,0.6203703703703703,1.0
shuffled_domain_rank,1000,2.0,4,108,0.3888888888888889,0.28722580588293306,0.7777777777777778,0.028477553410422747,0.42592592592592593,0.5833333333333334,1.0
shuffled_domain_rank,1000,2.0,5,108,0.4166666666666667,0.25010010010010014,0.8055555555555556,0.014920421531587997,0.4485981308411215,0.6635514018691588,0.9907407407407407
shuffled_domain_rank,1000,3.0,1,115,0.43478260869565216,0.3077364536270529,0.808695652173913,0.022132801026057174,0.45614035087719296,0.6491228070175439,0.991304347826087
shuffled_domain_rank,1000,3.0,2,108,0.48148148148148145,0.2966236661888836,0.7962962962962963,0.023479829109030327,0.5283018867924528,0.6981132075471698,0.9814814814814815
shuffled_domain_rank,1000,3.0,3,108,0.4166666666666667,0.27896224921906265,0.8240740740740741,0.030033753143157923,0.46296296296296297,0.5740740740740741,1.0
shuffled_domain_rank,1000,3.0,4,108,0.39814814814814814,0.2922430083144369,0.8055555555555556,0.02196931386803523,0.4444444444444444,0.6111111111111112,1.0
shuffled_domain_rank,1000,3.0,5,108,0.4351851851851852,0.26986509425533817,0.8611111111111112,0.013900666010226565,0.4854368932038835,0.6699029126213593,0.9537037037037037
shuffled_domain_rank,1000,4.0,1,115,0.45217391304347826,0.29732960352226406,0.8,0.022394809662799726,0.4824561403508772,0.6754385964912281,0.991304347826087
shuffled_domain_rank,1000,4.0,2,108,0.4722222222222222,0.28689262945161315,0.7870370370370371,0.025188533774502603,0.5188679245283019,0.6792452830188679,0.9814814814814815
shuffled_domain_rank,1000,4.0,3,108,0.4351851851851852,0.26611494347266706,0.8518518518518519,0.03236637987165706,0.48598130841121495,0.5794392523364486,0.9907407407407407
shuffled_domain_rank,1000,4.0,4,108,0.3888888888888889,0.2964616402116402,0.8055555555555556,0.023000625744493484,0.4166666666666667,0.5740740740740741,1.0
shuffled_domain_rank,1000,4.0,5,108,0.3888888888888889,0.24146412542985374,0.8055555555555556,0.014034510602248544,0.41904761904761906,0.6666666666666666,0.9722222222222222
shuffled_domain_rank,1000,5.0,1,115,0.4434782608695652,0.29931588945953985,0.782608695652174,0.02228202797865118,0.4649122807017544,0.6842105263157895,0.991304347826087
shuffled_domain_rank,1000,5.0,2,108,0.4166666666666667,0.2687773137511486,0.8055555555555556,0.032274552658149935,0.46226415094339623,0.6320754716981132,0.9814814814814815
shuffled_domain_rank,1000,5.0,3,108,0.4074074074074074,0.25793650793650796,0.8333333333333334,0.02506346454143281,0.45794392523364486,0.5420560747663551,0.9907407407407407
shuffled_domain_rank,1000,5.0,4,108,0.3888888888888889,0.29296520600868425,0.8148148148148148,0.0299892280779582,0.42592592592592593,0.5555555555555556,1.0
shuffled_domain_rank,1000,5.0,5,108,0.4074074074074074,0.25665445665445663,0.7870370370370371,0.013536080727906895,0.44660194174757284,0.6796116504854369,0.9537037037037037
shuffled_domain_rank,1000,6.0,1,115,0.4260869565217391,0.2749360769949005,0.8,0.023101637725727896,0.45614035087719296,0.6578947368421053,0.991304347826087
shuffled_domain_rank,1000,6.0,2,108,0.4351851851851852,0.28148340876388617,0.7870370370370371,0.028343408814054567,0.4811320754716981,0.660377358490566,0.9814814814814815
shuffled_domain_rank,1000,6.0,3,108,0.39814814814814814,0.2446558996558997,0.8055555555555556,0.029492521122127722,0.4485981308411215,0.5887850467289719,0.9907407407407407
shuffled_domain_rank,1000,6.0,4,108,0.37037037037037035,0.2774480399612955,0.7962962962962963,0.030570705193163676,0.4166666666666667,0.5740740740740741,1.0
shuffled_domain_rank,1000,6.0,5,108,0.39814814814814814,0.25338429221612796,0.7962962962962963,0.013660119504813764,0.4423076923076923,0.6442307692307693,0.9629629629629629
shuffled_domain_rank,1000,7.0,1,115,0.4608695652173913,0.3125136125136125,0.7913043478260869,0.021313737281526357,0.49122807017543857,0.6929824561403509,0.991304347826087
shuffled_domain_rank,1000,7.0,2,108,0.4537037037037037,0.286176177623546,0.7962962962962963,0.028173095985117247,0.5,0.6509433962264151,0.9814814814814815
shuffled_domain_rank,1000,7.0,3,108,0.48148148148148145,0.31424158717414435,0.8425925925925926,0.022443241650574965,0.5185185185185185,0.6111111111111112,1.0
shuffled_domain_rank,1000,7.0,4,108,0.37962962962962965,0.28289760348583876,0.8055555555555556,0.02661302022219554,0.4166666666666667,0.5740740740740741,1.0
shuffled_domain_rank,1000,7.0,5,108,0.42592592592592593,0.2687023467074618,0.7962962962962963,0.012613578804056011,0.46153846153846156,0.6826923076923077,0.9629629629629629
shuffled_domain_rank,1000,8.0,1,115,0.43478260869565216,0.2982850276428258,0.808695652173913,0.02246434572029391,0.4649122807017544,0.6666666666666666,0.991304347826087
shuffled_domain_rank,1000,8.0,2,108,0.4444444444444444,0.26335535767584445,0.7777777777777778,0.023379684612448968,0.48598130841121495,0.6635514018691588,0.9907407407407407
shuffled_domain_rank,1000,8.0,3,108,0.4444444444444444,0.28544257436953946,0.8518518518518519,0.028932503288617763,0.49074074074074076,0.6111111111111112,1.0
shuffled_domain_rank,1000,8.0,4,108,0.3888888888888889,0.2996747821935792,0.7870370370370371,0.023421130783188224,0.42592592592592593,0.6018518518518519,1.0
shuffled_domain_rank,1000,8.0,5,108,0.39814814814814814,0.2508390434548764,0.8425925925925926,0.016262858832765386,0.44660194174757284,0.6407766990291263,0.9537037037037037
shuffled_domain_rank,1000,9.0,1,115,0.45217391304347826,0.3062049062049062,0.7739130434782608,0.022344913578795002,0.47368421052631576,0.6754385964912281,0.991304347826087
shuffled_domain_rank,1000,9.0,2,108,0.4351851851851852,0.27218776106934,0.8055555555555556,0.029973304703119104,0.4811320754716981,0.6509433962264151,0.9814814814814815
shuffled_domain_rank,1000,9.0,3,108,0.4444444444444444,0.30594177242046916,0.8333333333333334,0.02187582434269067,0.4722222222222222,0.5740740740740741,1.0
shuffled_domain_rank,1000,9.0,4,108,0.3888888888888889,0.2784719907297173,0.8240740740740741,0.029972969400851715,0.4351851851851852,0.5925925925925926,1.0
shuffled_domain_rank,1000,9.0,5,108,0.39814814814814814,0.25597800095648016,0.8055555555555556,0.013858448540112965,0.4326923076923077,0.6634615384615384,0.9629629629629629
shuffled_domain_rank,1000,10.0,1,115,0.45217391304347826,0.30694792536897797,0.7913043478260869,0.021767292210926607,0.4824561403508772,0.6842105263157895,0.991304347826087
shuffled_domain_rank,1000,10.0,2,108,0.4166666666666667,0.27449660186502295,0.8148148148148148,0.032702692921325396,0.46226415094339623,0.6320754716981132,0.9814814814814815
shuffled_domain_rank,1000,10.0,3,108,0.37962962962962965,0.24520417853751186,0.8333333333333334,0.02335549798957944,0.42592592592592593,0.5555555555555556,1.0
shuffled_domain_rank,1000,10.0,4,108,0.37037037037037035,0.27567658376481907,0.7962962962962963,0.02628699150735152,0.4166666666666667,0.5648148148148148,1.0
shuffled_domain_rank,1000,10.0,5,108,0.4166666666666667,0.2570262603469435,0.8333333333333334,0.013193984637297134,0.4519230769230769,0.6826923076923077,0.9629629629629629
shuffled_domain_rank,1000,11.0,1,115,0.4434782608695652,0.29176577646577423,0.782608695652174,0.022579429538701096,0.4649122807017544,0.6842105263157895,0.991304347826087
shuffled_domain_rank,1000,11.0,2,108,0.4537037037037037,0.28018759442672486,0.7777777777777778,0.026833272093889245,0.5,0.660377358490566,0.9814814814814815
shuffled_domain_rank,1000,11.0,3,108,0.37962962962962965,0.24268207926666277,0.8055555555555556,0.03423656506835953,0.42592592592592593,0.5370370370370371,1.0
shuffled_domain_rank,1000,11.0,4,108,0.4166666666666667,0.30374769558226616,0.8148148148148148,0.029368860788764675,0.4537037037037037,0.6018518518518519,1.0
shuffled_domain_rank,1000,11.0,5,108,0.3888888888888889,0.24540892322444452,0.7962962962962963,0.0153079581119663,0.41904761904761906,0.638095238095238,0.9722222222222222
shuffled_domain_rank,1000,12.0,1,115,0.41739130434782606,0.27122599622599625,0.7913043478260869,0.024696721035061073,0.4473684210526316,0.6491228070175439,0.991304347826087
shuffled_domain_rank,1000,12.0,2,108,0.4537037037037037,0.2723643666848535,0.7962962962962963,0.024640110176293816,0.4953271028037383,0.6635514018691588,0.9907407407407407
shuffled_domain_rank,1000,12.0,3,108,0.4351851851851852,0.29119893456564294,0.8333333333333334,0.02254954673851956,0.48148148148148145,0.5833333333333334,1.0
shuffled_domain_rank,1000,12.0,4,108,0.37962962962962965,0.2797962257650604,0.7685185185185185,0.029647990060969145,0.4166666666666667,0.5925925925925926,1.0
shuffled_domain_rank,1000,12.0,5,108,0.4074074074074074,0.2534417263243893,0.7777777777777778,0.01416963184018898,0.44761904761904764,0.6476190476190476,0.9722222222222222
shuffled_domain_rank,1000,13.0,1,115,0.46956521739130436,0.31929360438132365,0.782608695652174,0.021641025318119976,0.5,0.6929824561403509,0.991304347826087
shuffled_domain_rank,1000,13.0,2,108,0.4722222222222222,0.28714454128247235,0.7962962962962963,0.025202190703697197,0.514018691588785,0.6635514018691588,0.9907407407407407
shuffled_domain_rank,1000,13.0,3,108,0.35185185185185186,0.2279936064930466,0.8333333333333334,0.027401835958964997,0.39814814814814814,0.5185185185185185,1.0
shuffled_domain_rank,1000,13.0,4,108,0.3888888888888889,0.2887629715077805,0.7962962962962963,0.02364384905688131,0.42592592592592593,0.5833333333333334,1.0
shuffled_domain_rank,1000,13.0,5,108,0.3888888888888889,0.24538332038332036,0.7777777777777778,0.015470172491133518,0.42452830188679247,0.6509433962264151,0.9814814814814815
shuffled_domain_rank,1000,14.0,1,115,0.4608695652173913,0.3204222677906888,0.8,0.021890878373452854,0.49122807017543857,0.6842105263157895,0.991304347826087
shuffled_domain_rank,1000,14.0,2,108,0.46296296296296297,0.27486737400530503,0.7962962962962963,0.02267673587743999,0.5046728971962616,0.6728971962616822,0.9907407407407407
shuffled_domain_rank,1000,14.0,3,108,0.42592592592592593,0.257886494145723,0.8333333333333334,0.02292567423975411,0.4722222222222222,0.5740740740740741,1.0
shuffled_domain_rank,1000,14.0,4,108,0.39814814814814814,0.28421387922128144,0.8425925925925926,0.02799004344837666,0.4351851851851852,0.5925925925925926,1.0
shuffled_domain_rank,1000,14.0,5,108,0.4074074074074074,0.24994268930439145,0.8055555555555556,0.016994570932706985,0.4423076923076923,0.6346153846153846,0.9629629629629629
shuffled_domain_rank,1000,15.0,1,115,0.43478260869565216,0.2877442002442003,0.808695652173913,0.02161896256439534,0.4649122807017544,0.6842105263157895,0.991304347826087
shuffled_domain_rank,1000,15.0,2,108,0.4444444444444444,0.27732099640701785,0.8148148148148148,0.026060002853849552,0.49056603773584906,0.6509433962264151,0.9814814814814815
shuffled_domain_rank,1000,15.0,3,108,0.3888888888888889,0.24838263129643753,0.8333333333333334,0.02297696509269497,0.42592592592592593,0.5555555555555556,1.0
shuffled_domain_rank,1000,15.0,4,108,0.4074074074074074,0.30172809319325156,0.7962962962962963,0.03190543343301429,0.42592592592592593,0.5833333333333334,1.0
shuffled_domain_rank,1000,15.0,5,108,0.4166666666666667,0.2574836016696482,0.8240740740740741,0.013739936037050687,0.47572815533980584,0.6504854368932039,0.9537037037037037
shuffled_domain_rank,1000,16.0,1,115,0.43478260869565216,0.30042270531400966,0.782608695652174,0.0215030959653129,0.4649122807017544,0.6754385964912281,0.991304347826087
shuffled_domain_rank,1000,16.0,2,108,0.4444444444444444,0.27339647713162146,0.7870370370370371,0.02723591293064631,0.48598130841121495,0.6542056074766355,0.9907407407407407
shuffled_domain_rank,1000,16.0,3,108,0.39814814814814814,0.25585284280936454,0.8240740740740741,0.030907080175448513,0.4444444444444444,0.5555555555555556,1.0
shuffled_domain_rank,1000,16.0,4,108,0.4074074074074074,0.2991747181964573,0.8333333333333334,0.03551801148563802,0.4444444444444444,0.5555555555555556,1.0
shuffled_domain_rank,1000,16.0,5,108,0.39814814814814814,0.24929191864675734,0.8055555555555556,0.013730526604997543,0.42857142857142855,0.6666666666666666,0.9722222222222222
shuffled_domain_rank,1000,17.0,1,115,0.4608695652173913,0.3142050282401159,0.7913043478260869,0.0224197922579466,0.4824561403508772,0.6666666666666666,0.991304347826087
shuffled_domain_rank,1000,17.0,2,108,0.48148148148148145,0.29838418056808863,0.8055555555555556,0.022090526235054725,0.5283018867924528,0.6886792452830188,0.9814814814814815
shuffled_domain_rank,1000,17.0,3,108,0.42592592592592593,0.278266620657925,0.8148148148148148,0.02271367626525463,0.4722222222222222,0.5925925925925926,1.0
shuffled_domain_rank,1000,17.0,4,108,0.37962962962962965,0.2885987346883834,0.7870370370370371,0.028993244486121113,0.4074074074074074,0.5833333333333334,1.0
shuffled_domain_rank,1000,17.0,5,108,0.4166666666666667,0.26997624273512705,0.8518518518518519,0.013547414544453084,0.4803921568627451,0.6764705882352942,0.9444444444444444
shuffled_domain_rank,1000,18.0,1,115,0.46956521739130436,0.3134286918497445,0.7739130434782608,0.020324239535516233,0.5,0.7017543859649122,0.991304347826087
shuffled_domain_rank,1000,18.0,2,108,0.48148148148148145,0.2950400561982483,0.8055555555555556,0.02451130665328066,0.5283018867924528,0.6886792452830188,0.9814814814814815
shuffled_domain_rank,1000,18.0,3,108,0.3611111111111111,0.22498816712030315,0.8518518518518519,0.03328072632451837,0.4074074074074074,0.5185185185185185,1.0
shuffled_domain_rank,1000,18.0,4,108,0.37037037037037035,0.27914495652701016,0.8055555555555556,0.032182331003869365,0.4166666666666667,0.5833333333333334,1.0
shuffled_domain_rank,1000,18.0,5,108,0.4351851851851852,0.2762727461003323,0.8148148148148148,0.01197621775797871,0.4857142857142857,0.6857142857142857,0.9722222222222222
shuffled_domain_rank,1000,19.0,1,115,0.43478260869565216,0.2804590728503772,0.8173913043478261,0.02260948522849491,0.4649122807017544,0.6754385964912281,0.991304347826087
shuffled_domain_rank,1000,19.0,2,108,0.46296296296296297,0.2792632480109794,0.7870370370370371,0.025652617022154028,0.5094339622641509,0.6698113207547169,0.9814814814814815
shuffled_domain_rank,1000,19.0,3,108,0.4537037037037037,0.2822842217376878,0.8240740740740741,0.028432931212081746,0.514018691588785,0.616822429906542,0.9907407407407407
shuffled_domain_rank,1000,19.0,4,108,0.42592592592592593,0.3071365002234259,0.7962962962962963,0.028574760047954097,0.46296296296296297,0.6203703703703703,1.0
shuffled_domain_rank,1000,19.0,5,108,0.4074074074074074,0.24367052662989597,0.8425925925925926,0.015585785266856972,0.4380952380952381,0.6571428571428571,0.9722222222222222
shuffled_domain_rank,1000,20.0,1,115,0.46956521739130436,0.31869453168026707,0.782608695652174,0.019802904313494848,0.5,0.6929824561403509,0.991304347826087
shuffled_domain_rank,1000,20.0,2,108,0.42592592592592593,0.2765926883573942,0.7870370370370371,0.0320107809603315,0.4716981132075472,0.6226415094339622,0.9814814814814815
shuffled_domain_rank,1000,20.0,3,108,0.4074074074074074,0.2677168510501844,0.8333333333333334,0.024802726414095016,0.4392523364485981,0.5420560747663551,0.9907407407407407
shuffled_domain_rank,1000,20.0,4,108,0.42592592592592593,0.30001519987840103,0.8055555555555556,0.03420270515867319,0.4722222222222222,0.5925925925925926,1.0
shuffled_domain_rank,1000,20.0,5,108,0.4166666666666667,0.2553429027113238,0.7962962962962963,0.013837206237471525,0.46153846153846156,0.6634615384615384,0.9629629629629629
shuffled_domain_rank,1000,21.0,1,115,0.4782608695652174,0.34455585069130307,0.8,0.021310433828135987,0.5087719298245614,0.7017543859649122,0.991304347826087
shuffled_domain_rank,1000,21.0,2,108,0.4722222222222222,0.30092476967476967,0.7962962962962963,0.022989929969553922,0.5188679245283019,0.6981132075471698,0.9814814814814815
shuffled_domain_rank,1000,21.0,3,108,0.42592592592592593,0.270317413527204,0.8333333333333334,0.031133145153734536,0.4722222222222222,0.5740740740740741,1.0
shuffled_domain_rank,1000,21.0,4,108,0.4722222222222222,0.34285278536149616,0.8148148148148148,0.022096662247215078,0.5092592592592593,0.6481481481481481,1.0
shuffled_domain_rank,1000,21.0,5,108,0.3888888888888889,0.24607674062480375,0.8333333333333334,0.015853412427466834,0.4368932038834951,0.6504854368932039,0.9537037037037037
shuffled_domain_rank,1000,22.0,1,115,0.4608695652173913,0.3122491922491923,0.7304347826086957,0.022017280295514804,0.4824561403508772,0.6842105263157895,0.991304347826087
shuffled_domain_rank,1000,22.0,2,108,0.4537037037037037,0.29358335536825236,0.7685185185185185,0.0299330974059351,0.5,0.6415094339622641,0.9814814814814815
shuffled_domain_rank,1000,22.0,3,108,0.39814814814814814,0.25806595365418894,0.8425925925925926,0.03191565040829594,0.4444444444444444,0.5555555555555556,1.0
shuffled_domain_rank,1000,22.0,4,108,0.4074074074074074,0.29950837148350606,0.7962962962962963,0.03173924350674809,0.4351851851851852,0.5740740740740741,1.0
shuffled_domain_rank,1000,22.0,5,108,0.39814814814814814,0.22316028998056647,0.8518518518518519,0.016796897741469103,0.4339622641509434,0.6415094339622641,0.9814814814814815
shuffled_domain_rank,1000,23.0,1,115,0.43478260869565216,0.2956735142700055,0.8,0.02166180762649143,0.4649122807017544,0.6754385964912281,0.991304347826087
shuffled_domain_rank,1000,23.0,2,108,0.4351851851851852,0.28036903673576,0.8055555555555556,0.029111071335356252,0.4811320754716981,0.6320754716981132,0.9814814814814815
shuffled_domain_rank,1000,23.0,3,108,0.46296296296296297,0.3025598170302604,0.8333333333333334,0.02260528256513943,0.514018691588785,0.6261682242990654,0.9907407407407407
shuffled_domain_rank,1000,23.0,4,108,0.37962962962962965,0.2906702992417278,0.7962962962962963,0.027921429430357626,0.4074074074074074,0.5833333333333334,1.0
shuffled_domain_rank,1000,23.0,5,108,0.39814814814814814,0.2523768738689042,0.8148148148148148,0.015469004821111344,0.44660194174757284,0.6504854368932039,0.9537037037037037
shuffled_domain_rank,1000,24.0,1,115,0.4434782608695652,0.2948412698412698,0.782608695652174,0.02086455862350679,0.47368421052631576,0.6754385964912281,0.991304347826087
shuffled_domain_rank,1000,24.0,2,108,0.3888888888888889,0.25375231006809956,0.8148148148148148,0.033298233255273084,0.4339622641509434,0.5849056603773585,0.9814814814814815
shuffled_domain_rank,1000,24.0,3,108,0.3888888888888889,0.2512685663288073,0.8333333333333334,0.029982866221695013,0.4351851851851852,0.5555555555555556,1.0
shuffled_domain_rank,1000,24.0,4,108,0.39814814814814814,0.2983972702577354,0.7870370370370371,0.02705690545408095,0.42592592592592593,0.5648148148148148,1.0
shuffled_domain_rank,1000,24.0,5,108,0.39814814814814814,0.2457091237579042,0.7962962962962963,0.013556683292285014,0.4423076923076923,0.6634615384615384,0.9629629629629629
shuffled_domain_rank,1000,25.0,1,115,0.4434782608695652,0.29435805422647526,0.8,0.023926114643506868,0.47368421052631576,0.6666666666666666,0.991304347826087
shuffled_domain_rank,1000,25.0,2,108,0.46296296296296297,0.29472318617055454,0.7592592592592593,0.02580412208464609,0.5046728971962616,0.6542056074766355,0.9907407407407407
shuffled_domain_rank,1000,25.0,3,108,0.3425925925925926,0.21685950514491223,0.8518518518518519,0.03338160369199091,0.3888888888888889,0.5092592592592593,1.0
shuffled_domain_rank,1000,25.0,4,108,0.4074074074074074,0.29994632313472896,0.7962962962962963,0.029170652070780217,0.4537037037037037,0.6018518518518519,1.0
shuffled_domain_rank,1000,25.0,5,108,0.42592592592592593,0.2642554097662457,0.8055555555555556,0.013002288435003881,0.46226415094339623,0.6792452830188679,0.9814814814814815
shuffled_domain_rank,1000,26.0,1,115,0.4782608695652174,0.3307864873082264,0.782608695652174,0.019551762327710172,0.5087719298245614,0.7105263157894737,0.991304347826087
shuffled_domain_rank,1000,26.0,2,108,0.46296296296296297,0.2730728306485882,0.7962962962962963,0.02414755209437886,0.5094339622641509,0.6886792452830188,0.9814814814814815
shuffled_domain_rank,1000,26.0,3,108,0.3888888888888889,0.2610402044069128,0.8148148148148148,0.025142906931054004,0.4392523364485981,0.5794392523364486,0.9907407407407407
shuffled_domain_rank,1000,26.0,4,108,0.37037037037037035,0.2780693425007566,0.7870370370370371,0.03255958155397939,0.4074074074074074,0.5648148148148148,1.0
shuffled_domain_rank,1000,26.0,5,108,0.4166666666666667,0.25662937832385846,0.8148148148148148,0.014889539814554624,0.44339622641509435,0.6509433962264151,0.9814814814814815
shuffled_domain_rank,1000,27.0,1,115,0.45217391304347826,0.31532077248588153,0.7478260869565218,0.022664072851956162,0.4824561403508772,0.6754385964912281,0.991304347826087
shuffled_domain_rank,1000,27.0,2,108,0.4722222222222222,0.2937886752278927,0.7777777777777778,0.023977795406859365,0.5188679245283019,0.6698113207547169,0.9814814814814815
shuffled_domain_rank,1000,27.0,3,108,0.4444444444444444,0.2894620022526999,0.8240740740740741,0.02684233813588552,0.4953271028037383,0.616822429906542,0.9907407407407407
shuffled_domain_rank,1000,27.0,4,108,0.4074074074074074,0.3016260871641692,0.8055555555555556,0.02489190557587458,0.4537037037037037,0.5925925925925926,1.0
shuffled_domain_rank,1000,27.0,5,108,0.39814814814814814,0.250323713596544,0.8240740740740741,0.01597630453963851,0.44761904761904764,0.6571428571428571,0.9722222222222222
shuffled_domain_rank,1000,28.0,1,115,0.45217391304347826,0.30284900284900285,0.7913043478260869,0.02165136977404629,0.4824561403508772,0.6929824561403509,0.991304347826087
shuffled_domain_rank,1000,28.0,2,108,0.4444444444444444,0.2849846269552825,0.8055555555555556,0.02905318536914325,0.48148148148148145,0.6388888888888888,1.0
shuffled_domain_rank,1000,28.0,3,108,0.39814814814814814,0.2655412220629612,0.8055555555555556,0.024986872140106548,0.4485981308411215,0.5887850467289719,0.9907407407407407
shuffled_domain_rank,1000,28.0,4,108,0.4351851851851852,0.3158449968090491,0.7962962962962963,0.024670798536651346,0.4722222222222222,0.6018518518518519,1.0
shuffled_domain_rank,1000,28.0,5,108,0.4351851851851852,0.27076214692493766,0.8333333333333334,0.011739433302250728,0.4716981132075472,0.6698113207547169,0.9814814814814815
shuffled_domain_rank,1000,29.0,1,115,0.4782608695652174,0.3278249528249528,0.8,0.02137336274261693,0.5,0.6842105263157895,0.991304347826087
shuffled_domain_rank,1000,29.0,2,108,0.4444444444444444,0.26661567466165165,0.7962962962962963,0.025646621655152062,0.49056603773584906,0.660377358490566,0.9814814814814815
shuffled_domain_rank,1000,29.0,3,108,0.39814814814814814,0.2567706240120033,0.8425925925925926,0.03610436854760332,0.4444444444444444,0.5462962962962963,1.0
shuffled_domain_rank,1000,29.0,4,108,0.37962962962962965,0.2860121826508381,0.8055555555555556,0.030641866713191423,0.4166666666666667,0.5833333333333334,1.0
shuffled_domain_rank,1000,29.0,5,108,0.42592592592592593,0.27049403508463743,0.8055555555555556,0.013121429272478068,0.46226415094339623,0.660377358490566,0.9814814814814815
baseline_stats,3,,1,115,0.4608695652173913,0.29711779448621556,0.7478260869565218,0.022757027834217056,0.4956521739130435,0.6956521739130435,1.0
baseline_stats,3,,2,108,0.4351851851851852,0.2617599514151238,0.8611111111111112,0.017948803337887377,0.45794392523364486,0.6915887850467289,0.9907407407407407
baseline_stats,3,,3,108,0.4074074074074074,0.3620221787345075,0.8333333333333334,0.02795807782933067,0.4485981308411215,0.5607476635514018,0.9907407407407407
baseline_stats,3,,4,108,0.46296296296296297,0.3440170605387996,0.8703703703703703,0.038169418638238146,0.4953271028037383,0.5887850467289719,0.9907407407407407
baseline_stats,3,,5,108,0.26851851851851855,0.15529428755235208,0.75,0.026787763300088755,0.3142857142857143,0.5428571428571428,0.9722222222222222
real_domain_rank,3,,1,115,0.45217391304347826,0.27585775821069936,0.7130434782608696,0.02255492886994684,0.4956521739130435,0.6782608695652174,1.0
real_domain_rank,3,,2,108,0.5,0.29567563459492324,0.8240740740740741,0.011174249890057842,0.5327102803738317,0.7383177570093458,0.9907407407407407
real_domain_rank,3,,3,108,0.4351851851851852,0.36873267825648776,0.8518518518518519,0.0267756175932122,0.4766355140186916,0.5794392523364486,0.9907407407407407
real_domain_rank,3,,4,108,0.4537037037037037,0.3320583499100123,0.8703703703703703,0.035710216687783215,0.48598130841121495,0.5981308411214953,0.9907407407407407
real_domain_rank,3,,5,108,0.32407407407407407,0.17537993920972642,0.75,0.025118132106432503,0.37142857142857144,0.6,0.9722222222222222
shuffled_domain_rank,3,0.0,1,115,0.43478260869565216,0.2661435786435786,0.7478260869565218,0.022352346882330388,0.4782608695652174,0.6695652173913044,1.0
shuffled_domain_rank,3,0.0,2,108,0.4166666666666667,0.2587019979242346,0.8518518518518519,0.02476246831282767,0.4485981308411215,0.6542056074766355,0.9907407407407407
shuffled_domain_rank,3,0.0,3,108,0.4351851851851852,0.3781182722285479,0.8425925925925926,0.025724951186205755,0.4537037037037037,0.5462962962962963,1.0
shuffled_domain_rank,3,0.0,4,108,0.4537037037037037,0.32771739130434785,0.8796296296296297,0.03624667607757521,0.49074074074074076,0.6018518518518519,1.0
shuffled_domain_rank,3,0.0,5,108,0.3333333333333333,0.196344623745763,0.7222222222222222,0.021066771945287225,0.3942307692307692,0.5769230769230769,0.9629629629629629
shuffled_domain_rank,3,1.0,1,115,0.4434782608695652,0.2713754810529004,0.7304347826086957,0.02328984275087801,0.48695652173913045,0.6695652173913044,1.0
shuffled_domain_rank,3,1.0,2,108,0.4351851851851852,0.25633236412150656,0.7962962962962963,0.0183683795004702,0.45794392523364486,0.6915887850467289,0.9907407407407407
shuffled_domain_rank,3,1.0,3,108,0.3888888888888889,0.34324660633484166,0.8148148148148148,0.03485645690148342,0.4166666666666667,0.5277777777777778,1.0
shuffled_domain_rank,3,1.0,4,108,0.4166666666666667,0.30810314736223127,0.8796296296296297,0.03942660716735989,0.45794392523364486,0.5700934579439252,0.9907407407407407
shuffled_domain_rank,3,1.0,5,108,0.2962962962962963,0.17371696403954465,0.75,0.024437349853703893,0.330188679245283,0.5471698113207547,0.9814814814814815
shuffled_domain_rank,3,2.0,1,115,0.43478260869565216,0.26914718689835815,0.7304347826086957,0.02410203448066273,0.4782608695652174,0.6782608695652174,1.0
shuffled_domain_rank,3,2.0,2,108,0.4166666666666667,0.26692141734011043,0.8148148148148148,0.026216479246435834,0.4392523364485981,0.6542056074766355,0.9907407407407407
shuffled_domain_rank,3,2.0,3,108,0.42592592592592593,0.36065266485998193,0.8148148148148148,0.028823372799309122,0.4485981308411215,0.5514018691588785,0.9907407407407407
shuffled_domain_rank,3,2.0,4,108,0.4444444444444444,0.3310208124183641,0.8425925925925926,0.03600086525101128,0.48148148148148145,0.5833333333333334,1.0
shuffled_domain_rank,3,2.0,5,108,0.28703703703703703,0.16273530139318684,0.7222222222222222,0.0229927544383236,0.32075471698113206,0.5471698113207547,0.9814814814814815
shuffled_domain_rank,3,3.0,1,115,0.391304347826087,0.22648414204391434,0.7478260869565218,0.02649551505156135,0.43478260869565216,0.6521739130434783,1.0
shuffled_domain_rank,3,3.0,2,108,0.3611111111111111,0.2285539138661994,0.8240740740740741,0.028662504230366256,0.38317757009345793,0.616822429906542,0.9907407407407407
shuffled_domain_rank,3,3.0,3,108,0.4722222222222222,0.3605215419501134,0.8240740740740741,0.028307532594400577,0.49074074074074076,0.5833333333333334,1.0
shuffled_domain_rank,3,3.0,4,108,0.4537037037037037,0.33343343343343346,0.8611111111111112,0.03753622885489285,0.4766355140186916,0.5981308411214953,0.9907407407407407
shuffled_domain_rank,3,3.0,5,108,0.3611111111111111,0.20894966099368154,0.75,0.020507085868580535,0.40384615384615385,0.6057692307692307,0.9629629629629629
shuffled_domain_rank,3,4.0,1,115,0.41739130434782606,0.24695474235297243,0.7391304347826086,0.026747953193776902,0.4608695652173913,0.6434782608695652,1.0
shuffled_domain_rank,3,4.0,2,108,0.39814814814814814,0.2420142485013966,0.8240740740740741,0.023888630895351304,0.42990654205607476,0.6448598130841121,0.9907407407407407
shuffled_domain_rank,3,4.0,3,108,0.4351851851851852,0.3681141800763143,0.8425925925925926,0.025883590689298814,0.46296296296296297,0.5833333333333334,1.0
shuffled_domain_rank,3,4.0,4,108,0.4351851851851852,0.3199660268809205,0.8888888888888888,0.031215964037250927,0.4722222222222222,0.6018518518518519,1.0
shuffled_domain_rank,3,4.0,5,108,0.3148148148148148,0.178484417022623,0.7222222222222222,0.021973332241723525,0.34285714285714286,0.5619047619047619,0.9722222222222222
shuffled_domain_rank,3,5.0,1,115,0.41739130434782606,0.2473451327433628,0.7565217391304347,0.026469638097709032,0.4608695652173913,0.6521739130434783,1.0
shuffled_domain_rank,3,5.0,2,108,0.49074074074074076,0.2852367191989833,0.7962962962962963,0.014617969694771256,0.514018691588785,0.7476635514018691,0.9907407407407407
shuffled_domain_rank,3,5.0,3,108,0.48148148148148145,0.4008088420553406,0.8333333333333334,0.019691095724154395,0.5,0.6111111111111112,1.0
shuffled_domain_rank,3,5.0,4,108,0.4722222222222222,0.35485005278260995,0.8425925925925926,0.030108763172016828,0.5,0.6018518518518519,1.0
shuffled_domain_rank,3,5.0,5,108,0.3148148148148148,0.18678917653298274,0.7592592592592593,0.024492232190381255,0.3523809523809524,0.6095238095238096,0.9722222222222222
shuffled_domain_rank,3,6.0,1,115,0.43478260869565216,0.26988802343549506,0.7391304347826086,0.023697638671773408,0.4782608695652174,0.6695652173913044,1.0
shuffled_domain_rank,3,6.0,2,108,0.37962962962962965,0.2289063624611797,0.8240740740740741,0.026057779085421312,0.411214953271028,0.6448598130841121,0.9907407407407407
shuffled_domain_rank,3,6.0,3,108,0.4166666666666667,0.3502061621682964,0.8611111111111112,0.02802866796622726,0.45794392523364486,0.5420560747663551,0.9907407407407407
shuffled_domain_rank,3,6.0,4,108,0.4166666666666667,0.31109300790151856,0.8518518518518519,0.02603759928316355,0.45794392523364486,0.6074766355140186,0.9907407407407407
shuffled_domain_rank,3,6.0,5,108,0.28703703703703703,0.16782430597297357,0.7592592592592593,0.028496487353895945,0.3238095238095238,0.5428571428571428,0.9722222222222222
shuffled_domain_rank,3,7.0,1,115,0.4,0.22406692406692408,0.7217391304347827,0.026068518592854813,0.4434782608695652,0.6521739130434783,1.0
shuffled_domain_rank,3,7.0,2,108,0.4722222222222222,0.2827485380116959,0.8333333333333334,0.01592990862127167,0.4953271028037383,0.719626168224299,0.9907407407407407
shuffled_domain_rank,3,7.0,3,108,0.42592592592592593,0.36454014395190865,0.8425925925925926,0.030974331068798513,0.4444444444444444,0.5462962962962963,1.0
shuffled_domain_rank,3,7.0,4,108,0.4444444444444444,0.33039499583617227,0.8518518518518519,0.03177739009484773,0.4766355140186916,0.5887850467289719,0.9907407407407407
shuffled_domain_rank,3,7.0,5,108,0.3425925925925926,0.18448367872017554,0.7222222222222222,0.02006069876279441,0.3867924528301887,0.5943396226415094,0.9814814814814815
shuffled_domain_rank,3,8.0,1,115,0.41739130434782606,0.24678140486964018,0.7391304347826086,0.024422262316239257,0.4608695652173913,0.6608695652173913,1.0
shuffled_domain_rank,3,8.0,2,108,0.49074074074074076,0.3163230657288382,0.8425925925925926,0.018759196343826886,0.514018691588785,0.719626168224299,0.9907407407407407
shuffled_domain_rank,3,8.0,3,108,0.4444444444444444,0.3734900731452455,0.8333333333333334,0.022706877704088475,0.4766355140186916,0.5887850467289719,0.9907407407407407
shuffled_domain_rank,3,8.0,4,108,0.46296296296296297,0.337513364428258,0.8611111111111112,0.035637717038732274,0.48148148148148145,0.5925925925925926,1.0
shuffled_domain_rank,3,8.0,5,108,0.3148148148148148,0.1686466429894221,0.7592592592592593,0.02583318259936957,0.3490566037735849,0.6037735849056604,0.9814814814814815
shuffled_domain_rank,3,9.0,1,115,0.40869565217391307,0.24139531965618918,0.7478260869565218,0.024653011491021254,0.45217391304347826,0.6695652173913044,1.0
shuffled_domain_rank,3,9.0,2,108,0.37962962962962965,0.24476074691591934,0.8148148148148148,0.03013514268794313,0.40186915887850466,0.6261682242990654,0.9907407407407407
shuffled_domain_rank,3,9.0,3,108,0.4444444444444444,0.37076923076923074,0.8425925925925926,0.026131070302562787,0.4766355140186916,0.5794392523364486,0.9907407407407407
shuffled_domain_rank,3,9.0,4,108,0.4166666666666667,0.306036528519366,0.8703703703703703,0.03900833004309784,0.4392523364485981,0.5700934579439252,0.9907407407407407
shuffled_domain_rank,3,9.0,5,108,0.3425925925925926,0.1917509290467548,0.7407407407407407,0.018273843768243574,0.39622641509433965,0.6037735849056604,0.9814814814814815
shuffled_domain_rank,3,10.0,1,115,0.43478260869565216,0.26800082101806244,0.7304347826086957,0.023258767359938436,0.4782608695652174,0.6782608695652174,1.0
shuffled_domain_rank,3,10.0,2,108,0.4074074074074074,0.24674411641407348,0.8148148148148148,0.019731317726320887,0.42990654205607476,0.6822429906542056,0.9907407407407407
shuffled_domain_rank,3,10.0,3,108,0.4537037037037037,0.3689930824650536,0.8611111111111112,0.029183896286770646,0.48598130841121495,0.5700934579439252,0.9907407407407407
shuffled_domain_rank,3,10.0,4,108,0.4166666666666667,0.3082019429845517,0.8611111111111112,0.031968522196062034,0.45794392523364486,0.5700934579439252,0.9907407407407407
shuffled_domain_rank,3,10.0,5,108,0.3425925925925926,0.20901184585395108,0.75,0.02511920834953195,0.375,0.5576923076923077,0.9629629629629629
shuffled_domain_rank,3,11.0,1,115,0.4260869565217391,0.256486843986844,0.7130434782608696,0.02458664037236836,0.46956521739130436,0.6521739130434783,1.0
shuffled_domain_rank,3,11.0,2,108,0.49074074074074076,0.2944488747120326,0.8055555555555556,0.015201804944243806,0.514018691588785,0.719626168224299,0.9907407407407407
shuffled_domain_rank,3,11.0,3,108,0.46296296296296297,0.3900709219858156,0.8611111111111112,0.030208757961053982,0.48598130841121495,0.5794392523364486,0.9907407407407407
shuffled_domain_rank,3,11.0,4,108,0.49074074074074076,0.36025324163622036,0.8703703703703703,0.031241297077293288,0.5092592592592593,0.6388888888888888,1.0
shuffled_domain_rank,3,11.0,5,108,0.3425925925925926,0.19698951841808984,0.7222222222222222,0.026129602829774966,0.37142857142857144,0.580952380952381,0.9722222222222222
shuffled_domain_rank,3,12.0,1,115,0.4434782608695652,0.27163537325779213,0.7304347826086957,0.025169324869530482,0.48695652173913045,0.6695652173913044,1.0
shuffled_domain_rank,3,12.0,2,108,0.5,0.2935110640992994,0.8148148148148148,0.012223129865494137,0.5233644859813084,0.7476635514018691,0.9907407407407407
shuffled_domain_rank,3,12.0,3,108,0.4351851851851852,0.3722261680321341,0.8425925925925926,0.023812976579290653,0.45794392523364486,0.5981308411214953,0.9907407407407407
shuffled_domain_rank,3,12.0,4,108,0.4444444444444444,0.3296967120181406,0.8703703703703703,0.031054149286517417,0.4722222222222222,0.5925925925925926,1.0
shuffled_domain_rank,3,12.0,5,108,0.3148148148148148,0.18429602302280443,0.7407407407407407,0.02584838432098023,0.36538461538461536,0.5865384615384616,0.9629629629629629
shuffled_domain_rank,3,13.0,1,115,0.43478260869565216,0.2670856799713424,0.7478260869565218,0.025259160441182125,0.4782608695652174,0.6695652173913044,1.0
shuffled_domain_rank,3,13.0,2,108,0.4722222222222222,0.2962752525252525,0.8148148148148148,0.019374805524419062,0.4953271028037383,0.6915887850467289,0.9907407407407407
shuffled_domain_rank,3,13.0,3,108,0.4074074074074074,0.3583496732026144,0.8425925925925926,0.026520332757141562,0.4392523364485981,0.5607476635514018,0.9907407407407407
shuffled_domain_rank,3,13.0,4,108,0.4351851851851852,0.32268518518518513,0.8611111111111112,0.035472577485509006,0.4766355140186916,0.5887850467289719,0.9907407407407407
shuffled_domain_rank,3,13.0,5,108,0.32407407407407407,0.17915546985314426,0.7314814814814815,0.01759376789748019,0.3786407766990291,0.6116504854368932,0.9537037037037037
shuffled_domain_rank,3,14.0,1,115,0.45217391304347826,0.287901766709238,0.7304347826086957,0.023337712830572947,0.48695652173913045,0.6869565217391305,1.0
shuffled_domain_rank,3,14.0,2,108,0.46296296296296297,0.27508017446097943,0.8333333333333334,0.01727820122690232,0.48598130841121495,0.6822429906542056,0.9907407407407407
shuffled_domain_rank,3,14.0,3,108,0.46296296296296297,0.39777143427046185,0.8333333333333334,0.021743607792387647,0.4953271028037383,0.6074766355140186,0.9907407407407407
shuffled_domain_rank,3,14.0,4,108,0.4537037037037037,0.3372076424250337,0.8703703703703703,0.0328137684347893,0.48148148148148145,0.5740740740740741,1.0
shuffled_domain_rank,3,14.0,5,108,0.35185185185185186,0.20994014627127444,0.75,0.026171114987083282,0.3867924528301887,0.5849056603773585,0.9814814814814815
shuffled_domain_rank,3,15.0,1,115,0.45217391304347826,0.28331128747795414,0.7565217391304347,0.024174954854740804,0.48695652173913045,0.6782608695652174,1.0
shuffled_domain_rank,3,15.0,2,108,0.42592592592592593,0.25515267750053255,0.8240740740740741,0.020978954230582242,0.4485981308411215,0.6635514018691588,0.9907407407407407
shuffled_domain_rank,3,15.0,3,108,0.46296296296296297,0.39181083067875516,0.8518518518518519,0.021530954729214038,0.48148148148148145,0.5833333333333334,1.0
shuffled_domain_rank,3,15.0,4,108,0.4722222222222222,0.34984205538916785,0.8796296296296297,0.0357413463977333,0.4953271028037383,0.6074766355140186,0.9907407407407407
shuffled_domain_rank,3,15.0,5,108,0.25,0.14519458946369246,0.75,0.02681518374366766,0.29245283018867924,0.5094339622641509,0.9814814814814815
shuffled_domain_rank,3,16.0,1,115,0.43478260869565216,0.26775761562779815,0.7304347826086957,0.024155340974863656,0.4782608695652174,0.6695652173913044,1.0
shuffled_domain_rank,3,16.0,2,108,0.4444444444444444,0.2639655172413793,0.8518518518518519,0.01842805559377188,0.4672897196261682,0.7102803738317757,0.9907407407407407
shuffled_domain_rank,3,16.0,3,108,0.4444444444444444,0.37785444947209657,0.8333333333333334,0.02371151804261141,0.4672897196261682,0.5607476635514018,0.9907407407407407
shuffled_domain_rank,3,16.0,4,108,0.42592592592592593,0.3114906059474929,0.8611111111111112,0.035780042335246606,0.4537037037037037,0.5925925925925926,1.0
shuffled_domain_rank,3,16.0,5,108,0.3148148148148148,0.18619340865975917,0.7314814814814815,0.026271641627796275,0.3619047619047619,0.5523809523809524,0.9722222222222222
shuffled_domain_rank,3,17.0,1,115,0.4434782608695652,0.2726033726033726,0.7391304347826086,0.024120673306092223,0.48695652173913045,0.6869565217391305,1.0
shuffled_domain_rank,3,17.0,2,108,0.4351851851851852,0.2566271115454419,0.8333333333333334,0.020121167170082197,0.4672897196261682,0.6822429906542056,0.9907407407407407
shuffled_domain_rank,3,17.0,3,108,0.4166666666666667,0.3529862366887684,0.8611111111111112,0.02712236996799997,0.4392523364485981,0.5420560747663551,0.9907407407407407
shuffled_domain_rank,3,17.0,4,108,0.42592592592592593,0.3165851135775948,0.8703703703703703,0.03615256284558082,0.4537037037037037,0.5833333333333334,1.0
shuffled_domain_rank,3,17.0,5,108,0.3333333333333333,0.19047144740062083,0.7129629629629629,0.022239928289035107,0.3644859813084112,0.5700934579439252,0.9907407407407407
shuffled_domain_rank,3,18.0,1,115,0.4434782608695652,0.26933538929114154,0.7478260869565218,0.023317772296831452,0.48695652173913045,0.6869565217391305,1.0
shuffled_domain_rank,3,18.0,2,108,0.37962962962962965,0.23181390977443608,0.7962962962962963,0.023833483999138757,0.411214953271028,0.6542056074766355,0.9907407407407407
shuffled_domain_rank,3,18.0,3,108,0.4166666666666667,0.359316134793074,0.8425925925925926,0.025995108342997262,0.4444444444444444,0.5462962962962963,1.0
shuffled_domain_rank,3,18.0,4,108,0.4351851851851852,0.32087459427884957,0.8518518518518519,0.030823813412296373,0.4766355140186916,0.6074766355140186,0.9907407407407407
shuffled_domain_rank,3,18.0,5,108,0.32407407407407407,0.1802084576520667,0.7222222222222222,0.025009674535926146,0.3584905660377358,0.5943396226415094,0.9814814814814815
shuffled_domain_rank,3,19.0,1,115,0.4260869565217391,0.2577246283128636,0.7391304347826086,0.025638903538559184,0.46956521739130436,0.6608695652173913,1.0
shuffled_domain_rank,3,19.0,2,108,0.3888888888888889,0.24754989560398233,0.8240740740740741,0.02779973625025789,0.411214953271028,0.6355140186915887,0.9907407407407407
shuffled_domain_rank,3,19.0,3,108,0.42592592592592593,0.36144892843006055,0.8055555555555556,0.027047207012213057,0.45794392523364486,0.5700934579439252,0.9907407407407407
shuffled_domain_rank,3,19.0,4,108,0.5,0.36831621537503895,0.8425925925925926,0.027333086533683177,0.5327102803738317,0.616822429906542,0.9907407407407407
shuffled_domain_rank,3,19.0,5,108,0.3333333333333333,0.1912722240161613,0.7962962962962963,0.022595737862920365,0.37735849056603776,0.5849056603773585,0.9814814814814815
shuffled_domain_rank,3,20.0,1,115,0.43478260869565216,0.26713440438930636,0.7565217391304347,0.026044438060559793,0.4782608695652174,0.6695652173913044,1.0
shuffled_domain_rank,3,20.0,2,108,0.4351851851851852,0.26661366815281057,0.8425925925925926,0.021731973315533677,0.45794392523364486,0.6635514018691588,0.9907407407407407
shuffled_domain_rank,3,20.0,3,108,0.4166666666666667,0.367030539311241,0.8148148148148148,0.029972080553249552,0.4444444444444444,0.5648148148148148,1.0
shuffled_domain_rank,3,20.0,4,108,0.4444444444444444,0.3274240855762595,0.8518518518518519,0.028895694491412702,0.46296296296296297,0.5740740740740741,1.0
shuffled_domain_rank,3,20.0,5,108,0.3333333333333333,0.18581418581418582,0.7685185185185185,0.021855754740886038,0.38095238095238093,0.6190476190476191,0.9722222222222222
shuffled_domain_rank,3,21.0,1,115,0.4260869565217391,0.25554471522213457,0.7217391304347827,0.024823599566145358,0.4608695652173913,0.6521739130434783,1.0
shuffled_domain_rank,3,21.0,2,108,0.37962962962962965,0.24616949691968448,0.8240740740740741,0.026290123387421798,0.40186915887850466,0.6542056074766355,0.9907407407407407
shuffled_domain_rank,3,21.0,3,108,0.4537037037037037,0.368752769863881,0.8240740740740741,0.027140700066187625,0.4766355140186916,0.5700934579439252,0.9907407407407407
shuffled_domain_rank,3,21.0,4,108,0.4537037037037037,0.3350630041806512,0.8796296296296297,0.03815698561840331,0.48148148148148145,0.5925925925925926,1.0
shuffled_domain_rank,3,21.0,5,108,0.2962962962962963,0.16722027626755676,0.7314814814814815,0.024669244140057042,0.33653846153846156,0.5480769230769231,0.9629629629629629
shuffled_domain_rank,3,22.0,1,115,0.4260869565217391,0.2601812863588226,0.7565217391304347,0.025776255525938638,0.46956521739130436,0.6608695652173913,1.0
shuffled_domain_rank,3,22.0,2,108,0.5092592592592593,0.3054093567251462,0.8425925925925926,0.013896090604499213,0.5233644859813084,0.719626168224299,0.9907407407407407
shuffled_domain_rank,3,22.0,3,108,0.4166666666666667,0.3623306152717917,0.8240740740740741,0.030368670898029422,0.4444444444444444,0.5555555555555556,1.0
shuffled_domain_rank,3,22.0,4,108,0.46296296296296297,0.32755921030815843,0.8518518518518519,0.027271669644997838,0.49074074074074076,0.6018518518518519,1.0
shuffled_domain_rank,3,22.0,5,108,0.3333333333333333,0.18656411142799526,0.7777777777777778,0.023373949983077454,0.375,0.6057692307692307,0.9629629629629629
shuffled_domain_rank,3,23.0,1,115,0.4260869565217391,0.25458315458315456,0.7304347826086957,0.02324794309128058,0.46956521739130436,0.6782608695652174,1.0
shuffled_domain_rank,3,23.0,2,108,0.3611111111111111,0.2348954649394317,0.8518518518518519,0.02870711621646156,0.38317757009345793,0.6074766355140186,0.9907407407407407
shuffled_domain_rank,3,23.0,3,108,0.4074074074074074,0.35394093439845076,0.8240740740740741,0.02961483610517952,0.4351851851851852,0.5370370370370371,1.0
shuffled_domain_rank,3,23.0,4,108,0.4537037037037037,0.3337467254786237,0.8611111111111112,0.03652161747152433,0.48598130841121495,0.5981308411214953,0.9907407407407407
shuffled_domain_rank,3,23.0,5,108,0.2962962962962963,0.1626589639949363,0.7592592592592593,0.023487347099364706,0.33653846153846156,0.5673076923076923,0.9629629629629629
shuffled_domain_rank,3,24.0,1,115,0.46956521739130436,0.3054945078627605,0.7304347826086957,0.02503223774184104,0.5043478260869565,0.6782608695652174,1.0
shuffled_domain_rank,3,24.0,2,108,0.4722222222222222,0.2876161044765696,0.8055555555555556,0.017317054054996492,0.4953271028037383,0.7009345794392523,0.9907407407407407
shuffled_domain_rank,3,24.0,3,108,0.4166666666666667,0.3548132320354543,0.8055555555555556,0.031516060136743816,0.4392523364485981,0.5607476635514018,0.9907407407407407
shuffled_domain_rank,3,24.0,4,108,0.49074074074074076,0.3548224244652816,0.8703703703703703,0.02699463182858073,0.5277777777777778,0.6296296296296297,1.0
shuffled_domain_rank,3,24.0,5,108,0.2962962962962963,0.16414479033818077,0.7407407407407407,0.028378182269840253,0.34285714285714286,0.580952380952381,0.9722222222222222
shuffled_domain_rank,3,25.0,1,115,0.4608695652173913,0.29631392764128517,0.7391304347826086,0.024751636729201155,0.4956521739130435,0.6869565217391305,1.0
shuffled_domain_rank,3,25.0,2,108,0.4166666666666667,0.24417645846217276,0.8240740740740741,0.02099951517194387,0.42990654205607476,0.6635514018691588,0.9907407407407407
shuffled_domain_rank,3,25.0,3,108,0.4722222222222222,0.3950251563641713,0.8425925925925926,0.022350897571898034,0.5,0.6111111111111112,1.0
shuffled_domain_rank,3,25.0,4,108,0.4444444444444444,0.32181573670935376,0.8611111111111112,0.03437284061937195,0.4722222222222222,0.6203703703703703,1.0
shuffled_domain_rank,3,25.0,5,108,0.32407407407407407,0.18553093660620545,0.7037037037037037,0.02618408900975418,0.36538461538461536,0.5865384615384616,0.9629629629629629
shuffled_domain_rank,3,26.0,1,115,0.4260869565217391,0.25717392269116407,0.7391304347826086,0.024685236077785958,0.46956521739130436,0.6695652173913044,1.0
shuffled_domain_rank,3,26.0,2,108,0.4074074074074074,0.2581349206349206,0.7962962962962963,0.02514319187462767,0.42990654205607476,0.6635514018691588,0.9907407407407407
shuffled_domain_rank,3,26.0,3,108,0.4074074074074074,0.35464827974261937,0.8518518518518519,0.029146430995713346,0.4392523364485981,0.5514018691588785,0.9907407407407407
shuffled_domain_rank,3,26.0,4,108,0.4074074074074074,0.2999277032040882,0.8703703703703703,0.038249748132164606,0.4351851851851852,0.5648148148148148,1.0
shuffled_domain_rank,3,26.0,5,108,0.3148148148148148,0.17876663104286775,0.7314814814814815,0.02207174615935201,0.3584905660377358,0.5566037735849056,0.9814814814814815
shuffled_domain_rank,3,27.0,1,115,0.41739130434782606,0.2502642524314351,0.7478260869565218,0.025257093526306566,0.4608695652173913,0.6608695652173913,1.0
shuffled_domain_rank,3,27.0,2,108,0.4074074074074074,0.26068677130968565,0.8518518518518519,0.027636417494312972,0.42990654205607476,0.6635514018691588,0.9907407407407407
shuffled_domain_rank,3,27.0,3,108,0.4074074074074074,0.35314772578923526,0.8240740740740741,0.029239534935927996,0.4392523364485981,0.5607476635514018,0.9907407407407407
shuffled_domain_rank,3,27.0,4,108,0.4074074074074074,0.2692670077036404,0.9074074074074074,0.03689948909339451,0.44339622641509435,0.5849056603773585,0.9814814814814815
shuffled_domain_rank,3,27.0,5,108,0.3055555555555556,0.1761944483184178,0.7129629629629629,0.019676848347948545,0.3557692307692308,0.5865384615384616,0.9629629629629629
shuffled_domain_rank,3,28.0,1,115,0.4260869565217391,0.2546777546777547,0.7217391304347827,0.026624178395574544,0.46956521739130436,0.6608695652173913,1.0
shuffled_domain_rank,3,28.0,2,108,0.4722222222222222,0.2880638587344869,0.8148148148148148,0.017455930695827387,0.4953271028037383,0.719626168224299,0.9907407407407407
shuffled_domain_rank,3,28.0,3,108,0.4444444444444444,0.36523853518473226,0.8055555555555556,0.024984126809743493,0.4766355140186916,0.5887850467289719,0.9907407407407407
shuffled_domain_rank,3,28.0,4,108,0.42592592592592593,0.32277461974135163,0.8703703703703703,0.036973056107812215,0.4444444444444444,0.5648148148148148,1.0
shuffled_domain_rank,3,28.0,5,108,0.2962962962962963,0.15479841051013224,0.7407407407407407,0.026125430267263976,0.34285714285714286,0.5714285714285714,0.9722222222222222
shuffled_domain_rank,3,29.0,1,115,0.4260869565217391,0.2583908767524587,0.7304347826086957,0.023438694237116454,0.46956521739130436,0.6869565217391305,1.0
shuffled_domain_rank,3,29.0,2,108,0.42592592592592593,0.2534017809496904,0.8425925925925926,0.020851384786422976,0.45794392523364486,0.6822429906542056,0.9907407407407407
shuffled_domain_rank,3,29.0,3,108,0.4351851851851852,0.37286747937541587,0.8333333333333334,0.024393526040784003,0.4672897196261682,0.5700934579439252,0.9907407407407407
shuffled_domain_rank,3,29.0,4,108,0.4537037037037037,0.3326167721093014,0.8611111111111112,0.038041256288947806,0.48148148148148145,0.5925925925925926,1.0
shuffled_domain_rank,3,29.0,5,108,0.32407407407407407,0.18234015229389497,0.7314814814814815,0.022417455741839426,0.37142857142857144,0.5714285714285714,0.9722222222222222
baseline_stats,17,,1,115,0.46956521739130436,0.3273856849438245,0.7565217391304347,0.03148613388800128,0.48695652173913045,0.6782608695652174,1.0
baseline_stats,17,,2,108,0.4351851851851852,0.2226088316796281,0.7685185185185185,0.02536242334889284,0.46226415094339623,0.6132075471698113,0.9814814814814815
baseline_stats,17,,3,108,0.4074074074074074,0.30607448107448104,0.8148148148148148,0.021115575540976254,0.4722222222222222,0.6388888888888888,1.0
baseline_stats,17,,4,108,0.4537037037037037,0.327377618636588,0.8888888888888888,0.01893663921980446,0.5188679245283019,0.6320754716981132,0.9814814814814815
baseline_stats,17,,5,108,0.4166666666666667,0.25422647527910686,0.8240740740740741,0.01975136689249537,0.4485981308411215,0.6261682242990654,0.9907407407407407
real_domain_rank,17,,1,115,0.4782608695652174,0.33949938949938946,0.7391304347826086,0.02850225306389273,0.4956521739130435,0.7130434782608696,1.0
real_domain_rank,17,,2,108,0.4537037037037037,0.25013227513227515,0.7777777777777778,0.022481569038508564,0.4672897196261682,0.6355140186915887,0.9907407407407407
real_domain_rank,17,,3,108,0.37962962962962965,0.29731137317344214,0.8240740740740741,0.02218791206800446,0.4444444444444444,0.6296296296296297,1.0
real_domain_rank,17,,4,108,0.46296296296296297,0.3384935170649457,0.8518518518518519,0.019421829240263776,0.5188679245283019,0.6226415094339622,0.9814814814814815
real_domain_rank,17,,5,108,0.37962962962962965,0.23588124922387058,0.8055555555555556,0.024452318298333803,0.4205607476635514,0.5887850467289719,0.9907407407407407
shuffled_domain_rank,17,0.0,1,115,0.4608695652173913,0.3259086592419926,0.7565217391304347,0.0255056972591519,0.4782608695652174,0.7130434782608696,1.0
shuffled_domain_rank,17,0.0,2,108,0.39814814814814814,0.19238015071348402,0.7962962962962963,0.02869816101903996,0.411214953271028,0.5981308411214953,0.9907407407407407
shuffled_domain_rank,17,0.0,3,108,0.42592592592592593,0.31463989477249066,0.8148148148148148,0.01940092621371922,0.49074074074074076,0.6574074074074074,1.0
shuffled_domain_rank,17,0.0,4,108,0.4444444444444444,0.32157139810522656,0.8888888888888888,0.0176503336557443,0.5047619047619047,0.638095238095238,0.9722222222222222
shuffled_domain_rank,17,0.0,5,108,0.3425925925925926,0.20370370370370372,0.8425925925925926,0.022760171751185405,0.37383177570093457,0.5794392523364486,0.9907407407407407
shuffled_domain_rank,17,1.0,1,115,0.4434782608695652,0.29573260073260077,0.7652173913043478,0.029433149489594274,0.46956521739130436,0.6608695652173913,1.0
shuffled_domain_rank,17,1.0,2,108,0.4351851851851852,0.24018476077299608,0.7592592592592593,0.024938097241974055,0.45794392523364486,0.6355140186915887,0.9907407407407407
shuffled_domain_rank,17,1.0,3,108,0.3888888888888889,0.3292420327304048,0.8148148148148148,0.01986138257696492,0.4537037037037037,0.6111111111111112,1.0
shuffled_domain_rank,17,1.0,4,108,0.42592592592592593,0.31648047713963445,0.8981481481481481,0.021393821116845273,0.4766355140186916,0.6074766355140186,0.9907407407407407
shuffled_domain_rank,17,1.0,5,108,0.37962962962962965,0.22919610855094727,0.8425925925925926,0.020547820842425783,0.4074074074074074,0.6388888888888888,1.0
shuffled_domain_rank,17,2.0,1,115,0.4260869565217391,0.2787395580973563,0.7304347826086957,0.028143307755009322,0.45217391304347826,0.6695652173913044,1.0
shuffled_domain_rank,17,2.0,2,108,0.4444444444444444,0.2333108764596968,0.7962962962962963,0.024067845814592558,0.4672897196261682,0.6355140186915887,0.9907407407407407
shuffled_domain_rank,17,2.0,3,108,0.42592592592592593,0.29808343000262716,0.8148148148148148,0.022777160750303078,0.48148148148148145,0.6666666666666666,1.0
shuffled_domain_rank,17,2.0,4,108,0.39814814814814814,0.29401539563193696,0.8518518518518519,0.022874190312974996,0.4528301886792453,0.5849056603773585,0.9814814814814815
shuffled_domain_rank,17,2.0,5,108,0.4074074074074074,0.25153476024556165,0.8055555555555556,0.02408051786464737,0.4351851851851852,0.6018518518518519,1.0
shuffled_domain_rank,17,3.0,1,115,0.45217391304347826,0.30749603998047687,0.7478260869565218,0.030963201291565202,0.4782608695652174,0.6782608695652174,1.0
shuffled_domain_rank,17,3.0,2,108,0.3888888888888889,0.1979287015779215,0.7685185185185185,0.027167908786885506,0.41509433962264153,0.6037735849056604,0.9814814814814815
shuffled_domain_rank,17,3.0,3,108,0.37962962962962965,0.2901278797830522,0.8425925925925926,0.020518405438031677,0.4444444444444444,0.6203703703703703,1.0
shuffled_domain_rank,17,3.0,4,108,0.39814814814814814,0.29389213775178685,0.8518518518518519,0.022141224195270415,0.4716981132075472,0.5943396226415094,0.9814814814814815
shuffled_domain_rank,17,3.0,5,108,0.39814814814814814,0.23046177737436757,0.8055555555555556,0.020571696739678565,0.42592592592592593,0.6111111111111112,1.0
shuffled_domain_rank,17,4.0,1,115,0.4434782608695652,0.30200788371520076,0.7391304347826086,0.026978533809206773,0.46956521739130436,0.6869565217391305,1.0
shuffled_domain_rank,17,4.0,2,108,0.4444444444444444,0.24382716049382716,0.7592592592592593,0.02338174059331628,0.4716981132075472,0.6415094339622641,0.9814814814814815
shuffled_domain_rank,17,4.0,3,108,0.3888888888888889,0.29791575465732767,0.8425925925925926,0.023008513925326726,0.4537037037037037,0.5925925925925926,1.0
shuffled_domain_rank,17,4.0,4,108,0.4351851851851852,0.3235577059106471,0.8981481481481481,0.02098420449863484,0.49523809523809526,0.6476190476190476,0.9722222222222222
shuffled_domain_rank,17,4.0,5,108,0.37037037037037035,0.24140678743407476,0.8148148148148148,0.019539579743761696,0.41509433962264153,0.6226415094339622,0.9814814814814815
shuffled_domain_rank,17,5.0,1,115,0.4608695652173913,0.31770398217766643,0.7652173913043478,0.028252510997715568,0.4782608695652174,0.6782608695652174,1.0
shuffled_domain_rank,17,5.0,2,108,0.4074074074074074,0.19572331062874182,0.7777777777777778,0.025085446304980285,0.42990654205607476,0.6074766355140186,0.9907407407407407
shuffled_domain_rank,17,5.0,3,108,0.4074074074074074,0.2961405529953917,0.8611111111111112,0.02142630162865285,0.4722222222222222,0.6574074074074074,1.0
shuffled_domain_rank,17,5.0,4,108,0.42592592592592593,0.30903926976622015,0.8981481481481481,0.02101401488523353,0.5,0.6132075471698113,0.9814814814814815
shuffled_domain_rank,17,5.0,5,108,0.3425925925925926,0.21834592406859465,0.8055555555555556,0.021160869430819806,0.36792452830188677,0.6037735849056604,0.9814814814814815
shuffled_domain_rank,17,6.0,1,115,0.45217391304347826,0.31718167153946975,0.782608695652174,0.03022087389387806,0.46956521739130436,0.6869565217391305,1.0
shuffled_domain_rank,17,6.0,2,108,0.42592592592592593,0.22785783465917983,0.7962962962962963,0.02504534319596814,0.44339622641509435,0.6226415094339622,0.9814814814814815
shuffled_domain_rank,17,6.0,3,108,0.4537037037037037,0.3247643527489484,0.8148148148148148,0.02054038606680715,0.5185185185185185,0.6759259259259259,1.0
shuffled_domain_rank,17,6.0,4,108,0.37962962962962965,0.2704565030146426,0.8888888888888888,0.023529188684211704,0.4519230769230769,0.5769230769230769,0.9629629629629629
shuffled_domain_rank,17,6.0,5,108,0.4074074074074074,0.2583273621031058,0.8425925925925926,0.02020231032574532,0.4392523364485981,0.616822429906542,0.9907407407407407
shuffled_domain_rank,17,7.0,1,115,0.46956521739130436,0.32666511048863994,0.7565217391304347,0.02823453078748894,0.48695652173913045,0.6869565217391305,1.0
shuffled_domain_rank,17,7.0,2,108,0.4074074074074074,0.20968884244746314,0.7870370370370371,0.025325109948109204,0.42452830188679247,0.6226415094339622,0.9814814814814815
shuffled_domain_rank,17,7.0,3,108,0.4166666666666667,0.3043171470620753,0.8333333333333334,0.021588369262208765,0.4722222222222222,0.6388888888888888,1.0
shuffled_domain_rank,17,7.0,4,108,0.4074074074074074,0.30092785667481153,0.8703703703703703,0.021752257334650277,0.46226415094339623,0.5849056603773585,0.9814814814814815
shuffled_domain_rank,17,7.0,5,108,0.42592592592592593,0.2585361699492134,0.8333333333333334,0.018310548061513818,0.46226415094339623,0.6415094339622641,0.9814814814814815
shuffled_domain_rank,17,8.0,1,115,0.4608695652173913,0.3193529535497515,0.7565217391304347,0.029996452929277113,0.4782608695652174,0.6956521739130435,1.0
shuffled_domain_rank,17,8.0,2,108,0.3888888888888889,0.20003564551851152,0.7685185185185185,0.030744922487606744,0.411214953271028,0.5887850467289719,0.9907407407407407
shuffled_domain_rank,17,8.0,3,108,0.37037037037037035,0.27354435768336993,0.8240740740740741,0.023673087142024842,0.4351851851851852,0.6111111111111112,1.0
shuffled_domain_rank,17,8.0,4,108,0.4444444444444444,0.31868018812463256,0.8703703703703703,0.01912122279492066,0.5,0.6132075471698113,0.9814814814814815
shuffled_domain_rank,17,8.0,5,108,0.37962962962962965,0.22577627820051552,0.8148148148148148,0.021139934795945566,0.4074074074074074,0.6296296296296297,1.0
shuffled_domain_rank,17,9.0,1,115,0.4260869565217391,0.2929317521401084,0.7739130434782608,0.03075741192147508,0.45217391304347826,0.6695652173913044,1.0
shuffled_domain_rank,17,9.0,2,108,0.42592592592592593,0.2320735873488167,0.7777777777777778,0.025155948455302456,0.44339622641509435,0.6132075471698113,0.9814814814814815
shuffled_domain_rank,17,9.0,3,108,0.3888888888888889,0.2928879045158115,0.8240740740740741,0.025608974134700514,0.4537037037037037,0.6203703703703703,1.0
shuffled_domain_rank,17,9.0,4,108,0.4351851851851852,0.3113735321282491,0.8796296296296297,0.020028911460552076,0.4953271028037383,0.5981308411214953,0.9907407407407407
shuffled_domain_rank,17,9.0,5,108,0.3333333333333333,0.20001706775900327,0.8333333333333334,0.02197960729202061,0.3611111111111111,0.5925925925925926,1.0
shuffled_domain_rank,17,10.0,1,115,0.4608695652173913,0.316393621668851,0.7652173913043478,0.026986282699033436,0.4782608695652174,0.6695652173913044,1.0
shuffled_domain_rank,17,10.0,2,108,0.37962962962962965,0.19115814276114937,0.7592592592592593,0.0331826783809032,0.3925233644859813,0.5700934579439252,0.9907407407407407
shuffled_domain_rank,17,10.0,3,108,0.37962962962962965,0.28797983711712144,0.8055555555555556,0.027127280840370777,0.4351851851851852,0.5925925925925926,1.0
shuffled_domain_rank,17,10.0,4,108,0.4166666666666667,0.3070235544629076,0.8796296296296297,0.0238005419487517,0.4716981132075472,0.5754716981132075,0.9814814814814815
shuffled_domain_rank,17,10.0,5,108,0.4074074074074074,0.24742722642743667,0.8333333333333334,0.021117964274050077,0.4351851851851852,0.6111111111111112,1.0
shuffled_domain_rank,17,11.0,1,115,0.46956521739130436,0.3309408229311142,0.7739130434782608,0.03069531361268937,0.48695652173913045,0.6956521739130435,1.0
shuffled_domain_rank,17,11.0,2,108,0.4166666666666667,0.21609019734019733,0.75,0.025914776925848298,0.4339622641509434,0.6132075471698113,0.9814814814814815
shuffled_domain_rank,17,11.0,3,108,0.4074074074074074,0.30453929539295393,0.8055555555555556,0.021247596792993352,0.4722222222222222,0.6296296296296297,1.0
shuffled_domain_rank,17,11.0,4,108,0.39814814814814814,0.28250034227150933,0.8796296296296297,0.02202273288671817,0.4666666666666667,0.6,0.9722222222222222
shuffled_domain_rank,17,11.0,5,108,0.37962962962962965,0.23136571031307873,0.8148148148148148,0.02080472811577272,0.411214953271028,0.6074766355140186,0.9907407407407407
shuffled_domain_rank,17,12.0,1,115,0.45217391304347826,0.3095181864918707,0.7478260869565218,0.03179433172700489,0.4782608695652174,0.6782608695652174,1.0
shuffled_domain_rank,17,12.0,2,108,0.4537037037037037,0.24867714587340753,0.75,0.022921828737512466,0.4716981132075472,0.6509433962264151,0.9814814814814815
shuffled_domain_rank,17,12.0,3,108,0.4074074074074074,0.3002266360426729,0.8148148148148148,0.02553285963121505,0.4722222222222222,0.6574074074074074,1.0
shuffled_domain_rank,17,12.0,4,108,0.4722222222222222,0.35059757236227823,0.9166666666666666,0.020169032609650715,0.5188679245283019,0.6415094339622641,0.9814814814814815
shuffled_domain_rank,17,12.0,5,108,0.35185185185185186,0.2082832567456109,0.8148148148148148,0.024061127699235768,0.38317757009345793,0.6074766355140186,0.9907407407407407
shuffled_domain_rank,17,13.0,1,115,0.4782608695652174,0.3390600684718332,0.782608695652174,0.02524423332278253,0.4956521739130435,0.6956521739130435,1.0
shuffled_domain_rank,17,13.0,2,108,0.4166666666666667,0.19989216925708334,0.7685185185185185,0.024479094748175015,0.4392523364485981,0.616822429906542,0.9907407407407407
shuffled_domain_rank,17,13.0,3,108,0.3888888888888889,0.2970966085885441,0.8703703703703703,0.021000590516714275,0.4485981308411215,0.6261682242990654,0.9907407407407407
shuffled_domain_rank,17,13.0,4,108,0.42592592592592593,0.310929310921677,0.8796296296296297,0.01964685165121775,0.4811320754716981,0.6132075471698113,0.9814814814814815
shuffled_domain_rank,17,13.0,5,108,0.3425925925925926,0.2252001588404838,0.8425925925925926,0.021044303567815902,0.3867924528301887,0.5943396226415094,0.9814814814814815
shuffled_domain_rank,17,14.0,1,115,0.4260869565217391,0.2892534366218577,0.7739130434782608,0.028044516261600334,0.45217391304347826,0.6869565217391305,1.0
shuffled_domain_rank,17,14.0,2,108,0.4166666666666667,0.20597543808552984,0.7777777777777778,0.02645425787322649,0.4392523364485981,0.6074766355140186,0.9907407407407407
shuffled_domain_rank,17,14.0,3,108,0.39814814814814814,0.29881464781034367,0.8055555555555556,0.02726198107744812,0.46296296296296297,0.6111111111111112,1.0
shuffled_domain_rank,17,14.0,4,108,0.4074074074074074,0.3017457779362542,0.9074074074074074,0.022418485103054806,0.4666666666666667,0.6,0.9722222222222222
shuffled_domain_rank,17,14.0,5,108,0.37962962962962965,0.23479109840393483,0.8425925925925926,0.020746010370911557,0.4074074074074074,0.6203703703703703,1.0
shuffled_domain_rank,17,15.0,1,115,0.45217391304347826,0.31012413512413517,0.782608695652174,0.026772350964819773,0.46956521739130436,0.6695652173913044,1.0
shuffled_domain_rank,17,15.0,2,108,0.4537037037037037,0.24548547840692922,0.8055555555555556,0.024221980056832144,0.4716981132075472,0.6415094339622641,0.9814814814814815
shuffled_domain_rank,17,15.0,3,108,0.4074074074074074,0.2701915881322641,0.8148148148148148,0.02225693467771815,0.4722222222222222,0.6388888888888888,1.0
shuffled_domain_rank,17,15.0,4,108,0.46296296296296297,0.33147698305593043,0.8518518518518519,0.0182392609374087,0.5283018867924528,0.660377358490566,0.9814814814814815
shuffled_domain_rank,17,15.0,5,108,0.3888888888888889,0.22420663087329754,0.8240740740740741,0.019612586765938318,0.4166666666666667,0.6481481481481481,1.0
shuffled_domain_rank,17,16.0,1,115,0.46956521739130436,0.3316228221536686,0.782608695652174,0.027016252473264724,0.48695652173913045,0.6956521739130435,1.0
shuffled_domain_rank,17,16.0,2,108,0.4166666666666667,0.21904761904761905,0.7870370370370371,0.027198654244227086,0.4392523364485981,0.6261682242990654,0.9907407407407407
shuffled_domain_rank,17,16.0,3,108,0.4537037037037037,0.3375879990136815,0.8148148148148148,0.020377092512243063,0.5185185185185185,0.6759259259259259,1.0
shuffled_domain_rank,17,16.0,4,108,0.42592592592592593,0.3155323450134771,0.9074074074074074,0.018995374417228213,0.4857142857142857,0.6095238095238096,0.9722222222222222
shuffled_domain_rank,17,16.0,5,108,0.3425925925925926,0.19738653781206972,0.7962962962962963,0.018993920523221592,0.37037037037037035,0.6018518518518519,1.0
shuffled_domain_rank,17,17.0,1,115,0.4434782608695652,0.29448373943638817,0.7652173913043478,0.0309092733958151,0.46956521739130436,0.6608695652173913,1.0
shuffled_domain_rank,17,17.0,2,108,0.4166666666666667,0.2136675411269607,0.7777777777777778,0.0253585793409895,0.44339622641509435,0.6226415094339622,0.9814814814814815
shuffled_domain_rank,17,17.0,3,108,0.4166666666666667,0.3068232004402217,0.8333333333333334,0.020860591138732443,0.48148148148148145,0.6481481481481481,1.0
shuffled_domain_rank,17,17.0,4,108,0.4351851851851852,0.3160732779780399,0.8796296296296297,0.019766516190999405,0.49523809523809526,0.6285714285714286,0.9722222222222222
shuffled_domain_rank,17,17.0,5,108,0.3611111111111111,0.23028980268467983,0.8240740740740741,0.020344560829571656,0.39622641509433965,0.6132075471698113,0.9814814814814815
shuffled_domain_rank,17,18.0,1,115,0.4608695652173913,0.31495097340863026,0.7652173913043478,0.026664553739327773,0.4782608695652174,0.6869565217391305,1.0
shuffled_domain_rank,17,18.0,2,108,0.39814814814814814,0.19125039473468886,0.7777777777777778,0.02728061594950345,0.4205607476635514,0.5981308411214953,0.9907407407407407
shuffled_domain_rank,17,18.0,3,108,0.4166666666666667,0.32190022253960876,0.8055555555555556,0.021566645140203164,0.48148148148148145,0.6203703703703703,1.0
shuffled_domain_rank,17,18.0,4,108,0.4722222222222222,0.34300407440229935,0.8703703703703703,0.016943033951108567,0.5333333333333333,0.6476190476190476,0.9722222222222222
shuffled_domain_rank,17,18.0,5,108,0.3333333333333333,0.20319167093360643,0.8055555555555556,0.02221464224063261,0.36792452830188677,0.6132075471698113,0.9814814814814815
shuffled_domain_rank,17,19.0,1,115,0.45217391304347826,0.314096628679962,0.7739130434782608,0.029538017002386903,0.46956521739130436,0.6782608695652174,1.0
shuffled_domain_rank,17,19.0,2,108,0.39814814814814814,0.2004268283007791,0.7685185185185185,0.024075070550836308,0.42452830188679247,0.6037735849056604,0.9814814814814815
shuffled_domain_rank,17,19.0,3,108,0.39814814814814814,0.2947365522946918,0.8425925925925926,0.019986284192853813,0.4766355140186916,0.6355140186915887,0.9907407407407407
shuffled_domain_rank,17,19.0,4,108,0.4351851851851852,0.32053342650826927,0.8518518518518519,0.02328752075353478,0.49523809523809526,0.5904761904761905,0.9722222222222222
shuffled_domain_rank,17,19.0,5,108,0.37037037037037035,0.2252644155190844,0.8240740740740741,0.01965108699021417,0.4074074074074074,0.6111111111111112,1.0
shuffled_domain_rank,17,20.0,1,115,0.43478260869565216,0.28966727716727714,0.7478260869565218,0.031074500691691827,0.4608695652173913,0.6869565217391305,1.0
shuffled_domain_rank,17,20.0,2,108,0.3888888888888889,0.1984482278493168,0.7777777777777778,0.030513664342489557,0.411214953271028,0.5887850467289719,0.9907407407407407
shuffled_domain_rank,17,20.0,3,108,0.4166666666666667,0.30890026999866815,0.7777777777777778,0.020591633458993504,0.48148148148148145,0.6296296296296297,1.0
shuffled_domain_rank,17,20.0,4,108,0.42592592592592593,0.31095679012345673,0.8981481481481481,0.02209950930668574,0.4857142857142857,0.6,0.9722222222222222
shuffled_domain_rank,17,20.0,5,108,0.3888888888888889,0.2526621238642994,0.8240740740740741,0.018892091933002363,0.411214953271028,0.6448598130841121,0.9907407407407407
shuffled_domain_rank,17,21.0,1,115,0.4608695652173913,0.32191345602370386,0.782608695652174,0.030056016121510404,0.4782608695652174,0.6869565217391305,1.0
shuffled_domain_rank,17,21.0,2,108,0.4537037037037037,0.24822496415858533,0.7870370370370371,0.02393874410358365,0.4811320754716981,0.6509433962264151,0.9814814814814815
shuffled_domain_rank,17,21.0,3,108,0.4074074074074074,0.31031723166554626,0.8333333333333334,0.02532145462480692,0.4722222222222222,0.6203703703703703,1.0
shuffled_domain_rank,17,21.0,4,108,0.4351851851851852,0.3067466428225259,0.8611111111111112,0.01882983136335033,0.49056603773584906,0.6226415094339622,0.9814814814814815
shuffled_domain_rank,17,21.0,5,108,0.35185185185185186,0.2254148629148629,0.8240740740740741,0.022752164306002284,0.38317757009345793,0.5794392523364486,0.9907407407407407
shuffled_domain_rank,17,22.0,1,115,0.4608695652173913,0.3177309160281297,0.7565217391304347,0.02928415901685252,0.4782608695652174,0.6869565217391305,1.0
shuffled_domain_rank,17,22.0,2,108,0.4166666666666667,0.2277475670965842,0.7685185185185185,0.027164059656877453,0.4392523364485981,0.6074766355140186,0.9907407407407407
shuffled_domain_rank,17,22.0,3,108,0.37962962962962965,0.2897850243284163,0.8425925925925926,0.021378692741882418,0.4444444444444444,0.6203703703703703,1.0
shuffled_domain_rank,17,22.0,4,108,0.4166666666666667,0.297571012471555,0.8888888888888888,0.021983792625348022,0.4672897196261682,0.5887850467289719,0.9907407407407407
shuffled_domain_rank,17,22.0,5,108,0.3611111111111111,0.2194169558588497,0.8055555555555556,0.02148149787370228,0.3888888888888889,0.5925925925925926,1.0
shuffled_domain_rank,17,23.0,1,115,0.45217391304347826,0.30837523043405396,0.7652173913043478,0.02842579137120127,0.46956521739130436,0.6782608695652174,1.0
shuffled_domain_rank,17,23.0,2,108,0.42592592592592593,0.21052924460004108,0.7870370370370371,0.025268045645263682,0.4485981308411215,0.616822429906542,0.9907407407407407
shuffled_domain_rank,17,23.0,3,108,0.4537037037037037,0.3273328523328523,0.8518518518518519,0.01960225458603433,0.5092592592592593,0.6759259259259259,1.0
shuffled_domain_rank,17,23.0,4,108,0.49074074074074076,0.35463836477987415,0.8796296296296297,0.016894373811131857,0.5471698113207547,0.660377358490566,0.9814814814814815
shuffled_domain_rank,17,23.0,5,108,0.37962962962962965,0.2401830113312138,0.8148148148148148,0.019471538339769404,0.411214953271028,0.6355140186915887,0.9907407407407407
shuffled_domain_rank,17,24.0,1,115,0.4434782608695652,0.30453613472481394,0.7739130434782608,0.0318802793367601,0.4608695652173913,0.6608695652173913,1.0
shuffled_domain_rank,17,24.0,2,108,0.46296296296296297,0.25030338333090624,0.8148148148148148,0.02443445789405502,0.48598130841121495,0.6448598130841121,0.9907407407407407
shuffled_domain_rank,17,24.0,3,108,0.39814814814814814,0.30354892854892856,0.8148148148148148,0.02201804941293512,0.4537037037037037,0.6296296296296297,1.0
shuffled_domain_rank,17,24.0,4,108,0.4722222222222222,0.34224941724941726,0.9166666666666666,0.019341290388859723,0.5283018867924528,0.6320754716981132,0.9814814814814815
shuffled_domain_rank,17,24.0,5,108,0.37962962962962965,0.24372396712822245,0.8148148148148148,0.022547486504432165,0.4074074074074074,0.5925925925925926,1.0
shuffled_domain_rank,17,25.0,1,115,0.45217391304347826,0.3065483898817232,0.7565217391304347,0.02865413491075816,0.4782608695652174,0.6956521739130435,1.0
shuffled_domain_rank,17,25.0,2,108,0.4074074074074074,0.20341720108454386,0.7592592592592593,0.026431498684864798,0.42990654205607476,0.6074766355140186,0.9907407407407407
shuffled_domain_rank,17,25.0,3,108,0.3611111111111111,0.28234252827276085,0.8055555555555556,0.022037529293398167,0.42990654205607476,0.6074766355140186,0.9907407407407407
shuffled_domain_rank,17,25.0,4,108,0.4444444444444444,0.3259096792931379,0.8703703703703703,0.019806693313835822,0.5,0.6415094339622641,0.9814814814814815
shuffled_domain_rank,17,25.0,5,108,0.37037037037037035,0.23676326643447732,0.8148148148148148,0.02049622000821727,0.4056603773584906,0.5943396226415094,0.9814814814814815
shuffled_domain_rank,17,26.0,1,115,0.4608695652173913,0.32847366121142924,0.7565217391304347,0.027354152904639665,0.4782608695652174,0.6869565217391305,1.0
shuffled_domain_rank,17,26.0,2,108,0.4351851851851852,0.23380761015169618,0.8055555555555556,0.02426647965450757,0.45794392523364486,0.6355140186915887,0.9907407407407407
shuffled_domain_rank,17,26.0,3,108,0.4166666666666667,0.3133740429195699,0.8518518518518519,0.02632062818932541,0.4722222222222222,0.6296296296296297,1.0
shuffled_domain_rank,17,26.0,4,108,0.4444444444444444,0.31923435114924475,0.8796296296296297,0.018413242530433423,0.5,0.6415094339622641,0.9814814814814815
shuffled_domain_rank,17,26.0,5,108,0.4074074074074074,0.24818778191934743,0.8240740740740741,0.021795396786377593,0.4351851851851852,0.6296296296296297,1.0
shuffled_domain_rank,17,27.0,1,115,0.4434782608695652,0.2978488790062361,0.7739130434782608,0.030364641129921956,0.46956521739130436,0.6782608695652174,1.0
shuffled_domain_rank,17,27.0,2,108,0.4166666666666667,0.22003367003367003,0.7592592592592593,0.024795572405403112,0.4528301886792453,0.6320754716981132,0.9814814814814815
shuffled_domain_rank,17,27.0,3,108,0.4166666666666667,0.3113293225522327,0.8333333333333334,0.021092789043226687,0.48148148148148145,0.6574074074074074,1.0
shuffled_domain_rank,17,27.0,4,108,0.4444444444444444,0.32630475817950727,0.9074074074074074,0.01886533598994472,0.5094339622641509,0.6415094339622641,0.9814814814814815
shuffled_domain_rank,17,27.0,5,108,0.3611111111111111,0.2178703581340029,0.8425925925925926,0.02118943771744097,0.3888888888888889,0.6388888888888888,1.0
shuffled_domain_rank,17,28.0,1,115,0.46956521739130436,0.3161935316023366,0.7304347826086957,0.029863116019299328,0.48695652173913045,0.6869565217391305,1.0
shuffled_domain_rank,17,28.0,2,108,0.4444444444444444,0.23815505322660543,0.7685185185185185,0.02401663834311889,0.4672897196261682,0.6355140186915887,0.9907407407407407
shuffled_domain_rank,17,28.0,3,108,0.39814814814814814,0.30151585886880006,0.8333333333333334,0.021194914226762798,0.4537037037037037,0.6203703703703703,1.0
shuffled_domain_rank,17,28.0,4,108,0.4444444444444444,0.3181658692185008,0.8981481481481481,0.01992179779029128,0.5142857142857142,0.6285714285714286,0.9722222222222222
shuffled_domain_rank,17,28.0,5,108,0.3425925925925926,0.1984540064129281,0.8055555555555556,0.023988025177139154,0.37383177570093457,0.6074766355140186,0.9907407407407407
shuffled_domain_rank,17,29.0,1,115,0.4608695652173913,0.33036089878195135,0.7652173913043478,0.029778482548318552,0.4782608695652174,0.6695652173913044,1.0
shuffled_domain_rank,17,29.0,2,108,0.3888888888888889,0.20524800123155595,0.8148148148148148,0.027370923542932163,0.41509433962264153,0.6037735849056604,0.9814814814814815
shuffled_domain_rank,17,29.0,3,108,0.4444444444444444,0.3312705027475826,0.8240740740740741,0.025578366530578656,0.5092592592592593,0.6666666666666666,1.0
shuffled_domain_rank,17,29.0,4,108,0.4537037037037037,0.3235827664399093,0.8796296296296297,0.020321073281786978,0.5188679245283019,0.6320754716981132,0.9814814814814815
shuffled_domain_rank,17,29.0,5,108,0.39814814814814814,0.2551682034440655,0.8240740740740741,0.02360584105670666,0.42990654205607476,0.616822429906542,0.9907407407407407
baseline_stats,55,,1,115,0.4782608695652174,0.3321519205246528,0.7652173913043478,0.01864547935568879,0.5130434782608696,0.7304347826086957,1.0
baseline_stats,55,,2,108,0.5277777777777778,0.3767831856616903,0.8240740740740741,0.016770886145007085,0.5377358490566038,0.7169811320754716,0.9814814814814815
baseline_stats,55,,3,108,0.37037037037037035,0.25549368870123584,0.7962962962962963,0.03051818850136198,0.4056603773584906,0.5471698113207547,0.9814814814814815
baseline_stats,55,,4,108,0.2962962962962963,0.2353294853294853,0.8425925925925926,0.03926532344515498,0.3584905660377358,0.5566037735849056,0.9814814814814815
baseline_stats,55,,5,108,0.3888888888888889,0.28415124543766407,0.8240740740740741,0.018556697095621747,0.4351851851851852,0.6388888888888888,1.0
real_domain_rank,55,,1,115,0.5130434782608696,0.36457989825708276,0.8,0.01792911636291454,0.5391304347826087,0.7304347826086957,1.0
real_domain_rank,55,,2,108,0.5185185185185185,0.34535263812112166,0.8333333333333334,0.017636242229233837,0.5327102803738317,0.719626168224299,0.9907407407407407
real_domain_rank,55,,3,108,0.3888888888888889,0.25926109778182255,0.8055555555555556,0.026528359598058368,0.4339622641509434,0.5943396226415094,0.9814814814814815
real_domain_rank,55,,4,108,0.32407407407407407,0.2474144243796196,0.8611111111111112,0.041120190144224786,0.3867924528301887,0.5566037735849056,0.9814814814814815
real_domain_rank,55,,5,108,0.39814814814814814,0.24572895100069014,0.8518518518518519,0.02141274698989517,0.4444444444444444,0.6481481481481481,1.0
shuffled_domain_rank,55,0.0,1,115,0.46956521739130436,0.32964943553178844,0.7565217391304347,0.019715321473158205,0.5043478260869565,0.7130434782608696,1.0
shuffled_domain_rank,55,0.0,2,108,0.42592592592592593,0.3048531069592206,0.8240740740740741,0.02621958415707129,0.4392523364485981,0.6074766355140186,0.9907407407407407
shuffled_domain_rank,55,0.0,3,108,0.37037037037037035,0.23387066785661162,0.8055555555555556,0.03636130319431652,0.40186915887850466,0.5327102803738317,0.9907407407407407
shuffled_domain_rank,55,0.0,4,108,0.35185185185185186,0.2726367877311274,0.8611111111111112,0.03504403671037877,0.4056603773584906,0.5660377358490566,0.9814814814814815
shuffled_domain_rank,55,0.0,5,108,0.3888888888888889,0.23816791673934531,0.8425925925925926,0.020540293966942406,0.4166666666666667,0.6203703703703703,1.0
shuffled_domain_rank,55,1.0,1,115,0.4782608695652174,0.3318990559186638,0.7652173913043478,0.01788296643060761,0.5130434782608696,0.7217391304347827,1.0
shuffled_domain_rank,55,1.0,2,108,0.48148148148148145,0.33554863274489444,0.8055555555555556,0.02745089749381685,0.48598130841121495,0.6728971962616822,0.9907407407407407
shuffled_domain_rank,55,1.0,3,108,0.39814814814814814,0.26451499118165783,0.8055555555555556,0.03212900135928947,0.44339622641509435,0.5849056603773585,0.9814814814814815
shuffled_domain_rank,55,1.0,4,108,0.35185185185185186,0.2727630104538615,0.8611111111111112,0.03930729394712199,0.4056603773584906,0.5660377358490566,0.9814814814814815
shuffled_domain_rank,55,1.0,5,108,0.4166666666666667,0.2523272307438562,0.8611111111111112,0.018920959523224437,0.4722222222222222,0.6111111111111112,1.0
shuffled_domain_rank,55,2.0,1,115,0.48695652173913045,0.34004598724224894,0.782608695652174,0.01926139886018586,0.5217391304347826,0.7130434782608696,1.0
shuffled_domain_rank,55,2.0,2,108,0.5370370370370371,0.37844312844312844,0.8240740740740741,0.018588376214266226,0.5420560747663551,0.7102803738317757,0.9907407407407407
shuffled_domain_rank,55,2.0,3,108,0.35185185185185186,0.238134484563056,0.7962962962962963,0.032861268448903476,0.4,0.5619047619047619,0.9722222222222222
shuffled_domain_rank,55,2.0,4,108,0.3611111111111111,0.2740376832301638,0.8240740740740741,0.03586655293034235,0.41509433962264153,0.6132075471698113,0.9814814814814815
shuffled_domain_rank,55,2.0,5,108,0.35185185185185186,0.2270868461344652,0.8240740740740741,0.02096204462833733,0.39814814814814814,0.5925925925925926,1.0
shuffled_domain_rank,55,3.0,1,115,0.4782608695652174,0.3292212667212667,0.7739130434782608,0.021477429679307485,0.5130434782608696,0.7130434782608696,1.0
shuffled_domain_rank,55,3.0,2,108,0.4444444444444444,0.31529185459575954,0.8518518518518519,0.028440977798974917,0.4485981308411215,0.616822429906542,0.9907407407407407
shuffled_domain_rank,55,3.0,3,108,0.37962962962962965,0.2639981006647673,0.8055555555555556,0.027724248550568226,0.41509433962264153,0.5660377358490566,0.9814814814814815
shuffled_domain_rank,55,3.0,4,108,0.26851851851851855,0.20190997193025592,0.8518518518518519,0.040592428625126784,0.32075471698113206,0.5188679245283019,0.9814814814814815
shuffled_domain_rank,55,3.0,5,108,0.37962962962962965,0.22705694170739765,0.8333333333333334,0.019765209836398772,0.4166666666666667,0.6203703703703703,1.0
shuffled_domain_rank,55,4.0,1,115,0.4956521739130435,0.3466218278718278,0.7652173913043478,0.017470437217208236,0.5217391304347826,0.7217391304347827,1.0
shuffled_domain_rank,55,4.0,2,108,0.5277777777777778,0.3707403707403707,0.8240740740740741,0.02323235858318796,0.5327102803738317,0.6822429906542056,0.9907407407407407
shuffled_domain_rank,55,4.0,3,108,0.39814814814814814,0.27039993549427516,0.7962962962962963,0.03340753706651084,0.42990654205607476,0.5700934579439252,0.9907407407407407
shuffled_domain_rank,55,4.0,4,108,0.37037037037037035,0.282785900881937,0.8796296296296297,0.03201157144292874,0.41509433962264153,0.5754716981132075,0.9814814814814815
shuffled_domain_rank,55,4.0,5,108,0.4074074074074074,0.24272253491765686,0.8148148148148148,0.020890909945075403,0.4444444444444444,0.6296296296296297,1.0
shuffled_domain_rank,55,5.0,1,115,0.46956521739130436,0.32220915340181394,0.7652173913043478,0.020797053281931464,0.4956521739130435,0.6956521739130435,1.0
shuffled_domain_rank,55,5.0,2,108,0.5185185185185185,0.32870406062526947,0.8240740740740741,0.019257554476112618,0.5233644859813084,0.6728971962616822,0.9907407407407407
shuffled_domain_rank,55,5.0,3,108,0.39814814814814814,0.27658119658119656,0.8148148148148148,0.025960354647215095,0.4339622641509434,0.5849056603773585,0.9814814814814815
shuffled_domain_rank,55,5.0,4,108,0.3425925925925926,0.2619423892429533,0.8148148148148148,0.0367397419415829,0.3867924528301887,0.5660377358490566,0.9814814814814815
shuffled_domain_rank,55,5.0,5,108,0.4166666666666667,0.24712619481400963,0.8425925925925926,0.01669118439676653,0.46296296296296297,0.6481481481481481,1.0
shuffled_domain_rank,55,6.0,1,115,0.4782608695652174,0.33515211640211645,0.782608695652174,0.01761494358951679,0.5043478260869565,0.7217391304347827,1.0
shuffled_domain_rank,55,6.0,2,108,0.5,0.35333195599566297,0.8148148148148148,0.020414825408259837,0.5094339622641509,0.6886792452830188,0.9814814814814815
shuffled_domain_rank,55,6.0,3,108,0.37962962962962965,0.25960150960150963,0.8148148148148148,0.027146490996428983,0.4205607476635514,0.5700934579439252,0.9907407407407407
shuffled_domain_rank,55,6.0,4,108,0.35185185185185186,0.2788180386864597,0.8425925925925926,0.03715439741484745,0.4056603773584906,0.6132075471698113,0.9814814814814815
shuffled_domain_rank,55,6.0,5,108,0.4166666666666667,0.2499953314659197,0.8425925925925926,0.01954878778190204,0.4444444444444444,0.6388888888888888,1.0
shuffled_domain_rank,55,7.0,1,115,0.45217391304347826,0.3091639433551198,0.7652173913043478,0.0205434432697341,0.48695652173913045,0.6956521739130435,1.0
shuffled_domain_rank,55,7.0,2,108,0.5555555555555556,0.3694670104379723,0.8055555555555556,0.01705846804944726,0.5607476635514018,0.719626168224299,0.9907407407407407
shuffled_domain_rank,55,7.0,3,108,0.39814814814814814,0.2657879818594105,0.8148148148148148,0.02577820313881775,0.44339622641509435,0.6037735849056604,0.9814814814814815
shuffled_domain_rank,55,7.0,4,108,0.28703703703703703,0.22016045485004973,0.8240740740740741,0.03678546092527143,0.33962264150943394,0.5471698113207547,0.9814814814814815
shuffled_domain_rank,55,7.0,5,108,0.39814814814814814,0.2499384575997479,0.8148148148148148,0.018822973625528646,0.4351851851851852,0.6111111111111112,1.0
shuffled_domain_rank,55,8.0,1,115,0.4608695652173913,0.31530308848857236,0.7565217391304347,0.01943990416575709,0.4956521739130435,0.7304347826086957,1.0
shuffled_domain_rank,55,8.0,2,108,0.5277777777777778,0.3444444444444445,0.8425925925925926,0.01849106364831125,0.5327102803738317,0.719626168224299,0.9907407407407407
shuffled_domain_rank,55,8.0,3,108,0.4166666666666667,0.28141514458572925,0.7870370370370371,0.024115187871928474,0.4666666666666667,0.6285714285714286,0.9722222222222222
shuffled_domain_rank,55,8.0,4,108,0.32407407407407407,0.22995493223018193,0.8425925925925926,0.039698903181202276,0.3584905660377358,0.5377358490566038,0.9814814814814815
shuffled_domain_rank,55,8.0,5,108,0.3888888888888889,0.23411625453599363,0.8425925925925926,0.017704468857417062,0.4444444444444444,0.6574074074074074,1.0
shuffled_domain_rank,55,9.0,1,115,0.4782608695652174,0.33451004695270753,0.7739130434782608,0.02074831517602625,0.5043478260869565,0.7130434782608696,1.0
shuffled_domain_rank,55,9.0,2,108,0.5277777777777778,0.3666907166907167,0.8240740740740741,0.020021662229490922,0.5514018691588785,0.7009345794392523,0.9907407407407407
shuffled_domain_rank,55,9.0,3,108,0.4166666666666667,0.2796889790398918,0.7870370370370371,0.026126589119529076,0.4528301886792453,0.6037735849056604,0.9814814814814815
shuffled_domain_rank,55,9.0,4,108,0.32407407407407407,0.2610335103941242,0.8703703703703703,0.04097775395197969,0.37735849056603776,0.5566037735849056,0.9814814814814815
shuffled_domain_rank,55,9.0,5,108,0.42592592592592593,0.26417119036166653,0.8611111111111112,0.018469180667414587,0.4722222222222222,0.6574074074074074,1.0
shuffled_domain_rank,55,10.0,1,115,0.4608695652173913,0.3127150035850835,0.7565217391304347,0.019564849340450274,0.4956521739130435,0.6956521739130435,1.0
shuffled_domain_rank,55,10.0,2,108,0.4722222222222222,0.35655925155925156,0.8240740740740741,0.02451078753441946,0.4766355140186916,0.6728971962616822,0.9907407407407407
shuffled_domain_rank,55,10.0,3,108,0.3611111111111111,0.22818198425615308,0.7870370370370371,0.032446323670099295,0.4056603773584906,0.5566037735849056,0.9814814814814815
shuffled_domain_rank,55,10.0,4,108,0.32407407407407407,0.24673220696456524,0.8333333333333334,0.030978619344438404,0.38317757009345793,0.5514018691588785,0.9907407407407407
shuffled_domain_rank,55,10.0,5,108,0.3888888888888889,0.24158515355670315,0.7870370370370371,0.019270874272632705,0.4351851851851852,0.6203703703703703,1.0
shuffled_domain_rank,55,11.0,1,115,0.4434782608695652,0.3064419162669008,0.7565217391304347,0.02246550012733853,0.46956521739130436,0.6782608695652174,1.0
shuffled_domain_rank,55,11.0,2,108,0.4722222222222222,0.3514377085805657,0.8148148148148148,0.0272691186344835,0.4766355140186916,0.6448598130841121,0.9907407407407407
shuffled_domain_rank,55,11.0,3,108,0.3425925925925926,0.23570750237416904,0.7777777777777778,0.03266009836597293,0.37735849056603776,0.5471698113207547,0.9814814814814815
shuffled_domain_rank,55,11.0,4,108,0.3148148148148148,0.2358342532255576,0.8888888888888888,0.0376666312249164,0.37735849056603776,0.6037735849056604,0.9814814814814815
shuffled_domain_rank,55,11.0,5,108,0.3611111111111111,0.23210642404190793,0.8425925925925926,0.02150288885474047,0.4074074074074074,0.6018518518518519,1.0
shuffled_domain_rank,55,12.0,1,115,0.4782608695652174,0.33125070286075137,0.7565217391304347,0.018954942681041642,0.5217391304347826,0.7304347826086957,1.0
shuffled_domain_rank,55,12.0,2,108,0.5462962962962963,0.3521102210354547,0.8425925925925926,0.015468649607158564,0.5514018691588785,0.7102803738317757,0.9907407407407407
shuffled_domain_rank,55,12.0,3,108,0.37037037037037035,0.261623240491165,0.7962962962962963,0.028438399786415595,0.41509433962264153,0.5754716981132075,0.9814814814814815
shuffled_domain_rank,55,12.0,4,108,0.2962962962962963,0.23385024412421673,0.8425925925925926,0.03510307188941867,0.36792452830188677,0.5471698113207547,0.9814814814814815
shuffled_domain_rank,55,12.0,5,108,0.37962962962962965,0.24870749589935356,0.8240740740740741,0.01895854053086465,0.4166666666666667,0.6296296296296297,1.0
shuffled_domain_rank,55,13.0,1,115,0.46956521739130436,0.3149698075287912,0.7652173913043478,0.019840982824502536,0.4956521739130435,0.6956521739130435,1.0
shuffled_domain_rank,55,13.0,2,108,0.49074074074074076,0.36611430434959846,0.8055555555555556,0.02151728080296335,0.5046728971962616,0.6728971962616822,0.9907407407407407
shuffled_domain_rank,55,13.0,3,108,0.4074074074074074,0.27760329721114035,0.8055555555555556,0.023698161326969475,0.4528301886792453,0.6037735849056604,0.9814814814814815
shuffled_domain_rank,55,13.0,4,108,0.35185185185185186,0.2696551189645819,0.8611111111111112,0.03868692536274611,0.39622641509433965,0.5754716981132075,0.9814814814814815
shuffled_domain_rank,55,13.0,5,108,0.37962962962962965,0.23612701252236135,0.8148148148148148,0.021018995993038306,0.4166666666666667,0.6296296296296297,1.0
shuffled_domain_rank,55,14.0,1,115,0.48695652173913045,0.34122242589984525,0.7652173913043478,0.01856422352571023,0.5130434782608696,0.7043478260869566,1.0
shuffled_domain_rank,55,14.0,2,108,0.49074074074074076,0.3347654886870573,0.8333333333333334,0.021396010504438026,0.4953271028037383,0.6822429906542056,0.9907407407407407
shuffled_domain_rank,55,14.0,3,108,0.39814814814814814,0.26089506172839505,0.7962962962962963,0.028598528167283206,0.4339622641509434,0.5849056603773585,0.9814814814814815
shuffled_domain_rank,55,14.0,4,108,0.32407407407407407,0.24710882408995616,0.8425925925925926,0.034076028509672174,0.3867924528301887,0.5754716981132075,0.9814814814814815
shuffled_domain_rank,55,14.0,5,108,0.4166666666666667,0.2444247448000614,0.8148148148148148,0.018433584276328595,0.4537037037037037,0.6481481481481481,1.0
shuffled_domain_rank,55,15.0,1,115,0.48695652173913045,0.34319371097820794,0.7652173913043478,0.018956028886415417,0.5217391304347826,0.7391304347826086,1.0
shuffled_domain_rank,55,15.0,2,108,0.5092592592592593,0.360535039703955,0.8240740740740741,0.018597434542046494,0.5188679245283019,0.6792452830188679,0.9814814814814815
shuffled_domain_rank,55,15.0,3,108,0.37037037037037035,0.2464538801564118,0.8425925925925926,0.03382625884316137,0.41346153846153844,0.5769230769230769,0.9629629629629629
shuffled_domain_rank,55,15.0,4,108,0.3055555555555556,0.23819182013898257,0.8425925925925926,0.03949595030287793,0.3584905660377358,0.5377358490566038,0.9814814814814815
shuffled_domain_rank,55,15.0,5,108,0.3611111111111111,0.22497593604698587,0.8333333333333334,0.02440346616539201,0.4166666666666667,0.5925925925925926,1.0
shuffled_domain_rank,55,16.0,1,115,0.48695652173913045,0.3433604558031164,0.782608695652174,0.019891043725099648,0.5130434782608696,0.7304347826086957,1.0
shuffled_domain_rank,55,16.0,2,108,0.5277777777777778,0.3510747246921613,0.8240740740740741,0.020658808252760404,0.5327102803738317,0.6915887850467289,0.9907407407407407
shuffled_domain_rank,55,16.0,3,108,0.39814814814814814,0.2741944959802103,0.8055555555555556,0.03392050778167007,0.4380952380952381,0.5714285714285714,0.9722222222222222
shuffled_domain_rank,55,16.0,4,108,0.3425925925925926,0.2645521541950113,0.8518518518518519,0.03440806701936684,0.37735849056603776,0.5660377358490566,0.9814814814814815
shuffled_domain_rank,55,16.0,5,108,0.4166666666666667,0.2476648649838289,0.8055555555555556,0.018807382646154752,0.46296296296296297,0.6481481481481481,1.0
shuffled_domain_rank,55,17.0,1,115,0.46956521739130436,0.3274345644489929,0.7565217391304347,0.02099913663057916,0.5043478260869565,0.7043478260869566,1.0
shuffled_domain_rank,55,17.0,2,108,0.5277777777777778,0.37013226424991136,0.8055555555555556,0.021500617547699663,0.5327102803738317,0.6915887850467289,0.9907407407407407
shuffled_domain_rank,55,17.0,3,108,0.37962962962962965,0.2571434997750787,0.8148148148148148,0.02683771155285494,0.42857142857142855,0.5714285714285714,0.9722222222222222
shuffled_domain_rank,55,17.0,4,108,0.3148148148148148,0.24057103610675037,0.8518518518518519,0.0328937046092231,0.3584905660377358,0.5188679245283019,0.9814814814814815
shuffled_domain_rank,55,17.0,5,108,0.35185185185185186,0.21973191221252367,0.8518518518518519,0.021450550119915392,0.3888888888888889,0.5833333333333334,1.0
shuffled_domain_rank,55,18.0,1,115,0.5043478260869565,0.36065601065601066,0.782608695652174,0.01774037387077891,0.5304347826086957,0.7304347826086957,1.0
shuffled_domain_rank,55,18.0,2,108,0.5,0.3660800323660303,0.8333333333333334,0.02212659181990741,0.5046728971962616,0.6822429906542056,0.9907407407407407
shuffled_domain_rank,55,18.0,3,108,0.3611111111111111,0.24727920227920228,0.8333333333333334,0.030118487645112286,0.4056603773584906,0.5943396226415094,0.9814814814814815
shuffled_domain_rank,55,18.0,4,108,0.3425925925925926,0.2741376814053186,0.8148148148148148,0.03296050020865322,0.39622641509433965,0.5849056603773585,0.9814814814814815
shuffled_domain_rank,55,18.0,5,108,0.4074074074074074,0.2567415622291183,0.8148148148148148,0.017606003141178172,0.4537037037037037,0.6574074074074074,1.0
shuffled_domain_rank,55,19.0,1,115,0.48695652173913045,0.3357677045177045,0.7652173913043478,0.01839342032350665,0.5217391304347826,0.7304347826086957,1.0
shuffled_domain_rank,55,19.0,2,108,0.49074074074074076,0.31500514735808854,0.8425925925925926,0.018896450815469337,0.4953271028037383,0.6542056074766355,0.9907407407407407
shuffled_domain_rank,55,19.0,3,108,0.3611111111111111,0.24137308643389557,0.7777777777777778,0.031223092703458535,0.4095238095238095,0.5619047619047619,0.9722222222222222
shuffled_domain_rank,55,19.0,4,108,0.35185185185185186,0.26311728395061723,0.8796296296296297,0.03660333685883854,0.4056603773584906,0.5660377358490566,0.9814814814814815
shuffled_domain_rank,55,19.0,5,108,0.37037037037037035,0.23839227698876822,0.8425925925925926,0.01881600646262746,0.4074074074074074,0.6111111111111112,1.0
shuffled_domain_rank,55,20.0,1,115,0.46956521739130436,0.3164247856316516,0.7739130434782608,0.020802203200621427,0.5043478260869565,0.7130434782608696,1.0
shuffled_domain_rank,55,20.0,2,108,0.49074074074074076,0.3063767211878355,0.8240740740740741,0.019545588858009215,0.5046728971962616,0.6822429906542056,0.9907407407407407
shuffled_domain_rank,55,20.0,3,108,0.4074074074074074,0.27300036823846346,0.8055555555555556,0.034399658682819315,0.44761904761904764,0.5904761904761905,0.9722222222222222
shuffled_domain_rank,55,20.0,4,108,0.32407407407407407,0.24839180971846805,0.8611111111111112,0.03664810069858355,0.3867924528301887,0.6037735849056604,0.9814814814814815
shuffled_domain_rank,55,20.0,5,108,0.37037037037037035,0.22840015273004963,0.8240740740740741,0.0192908289454103,0.4074074074074074,0.6203703703703703,1.0
shuffled_domain_rank,55,21.0,1,115,0.4608695652173913,0.31597011845490547,0.782608695652174,0.01843089146090693,0.4956521739130435,0.7217391304347827,1.0
shuffled_domain_rank,55,21.0,2,108,0.48148148148148145,0.3169376975665008,0.8148148148148148,0.02608720711197199,0.48598130841121495,0.6261682242990654,0.9907407407407407
shuffled_domain_rank,55,21.0,3,108,0.4166666666666667,0.2834559987337765,0.7962962962962963,0.023869748960976392,0.46226415094339623,0.6226415094339622,0.9814814814814815
shuffled_domain_rank,55,21.0,4,108,0.3055555555555556,0.23425066996495567,0.8796296296296297,0.03888155833605276,0.36792452830188677,0.5566037735849056,0.9814814814814815
shuffled_domain_rank,55,21.0,5,108,0.3611111111111111,0.2201102478136697,0.8333333333333334,0.02021748377567519,0.4074074074074074,0.5925925925925926,1.0
shuffled_domain_rank,55,22.0,1,115,0.48695652173913045,0.33730158730158727,0.7739130434782608,0.017086084556983232,0.5130434782608696,0.7304347826086957,1.0
shuffled_domain_rank,55,22.0,2,108,0.48148148148148145,0.3286481492363845,0.8333333333333334,0.024743436602143162,0.48598130841121495,0.6635514018691588,0.9907407407407407
shuffled_domain_rank,55,22.0,3,108,0.35185185185185186,0.233778466592074,0.8055555555555556,0.03524972995078864,0.39622641509433965,0.5566037735849056,0.9814814814814815
shuffled_domain_rank,55,22.0,4,108,0.37037037037037035,0.29156645823312494,0.8333333333333334,0.035861836040825226,0.44339622641509435,0.5943396226415094,0.9814814814814815
shuffled_domain_rank,55,22.0,5,108,0.4166666666666667,0.25972357877702634,0.8240740740740741,0.016281191182315993,0.4537037037037037,0.6666666666666666,1.0
shuffled_domain_rank,55,23.0,1,115,0.48695652173913045,0.3466810966810967,0.782608695652174,0.017593457674873303,0.5217391304347826,0.7391304347826086,1.0
shuffled_domain_rank,55,23.0,2,108,0.5185185185185185,0.3353646761734997,0.8148148148148148,0.01797333990584596,0.5327102803738317,0.6822429906542056,0.9907407407407407
shuffled_domain_rank,55,23.0,3,108,0.3333333333333333,0.21380718954248365,0.7962962962962963,0.03452462696520722,0.36792452830188677,0.5377358490566038,0.9814814814814815
shuffled_domain_rank,55,23.0,4,108,0.3611111111111111,0.28812785388127854,0.8703703703703703,0.034628785851819964,0.3925233644859813,0.5514018691588785,0.9907407407407407
shuffled_domain_rank,55,23.0,5,108,0.4166666666666667,0.2524282342764191,0.8703703703703703,0.02098818686213588,0.4537037037037037,0.6388888888888888,1.0
shuffled_domain_rank,55,24.0,1,115,0.5217391304347826,0.3712453482190324,0.7652173913043478,0.01760950759262873,0.5565217391304348,0.7478260869565218,1.0
shuffled_domain_rank,55,24.0,2,108,0.4537037037037037,0.3036005718601367,0.8240740740740741,0.025692757050902033,0.46226415094339623,0.6132075471698113,0.9814814814814815
shuffled_domain_rank,55,24.0,3,108,0.37962962962962965,0.2508869022278984,0.7870370370370371,0.033145118428265896,0.4205607476635514,0.5887850467289719,0.9907407407407407
shuffled_domain_rank,55,24.0,4,108,0.37962962962962965,0.29476598150997485,0.8240740740740741,0.04024490671552608,0.42452830188679247,0.5849056603773585,0.9814814814814815
shuffled_domain_rank,55,24.0,5,108,0.39814814814814814,0.25447215923406397,0.8148148148148148,0.017734088824773647,0.4351851851851852,0.6388888888888888,1.0
shuffled_domain_rank,55,25.0,1,115,0.5043478260869565,0.35661119836408944,0.7739130434782608,0.017701285318744847,0.5391304347826087,0.7304347826086957,1.0
shuffled_domain_rank,55,25.0,2,108,0.4722222222222222,0.34942761198918837,0.8148148148148148,0.024703087711629636,0.48598130841121495,0.6355140186915887,0.9907407407407407
shuffled_domain_rank,55,25.0,3,108,0.37037037037037035,0.25359307414407933,0.7685185185185185,0.02917450281426709,0.41904761904761906,0.5904761904761905,0.9722222222222222
shuffled_domain_rank,55,25.0,4,108,0.35185185185185186,0.26975910819574095,0.8425925925925926,0.028774984845052014,0.41509433962264153,0.6037735849056604,0.9814814814814815
shuffled_domain_rank,55,25.0,5,108,0.4074074074074074,0.2411279461279461,0.8055555555555556,0.01853309262501329,0.4537037037037037,0.6296296296296297,1.0
shuffled_domain_rank,55,26.0,1,115,0.4782608695652174,0.3273709407310325,0.7565217391304347,0.021005123662451018,0.5130434782608696,0.7043478260869566,1.0
shuffled_domain_rank,55,26.0,2,108,0.48148148148148145,0.3491325232430331,0.8240740740740741,0.02297198085435962,0.4953271028037383,0.6822429906542056,0.9907407407407407
shuffled_domain_rank,55,26.0,3,108,0.42592592592592593,0.28477290681543455,0.8148148148148148,0.029017180322500155,0.4716981132075472,0.5943396226415094,0.9814814814814815
shuffled_domain_rank,55,26.0,4,108,0.32407407407407407,0.25336451698869805,0.8240740740740741,0.040951922040674216,0.36792452830188677,0.5566037735849056,0.9814814814814815
shuffled_domain_rank,55,26.0,5,108,0.39814814814814814,0.2538277731826119,0.8333333333333334,0.02090885912173945,0.4351851851851852,0.6203703703703703,1.0
shuffled_domain_rank,55,27.0,1,115,0.4608695652173913,0.32024110149110147,0.782608695652174,0.02102894926450143,0.4956521739130435,0.7043478260869566,1.0
shuffled_domain_rank,55,27.0,2,108,0.4074074074074074,0.3045454545454545,0.8240740740740741,0.027404270586764843,0.411214953271028,0.616822429906542,0.9907407407407407
shuffled_domain_rank,55,27.0,3,108,0.37037037037037035,0.26085682891266143,0.8055555555555556,0.025397949880095128,0.411214953271028,0.5700934579439252,0.9907407407407407
shuffled_domain_rank,55,27.0,4,108,0.35185185185185186,0.2728878648233487,0.8240740740740741,0.0392679544535658,0.4056603773584906,0.5943396226415094,0.9814814814814815
shuffled_domain_rank,55,27.0,5,108,0.3888888888888889,0.2398344042730941,0.8796296296296297,0.01936225978051449,0.4351851851851852,0.6203703703703703,1.0
shuffled_domain_rank,55,28.0,1,115,0.48695652173913045,0.34393939393939393,0.7739130434782608,0.020083726779494788,0.5130434782608696,0.7217391304347827,1.0
shuffled_domain_rank,55,28.0,2,108,0.5,0.3496773979532601,0.8333333333333334,0.020966980065681675,0.5094339622641509,0.6792452830188679,0.9814814814814815
shuffled_domain_rank,55,28.0,3,108,0.37037037037037035,0.2553486769826639,0.8148148148148148,0.031751282262207796,0.41509433962264153,0.5754716981132075,0.9814814814814815
shuffled_domain_rank,55,28.0,4,108,0.3333333333333333,0.25741565312993886,0.8611111111111112,0.03629114772136814,0.37735849056603776,0.5754716981132075,0.9814814814814815
shuffled_domain_rank,55,28.0,5,108,0.3888888888888889,0.23608054664256217,0.8055555555555556,0.021976781871235723,0.4351851851851852,0.6111111111111112,1.0
shuffled_domain_rank,55,29.0,1,115,0.48695652173913045,0.33939001558313436,0.782608695652174,0.01720956405364627,0.5217391304347826,0.7391304347826086,1.0
shuffled_domain_rank,55,29.0,2,108,0.48148148148148145,0.3466592125128711,0.8055555555555556,0.02410837160620692,0.4953271028037383,0.6822429906542056,0.9907407407407407
shuffled_domain_rank,55,29.0,3,108,0.39814814814814814,0.2746734397677794,0.8055555555555556,0.03513079695623393,0.44339622641509435,0.5754716981132075,0.9814814814814815
shuffled_domain_rank,55,29.0,4,108,0.37962962962962965,0.2906942921555309,0.8703703703703703,0.03680438633760587,0.4339622641509434,0.6132075471698113,0.9814814814814815
shuffled_domain_rank,55,29.0,5,108,0.39814814814814814,0.23698034769463341,0.8333333333333334,0.0188072123440747,0.4444444444444444,0.6388888888888888,1.0
baseline_stats,128,,1,115,0.41739130434782606,0.23705894032221464,0.6956521739130435,0.026312184672241973,0.45614035087719296,0.6754385964912281,0.991304347826087
baseline_stats,128,,2,108,0.4351851851851852,0.29192002998182776,0.8518518518518519,0.03438976418745396,0.45794392523364486,0.5700934579439252,0.9907407407407407
baseline_stats,128,,3,108,0.3888888888888889,0.3263127301822632,0.8055555555555556,0.027275632382963374,0.411214953271028,0.6074766355140186,0.9907407407407407
baseline_stats,128,,4,108,0.4074074074074074,0.29766524277444334,0.8796296296296297,0.027665208047441867,0.45714285714285713,0.6190476190476191,0.9722222222222222
baseline_stats,128,,5,108,0.3333333333333333,0.2215016751858857,0.7592592592592593,0.020996546671108875,0.37142857142857144,0.5904761904761905,0.9722222222222222
real_domain_rank,128,,1,115,0.41739130434782606,0.23715218257060242,0.7130434782608696,0.02364985577677012,0.45614035087719296,0.6929824561403509,0.991304347826087
real_domain_rank,128,,2,108,0.5,0.3046398046398046,0.8425925925925926,0.0252692539589561,0.5233644859813084,0.6261682242990654,0.9907407407407407
real_domain_rank,128,,3,108,0.39814814814814814,0.34336382387229847,0.8333333333333334,0.025049983501557807,0.42592592592592593,0.5833333333333334,1.0
real_domain_rank,128,,4,108,0.48148148148148145,0.3588340737276907,0.9074074074074074,0.026739132688563434,0.5377358490566038,0.6509433962264151,0.9814814814814815
real_domain_rank,128,,5,108,0.32407407407407407,0.2107307896781581,0.7685185185185185,0.021124586208794312,0.3619047619047619,0.580952380952381,0.9722222222222222
shuffled_domain_rank,128,0.0,1,115,0.4,0.22042557932263815,0.7652173913043478,0.0256305095213631,0.43859649122807015,0.6666666666666666,0.991304347826087
shuffled_domain_rank,128,0.0,2,108,0.48148148148148145,0.28370245245245246,0.8333333333333334,0.02598039690307163,0.4953271028037383,0.5887850467289719,0.9907407407407407
shuffled_domain_rank,128,0.0,3,108,0.4166666666666667,0.3447832961825965,0.8148148148148148,0.026137485128757184,0.4351851851851852,0.6296296296296297,1.0
shuffled_domain_rank,128,0.0,4,108,0.4722222222222222,0.348208325036043,0.9074074074074074,0.025626779706442667,0.5188679245283019,0.6509433962264151,0.9814814814814815
shuffled_domain_rank,128,0.0,5,108,0.35185185185185186,0.2284126984126984,0.7222222222222222,0.021883613525216786,0.3904761904761905,0.6095238095238096,0.9722222222222222
shuffled_domain_rank,128,1.0,1,115,0.4434782608695652,0.26878916996911095,0.7217391304347827,0.02193408349943313,0.47368421052631576,0.7017543859649122,0.991304347826087
shuffled_domain_rank,128,1.0,2,108,0.49074074074074076,0.30671296296296297,0.8518518518518519,0.02832776831446148,0.514018691588785,0.616822429906542,0.9907407407407407
shuffled_domain_rank,128,1.0,3,108,0.4074074074074074,0.3236343732895457,0.8148148148148148,0.02385869615641329,0.42990654205607476,0.6448598130841121,0.9907407407407407
shuffled_domain_rank,128,1.0,4,108,0.42592592592592593,0.31361686453219634,0.8981481481481481,0.027353476503215002,0.4811320754716981,0.6226415094339622,0.9814814814814815
shuffled_domain_rank,128,1.0,5,108,0.3611111111111111,0.22965310030158004,0.7592592592592593,0.019733359408214097,0.3904761904761905,0.6095238095238096,0.9722222222222222
shuffled_domain_rank,128,2.0,1,115,0.40869565217391307,0.22926289543400344,0.7304347826086957,0.025455946806842336,0.4473684210526316,0.6754385964912281,0.991304347826087
shuffled_domain_rank,128,2.0,2,108,0.5462962962962963,0.33296296296296296,0.8425925925925926,0.022969645848898393,0.5700934579439252,0.6542056074766355,0.9907407407407407
shuffled_domain_rank,128,2.0,3,108,0.3888888888888889,0.316244954000734,0.8240740740740741,0.026012645692396967,0.4074074074074074,0.6111111111111112,1.0
shuffled_domain_rank,128,2.0,4,108,0.4166666666666667,0.31065778968592267,0.8888888888888888,0.0278227176541491,0.47619047619047616,0.638095238095238,0.9722222222222222
shuffled_domain_rank,128,2.0,5,108,0.32407407407407407,0.2171746705555074,0.7407407407407407,0.019772489918551923,0.3619047619047619,0.6190476190476191,0.9722222222222222
shuffled_domain_rank,128,3.0,1,115,0.45217391304347826,0.2819276704240472,0.7304347826086957,0.023613176965268535,0.49122807017543857,0.7017543859649122,0.991304347826087
shuffled_domain_rank,128,3.0,2,108,0.48148148148148145,0.2919707207207207,0.8425925925925926,0.02689380381261144,0.4953271028037383,0.6074766355140186,0.9907407407407407
shuffled_domain_rank,128,3.0,3,108,0.4074074074074074,0.3272092525165988,0.8148148148148148,0.025401221048934212,0.4166666666666667,0.5925925925925926,1.0
shuffled_domain_rank,128,3.0,4,108,0.4351851851851852,0.3297343590948242,0.8981481481481481,0.02759239087546339,0.5,0.6415094339622641,0.9814814814814815
shuffled_domain_rank,128,3.0,5,108,0.3425925925925926,0.22143935518171876,0.7407407407407407,0.019428648870878775,0.38095238095238093,0.6190476190476191,0.9722222222222222
shuffled_domain_rank,128,4.0,1,115,0.43478260869565216,0.25472983806317134,0.7217391304347827,0.024878968689806283,0.46956521739130436,0.6869565217391305,1.0
shuffled_domain_rank,128,4.0,2,108,0.5185185185185185,0.3262469900240798,0.8148148148148148,0.02478718169730521,0.5327102803738317,0.6261682242990654,0.9907407407407407
shuffled_domain_rank,128,4.0,3,108,0.4074074074074074,0.33524667524667523,0.8240740740740741,0.023614844153955226,0.42592592592592593,0.6296296296296297,1.0
shuffled_domain_rank,128,4.0,4,108,0.4074074074074074,0.3052757427757428,0.8888888888888888,0.028658477335486047,0.45714285714285713,0.5904761904761905,0.9722222222222222
shuffled_domain_rank,128,4.0,5,108,0.39814814814814814,0.2668968597540026,0.75,0.017671342486434947,0.42857142857142855,0.6476190476190476,0.9722222222222222
shuffled_domain_rank,128,5.0,1,115,0.43478260869565216,0.26756031092123556,0.7565217391304347,0.023730745049041525,0.47368421052631576,0.7017543859649122,0.991304347826087
shuffled_domain_rank,128,5.0,2,108,0.48148148148148145,0.2787487487487487,0.8240740740740741,0.025514293327152177,0.5046728971962616,0.6355140186915887,0.9907407407407407
shuffled_domain_rank,128,5.0,3,108,0.39814814814814814,0.3232991900039955,0.8055555555555556,0.02831882454757181,0.4166666666666667,0.6111111111111112,1.0
shuffled_domain_rank,128,5.0,4,108,0.4166666666666667,0.3140664160401002,0.8611111111111112,0.02726884216307038,0.4716981132075472,0.6226415094339622,0.9814814814814815
shuffled_domain_rank,128,5.0,5,108,0.3425925925925926,0.225930131604684,0.7592592592592593,0.01946188527984245,0.38095238095238093,0.6095238095238096,0.9722222222222222
shuffled_domain_rank,128,6.0,1,115,0.4260869565217391,0.24863601575542718,0.7304347826086957,0.025105867053467124,0.4649122807017544,0.6754385964912281,0.991304347826087
shuffled_domain_rank,128,6.0,2,108,0.49074074074074076,0.3017826617826618,0.8240740740740741,0.02520530636324272,0.514018691588785,0.6355140186915887,0.9907407407407407
shuffled_domain_rank,128,6.0,3,108,0.3888888888888889,0.31516773639392154,0.8518518518518519,0.02561479356392493,0.4074074074074074,0.5833333333333334,1.0
shuffled_domain_rank,128,6.0,4,108,0.48148148148148145,0.35224378489364255,0.8611111111111112,0.02564414411473027,0.5327102803738317,0.6448598130841121,0.9907407407407407
shuffled_domain_rank,128,6.0,5,108,0.32407407407407407,0.20612146307798482,0.75,0.022677962180784956,0.36792452830188677,0.5754716981132075,0.9814814814814815
shuffled_domain_rank,128,7.0,1,115,0.43478260869565216,0.25729931612284557,0.7391304347826086,0.02438941883321302,0.4649122807017544,0.6842105263157895,0.991304347826087
shuffled_domain_rank,128,7.0,2,108,0.46296296296296297,0.2810738841666677,0.8425925925925926,0.030666851991972416,0.48598130841121495,0.5887850467289719,0.9907407407407407
shuffled_domain_rank,128,7.0,3,108,0.4074074074074074,0.3312964266166236,0.8148148148148148,0.02791763877360515,0.4205607476635514,0.5981308411214953,0.9907407407407407
shuffled_domain_rank,128,7.0,4,108,0.4166666666666667,0.313060117664087,0.9074074074074074,0.027501036106180834,0.4716981132075472,0.5849056603773585,0.9814814814814815
shuffled_domain_rank,128,7.0,5,108,0.37962962962962965,0.258047944133675,0.75,0.01995333101985099,0.41509433962264153,0.6226415094339622,0.9814814814814815
shuffled_domain_rank,128,8.0,1,115,0.4434782608695652,0.2639363722697056,0.7217391304347827,0.022483094669420237,0.4824561403508772,0.7105263157894737,0.991304347826087
shuffled_domain_rank,128,8.0,2,108,0.5185185185185185,0.3013317076474971,0.8425925925925926,0.02077531266237907,0.5420560747663551,0.6542056074766355,0.9907407407407407
shuffled_domain_rank,128,8.0,3,108,0.39814814814814814,0.32409584941604647,0.8425925925925926,0.028353024767118516,0.42990654205607476,0.5794392523364486,0.9907407407407407
shuffled_domain_rank,128,8.0,4,108,0.4166666666666667,0.3145365940102782,0.8796296296296297,0.02041950197097015,0.4716981132075472,0.6320754716981132,0.9814814814814815
shuffled_domain_rank,128,8.0,5,108,0.32407407407407407,0.21834716792699985,0.75,0.018744612812813644,0.3619047619047619,0.638095238095238,0.9722222222222222
shuffled_domain_rank,128,9.0,1,115,0.41739130434782606,0.23920975003881384,0.7304347826086957,0.026440090340965637,0.45217391304347826,0.6695652173913044,1.0
shuffled_domain_rank,128,9.0,2,108,0.46296296296296297,0.2875592276502286,0.8796296296296297,0.03190600565977416,0.4766355140186916,0.5887850467289719,0.9907407407407407
shuffled_domain_rank,128,9.0,3,108,0.39814814814814814,0.31809523809523804,0.8148148148148148,0.02208739084280355,0.4166666666666667,0.6111111111111112,1.0
shuffled_domain_rank,128,9.0,4,108,0.46296296296296297,0.33584693598873977,0.8703703703703703,0.028133482030974395,0.5046728971962616,0.5981308411214953,0.9907407407407407
shuffled_domain_rank,128,9.0,5,108,0.3333333333333333,0.22361263736263737,0.7592592592592593,0.021275700559701054,0.3619047619047619,0.5904761904761905,0.9722222222222222
shuffled_domain_rank,128,10.0,1,115,0.4434782608695652,0.2678422647462895,0.7304347826086957,0.023603332303906186,0.4824561403508772,0.7017543859649122,0.991304347826087
shuffled_domain_rank,128,10.0,2,108,0.5,0.29772984585014656,0.8240740740740741,0.02564743642929859,0.5233644859813084,0.6355140186915887,0.9907407407407407
shuffled_domain_rank,128,10.0,3,108,0.3888888888888889,0.31617916765578785,0.7870370370370371,0.027672865728569588,0.39814814814814814,0.5925925925925926,1.0
shuffled_domain_rank,128,10.0,4,108,0.39814814814814814,0.3016009829963318,0.8796296296296297,0.029627763227014794,0.4528301886792453,0.5660377358490566,0.9814814814814815
shuffled_domain_rank,128,10.0,5,108,0.35185185185185186,0.22741028270440033,0.7407407407407407,0.016520058560332753,0.4,0.6095238095238096,0.9722222222222222
shuffled_domain_rank,128,11.0,1,115,0.4434782608695652,0.26893111226791605,0.7391304347826086,0.022552719928084154,0.4824561403508772,0.7017543859649122,0.991304347826087
shuffled_domain_rank,128,11.0,2,108,0.5648148148148148,0.3500895985339476,0.8703703703703703,0.01967728786161797,0.5794392523364486,0.6822429906542056,0.9907407407407407
shuffled_domain_rank,128,11.0,3,108,0.37962962962962965,0.3117389484529444,0.8425925925925926,0.029039118082946173,0.3888888888888889,0.5740740740740741,1.0
shuffled_domain_rank,128,11.0,4,108,0.4351851851851852,0.31572976138193526,0.9166666666666666,0.02740600660761954,0.4716981132075472,0.6037735849056604,0.9814814814814815
shuffled_domain_rank,128,11.0,5,108,0.3148148148148148,0.20795001688618708,0.7777777777777778,0.01771738448445963,0.3523809523809524,0.5904761904761905,0.9722222222222222
shuffled_domain_rank,128,12.0,1,115,0.45217391304347826,0.27294715701795347,0.7217391304347827,0.02464229173744188,0.4782608695652174,0.6869565217391305,1.0
shuffled_domain_rank,128,12.0,2,108,0.5185185185185185,0.3108354464790108,0.8333333333333334,0.025289554622517387,0.5420560747663551,0.6542056074766355,0.9907407407407407
shuffled_domain_rank,128,12.0,3,108,0.39814814814814814,0.3269000933706816,0.8148148148148148,0.023643529225891344,0.4166666666666667,0.6203703703703703,1.0
shuffled_domain_rank,128,12.0,4,108,0.4351851851851852,0.3136064446409274,0.8981481481481481,0.02688355865380497,0.4953271028037383,0.6355140186915887,0.9907407407407407
shuffled_domain_rank,128,12.0,5,108,0.35185185185185186,0.2228361636898222,0.75,0.02026990178596099,0.37735849056603776,0.6132075471698113,0.9814814814814815
shuffled_domain_rank,128,13.0,1,115,0.43478260869565216,0.2572842657101469,0.7565217391304347,0.024847992903906924,0.47368421052631576,0.6842105263157895,0.991304347826087
shuffled_domain_rank,128,13.0,2,108,0.5,0.3081699346405229,0.8518518518518519,0.025227696620844585,0.514018691588785,0.616822429906542,0.9907407407407407
shuffled_domain_rank,128,13.0,3,108,0.39814814814814814,0.3272754916433077,0.8148148148148148,0.02496397089861706,0.42592592592592593,0.6296296296296297,1.0
shuffled_domain_rank,128,13.0,4,108,0.4537037037037037,0.33257418909592823,0.8981481481481481,0.02754046890561961,0.5046728971962616,0.616822429906542,0.9907407407407407
shuffled_domain_rank,128,13.0,5,108,0.3148148148148148,0.20579284541111828,0.7314814814814815,0.020979902283739787,0.3490566037735849,0.5849056603773585,0.9814814814814815
shuffled_domain_rank,128,14.0,1,115,0.45217391304347826,0.2735438235438235,0.7391304347826086,0.022327649382387172,0.48695652173913045,0.6956521739130435,1.0
shuffled_domain_rank,128,14.0,2,108,0.48148148148148145,0.29074074074074074,0.8611111111111112,0.023163509265049852,0.5046728971962616,0.616822429906542,0.9907407407407407
shuffled_domain_rank,128,14.0,3,108,0.4074074074074074,0.3252988398292909,0.8240740740740741,0.026069474227857912,0.4166666666666667,0.6018518518518519,1.0
shuffled_domain_rank,128,14.0,4,108,0.4351851851851852,0.32059620596205957,0.9074074074074074,0.02556145372388277,0.49523809523809526,0.6571428571428571,0.9722222222222222
shuffled_domain_rank,128,14.0,5,108,0.35185185185185186,0.2344845630559916,0.7314814814814815,0.021710211208023893,0.3867924528301887,0.5943396226415094,0.9814814814814815
shuffled_domain_rank,128,15.0,1,115,0.4260869565217391,0.24633508637636603,0.7130434782608696,0.025348797591004845,0.4649122807017544,0.6842105263157895,0.991304347826087
shuffled_domain_rank,128,15.0,2,108,0.4537037037037037,0.28087328860524735,0.8425925925925926,0.031392368811347986,0.4766355140186916,0.5794392523364486,0.9907407407407407
shuffled_domain_rank,128,15.0,3,108,0.37962962962962965,0.3000614250614251,0.8240740740740741,0.02794662573564253,0.40186915887850466,0.5794392523364486,0.9907407407407407
shuffled_domain_rank,128,15.0,4,108,0.4444444444444444,0.33216957093539373,0.8703703703703703,0.025711650978802188,0.5094339622641509,0.660377358490566,0.9814814814814815
shuffled_domain_rank,128,15.0,5,108,0.3425925925925926,0.2304479863831852,0.75,0.02278645366902645,0.38095238095238093,0.6190476190476191,0.9722222222222222
shuffled_domain_rank,128,16.0,1,115,0.40869565217391307,0.219988344988345,0.7304347826086957,0.02574321631726123,0.4434782608695652,0.6695652173913044,1.0
shuffled_domain_rank,128,16.0,2,108,0.4444444444444444,0.271697235513025,0.8425925925925926,0.03356528212058768,0.45794392523364486,0.5794392523364486,0.9907407407407407
shuffled_domain_rank,128,16.0,3,108,0.37962962962962965,0.30682857257298496,0.8240740740740741,0.025307739538631687,0.39814814814814814,0.6018518518518519,1.0
shuffled_domain_rank,128,16.0,4,108,0.4351851851851852,0.32237381923793074,0.8796296296296297,0.02699468548841807,0.48598130841121495,0.6261682242990654,0.9907407407407407
shuffled_domain_rank,128,16.0,5,108,0.3425925925925926,0.23515181486306105,0.7407407407407407,0.01974752030502745,0.37142857142857144,0.6095238095238096,0.9722222222222222
shuffled_domain_rank,128,17.0,1,115,0.43478260869565216,0.25475718281210274,0.7391304347826086,0.024961193223203577,0.46956521739130436,0.7043478260869566,1.0
shuffled_domain_rank,128,17.0,2,108,0.48148148148148145,0.2836289726533629,0.8425925925925926,0.025188779705594848,0.5046728971962616,0.5981308411214953,0.9907407407407407
shuffled_domain_rank,128,17.0,3,108,0.37037037037037035,0.29941002362031083,0.8240740740740741,0.028560117125093435,0.38317757009345793,0.5514018691588785,0.9907407407407407
shuffled_domain_rank,128,17.0,4,108,0.42592592592592593,0.3212140175219023,0.8981481481481481,0.019684646492087073,0.49523809523809526,0.6571428571428571,0.9722222222222222
shuffled_domain_rank,128,17.0,5,108,0.37962962962962965,0.2473922494950532,0.7314814814814815,0.01744117854968833,0.4056603773584906,0.6320754716981132,0.9814814814814815
shuffled_domain_rank,128,18.0,1,115,0.4260869565217391,0.24385688685891527,0.6956521739130435,0.02475455642277402,0.4649122807017544,0.6929824561403509,0.991304347826087
shuffled_domain_rank,128,18.0,2,108,0.4722222222222222,0.2972514225705369,0.8425925925925926,0.029610965700018615,0.48598130841121495,0.6074766355140186,0.9907407407407407
shuffled_domain_rank,128,18.0,3,108,0.39814814814814814,0.31504089389516704,0.8333333333333334,0.024883799154915714,0.4166666666666667,0.6018518518518519,1.0
shuffled_domain_rank,128,18.0,4,108,0.37037037037037035,0.2872613497613498,0.8888888888888888,0.027455498921057003,0.4339622641509434,0.5849056603773585,0.9814814814814815
shuffled_domain_rank,128,18.0,5,108,0.3425925925925926,0.22126984126984126,0.7314814814814815,0.01530574245651535,0.38095238095238093,0.6190476190476191,0.9722222222222222
shuffled_domain_rank,128,19.0,1,115,0.4260869565217391,0.24397430923746713,0.7478260869565218,0.025581094941121943,0.4649122807017544,0.6754385964912281,0.991304347826087
shuffled_domain_rank,128,19.0,2,108,0.4351851851851852,0.28137572661978166,0.8425925925925926,0.032198106619010874,0.45794392523364486,0.5887850467289719,0.9907407407407407
shuffled_domain_rank,128,19.0,3,108,0.37037037037037035,0.3018243064766714,0.8240740740740741,0.026765809057538312,0.3888888888888889,0.6018518518518519,1.0
shuffled_domain_rank,128,19.0,4,108,0.4537037037037037,0.36054611201403136,0.9351851851851852,0.026537361058404946,0.4953271028037383,0.616822429906542,0.9907407407407407
shuffled_domain_rank,128,19.0,5,108,0.3611111111111111,0.22393599872180045,0.75,0.020207689880798768,0.3867924528301887,0.6132075471698113,0.9814814814814815
shuffled_domain_rank,128,20.0,1,115,0.4260869565217391,0.24421198364403232,0.7391304347826086,0.026273544380263907,0.4608695652173913,0.6869565217391305,1.0
shuffled_domain_rank,128,20.0,2,108,0.49074074074074076,0.2946153846153846,0.8703703703703703,0.02773273204275153,0.5046728971962616,0.6261682242990654,0.9907407407407407
shuffled_domain_rank,128,20.0,3,108,0.37962962962962965,0.306301845643614,0.7962962962962963,0.027713603362364975,0.39814814814814814,0.5833333333333334,1.0
shuffled_domain_rank,128,20.0,4,108,0.4351851851851852,0.32216186627188187,0.8425925925925926,0.026307911465560437,0.4766355140186916,0.6261682242990654,0.9907407407407407
shuffled_domain_rank,128,20.0,5,108,0.3611111111111111,0.244063779357897,0.7777777777777778,0.02044332092480659,0.4,0.6095238095238096,0.9722222222222222
shuffled_domain_rank,128,21.0,1,115,0.4,0.21971795859507726,0.7391304347826086,0.024863234309308715,0.43859649122807015,0.6754385964912281,0.991304347826087
shuffled_domain_rank,128,21.0,2,108,0.4722222222222222,0.2814122914122914,0.8611111111111112,0.02545548009896362,0.4953271028037383,0.6355140186915887,0.9907407407407407
shuffled_domain_rank,128,21.0,3,108,0.37962962962962965,0.28040046518850376,0.8240740740740741,0.03041209757061325,0.39814814814814814,0.5925925925925926,1.0
shuffled_domain_rank,128,21.0,4,108,0.3611111111111111,0.27048026048026047,0.8703703703703703,0.03117851756466362,0.41509433962264153,0.5377358490566038,0.9814814814814815
shuffled_domain_rank,128,21.0,5,108,0.3333333333333333,0.2089926097872945,0.7777777777777778,0.019316832949582235,0.36792452830188677,0.6037735849056604,0.9814814814814815
shuffled_domain_rank,128,22.0,1,115,0.4260869565217391,0.24807324807324807,0.7478260869565218,0.025476648875608063,0.4649122807017544,0.6842105263157895,0.991304347826087
shuffled_domain_rank,128,22.0,2,108,0.4722222222222222,0.29800146360733876,0.8518518518518519,0.03297185661745077,0.48598130841121495,0.5887850467289719,0.9907407407407407
shuffled_domain_rank,128,22.0,3,108,0.4166666666666667,0.33620448179271706,0.8240740740740741,0.02727960568778969,0.4351851851851852,0.6296296296296297,1.0
shuffled_domain_rank,128,22.0,4,108,0.48148148148148145,0.35844377688316803,0.8611111111111112,0.026822765496690985,0.5283018867924528,0.6320754716981132,0.9814814814814815
shuffled_domain_rank,128,22.0,5,108,0.3333333333333333,0.2306136107079503,0.7222222222222222,0.019041365754448123,0.3584905660377358,0.5943396226415094,0.9814814814814815
shuffled_domain_rank,128,23.0,1,115,0.4260869565217391,0.2585775335775336,0.7391304347826086,0.023315576160433917,0.4608695652173913,0.6782608695652174,1.0
shuffled_domain_rank,128,23.0,2,108,0.5185185185185185,0.3096711989190684,0.8240740740740741,0.02614672565223698,0.5327102803738317,0.6261682242990654,0.9907407407407407
shuffled_domain_rank,128,23.0,3,108,0.39814814814814814,0.3267500763669688,0.8148148148148148,0.028244193955424834,0.4074074074074074,0.5648148148148148,1.0
shuffled_domain_rank,128,23.0,4,108,0.42592592592592593,0.30463492732866393,0.8703703703703703,0.027570826028595535,0.4766355140186916,0.616822429906542,0.9907407407407407
shuffled_domain_rank,128,23.0,5,108,0.32407407407407407,0.20813723600101308,0.7592592592592593,0.020276610049780493,0.3523809523809524,0.6095238095238096,0.9722222222222222
shuffled_domain_rank,128,24.0,1,115,0.4,0.21623599929006287,0.7304347826086957,0.025780091951251576,0.43859649122807015,0.6754385964912281,0.991304347826087
shuffled_domain_rank,128,24.0,2,108,0.5370370370370371,0.3346176765112408,0.8518518518518519,0.02162982240586091,0.5514018691588785,0.6635514018691588,0.9907407407407407
shuffled_domain_rank,128,24.0,3,108,0.37037037037037035,0.2901123907192435,0.8240740740740741,0.028340181733785687,0.37962962962962965,0.5740740740740741,1.0
shuffled_domain_rank,128,24.0,4,108,0.4351851851851852,0.3272217978100331,0.8981481481481481,0.027360002838275287,0.49056603773584906,0.6415094339622641,0.9814814814814815
shuffled_domain_rank,128,24.0,5,108,0.3333333333333333,0.22825800946490604,0.7222222222222222,0.018647958350525646,0.38095238095238093,0.6095238095238096,0.9722222222222222
shuffled_domain_rank,128,25.0,1,115,0.40869565217391307,0.2314157462102081,0.7217391304347827,0.024997313745006623,0.4473684210526316,0.6842105263157895,0.991304347826087
shuffled_domain_rank,128,25.0,2,108,0.5185185185185185,0.3028322440087146,0.8611111111111112,0.024153753916514205,0.5327102803738317,0.6448598130841121,0.9907407407407407
shuffled_domain_rank,128,25.0,3,108,0.37962962962962965,0.30633554552632164,0.8240740740740741,0.026034824674545917,0.39814814814814814,0.6018518518518519,1.0
shuffled_domain_rank,128,25.0,4,108,0.37037037037037035,0.28014245014245015,0.8981481481481481,0.030017294800812652,0.41509433962264153,0.5566037735849056,0.9814814814814815
shuffled_domain_rank,128,25.0,5,108,0.37037037037037035,0.24943860981133117,0.7685185185185185,0.01817277686083428,0.39622641509433965,0.6226415094339622,0.9814814814814815
shuffled_domain_rank,128,26.0,1,115,0.4,0.22581523107838897,0.7043478260869566,0.025136141020078762,0.43859649122807015,0.6754385964912281,0.991304347826087
shuffled_domain_rank,128,26.0,2,108,0.5,0.29455357394713827,0.8703703703703703,0.029090608610966462,0.5327102803738317,0.6355140186915887,0.9907407407407407
shuffled_domain_rank,128,26.0,3,108,0.4166666666666667,0.3424180000638753,0.8055555555555556,0.02676430260283966,0.4351851851851852,0.6203703703703703,1.0
shuffled_domain_rank,128,26.0,4,108,0.42592592592592593,0.31987047602326935,0.8888888888888888,0.027994022711326227,0.4716981132075472,0.6226415094339622,0.9814814814814815
shuffled_domain_rank,128,26.0,5,108,0.32407407407407407,0.21032560032560033,0.75,0.01947364654966337,0.3490566037735849,0.5943396226415094,0.9814814814814815
shuffled_domain_rank,128,27.0,1,115,0.391304347826087,0.20382400303116419,0.7478260869565218,0.027076323023537983,0.42105263157894735,0.6666666666666666,0.991304347826087
shuffled_domain_rank,128,27.0,2,108,0.5370370370370371,0.32778889620994883,0.8611111111111112,0.025275689196932342,0.5514018691588785,0.6448598130841121,0.9907407407407407
shuffled_domain_rank,128,27.0,3,108,0.3888888888888889,0.31549997202171115,0.8148148148148148,0.025245829281383952,0.4074074074074074,0.5925925925925926,1.0
shuffled_domain_rank,128,27.0,4,108,0.4351851851851852,0.34502966169632837,0.8888888888888888,0.026459520971224216,0.49056603773584906,0.6132075471698113,0.9814814814814815
shuffled_domain_rank,128,27.0,5,108,0.3333333333333333,0.20863477113477114,0.7407407407407407,0.019242609761532078,0.3619047619047619,0.5904761904761905,0.9722222222222222
shuffled_domain_rank,128,28.0,1,115,0.40869565217391307,0.23170763060468944,0.7391304347826086,0.0255898683734153,0.4473684210526316,0.6842105263157895,0.991304347826087
shuffled_domain_rank,128,28.0,2,108,0.5092592592592593,0.30237670825906116,0.8333333333333334,0.022642536006122593,0.5233644859813084,0.6355140186915887,0.9907407407407407
shuffled_domain_rank,128,28.0,3,108,0.35185185185185186,0.300027321536858,0.8055555555555556,0.029486542501235863,0.37037037037037035,0.5740740740740741,1.0
shuffled_domain_rank,128,28.0,4,108,0.4166666666666667,0.3141154087001446,0.8703703703703703,0.025173820841741554,0.46226415094339623,0.6509433962264151,0.9814814814814815
shuffled_domain_rank,128,28.0,5,108,0.3333333333333333,0.2129802949899853,0.7685185185185185,0.021438316029950936,0.37142857142857144,0.6095238095238096,0.9722222222222222
shuffled_domain_rank,128,29.0,1,115,0.41739130434782606,0.2290423185955712,0.7478260869565218,0.02573658115372171,0.45217391304347826,0.6695652173913044,1.0
shuffled_domain_rank,128,29.0,2,108,0.5185185185185185,0.3184502684502684,0.8518518518518519,0.025995580929014515,0.5327102803738317,0.6261682242990654,0.9907407407407407
shuffled_domain_rank,128,29.0,3,108,0.37962962962962965,0.3049206349206349,0.8425925925925926,0.024129282734449718,0.39814814814814814,0.6018518518518519,1.0
shuffled_domain_rank,128,29.0,4,108,0.4166666666666667,0.3119675507333735,0.8796296296296297,0.027195422527098542,0.45794392523364486,0.6074766355140186,0.9907407407407407
shuffled_domain_rank,128,29.0,5,108,0.3425925925925926,0.22618835271009183,0.7777777777777778,0.02240773247797321,0.38095238095238093,0.6,0.9722222222222222
baseline_stats,256,,1,115,0.46956521739130436,0.27751232724494757,0.8347826086956521,0.028294387009743436,0.48695652173913045,0.7304347826086957,1.0
baseline_stats,256,,2,108,0.5185185185185185,0.2952457264957265,0.8055555555555556,0.021085235188928516,0.5555555555555556,0.6388888888888888,1.0
baseline_stats,256,,3,108,0.3333333333333333,0.26094588322658496,0.7870370370370371,0.024137679416429192,0.3611111111111111,0.5092592592592593,1.0
baseline_stats,256,,4,108,0.37962962962962965,0.2784482421110328,0.8796296296296297,0.01703364942433703,0.42452830188679247,0.6226415094339622,0.9814814814814815
baseline_stats,256,,5,108,0.35185185185185186,0.24721255792684363,0.8148148148148148,0.02829173660945288,0.37383177570093457,0.5887850467289719,0.9907407407407407
real_domain_rank,256,,1,115,0.5043478260869565,0.32448630914540005,0.8,0.027308010771931908,0.5217391304347826,0.7478260869565218,1.0
real_domain_rank,256,,2,108,0.5370370370370371,0.3142371426685152,0.8240740740740741,0.018260722706016284,0.5740740740740741,0.6481481481481481,1.0
real_domain_rank,256,,3,108,0.3055555555555556,0.24480237229189009,0.7685185185185185,0.025662077854177866,0.35185185185185186,0.5185185185185185,1.0
real_domain_rank,256,,4,108,0.39814814814814814,0.29762320798398506,0.8981481481481481,0.0173777047467558,0.4485981308411215,0.6448598130841121,0.9907407407407407
real_domain_rank,256,,5,108,0.3611111111111111,0.2412247988149316,0.8055555555555556,0.025042559516103655,0.3904761904761905,0.6285714285714286,0.9722222222222222
shuffled_domain_rank,256,0.0,1,115,0.48695652173913045,0.29390544096426446,0.8,0.028115990275982737,0.5043478260869565,0.7130434782608696,1.0
shuffled_domain_rank,256,0.0,2,108,0.5370370370370371,0.3237381175525506,0.8425925925925926,0.021242663218248352,0.5648148148148148,0.6388888888888888,1.0
shuffled_domain_rank,256,0.0,3,108,0.3333333333333333,0.26170289212731507,0.7870370370370371,0.02351401657380633,0.37962962962962965,0.5370370370370371,1.0
shuffled_domain_rank,256,0.0,4,108,0.39814814814814814,0.29580394053172526,0.9166666666666666,0.023463650288790504,0.4485981308411215,0.6261682242990654,0.9907407407407407
shuffled_domain_rank,256,0.0,5,108,0.3611111111111111,0.24714170692431559,0.8240740740740741,0.030032995204646872,0.4,0.6095238095238096,0.9722222222222222
shuffled_domain_rank,256,1.0,1,115,0.4434782608695652,0.24948139194569655,0.8,0.028962671297012146,0.4608695652173913,0.7043478260869566,1.0
shuffled_domain_rank,256,1.0,2,108,0.5092592592592593,0.3031993531993532,0.7962962962962963,0.02354156205152172,0.5370370370370371,0.6203703703703703,1.0
shuffled_domain_rank,256,1.0,3,108,0.32407407407407407,0.2534398934398934,0.7777777777777778,0.023511485427611105,0.35185185185185186,0.5277777777777778,1.0
shuffled_domain_rank,256,1.0,4,108,0.39814814814814814,0.29043955080272027,0.9351851851851852,0.02537403738259107,0.4485981308411215,0.6261682242990654,0.9907407407407407
shuffled_domain_rank,256,1.0,5,108,0.3611111111111111,0.25416226511732126,0.8333333333333334,0.030605649503016884,0.3904761904761905,0.5904761904761905,0.9722222222222222
shuffled_domain_rank,256,2.0,1,115,0.45217391304347826,0.250675417772192,0.7913043478260869,0.027162728869990774,0.46956521739130436,0.7304347826086957,1.0
shuffled_domain_rank,256,2.0,2,108,0.5185185185185185,0.2997993115066286,0.8055555555555556,0.019913015549278996,0.5462962962962963,0.6296296296296297,1.0
shuffled_domain_rank,256,2.0,3,108,0.3055555555555556,0.24229918229918232,0.8055555555555556,0.025744178089510898,0.3425925925925926,0.5277777777777778,1.0
shuffled_domain_rank,256,2.0,4,108,0.3611111111111111,0.2701029445594663,0.8981481481481481,0.02366872679949383,0.411214953271028,0.616822429906542,0.9907407407407407
shuffled_domain_rank,256,2.0,5,108,0.3888888888888889,0.26577287901383756,0.8055555555555556,0.027911995956481805,0.41904761904761906,0.6095238095238096,0.9722222222222222
shuffled_domain_rank,256,3.0,1,115,0.46956521739130436,0.27382527866398837,0.7565217391304347,0.02784046449146674,0.48695652173913045,0.7043478260869566,1.0
shuffled_domain_rank,256,3.0,2,108,0.5277777777777778,0.31101899219932105,0.8240740740740741,0.02046710827453421,0.5555555555555556,0.6296296296296297,1.0
shuffled_domain_rank,256,3.0,3,108,0.3148148148148148,0.2399902694155568,0.8055555555555556,0.02542768640846702,0.35185185185185186,0.5185185185185185,1.0
shuffled_domain_rank,256,3.0,4,108,0.4166666666666667,0.30707815734989646,0.9074074074074074,0.021728840349203936,0.4766355140186916,0.6635514018691588,0.9907407407407407
shuffled_domain_rank,256,3.0,5,108,0.3425925925925926,0.23114281864281863,0.7962962962962963,0.026146489854783937,0.37735849056603776,0.5849056603773585,0.9814814814814815
shuffled_domain_rank,256,4.0,1,115,0.45217391304347826,0.2601399828674454,0.7739130434782608,0.028047346972951956,0.46956521739130436,0.7217391304347827,1.0
shuffled_domain_rank,256,4.0,2,108,0.5092592592592593,0.29883326549993217,0.7962962962962963,0.02036940343033716,0.5370370370370371,0.6296296296296297,1.0
shuffled_domain_rank,256,4.0,3,108,0.32407407407407407,0.2474913336982302,0.7870370370370371,0.025181258510558167,0.35185185185185186,0.5370370370370371,1.0
shuffled_domain_rank,256,4.0,4,108,0.4351851851851852,0.3118068439497011,0.8888888888888888,0.021790787503748202,0.4537037037037037,0.6296296296296297,1.0
shuffled_domain_rank,256,4.0,5,108,0.3611111111111111,0.2362131362131362,0.8333333333333334,0.027808237854357522,0.39622641509433965,0.5849056603773585,0.9814814814814815
shuffled_domain_rank,256,5.0,1,115,0.4608695652173913,0.27943435438691605,0.808695652173913,0.025647731314030107,0.4782608695652174,0.7217391304347827,1.0
shuffled_domain_rank,256,5.0,2,108,0.5185185185185185,0.31904806372511807,0.8055555555555556,0.02236002467152527,0.5462962962962963,0.6388888888888888,1.0
shuffled_domain_rank,256,5.0,3,108,0.3425925925925926,0.27114099692494587,0.8055555555555556,0.024055169207996458,0.37037037037037035,0.5370370370370371,1.0
shuffled_domain_rank,256,5.0,4,108,0.3611111111111111,0.2772773401858369,0.9074074074074074,0.023861920326058012,0.40186915887850466,0.5981308411214953,0.9907407407407407
shuffled_domain_rank,256,5.0,5,108,0.3888888888888889,0.2523058773058773,0.8148148148148148,0.026668451494066596,0.41509433962264153,0.6037735849056604,0.9814814814814815
shuffled_domain_rank,256,6.0,1,115,0.46956521739130436,0.2864903404676132,0.8,0.027748024379518607,0.48695652173913045,0.7478260869565218,1.0
shuffled_domain_rank,256,6.0,2,108,0.5370370370370371,0.3144972572428656,0.7870370370370371,0.018777041724175342,0.5740740740740741,0.6574074074074074,1.0
shuffled_domain_rank,256,6.0,3,108,0.3333333333333333,0.26482464330761546,0.7870370370370371,0.024234929245489326,0.3644859813084112,0.514018691588785,0.9907407407407407
shuffled_domain_rank,256,6.0,4,108,0.4074074074074074,0.2873095715200978,0.9074074074074074,0.021913249776146795,0.4485981308411215,0.6448598130841121,0.9907407407407407
shuffled_domain_rank,256,6.0,5,108,0.3611111111111111,0.24271282861108354,0.8055555555555556,0.030484567437102664,0.38095238095238093,0.580952380952381,0.9722222222222222
shuffled_domain_rank,256,7.0,1,115,0.5043478260869565,0.31677978883861235,0.782608695652174,0.027043208989607603,0.5217391304347826,0.7478260869565218,1.0
shuffled_domain_rank,256,7.0,2,108,0.5277777777777778,0.3050976800976801,0.7962962962962963,0.01850946656577444,0.5648148148148148,0.6481481481481481,1.0
shuffled_domain_rank,256,7.0,3,108,0.35185185185185186,0.2756193578111386,0.7777777777777778,0.026288528416907545,0.3888888888888889,0.5370370370370371,1.0
shuffled_domain_rank,256,7.0,4,108,0.3425925925925926,0.24722359050090148,0.8981481481481481,0.02453695258644604,0.38317757009345793,0.5794392523364486,0.9907407407407407
shuffled_domain_rank,256,7.0,5,108,0.39814814814814814,0.2563533494063156,0.8240740740740741,0.029542644797612046,0.41904761904761906,0.6095238095238096,0.9722222222222222
shuffled_domain_rank,256,8.0,1,115,0.46956521739130436,0.2763508629258155,0.8,0.02588632760619662,0.48695652173913045,0.7304347826086957,1.0
shuffled_domain_rank,256,8.0,2,108,0.5370370370370371,0.31160714285714286,0.8055555555555556,0.018925795516379348,0.5648148148148148,0.6481481481481481,1.0
shuffled_domain_rank,256,8.0,3,108,0.3148148148148148,0.24863550692678307,0.8333333333333334,0.02589589207400043,0.34579439252336447,0.5233644859813084,0.9907407407407407
shuffled_domain_rank,256,8.0,4,108,0.37962962962962965,0.2734398246026153,0.8981481481481481,0.023162454033591934,0.4351851851851852,0.6388888888888888,1.0
shuffled_domain_rank,256,8.0,5,108,0.3888888888888889,0.2656987590629089,0.8518518518518519,0.025157224043729755,0.41904761904761906,0.6190476190476191,0.9722222222222222
shuffled_domain_rank,256,9.0,1,115,0.45217391304347826,0.27051654442204104,0.7913043478260869,0.02804981968646597,0.46956521739130436,0.7304347826086957,1.0
shuffled_domain_rank,256,9.0,2,108,0.5277777777777778,0.3044803961470628,0.8148148148148148,0.019061434601142475,0.5555555555555556,0.6296296296296297,1.0
shuffled_domain_rank,256,9.0,3,108,0.2962962962962963,0.237989417989418,0.7870370370370371,0.026919209462761932,0.32407407407407407,0.5092592592592593,1.0
shuffled_domain_rank,256,9.0,4,108,0.4166666666666667,0.3010335771892556,0.9074074074074074,0.0225507518196932,0.46296296296296297,0.6481481481481481,1.0
shuffled_domain_rank,256,9.0,5,108,0.4166666666666667,0.2714861927705357,0.8240740740740741,0.024782586530902886,0.44761904761904764,0.6285714285714286,0.9722222222222222
shuffled_domain_rank,256,10.0,1,115,0.46956521739130436,0.2777388733271086,0.782608695652174,0.027530856878816675,0.48695652173913045,0.7130434782608696,1.0
shuffled_domain_rank,256,10.0,2,108,0.5277777777777778,0.30376845376845374,0.8240740740740741,0.01822889080885824,0.5555555555555556,0.6388888888888888,1.0
shuffled_domain_rank,256,10.0,3,108,0.3148148148148148,0.246893735195622,0.8055555555555556,0.025772368433506235,0.35185185185185186,0.5185185185185185,1.0
shuffled_domain_rank,256,10.0,4,108,0.4351851851851852,0.3144565907170949,0.9074074074074074,0.02229979843324434,0.4672897196261682,0.6448598130841121,0.9907407407407407
shuffled_domain_rank,256,10.0,5,108,0.37962962962962965,0.2633940994285822,0.8333333333333334,0.027654226716576746,0.39622641509433965,0.5943396226415094,0.9814814814814815
shuffled_domain_rank,256,11.0,1,115,0.4608695652173913,0.26396093445273777,0.8260869565217391,0.028855211476973907,0.4782608695652174,0.7130434782608696,1.0
shuffled_domain_rank,256,11.0,2,108,0.5648148148148148,0.3387360904832095,0.7777777777777778,0.01627751053341047,0.6018518518518519,0.6851851851851852,1.0
shuffled_domain_rank,256,11.0,3,108,0.3333333333333333,0.2568550664199269,0.7870370370370371,0.02581928301985053,0.3611111111111111,0.5370370370370371,1.0
shuffled_domain_rank,256,11.0,4,108,0.4074074074074074,0.29860070744902206,0.9074074074074074,0.017812576519533333,0.4351851851851852,0.6388888888888888,1.0
shuffled_domain_rank,256,11.0,5,108,0.3888888888888889,0.2508365062882197,0.7870370370370371,0.02553802501080532,0.41904761904761906,0.6285714285714286,0.9722222222222222
shuffled_domain_rank,256,12.0,1,115,0.46956521739130436,0.2806027306027306,0.8260869565217391,0.02640177821017988,0.48695652173913045,0.7217391304347827,1.0
shuffled_domain_rank,256,12.0,2,108,0.5277777777777778,0.3030651597724769,0.8055555555555556,0.016570628260689068,0.5648148148148148,0.6481481481481481,1.0
shuffled_domain_rank,256,12.0,3,108,0.3148148148148148,0.24851568522801395,0.7685185185185185,0.025677444747541887,0.3425925925925926,0.5,1.0
shuffled_domain_rank,256,12.0,4,108,0.4166666666666667,0.30138976737648465,0.9166666666666666,0.023588528745428203,0.4351851851851852,0.6203703703703703,1.0
shuffled_domain_rank,256,12.0,5,108,0.35185185185185186,0.23869604631855088,0.8240740740740741,0.028323833546748882,0.37735849056603776,0.5943396226415094,0.9814814814814815
shuffled_domain_rank,256,13.0,1,115,0.4782608695652174,0.28281749491426916,0.7913043478260869,0.02711587016522667,0.4956521739130435,0.7130434782608696,1.0
shuffled_domain_rank,256,13.0,2,108,0.5185185185185185,0.2956730659743572,0.7777777777777778,0.017718967132389053,0.5462962962962963,0.6388888888888888,1.0
shuffled_domain_rank,256,13.0,3,108,0.28703703703703703,0.22557566616390146,0.7777777777777778,0.02648441188169143,0.3148148148148148,0.5185185185185185,1.0
shuffled_domain_rank,256,13.0,4,108,0.37962962962962965,0.28071301584877023,0.9166666666666666,0.01767198530759819,0.4392523364485981,0.6448598130841121,0.9907407407407407
shuffled_domain_rank,256,13.0,5,108,0.37037037037037035,0.2350769447543641,0.8240740740740741,0.028474494247806313,0.39622641509433965,0.5943396226415094,0.9814814814814815
shuffled_domain_rank,256,14.0,1,115,0.4608695652173913,0.2596249908445031,0.782608695652174,0.027561938667341107,0.4782608695652174,0.7391304347826086,1.0
shuffled_domain_rank,256,14.0,2,108,0.5370370370370371,0.32004736884121837,0.8055555555555556,0.019430944359995702,0.5648148148148148,0.6481481481481481,1.0
shuffled_domain_rank,256,14.0,3,108,0.3055555555555556,0.24080624842529605,0.7962962962962963,0.024992374960741446,0.3425925925925926,0.5277777777777778,1.0
shuffled_domain_rank,256,14.0,4,108,0.39814814814814814,0.31215041572184427,0.8796296296296297,0.014405021214785103,0.4528301886792453,0.6509433962264151,0.9814814814814815
shuffled_domain_rank,256,14.0,5,108,0.35185185185185186,0.2418552930521016,0.8333333333333334,0.027785081620281912,0.38095238095238093,0.6190476190476191,0.9722222222222222
shuffled_domain_rank,256,15.0,1,115,0.4608695652173913,0.26611677190269284,0.8,0.02771000245453587,0.4782608695652174,0.7130434782608696,1.0
shuffled_domain_rank,256,15.0,2,108,0.5462962962962963,0.319420890181366,0.8055555555555556,0.017819277714081826,0.5740740740740741,0.6481481481481481,1.0
shuffled_domain_rank,256,15.0,3,108,0.2962962962962963,0.2307350324960388,0.7592592592592593,0.026107044773972427,0.3333333333333333,0.5185185185185185,1.0
shuffled_domain_rank,256,15.0,4,108,0.3425925925925926,0.26678673994850466,0.9351851851851852,0.024746960857924688,0.40186915887850466,0.6074766355140186,0.9907407407407407
shuffled_domain_rank,256,15.0,5,108,0.37962962962962965,0.2605130472292188,0.8055555555555556,0.027374323290897895,0.39622641509433965,0.6226415094339622,0.9814814814814815
shuffled_domain_rank,256,16.0,1,115,0.48695652173913045,0.30138579439654706,0.808695652173913,0.02813267127810955,0.5043478260869565,0.7304347826086957,1.0
shuffled_domain_rank,256,16.0,2,108,0.5,0.30359323216466066,0.7870370370370371,0.022046841293651066,0.5370370370370371,0.6203703703703703,1.0
shuffled_domain_rank,256,16.0,3,108,0.3333333333333333,0.2710353771138085,0.8240740740740741,0.02555140793746853,0.37037037037037035,0.5277777777777778,1.0
shuffled_domain_rank,256,16.0,4,108,0.37962962962962965,0.27832796564680623,0.8888888888888888,0.015239104736616046,0.4205607476635514,0.6542056074766355,0.9907407407407407
shuffled_domain_rank,256,16.0,5,108,0.3888888888888889,0.2593415239659082,0.8055555555555556,0.022161777979342552,0.41904761904761906,0.638095238095238,0.9722222222222222
shuffled_domain_rank,256,17.0,1,115,0.4956521739130435,0.3006010396361274,0.8,0.028150413817869403,0.5130434782608696,0.7304347826086957,1.0
shuffled_domain_rank,256,17.0,2,108,0.5370370370370371,0.319640819295733,0.8055555555555556,0.019298750792616923,0.5833333333333334,0.6574074074074074,1.0
shuffled_domain_rank,256,17.0,3,108,0.35185185185185186,0.2770873186298542,0.7777777777777778,0.02658614474334359,0.37962962962962965,0.5277777777777778,1.0
shuffled_domain_rank,256,17.0,4,108,0.4166666666666667,0.29889489768026983,0.8796296296296297,0.022848915386280772,0.4537037037037037,0.6296296296296297,1.0
shuffled_domain_rank,256,17.0,5,108,0.37037037037037035,0.2535593145676402,0.8518518518518519,0.028834895213102073,0.3904761904761905,0.6095238095238096,0.9722222222222222
shuffled_domain_rank,256,18.0,1,115,0.43478260869565216,0.24868374346983976,0.8173913043478261,0.02916352370933932,0.45217391304347826,0.6956521739130435,1.0
shuffled_domain_rank,256,18.0,2,108,0.5185185185185185,0.29878079436902966,0.8240740740740741,0.01927952899200715,0.5462962962962963,0.6388888888888888,1.0
shuffled_domain_rank,256,18.0,3,108,0.32407407407407407,0.25806637806637805,0.7685185185185185,0.025773571166593536,0.35185185185185186,0.5092592592592593,1.0
shuffled_domain_rank,256,18.0,4,108,0.3888888888888889,0.286495578583968,0.9074074074074074,0.016985215596703025,0.4339622641509434,0.6226415094339622,0.9814814814814815
shuffled_domain_rank,256,18.0,5,108,0.37037037037037035,0.2470440901889842,0.8148148148148148,0.021421166261881723,0.39622641509433965,0.6132075471698113,0.9814814814814815
shuffled_domain_rank,256,19.0,1,115,0.46956521739130436,0.2723211424590735,0.808695652173913,0.028181815223905962,0.48695652173913045,0.7043478260869566,1.0
shuffled_domain_rank,256,19.0,2,108,0.5277777777777778,0.30587984297661713,0.7962962962962963,0.01881776322058055,0.5555555555555556,0.6296296296296297,1.0
shuffled_domain_rank,256,19.0,3,108,0.2962962962962963,0.22436380634493838,0.7777777777777778,0.023963600310632174,0.3333333333333333,0.49074074074074076,1.0
shuffled_domain_rank,256,19.0,4,108,0.3611111111111111,0.27036796347138653,0.8703703703703703,0.026205702102307778,0.411214953271028,0.5794392523364486,0.9907407407407407
shuffled_domain_rank,256,19.0,5,108,0.3611111111111111,0.2515420043615532,0.8518518518518519,0.023716444089256543,0.3904761904761905,0.6095238095238096,0.9722222222222222
shuffled_domain_rank,256,20.0,1,115,0.4434782608695652,0.2476238869531552,0.808695652173913,0.027636585807725,0.4608695652173913,0.7130434782608696,1.0
shuffled_domain_rank,256,20.0,2,108,0.5462962962962963,0.3166518966601846,0.8055555555555556,0.016134768674185042,0.5833333333333334,0.6666666666666666,1.0
shuffled_domain_rank,256,20.0,3,108,0.3055555555555556,0.24850847792024258,0.8055555555555556,0.028937922328152763,0.3425925925925926,0.5,1.0
shuffled_domain_rank,256,20.0,4,108,0.4166666666666667,0.30388797596224454,0.9166666666666666,0.021379777337625527,0.46296296296296297,0.6574074074074074,1.0
shuffled_domain_rank,256,20.0,5,108,0.3611111111111111,0.24686370043512898,0.8148148148148148,0.029295043879258836,0.3904761904761905,0.6095238095238096,0.9722222222222222
shuffled_domain_rank,256,21.0,1,115,0.4608695652173913,0.26335488224282794,0.808695652173913,0.027495284846673147,0.4782608695652174,0.7130434782608696,1.0
shuffled_domain_rank,256,21.0,2,108,0.5370370370370371,0.3170345476170719,0.8055555555555556,0.018402487295496248,0.5740740740740741,0.6574074074074074,1.0
shuffled_domain_rank,256,21.0,3,108,0.32407407407407407,0.24605447824625906,0.7962962962962963,0.02435800261803014,0.3611111111111111,0.5185185185185185,1.0
shuffled_domain_rank,256,21.0,4,108,0.37962962962962965,0.2844316984249053,0.9259259259259259,0.022642093481787924,0.44339622641509435,0.6226415094339622,0.9814814814814815
shuffled_domain_rank,256,21.0,5,108,0.3611111111111111,0.24407225853304285,0.7962962962962963,0.02839739531490372,0.4,0.6095238095238096,0.9722222222222222
shuffled_domain_rank,256,22.0,1,115,0.48695652173913045,0.29899971750461946,0.7913043478260869,0.02557486950212347,0.5043478260869565,0.7391304347826086,1.0
shuffled_domain_rank,256,22.0,2,108,0.5,0.29295051353874885,0.7962962962962963,0.024888064061356997,0.5277777777777778,0.6111111111111112,1.0
shuffled_domain_rank,256,22.0,3,108,0.3148148148148148,0.2422339244497427,0.7777777777777778,0.02482217889139115,0.35514018691588783,0.5233644859813084,0.9907407407407407
shuffled_domain_rank,256,22.0,4,108,0.3611111111111111,0.27076731073012156,0.9074074074074074,0.022620860707314484,0.411214953271028,0.6074766355140186,0.9907407407407407
shuffled_domain_rank,256,22.0,5,108,0.3611111111111111,0.2641282693914273,0.8148148148148148,0.028939672076697634,0.4,0.5904761904761905,0.9722222222222222
shuffled_domain_rank,256,23.0,1,115,0.46956521739130436,0.27526823793490457,0.8173913043478261,0.028886197063940633,0.48695652173913045,0.7217391304347827,1.0
shuffled_domain_rank,256,23.0,2,108,0.5185185185185185,0.3059470578394245,0.8055555555555556,0.02033379702231623,0.5462962962962963,0.6296296296296297,1.0
shuffled_domain_rank,256,23.0,3,108,0.3333333333333333,0.24896520146520143,0.7777777777777778,0.0271559583682663,0.37037037037037035,0.5185185185185185,1.0
shuffled_domain_rank,256,23.0,4,108,0.42592592592592593,0.30495602391089105,0.8981481481481481,0.02213601818966147,0.46296296296296297,0.6481481481481481,1.0
shuffled_domain_rank,256,23.0,5,108,0.37037037037037035,0.23849574917686375,0.7870370370370371,0.025985010259485262,0.39622641509433965,0.6037735849056604,0.9814814814814815
shuffled_domain_rank,256,24.0,1,115,0.4782608695652174,0.2832198349616382,0.8,0.028120766636036285,0.4956521739130435,0.7217391304347827,1.0
shuffled_domain_rank,256,24.0,2,108,0.5370370370370371,0.3139889619214022,0.8055555555555556,0.01797030098149444,0.5740740740740741,0.6574074074074074,1.0
shuffled_domain_rank,256,24.0,3,108,0.32407407407407407,0.25829501454106135,0.7870370370370371,0.027889362541575997,0.35185185185185186,0.5185185185185185,1.0
shuffled_domain_rank,256,24.0,4,108,0.4166666666666667,0.3075727513227513,0.9351851851851852,0.015497952722777049,0.4672897196261682,0.6728971962616822,0.9907407407407407
shuffled_domain_rank,256,24.0,5,108,0.3888888888888889,0.25042336654500014,0.7962962962962963,0.02239404580325573,0.42857142857142855,0.6190476190476191,0.9722222222222222
shuffled_domain_rank,256,25.0,1,115,0.4782608695652174,0.29134783087491223,0.8260869565217391,0.028152998155757347,0.4956521739130435,0.7304347826086957,1.0
shuffled_domain_rank,256,25.0,2,108,0.5370370370370371,0.3111518111518112,0.7962962962962963,0.01840790121645158,0.5648148148148148,0.6574074074074074,1.0
shuffled_domain_rank,256,25.0,3,108,0.3148148148148148,0.21890935485405535,0.7962962962962963,0.027961250401681435,0.34579439252336447,0.5327102803738317,0.9907407407407407
shuffled_domain_rank,256,25.0,4,108,0.39814814814814814,0.29031285599177575,0.8981481481481481,0.023572460358321723,0.4485981308411215,0.6355140186915887,0.9907407407407407
shuffled_domain_rank,256,25.0,5,108,0.3425925925925926,0.24416541729135433,0.8240740740740741,0.030838497185228284,0.37735849056603776,0.5849056603773585,0.9814814814814815
shuffled_domain_rank,256,26.0,1,115,0.4608695652173913,0.2653067870238304,0.8173913043478261,0.028885529766919098,0.4782608695652174,0.7043478260869566,1.0
shuffled_domain_rank,256,26.0,2,108,0.5092592592592593,0.2926587301587302,0.7777777777777778,0.019639585270117384,0.5370370370370371,0.6296296296296297,1.0
shuffled_domain_rank,256,26.0,3,108,0.32407407407407407,0.254929891911024,0.8055555555555556,0.02724799682509863,0.3611111111111111,0.5092592592592593,1.0
shuffled_domain_rank,256,26.0,4,108,0.4074074074074074,0.3114336643748408,0.9074074074074074,0.023078772546799537,0.4392523364485981,0.6355140186915887,0.9907407407407407
shuffled_domain_rank,256,26.0,5,108,0.3888888888888889,0.2511650114591291,0.8240740740740741,0.024662806394754214,0.41904761904761906,0.6,0.9722222222222222
shuffled_domain_rank,256,27.0,1,115,0.45217391304347826,0.2511677127426653,0.8,0.02539305414071248,0.46956521739130436,0.7130434782608696,1.0
shuffled_domain_rank,256,27.0,2,108,0.5092592592592593,0.2836349924585218,0.7870370370370371,0.019908409962262313,0.5370370370370371,0.6203703703703703,1.0
shuffled_domain_rank,256,27.0,3,108,0.2777777777777778,0.22934657934657934,0.7870370370370371,0.02759497935842156,0.3148148148148148,0.48148148148148145,1.0
shuffled_domain_rank,256,27.0,4,108,0.4166666666666667,0.30478860266130753,0.9074074074074074,0.015434388128798285,0.45794392523364486,0.6355140186915887,0.9907407407407407
shuffled_domain_rank,256,27.0,5,108,0.3888888888888889,0.2551439898214091,0.8240740740740741,0.022830907700467355,0.41509433962264153,0.6132075471698113,0.9814814814814815
shuffled_domain_rank,256,28.0,1,115,0.46956521739130436,0.27386586050203937,0.8,0.02752339896935492,0.48695652173913045,0.7304347826086957,1.0
shuffled_domain_rank,256,28.0,2,108,0.5185185185185185,0.3034214907977284,0.8055555555555556,0.020068332599276664,0.5462962962962963,0.6296296296296297,1.0
shuffled_domain_rank,256,28.0,3,108,0.3425925925925926,0.26569632135601856,0.7962962962962963,0.02551183594628456,0.37037037037037035,0.5462962962962963,1.0
shuffled_domain_rank,256,28.0,4,108,0.39814814814814814,0.2956399782135076,0.8981481481481481,0.017738636736149727,0.4392523364485981,0.6074766355140186,0.9907407407407407
shuffled_domain_rank,256,28.0,5,108,0.37037037037037035,0.2497168589634716,0.8148148148148148,0.023765471053277618,0.39622641509433965,0.6132075471698113,0.9814814814814815
shuffled_domain_rank,256,29.0,1,115,0.4260869565217391,0.2190592069423146,0.8,0.027154978665306098,0.4434782608695652,0.6869565217391305,1.0
shuffled_domain_rank,256,29.0,2,108,0.5462962962962963,0.32117300977687857,0.7962962962962963,0.01710487213669339,0.5833333333333334,0.6759259259259259,1.0
shuffled_domain_rank,256,29.0,3,108,0.28703703703703703,0.22478604176717387,0.8148148148148148,0.025996373849727524,0.3148148148148148,0.5,1.0
shuffled_domain_rank,256,29.0,4,108,0.37962962962962965,0.2691528219630022,0.8888888888888888,0.02546905552821424,0.4444444444444444,0.6203703703703703,1.0
shuffled_domain_rank,256,29.0,5,108,0.37962962962962965,0.2579373803058013,0.8425925925925926,0.028578971838594314,0.39622641509433965,0.6132075471698113,0.9814814814814815
baseline_stats,640,,1,115,0.43478260869565216,0.28236435887297956,0.7565217391304347,0.021815761901537382,0.4608695652173913,0.6869565217391305,1.0
baseline_stats,640,,2,108,0.4351851851851852,0.26142901795075707,0.8518518518518519,0.026986606578850283,0.4766355140186916,0.5794392523364486,0.9907407407407407
baseline_stats,640,,3,108,0.4074074074074074,0.26311739885827745,0.8055555555555556,0.021463956064748674,0.4351851851851852,0.6111111111111112,1.0
baseline_stats,640,,4,108,0.32407407407407407,0.25642383397518187,0.8425925925925926,0.025706257279088564,0.37383177570093457,0.6074766355140186,0.9907407407407407
baseline_stats,640,,5,108,0.4537037037037037,0.29900027847396266,0.8148148148148148,0.023346143253119084,0.49523809523809526,0.6476190476190476,0.9722222222222222
real_domain_rank,640,,1,115,0.4782608695652174,0.3284140366801657,0.7478260869565218,0.01720616991863298,0.5130434782608696,0.7391304347826086,1.0
real_domain_rank,640,,2,108,0.4722222222222222,0.2909740996024182,0.8240740740740741,0.024025585205658236,0.5,0.6111111111111112,1.0
real_domain_rank,640,,3,108,0.3611111111111111,0.2282230155569311,0.8148148148148148,0.023315684136462726,0.3888888888888889,0.5370370370370371,1.0
real_domain_rank,640,,4,108,0.3055555555555556,0.24719238801517282,0.8796296296296297,0.02861272736371647,0.3584905660377358,0.5566037735849056,0.9814814814814815
real_domain_rank,640,,5,108,0.4537037037037037,0.2696166668270974,0.8055555555555556,0.026393673295441046,0.5,0.6415094339622641,0.9814814814814815
shuffled_domain_rank,640,0.0,1,115,0.4608695652173913,0.31041998936735776,0.7565217391304347,0.022394032537923384,0.48695652173913045,0.7043478260869566,1.0
shuffled_domain_rank,640,0.0,2,108,0.46296296296296297,0.289359053908316,0.8055555555555556,0.02606756066956512,0.4953271028037383,0.6074766355140186,0.9907407407407407
shuffled_domain_rank,640,0.0,3,108,0.3888888888888889,0.2568909045099521,0.7777777777777778,0.021386591663524825,0.4166666666666667,0.5740740740740741,1.0
shuffled_domain_rank,640,0.0,4,108,0.3333333333333333,0.27055074555074554,0.8518518518518519,0.026712212840704817,0.38317757009345793,0.5887850467289719,0.9907407407407407
shuffled_domain_rank,640,0.0,5,108,0.49074074074074076,0.30478629023201487,0.8148148148148148,0.022099361536813685,0.514018691588785,0.6635514018691588,0.9907407407407407
shuffled_domain_rank,640,1.0,1,115,0.4608695652173913,0.30225869809203143,0.782608695652174,0.020586278277565248,0.4956521739130435,0.7130434782608696,1.0
shuffled_domain_rank,640,1.0,2,108,0.5,0.3179223554223554,0.8703703703703703,0.021515217860607342,0.5233644859813084,0.6355140186915887,0.9907407407407407
shuffled_domain_rank,640,1.0,3,108,0.4074074074074074,0.25926066550651267,0.8240740740740741,0.024311162463551347,0.4351851851851852,0.5740740740740741,1.0
shuffled_domain_rank,640,1.0,4,108,0.3055555555555556,0.23402598932821625,0.8240740740740741,0.02765769492680144,0.36792452830188677,0.5566037735849056,0.9814814814814815
shuffled_domain_rank,640,1.0,5,108,0.4444444444444444,0.26386838519191463,0.8148148148148148,0.023650566783257235,0.4766355140186916,0.6728971962616822,0.9907407407407407
shuffled_domain_rank,640,2.0,1,115,0.46956521739130436,0.3153778778778779,0.7478260869565218,0.020615577836093482,0.4956521739130435,0.7130434782608696,1.0
shuffled_domain_rank,640,2.0,2,108,0.46296296296296297,0.29776980579732876,0.8055555555555556,0.0272728846954626,0.49074074074074076,0.5925925925925926,1.0
shuffled_domain_rank,640,2.0,3,108,0.37037037037037035,0.23790849673202616,0.7962962962962963,0.026820925656043385,0.39814814814814814,0.5555555555555556,1.0
shuffled_domain_rank,640,2.0,4,108,0.28703703703703703,0.22398421477816646,0.8518518518518519,0.02430956492731708,0.34579439252336447,0.5794392523364486,0.9907407407407407
shuffled_domain_rank,640,2.0,5,108,0.46296296296296297,0.2949892075238976,0.8148148148148148,0.022303055932153214,0.4953271028037383,0.6728971962616822,0.9907407407407407
shuffled_domain_rank,640,3.0,1,115,0.45217391304347826,0.3069440530613298,0.7478260869565218,0.022680125350303226,0.48695652173913045,0.6956521739130435,1.0
shuffled_domain_rank,640,3.0,2,108,0.46296296296296297,0.29077493642711033,0.8611111111111112,0.027222306326709283,0.49074074074074076,0.5925925925925926,1.0
shuffled_domain_rank,640,3.0,3,108,0.3888888888888889,0.24981029810298103,0.7777777777777778,0.022149218524644805,0.4166666666666667,0.5833333333333334,1.0
shuffled_domain_rank,640,3.0,4,108,0.3333333333333333,0.2582207207207207,0.8518518518518519,0.027339850854278126,0.3925233644859813,0.5887850467289719,0.9907407407407407
shuffled_domain_rank,640,3.0,5,108,0.42592592592592593,0.2578639036439548,0.8148148148148148,0.02680982499988811,0.46226415094339623,0.6132075471698113,0.9814814814814815
shuffled_domain_rank,640,4.0,1,115,0.4608695652173913,0.31192999801444743,0.7304347826086957,0.021053113971117744,0.504424778761062,0.7079646017699115,0.9826086956521739
shuffled_domain_rank,640,4.0,2,108,0.4722222222222222,0.28473193473193475,0.8148148148148148,0.026456852073418906,0.5,0.5925925925925926,1.0
shuffled_domain_rank,640,4.0,3,108,0.4074074074074074,0.26975890071128167,0.7870370370370371,0.022841534414134827,0.4351851851851852,0.5740740740740741,1.0
shuffled_domain_rank,640,4.0,4,108,0.3055555555555556,0.23397317583364097,0.8333333333333334,0.027829532555488912,0.3644859813084112,0.5700934579439252,0.9907407407407407
shuffled_domain_rank,640,4.0,5,108,0.46296296296296297,0.2768774599339383,0.8148148148148148,0.022758571065728678,0.5092592592592593,0.6759259259259259,1.0
shuffled_domain_rank,640,5.0,1,115,0.45217391304347826,0.3007381330910743,0.7739130434782608,0.020356292712591643,0.4782608695652174,0.6956521739130435,1.0
shuffled_domain_rank,640,5.0,2,108,0.4722222222222222,0.28671837421837415,0.8055555555555556,0.02189874455629988,0.4953271028037383,0.6355140186915887,0.9907407407407407
shuffled_domain_rank,640,5.0,3,108,0.39814814814814814,0.2567704658178657,0.7962962962962963,0.019356210333086054,0.42592592592592593,0.6018518518518519,1.0
shuffled_domain_rank,640,5.0,4,108,0.3055555555555556,0.24454454454454458,0.8703703703703703,0.026424794650676535,0.37142857142857144,0.6,0.9722222222222222
shuffled_domain_rank,640,5.0,5,108,0.4722222222222222,0.3003584229390681,0.8240740740740741,0.022634087055925775,0.5046728971962616,0.6635514018691588,0.9907407407407407
shuffled_domain_rank,640,6.0,1,115,0.4782608695652174,0.3255999697176168,0.7304347826086957,0.01976638167143205,0.5130434782608696,0.7217391304347827,1.0
shuffled_domain_rank,640,6.0,2,108,0.4537037037037037,0.289538661468486,0.8333333333333334,0.02462833521301394,0.4953271028037383,0.6074766355140186,0.9907407407407407
shuffled_domain_rank,640,6.0,3,108,0.35185185185185186,0.22894736842105265,0.7870370370370371,0.025812101186597523,0.37037037037037035,0.5370370370370371,1.0
shuffled_domain_rank,640,6.0,4,108,0.3148148148148148,0.24144622650741412,0.8611111111111112,0.024947805387572925,0.37383177570093457,0.5887850467289719,0.9907407407407407
shuffled_domain_rank,640,6.0,5,108,0.4722222222222222,0.30272281851229216,0.8148148148148148,0.023981983752810826,0.5094339622641509,0.6698113207547169,0.9814814814814815
shuffled_domain_rank,640,7.0,1,115,0.4608695652173913,0.3101476810305333,0.7478260869565218,0.019380516392109,0.48695652173913045,0.7043478260869566,1.0
shuffled_domain_rank,640,7.0,2,108,0.4722222222222222,0.286863871422695,0.8425925925925926,0.023367253711819178,0.5046728971962616,0.616822429906542,0.9907407407407407
shuffled_domain_rank,640,7.0,3,108,0.37037037037037035,0.23008898338451844,0.7870370370370371,0.026749984620306408,0.39814814814814814,0.5648148148148148,1.0
shuffled_domain_rank,640,7.0,4,108,0.3148148148148148,0.25306156806156804,0.8333333333333334,0.026649340429953924,0.37383177570093457,0.5700934579439252,0.9907407407407407
shuffled_domain_rank,640,7.0,5,108,0.48148148148148145,0.30350975189684865,0.8240740740740741,0.02296195064162067,0.514018691588785,0.6728971962616822,0.9907407407407407
shuffled_domain_rank,640,8.0,1,115,0.4260869565217391,0.2683984889867243,0.7391304347826086,0.023398826901196292,0.45217391304347826,0.6608695652173913,1.0
shuffled_domain_rank,640,8.0,2,108,0.4722222222222222,0.2889077019352249,0.8148148148148148,0.024351221347717392,0.5,0.6037735849056604,0.9814814814814815
shuffled_domain_rank,640,8.0,3,108,0.3888888888888889,0.24969682652177339,0.8055555555555556,0.023843546302576474,0.4074074074074074,0.5462962962962963,1.0
shuffled_domain_rank,640,8.0,4,108,0.3611111111111111,0.2761345258635522,0.8333333333333334,0.02531568175188942,0.4339622641509434,0.6037735849056604,0.9814814814814815
shuffled_domain_rank,640,8.0,5,108,0.4351851851851852,0.27996727146143013,0.8055555555555556,0.02557293921092656,0.4672897196261682,0.6355140186915887,0.9907407407407407
shuffled_domain_rank,640,9.0,1,115,0.4608695652173913,0.3137671081219468,0.7130434782608696,0.02025222435213027,0.4956521739130435,0.7043478260869566,1.0
shuffled_domain_rank,640,9.0,2,108,0.4537037037037037,0.2809378468368479,0.8240740740740741,0.030007804030809694,0.4766355140186916,0.5981308411214953,0.9907407407407407
shuffled_domain_rank,640,9.0,3,108,0.4074074074074074,0.2644707919301415,0.8055555555555556,0.02064902886771317,0.4351851851851852,0.6111111111111112,1.0
shuffled_domain_rank,640,9.0,4,108,0.2962962962962963,0.24439561939561938,0.8518518518518519,0.027495055314894955,0.36792452830188677,0.5754716981132075,0.9814814814814815
shuffled_domain_rank,640,9.0,5,108,0.4722222222222222,0.28088157435983524,0.8055555555555556,0.025024442076691796,0.5092592592592593,0.6481481481481481,1.0
shuffled_domain_rank,640,10.0,1,115,0.4434782608695652,0.28804739946044294,0.7652173913043478,0.021043798401147992,0.46956521739130436,0.6869565217391305,1.0
shuffled_domain_rank,640,10.0,2,108,0.48148148148148145,0.3115402652199621,0.8055555555555556,0.023217567385647682,0.5092592592592593,0.6203703703703703,1.0
shuffled_domain_rank,640,10.0,3,108,0.3611111111111111,0.22436920504635963,0.8240740740740741,0.028398535035780024,0.3888888888888889,0.5740740740740741,1.0
shuffled_domain_rank,640,10.0,4,108,0.3148148148148148,0.24749607611053395,0.8611111111111112,0.0277290737836209,0.3867924528301887,0.5849056603773585,0.9814814814814815
shuffled_domain_rank,640,10.0,5,108,0.4444444444444444,0.27553213777855046,0.8148148148148148,0.022674905140570883,0.4722222222222222,0.6574074074074074,1.0
shuffled_domain_rank,640,11.0,1,115,0.4608695652173913,0.306998556998557,0.7391304347826086,0.022634251670701058,0.49122807017543857,0.7017543859649122,0.991304347826087
shuffled_domain_rank,640,11.0,2,108,0.4722222222222222,0.2892399688370969,0.8148148148148148,0.024850415207372627,0.5,0.6111111111111112,1.0
shuffled_domain_rank,640,11.0,3,108,0.42592592592592593,0.266343669250646,0.8055555555555556,0.0192823384668486,0.4537037037037037,0.6296296296296297,1.0
shuffled_domain_rank,640,11.0,4,108,0.2777777777777778,0.22125538020086086,0.8888888888888888,0.02850400594708123,0.33962264150943394,0.5566037735849056,0.9814814814814815
shuffled_domain_rank,640,11.0,5,108,0.46296296296296297,0.27404077154077155,0.8240740740740741,0.023354953967069804,0.5046728971962616,0.6728971962616822,0.9907407407407407
shuffled_domain_rank,640,12.0,1,115,0.4608695652173913,0.3024438819223947,0.7565217391304347,0.019625933033509832,0.48695652173913045,0.6956521739130435,1.0
shuffled_domain_rank,640,12.0,2,108,0.46296296296296297,0.29125559777733695,0.8333333333333334,0.022511292359496598,0.5046728971962616,0.6261682242990654,0.9907407407407407
shuffled_domain_rank,640,12.0,3,108,0.3333333333333333,0.2186900401186115,0.7962962962962963,0.027212916267087533,0.3644859813084112,0.5420560747663551,0.9907407407407407
shuffled_domain_rank,640,12.0,4,108,0.2962962962962963,0.23225633528265108,0.8796296296296297,0.027236832429502273,0.34579439252336447,0.5607476635514018,0.9907407407407407
shuffled_domain_rank,640,12.0,5,108,0.48148148148148145,0.3071534308603274,0.8055555555555556,0.02297893290541788,0.5046728971962616,0.6635514018691588,0.9907407407407407
shuffled_domain_rank,640,13.0,1,115,0.4434782608695652,0.28693693693693695,0.7217391304347827,0.022470865630080335,0.4782608695652174,0.6695652173913044,1.0
shuffled_domain_rank,640,13.0,2,108,0.46296296296296297,0.29683850517183846,0.8888888888888888,0.023067212756730546,0.49056603773584906,0.6132075471698113,0.9814814814814815
shuffled_domain_rank,640,13.0,3,108,0.39814814814814814,0.24681495211615698,0.8148148148148148,0.021559965264150202,0.42592592592592593,0.5833333333333334,1.0
shuffled_domain_rank,640,13.0,4,108,0.3148148148148148,0.24820676749709877,0.8611111111111112,0.027315674865840685,0.36792452830188677,0.5660377358490566,0.9814814814814815
shuffled_domain_rank,640,13.0,5,108,0.39814814814814814,0.2461554397724611,0.7962962962962963,0.02836615222697713,0.4339622641509434,0.6415094339622641,0.9814814814814815
shuffled_domain_rank,640,14.0,1,115,0.43478260869565216,0.2770543615676359,0.7304347826086957,0.022761615745004356,0.46956521739130436,0.6869565217391305,1.0
shuffled_domain_rank,640,14.0,2,108,0.4444444444444444,0.2697960315809286,0.8333333333333334,0.026752151800488393,0.4722222222222222,0.5833333333333334,1.0
shuffled_domain_rank,640,14.0,3,108,0.3888888888888889,0.2493803418803419,0.7870370370370371,0.022818357353543806,0.4166666666666667,0.5648148148148148,1.0
shuffled_domain_rank,640,14.0,4,108,0.3148148148148148,0.2510778635778636,0.8333333333333334,0.028082278230937455,0.37735849056603776,0.5849056603773585,0.9814814814814815
shuffled_domain_rank,640,14.0,5,108,0.48148148148148145,0.3076297185540883,0.7962962962962963,0.02583677289021139,0.5233644859813084,0.6728971962616822,0.9907407407407407
shuffled_domain_rank,640,15.0,1,115,0.4434782608695652,0.2859821820691386,0.782608695652174,0.022170119947377286,0.4782608695652174,0.7130434782608696,1.0
shuffled_domain_rank,640,15.0,2,108,0.4722222222222222,0.2797216471129514,0.8333333333333334,0.023890658634814255,0.5,0.6111111111111112,1.0
shuffled_domain_rank,640,15.0,3,108,0.4074074074074074,0.26321554262730734,0.8240740740740741,0.02418504814778574,0.4351851851851852,0.5925925925925926,1.0
shuffled_domain_rank,640,15.0,4,108,0.28703703703703703,0.2249387821733689,0.8518518518518519,0.025602858757013132,0.34579439252336447,0.5981308411214953,0.9907407407407407
shuffled_domain_rank,640,15.0,5,108,0.48148148148148145,0.3010593624241782,0.8055555555555556,0.02536571801909887,0.5046728971962616,0.6542056074766355,0.9907407407407407
shuffled_domain_rank,640,16.0,1,115,0.46956521739130436,0.315488422916119,0.7130434782608696,0.02029206874393998,0.5043478260869565,0.7043478260869566,1.0
shuffled_domain_rank,640,16.0,2,108,0.4722222222222222,0.2831869750028318,0.8148148148148148,0.02205582523988597,0.5092592592592593,0.6296296296296297,1.0
shuffled_domain_rank,640,16.0,3,108,0.37962962962962965,0.24895181244387596,0.7962962962962963,0.02082143262172874,0.4074074074074074,0.5833333333333334,1.0
shuffled_domain_rank,640,16.0,4,108,0.3055555555555556,0.2432455331975049,0.8703703703703703,0.026914995848479,0.3644859813084112,0.5607476635514018,0.9907407407407407
shuffled_domain_rank,640,16.0,5,108,0.4444444444444444,0.26906455327507955,0.8055555555555556,0.021658034978308018,0.4857142857142857,0.6952380952380952,0.9722222222222222
shuffled_domain_rank,640,17.0,1,115,0.45217391304347826,0.3002229996712383,0.7739130434782608,0.021070459825366733,0.49122807017543857,0.6929824561403509,0.991304347826087
shuffled_domain_rank,640,17.0,2,108,0.4537037037037037,0.28679847808447606,0.8055555555555556,0.02889848613088663,0.49074074074074076,0.5833333333333334,1.0
shuffled_domain_rank,640,17.0,3,108,0.3888888888888889,0.2596593765711413,0.7962962962962963,0.025368624842262717,0.4074074074074074,0.5740740740740741,1.0
shuffled_domain_rank,640,17.0,4,108,0.3148148148148148,0.25244356786417316,0.8333333333333334,0.027956553484182772,0.37142857142857144,0.5904761904761905,0.9722222222222222
shuffled_domain_rank,640,17.0,5,108,0.5,0.30481968428397,0.8055555555555556,0.023942380293133055,0.5327102803738317,0.6635514018691588,0.9907407407407407
shuffled_domain_rank,640,18.0,1,115,0.45217391304347826,0.30967107358801865,0.7913043478260869,0.020374473063074626,0.48695652173913045,0.7043478260869566,1.0
shuffled_domain_rank,640,18.0,2,108,0.4722222222222222,0.2893258932708474,0.8055555555555556,0.02677304637400876,0.4953271028037383,0.5981308411214953,0.9907407407407407
shuffled_domain_rank,640,18.0,3,108,0.37962962962962965,0.24413981080647743,0.8333333333333334,0.022989133475797657,0.4074074074074074,0.5648148148148148,1.0
shuffled_domain_rank,640,18.0,4,108,0.32407407407407407,0.2478155757567522,0.8796296296296297,0.02744240006192854,0.38095238095238093,0.5619047619047619,0.9722222222222222
shuffled_domain_rank,640,18.0,5,108,0.4444444444444444,0.2736477430097182,0.8055555555555556,0.025509146231132547,0.49056603773584906,0.6792452830188679,0.9814814814814815
shuffled_domain_rank,640,19.0,1,115,0.4782608695652174,0.32643097643097646,0.7217391304347827,0.020944922815965633,0.5043478260869565,0.6956521739130435,1.0
shuffled_domain_rank,640,19.0,2,108,0.4537037037037037,0.29168012308691105,0.8240740740740741,0.02953537616900362,0.48148148148148145,0.5740740740740741,1.0
shuffled_domain_rank,640,19.0,3,108,0.3888888888888889,0.24311457916499932,0.7870370370370371,0.023102064306206628,0.4074074074074074,0.5740740740740741,1.0
shuffled_domain_rank,640,19.0,4,108,0.28703703703703703,0.23139722128599782,0.8425925925925926,0.026548329019451318,0.3523809523809524,0.5904761904761905,0.9722222222222222
shuffled_domain_rank,640,19.0,5,108,0.4722222222222222,0.28715672315437807,0.8240740740740741,0.021789776193157858,0.5092592592592593,0.7037037037037037,1.0
shuffled_domain_rank,640,20.0,1,115,0.46956521739130436,0.3142895116579327,0.7565217391304347,0.01703538837304034,0.4956521739130435,0.7130434782608696,1.0
shuffled_domain_rank,640,20.0,2,108,0.46296296296296297,0.27090882973235914,0.8148148148148148,0.025136348864313766,0.4953271028037383,0.616822429906542,0.9907407407407407
shuffled_domain_rank,640,20.0,3,108,0.37962962962962965,0.24382716049382713,0.7962962962962963,0.020664920387706526,0.4074074074074074,0.6018518518518519,1.0
shuffled_domain_rank,640,20.0,4,108,0.3148148148148148,0.24612284349126454,0.8611111111111112,0.029464950185276895,0.38317757009345793,0.5327102803738317,0.9907407407407407
shuffled_domain_rank,640,20.0,5,108,0.49074074074074076,0.3085552520335129,0.7962962962962963,0.020626165069462955,0.5327102803738317,0.7102803738317757,0.9907407407407407
shuffled_domain_rank,640,21.0,1,115,0.45217391304347826,0.2961309523809524,0.7217391304347827,0.02128485606366826,0.48695652173913045,0.6782608695652174,1.0
shuffled_domain_rank,640,21.0,2,108,0.48148148148148145,0.30972073343937584,0.8333333333333334,0.02671477709830548,0.5,0.6018518518518519,1.0
shuffled_domain_rank,640,21.0,3,108,0.37962962962962965,0.24912947135169358,0.8055555555555556,0.024656049477201302,0.39814814814814814,0.5462962962962963,1.0
shuffled_domain_rank,640,21.0,4,108,0.3333333333333333,0.2578140766205866,0.8518518518518519,0.026069661519327533,0.38317757009345793,0.5887850467289719,0.9907407407407407
shuffled_domain_rank,640,21.0,5,108,0.4444444444444444,0.26300497533224004,0.8055555555555556,0.023809128054965243,0.5,0.660377358490566,0.9814814814814815
shuffled_domain_rank,640,22.0,1,115,0.43478260869565216,0.2809223236854816,0.7565217391304347,0.02212245931752557,0.4608695652173913,0.6869565217391305,1.0
shuffled_domain_rank,640,22.0,2,108,0.46296296296296297,0.30182387156769025,0.8425925925925926,0.02950735598979473,0.4953271028037383,0.5887850467289719,0.9907407407407407
shuffled_domain_rank,640,22.0,3,108,0.37037037037037035,0.23999031711450014,0.8055555555555556,0.02255244615611552,0.39814814814814814,0.5833333333333334,1.0
shuffled_domain_rank,640,22.0,4,108,0.35185185185185186,0.2693108245355151,0.8333333333333334,0.02864615921678679,0.39622641509433965,0.5566037735849056,0.9814814814814815
shuffled_domain_rank,640,22.0,5,108,0.46296296296296297,0.27669533162635046,0.8055555555555556,0.02100237830359237,0.5046728971962616,0.7102803738317757,0.9907407407407407
shuffled_domain_rank,640,23.0,1,115,0.4608695652173913,0.31220343348489804,0.7217391304347827,0.023126074977832187,0.4956521739130435,0.7043478260869566,1.0
shuffled_domain_rank,640,23.0,2,108,0.46296296296296297,0.2805849680849681,0.8703703703703703,0.025990301141986173,0.5,0.6018518518518519,1.0
shuffled_domain_rank,640,23.0,3,108,0.3425925925925926,0.21713984327908378,0.7962962962962963,0.025249249363949816,0.37037037037037035,0.5370370370370371,1.0
shuffled_domain_rank,640,23.0,4,108,0.3055555555555556,0.23837923289142804,0.8240740740740741,0.02748964097937773,0.36792452830188677,0.5566037735849056,0.9814814814814815
shuffled_domain_rank,640,23.0,5,108,0.4537037037037037,0.2823336481071567,0.8240740740740741,0.022887905570654232,0.48598130841121495,0.6448598130841121,0.9907407407407407
shuffled_domain_rank,640,24.0,1,115,0.4608695652173913,0.311144252004467,0.7478260869565218,0.01974271769368503,0.4956521739130435,0.6956521739130435,1.0
shuffled_domain_rank,640,24.0,2,108,0.4537037037037037,0.2763125353833319,0.8333333333333334,0.025925144124150683,0.49074074074074076,0.6018518518518519,1.0
shuffled_domain_rank,640,24.0,3,108,0.35185185185185186,0.22327385835384195,0.8055555555555556,0.027856534009273258,0.38317757009345793,0.5327102803738317,0.9907407407407407
shuffled_domain_rank,640,24.0,4,108,0.2962962962962963,0.24214188296466777,0.8611111111111112,0.025841354544708657,0.3619047619047619,0.5904761904761905,0.9722222222222222
shuffled_domain_rank,640,24.0,5,108,0.48148148148148145,0.2959145174764869,0.8148148148148148,0.022881747412423763,0.5188679245283019,0.6698113207547169,0.9814814814814815
shuffled_domain_rank,640,25.0,1,115,0.4608695652173913,0.30483332308890115,0.7304347826086957,0.020718420088049687,0.4956521739130435,0.7217391304347827,1.0
shuffled_domain_rank,640,25.0,2,108,0.4722222222222222,0.3016105690147784,0.8333333333333334,0.026108967200681486,0.5,0.6132075471698113,0.9814814814814815
shuffled_domain_rank,640,25.0,3,108,0.3888888888888889,0.249063670411985,0.7962962962962963,0.02254018060220663,0.4074074074074074,0.5925925925925926,1.0
shuffled_domain_rank,640,25.0,4,108,0.3055555555555556,0.24557055066453226,0.8796296296296297,0.02732161847664017,0.37142857142857144,0.5904761904761905,0.9722222222222222
shuffled_domain_rank,640,25.0,5,108,0.4722222222222222,0.2851797610539817,0.8055555555555556,0.024157163913432908,0.514018691588785,0.7009345794392523,0.9907407407407407
shuffled_domain_rank,640,26.0,1,115,0.46956521739130436,0.3264239496094335,0.7391304347826086,0.0222250714362654,0.5043478260869565,0.7043478260869566,1.0
shuffled_domain_rank,640,26.0,2,108,0.42592592592592593,0.23400673400673402,0.7962962962962963,0.025504037551357158,0.46296296296296297,0.6018518518518519,1.0
shuffled_domain_rank,640,26.0,3,108,0.3611111111111111,0.2329219072105251,0.8055555555555556,0.023916240927823143,0.3888888888888889,0.5833333333333334,1.0
shuffled_domain_rank,640,26.0,4,108,0.3148148148148148,0.2525020519701371,0.8518518518518519,0.026823534376190655,0.38095238095238093,0.5904761904761905,0.9722222222222222
shuffled_domain_rank,640,26.0,5,108,0.4722222222222222,0.2952513713223628,0.8240740740740741,0.02416158111356999,0.514018691588785,0.6635514018691588,0.9907407407407407
shuffled_domain_rank,640,27.0,1,115,0.46956521739130436,0.32414648274863334,0.7391304347826086,0.02133772001665058,0.5043478260869565,0.6956521739130435,1.0
shuffled_domain_rank,640,27.0,2,108,0.49074074074074076,0.3206545209176788,0.8333333333333334,0.02421179660439485,0.514018691588785,0.616822429906542,0.9907407407407407
shuffled_domain_rank,640,27.0,3,108,0.35185185185185186,0.22073402200386327,0.8148148148148148,0.024977378920677203,0.37962962962962965,0.5555555555555556,1.0
shuffled_domain_rank,640,27.0,4,108,0.28703703703703703,0.23171028653484793,0.8888888888888888,0.030060735264286945,0.33962264150943394,0.5188679245283019,0.9814814814814815
shuffled_domain_rank,640,27.0,5,108,0.5,0.31864256601098706,0.8055555555555556,0.023885560042772543,0.5420560747663551,0.6915887850467289,0.9907407407407407
shuffled_domain_rank,640,28.0,1,115,0.4956521739130435,0.3396266760729634,0.7478260869565218,0.020444960434115287,0.5304347826086957,0.7130434782608696,1.0
shuffled_domain_rank,640,28.0,2,108,0.48148148148148145,0.29305934958108876,0.8240740740740741,0.026124864044906233,0.5092592592592593,0.6018518518518519,1.0
shuffled_domain_rank,640,28.0,3,108,0.3888888888888889,0.2519763113966012,0.7777777777777778,0.022100393062191557,0.4074074074074074,0.6018518518518519,1.0
shuffled_domain_rank,640,28.0,4,108,0.3148148148148148,0.25399601323985066,0.8425925925925926,0.027962559930456623,0.3644859813084112,0.5607476635514018,0.9907407407407407
shuffled_domain_rank,640,28.0,5,108,0.46296296296296297,0.2738136513880221,0.8055555555555556,0.022152247714126275,0.5046728971962616,0.6822429906542056,0.9907407407407407
shuffled_domain_rank,640,29.0,1,115,0.43478260869565216,0.2864392019288807,0.7565217391304347,0.02323916269569987,0.46956521739130436,0.6869565217391305,1.0
shuffled_domain_rank,640,29.0,2,108,0.4351851851851852,0.2778630766948524,0.7870370370370371,0.029694414927125296,0.4672897196261682,0.5700934579439252,0.9907407407407407
shuffled_domain_rank,640,29.0,3,108,0.37962962962962965,0.250968852949985,0.8055555555555556,0.0255100502079295,0.4074074074074074,0.5555555555555556,1.0
shuffled_domain_rank,640,29.0,4,108,0.3333333333333333,0.26920634920634917,0.8703703703703703,0.02876736092205544,0.3925233644859813,0.5327102803738317,0.9907407407407407
shuffled_domain_rank,640,29.0,5,108,0.46296296296296297,0.2835222978080121,0.8148148148148148,0.023126135532621314,0.4953271028037383,0.6915887850467289,0.9907407407407407
baseline_stats,911,,1,115,0.43478260869565216,0.2581467985424258,0.7478260869565218,0.023386805870819177,0.46956521739130436,0.6869565217391305,1.0
baseline_stats,911,,2,108,0.6018518518518519,0.37289385410436293,0.8148148148148148,0.013473017236418847,0.6448598130841121,0.7476635514018691,0.9907407407407407
baseline_stats,911,,3,108,0.37962962962962965,0.2901158645276292,0.7685185185185185,0.01948672681714681,0.4166666666666667,0.6203703703703703,1.0
baseline_stats,911,,4,108,0.3333333333333333,0.2491769547325103,0.8611111111111112,0.0381721791123819,0.36792452830188677,0.5094339622641509,0.9814814814814815
baseline_stats,911,,5,108,0.32407407407407407,0.2332638305490904,0.8518518518518519,0.022600004745455832,0.36792452830188677,0.5849056603773585,0.9814814814814815
real_domain_rank,911,,1,115,0.4,0.22644658699425432,0.7391304347826086,0.02299013147428587,0.43478260869565216,0.6782608695652174,1.0
real_domain_rank,911,,2,108,0.5925925925925926,0.36214884127769786,0.8333333333333334,0.015183769164270179,0.6261682242990654,0.719626168224299,0.9907407407407407
real_domain_rank,911,,3,108,0.39814814814814814,0.26873974943684326,0.7962962962962963,0.019552588295851662,0.4351851851851852,0.6203703703703703,1.0
real_domain_rank,911,,4,108,0.42592592592592593,0.30240127528577787,0.8888888888888888,0.035937867586567376,0.4537037037037037,0.5462962962962963,1.0
real_domain_rank,911,,5,108,0.3055555555555556,0.20501006121210721,0.8148148148148148,0.022683449437300926,0.34579439252336447,0.5794392523364486,0.9907407407407407
shuffled_domain_rank,911,0.0,1,115,0.41739130434782606,0.24561919509107635,0.7391304347826086,0.02324939580497609,0.45217391304347826,0.6869565217391305,1.0
shuffled_domain_rank,911,0.0,2,108,0.49074074074074076,0.31337344359014635,0.8518518518518519,0.02795264362608621,0.5327102803738317,0.6355140186915887,0.9907407407407407
shuffled_domain_rank,911,0.0,3,108,0.4166666666666667,0.3174359909992094,0.7962962962962963,0.020022248582645858,0.4537037037037037,0.6203703703703703,1.0
shuffled_domain_rank,911,0.0,4,108,0.39814814814814814,0.2872464843053078,0.8703703703703703,0.034620514471102704,0.411214953271028,0.5607476635514018,0.9907407407407407
shuffled_domain_rank,911,0.0,5,108,0.3611111111111111,0.26808518881745425,0.8148148148148148,0.019526626969735932,0.4056603773584906,0.6226415094339622,0.9814814814814815
shuffled_domain_rank,911,1.0,1,115,0.41739130434782606,0.2433594127306095,0.7652173913043478,0.021933834582332175,0.4434782608695652,0.6695652173913044,1.0
shuffled_domain_rank,911,1.0,2,108,0.5462962962962963,0.34452545758944275,0.8425925925925926,0.02165051591717909,0.5887850467289719,0.6822429906542056,0.9907407407407407
shuffled_domain_rank,911,1.0,3,108,0.37962962962962965,0.2911418106077297,0.8055555555555556,0.022603850002577093,0.4074074074074074,0.6111111111111112,1.0
shuffled_domain_rank,911,1.0,4,108,0.4074074074074074,0.275027260321378,0.8796296296296297,0.03621242106870792,0.4339622641509434,0.5377358490566038,0.9814814814814815
shuffled_domain_rank,911,1.0,5,108,0.3425925925925926,0.25419568354350963,0.8148148148148148,0.020045020439852408,0.3867924528301887,0.6509433962264151,0.9814814814814815
shuffled_domain_rank,911,2.0,1,115,0.41739130434782606,0.24599340541369527,0.7391304347826086,0.023351245338822074,0.45217391304347826,0.6869565217391305,1.0
shuffled_domain_rank,911,2.0,2,108,0.5092592592592593,0.3029260126706714,0.8240740740740741,0.02046287436182086,0.5607476635514018,0.6542056074766355,0.9907407407407407
shuffled_domain_rank,911,2.0,3,108,0.4166666666666667,0.2764124383930788,0.7685185185185185,0.019184753592625618,0.4537037037037037,0.6296296296296297,1.0
shuffled_domain_rank,911,2.0,4,108,0.39814814814814814,0.2944855510072901,0.9074074074074074,0.035858892971574394,0.42452830188679247,0.5471698113207547,0.9814814814814815
shuffled_domain_rank,911,2.0,5,108,0.35185185185185186,0.2635110082680415,0.8611111111111112,0.024912766906090105,0.37383177570093457,0.5887850467289719,0.9907407407407407
shuffled_domain_rank,911,3.0,1,115,0.4260869565217391,0.25328341394122544,0.7391304347826086,0.022119679502178902,0.4608695652173913,0.7043478260869566,1.0
shuffled_domain_rank,911,3.0,2,108,0.5740740740740741,0.3572926051966186,0.8240740740740741,0.017231569743764965,0.6074766355140186,0.7102803738317757,0.9907407407407407
shuffled_domain_rank,911,3.0,3,108,0.37037037037037035,0.24641888458228267,0.7962962962962963,0.017652078252507714,0.39814814814814814,0.6296296296296297,1.0
shuffled_domain_rank,911,3.0,4,108,0.37962962962962965,0.27271202436441117,0.8703703703703703,0.034065545153469184,0.411214953271028,0.5327102803738317,0.9907407407407407
shuffled_domain_rank,911,3.0,5,108,0.3425925925925926,0.25268890008020445,0.8518518518518519,0.020537540655537187,0.3644859813084112,0.5794392523364486,0.9907407407407407
shuffled_domain_rank,911,4.0,1,115,0.41739130434782606,0.24051969741624915,0.7565217391304347,0.023499906320813203,0.45614035087719296,0.6929824561403509,0.991304347826087
shuffled_domain_rank,911,4.0,2,108,0.5740740740740741,0.3553752701459776,0.7962962962962963,0.01649642340610517,0.6261682242990654,0.7102803738317757,0.9907407407407407
shuffled_domain_rank,911,4.0,3,108,0.37962962962962965,0.25775748799682036,0.7962962962962963,0.01872170405167124,0.4074074074074074,0.5833333333333334,1.0
shuffled_domain_rank,911,4.0,4,108,0.39814814814814814,0.2914481516529808,0.8796296296296297,0.03383628277853413,0.42990654205607476,0.5700934579439252,0.9907407407407407
shuffled_domain_rank,911,4.0,5,108,0.3425925925925926,0.2513028057490922,0.8425925925925926,0.023024866693237517,0.38317757009345793,0.5981308411214953,0.9907407407407407
shuffled_domain_rank,911,5.0,1,115,0.4,0.23191857725326284,0.7565217391304347,0.021186310508258394,0.43478260869565216,0.7043478260869566,1.0
shuffled_domain_rank,911,5.0,2,108,0.5462962962962963,0.337190537318907,0.8425925925925926,0.018653828988335824,0.5981308411214953,0.7009345794392523,0.9907407407407407
shuffled_domain_rank,911,5.0,3,108,0.37037037037037035,0.29098441587751256,0.7592592592592593,0.024203473554373814,0.39814814814814814,0.5925925925925926,1.0
shuffled_domain_rank,911,5.0,4,108,0.42592592592592593,0.31384111384111385,0.8703703703703703,0.03662183432875194,0.4537037037037037,0.5648148148148148,1.0
shuffled_domain_rank,911,5.0,5,108,0.35185185185185186,0.2657686812098577,0.8240740740740741,0.02115274482141123,0.37962962962962965,0.6111111111111112,1.0
shuffled_domain_rank,911,6.0,1,115,0.43478260869565216,0.2606710645926332,0.7304347826086957,0.022179306498204054,0.4608695652173913,0.7217391304347827,1.0
shuffled_domain_rank,911,6.0,2,108,0.5462962962962963,0.32802983979454564,0.8333333333333334,0.017890480116886872,0.5981308411214953,0.6915887850467289,0.9907407407407407
shuffled_domain_rank,911,6.0,3,108,0.4074074074074074,0.26916213441036135,0.7962962962962963,0.018888009421150296,0.4351851851851852,0.6296296296296297,1.0
shuffled_domain_rank,911,6.0,4,108,0.42592592592592593,0.3381195336426402,0.8981481481481481,0.03630839749011496,0.4485981308411215,0.5700934579439252,0.9907407407407407
shuffled_domain_rank,911,6.0,5,108,0.3148148148148148,0.23154004601872902,0.8611111111111112,0.023074790299398726,0.3490566037735849,0.6132075471698113,0.9814814814814815
shuffled_domain_rank,911,7.0,1,115,0.43478260869565216,0.253684875066454,0.7565217391304347,0.02383062277363117,0.4608695652173913,0.6869565217391305,1.0
shuffled_domain_rank,911,7.0,2,108,0.5370370370370371,0.32898535851122057,0.8518518518518519,0.0186760304546173,0.5794392523364486,0.6822429906542056,0.9907407407407407
shuffled_domain_rank,911,7.0,3,108,0.4351851851851852,0.28056902284120266,0.7962962962962963,0.016761758783057107,0.46296296296296297,0.6944444444444444,1.0
shuffled_domain_rank,911,7.0,4,108,0.37037037037037035,0.2654499971573142,0.8518518518518519,0.033309651469399224,0.4074074074074074,0.5370370370370371,1.0
shuffled_domain_rank,911,7.0,5,108,0.35185185185185186,0.2644250580985,0.8333333333333334,0.019819456765002394,0.3888888888888889,0.6296296296296297,1.0
shuffled_domain_rank,911,8.0,1,115,0.4260869565217391,0.2509809778152599,0.7391304347826086,0.022420529919654687,0.4608695652173913,0.6956521739130435,1.0
shuffled_domain_rank,911,8.0,2,108,0.5462962962962963,0.3258459435378221,0.8055555555555556,0.0167700956727869,0.5887850467289719,0.6822429906542056,0.9907407407407407
shuffled_domain_rank,911,8.0,3,108,0.37962962962962965,0.29364386692355615,0.7870370370370371,0.023445859236899083,0.4166666666666667,0.5925925925925926,1.0
shuffled_domain_rank,911,8.0,4,108,0.35185185185185186,0.2467038809144072,0.8981481481481481,0.03629650163925526,0.39622641509433965,0.5188679245283019,0.9814814814814815
shuffled_domain_rank,911,8.0,5,108,0.37037037037037035,0.2802964758426052,0.8055555555555556,0.02152666811105583,0.39814814814814814,0.6111111111111112,1.0
shuffled_domain_rank,911,9.0,1,115,0.4260869565217391,0.2435635123614663,0.7478260869565218,0.024148345645966084,0.4608695652173913,0.6869565217391305,1.0
shuffled_domain_rank,911,9.0,2,108,0.5277777777777778,0.3216111632270169,0.8333333333333334,0.020948212095684312,0.5794392523364486,0.6822429906542056,0.9907407407407407
shuffled_domain_rank,911,9.0,3,108,0.37962962962962965,0.29106701940035273,0.8055555555555556,0.019316150613377863,0.4166666666666667,0.6018518518518519,1.0
shuffled_domain_rank,911,9.0,4,108,0.3611111111111111,0.24998998998999,0.9166666666666666,0.03859753029631473,0.3925233644859813,0.5233644859813084,0.9907407407407407
shuffled_domain_rank,911,9.0,5,108,0.3425925925925926,0.25003534765800917,0.8425925925925926,0.01916426970061512,0.37383177570093457,0.6074766355140186,0.9907407407407407
shuffled_domain_rank,911,10.0,1,115,0.43478260869565216,0.25628075628075625,0.7391304347826086,0.02120721411369974,0.46956521739130436,0.7043478260869566,1.0
shuffled_domain_rank,911,10.0,2,108,0.5555555555555556,0.33484553678102064,0.8240740740740741,0.017865061312911868,0.6074766355140186,0.7102803738317757,0.9907407407407407
shuffled_domain_rank,911,10.0,3,108,0.37962962962962965,0.29905589969705737,0.7777777777777778,0.02414349557728284,0.4166666666666667,0.6111111111111112,1.0
shuffled_domain_rank,911,10.0,4,108,0.37037037037037035,0.2648395721925134,0.8888888888888888,0.03627842622962174,0.4056603773584906,0.5377358490566038,0.9814814814814815
shuffled_domain_rank,911,10.0,5,108,0.3333333333333333,0.22779482869720766,0.8611111111111112,0.021740745375596685,0.37735849056603776,0.6132075471698113,0.9814814814814815
shuffled_domain_rank,911,11.0,1,115,0.43478260869565216,0.2538205673798894,0.7478260869565218,0.02282527830906923,0.46956521739130436,0.6782608695652174,1.0
shuffled_domain_rank,911,11.0,2,108,0.49074074074074076,0.297319557930023,0.8240740740740741,0.023883466099520034,0.5327102803738317,0.6261682242990654,0.9907407407407407
shuffled_domain_rank,911,11.0,3,108,0.39814814814814814,0.30923728684804436,0.7685185185185185,0.017884082228261017,0.4351851851851852,0.6111111111111112,1.0
shuffled_domain_rank,911,11.0,4,108,0.37962962962962965,0.2720579957751422,0.9074074074074074,0.03774111687253592,0.40186915887850466,0.5327102803738317,0.9907407407407407
shuffled_domain_rank,911,11.0,5,108,0.39814814814814814,0.28678746131576316,0.8055555555555556,0.01712253837524856,0.42990654205607476,0.6542056074766355,0.9907407407407407
shuffled_domain_rank,911,12.0,1,115,0.4260869565217391,0.2489961729092164,0.7217391304347827,0.023181137805542932,0.4608695652173913,0.6869565217391305,1.0
shuffled_domain_rank,911,12.0,2,108,0.5925925925925926,0.3679353607264217,0.8055555555555556,0.01503246109779608,0.6355140186915887,0.7383177570093458,0.9907407407407407
shuffled_domain_rank,911,12.0,3,108,0.37037037037037035,0.24788994545186496,0.7685185185185185,0.018402959531205486,0.3888888888888889,0.6111111111111112,1.0
shuffled_domain_rank,911,12.0,4,108,0.39814814814814814,0.28427694424695926,0.8888888888888888,0.03500864503550605,0.42990654205607476,0.5514018691588785,0.9907407407407407
shuffled_domain_rank,911,12.0,5,108,0.3425925925925926,0.24555132694667578,0.8425925925925926,0.018775674056508995,0.38095238095238093,0.6285714285714286,0.9722222222222222
shuffled_domain_rank,911,13.0,1,115,0.40869565217391307,0.22700025842406266,0.7565217391304347,0.022912333556418658,0.4434782608695652,0.6956521739130435,1.0
shuffled_domain_rank,911,13.0,2,108,0.5462962962962963,0.33955026455026455,0.8333333333333334,0.01884342123755766,0.5887850467289719,0.6915887850467289,0.9907407407407407
shuffled_domain_rank,911,13.0,3,108,0.3888888888888889,0.2488623055975121,0.7962962962962963,0.019928292446189565,0.42592592592592593,0.6203703703703703,1.0
shuffled_domain_rank,911,13.0,4,108,0.42592592592592593,0.30135658914728686,0.8703703703703703,0.03269465394057872,0.45794392523364486,0.5607476635514018,0.9907407407407407
shuffled_domain_rank,911,13.0,5,108,0.3425925925925926,0.25419041600208653,0.8518518518518519,0.0205802814667813,0.37735849056603776,0.6037735849056604,0.9814814814814815
shuffled_domain_rank,911,14.0,1,115,0.40869565217391307,0.22546089513831447,0.7391304347826086,0.022596858888756167,0.4434782608695652,0.6956521739130435,1.0
shuffled_domain_rank,911,14.0,2,108,0.5648148148148148,0.35025641025641024,0.8425925925925926,0.01888643843388565,0.5981308411214953,0.7009345794392523,0.9907407407407407
shuffled_domain_rank,911,14.0,3,108,0.4074074074074074,0.31684261839605665,0.7870370370370371,0.016688941063588116,0.4351851851851852,0.5925925925925926,1.0
shuffled_domain_rank,911,14.0,4,108,0.37037037037037035,0.2692176472859677,0.9166666666666666,0.03207589845896387,0.3888888888888889,0.5092592592592593,1.0
shuffled_domain_rank,911,14.0,5,108,0.37037037037037035,0.27690563404849117,0.8240740740740741,0.01993179185465057,0.4095238095238095,0.6285714285714286,0.9722222222222222
shuffled_domain_rank,911,15.0,1,115,0.40869565217391307,0.2353919870144059,0.7304347826086957,0.02487231242004738,0.4434782608695652,0.6782608695652174,1.0
shuffled_domain_rank,911,15.0,2,108,0.5740740740740741,0.35452219564061666,0.8425925925925926,0.01653115022224469,0.616822429906542,0.7102803738317757,0.9907407407407407
shuffled_domain_rank,911,15.0,3,108,0.3611111111111111,0.27635357253583853,0.8055555555555556,0.025943283735590166,0.3888888888888889,0.5740740740740741,1.0
shuffled_domain_rank,911,15.0,4,108,0.37962962962962965,0.26482080203319686,0.8888888888888888,0.03487908880203874,0.4166666666666667,0.5370370370370371,1.0
shuffled_domain_rank,911,15.0,5,108,0.3425925925925926,0.25510120887865184,0.8055555555555556,0.02078548548908449,0.3942307692307692,0.6346153846153846,0.9629629629629629
shuffled_domain_rank,911,16.0,1,115,0.4,0.22044159544159544,0.7304347826086957,0.01903868935550312,0.43478260869565216,0.6869565217391305,1.0
shuffled_domain_rank,911,16.0,2,108,0.5277777777777778,0.32910582015472084,0.8240740740740741,0.02151603686860405,0.5607476635514018,0.6635514018691588,0.9907407407407407
shuffled_domain_rank,911,16.0,3,108,0.3425925925925926,0.22689661026375021,0.7962962962962963,0.02495894489061544,0.37037037037037035,0.5648148148148148,1.0
shuffled_domain_rank,911,16.0,4,108,0.39814814814814814,0.28590142187953405,0.8888888888888888,0.031190727134750348,0.4392523364485981,0.5887850467289719,0.9907407407407407
shuffled_domain_rank,911,16.0,5,108,0.2962962962962963,0.17042175865705278,0.8518518518518519,0.024445346576336804,0.3364485981308411,0.5794392523364486,0.9907407407407407
shuffled_domain_rank,911,17.0,1,115,0.43478260869565216,0.2620387328720662,0.7304347826086957,0.019247724352552998,0.46956521739130436,0.7130434782608696,1.0
shuffled_domain_rank,911,17.0,2,108,0.5370370370370371,0.32789294645056016,0.8333333333333334,0.017599713739845195,0.5887850467289719,0.6915887850467289,0.9907407407407407
shuffled_domain_rank,911,17.0,3,108,0.39814814814814814,0.30742313067784766,0.7777777777777778,0.020381058721855805,0.42592592592592593,0.6203703703703703,1.0
shuffled_domain_rank,911,17.0,4,108,0.37037037037037035,0.2583229296712443,0.8518518518518519,0.036806547660759394,0.3925233644859813,0.5233644859813084,0.9907407407407407
shuffled_domain_rank,911,17.0,5,108,0.37037037037037035,0.2736538899696795,0.8333333333333334,0.020060828872516968,0.41904761904761906,0.6285714285714286,0.9722222222222222
shuffled_domain_rank,911,18.0,1,115,0.4434782608695652,0.27310681576774337,0.7391304347826086,0.02072282162495339,0.4824561403508772,0.7017543859649122,0.991304347826087
shuffled_domain_rank,911,18.0,2,108,0.5462962962962963,0.34526174296587886,0.8333333333333334,0.021429698282493543,0.5794392523364486,0.6822429906542056,0.9907407407407407
shuffled_domain_rank,911,18.0,3,108,0.3888888888888889,0.25699624389279563,0.7962962962962963,0.017550088704481593,0.42592592592592593,0.6111111111111112,1.0
shuffled_domain_rank,911,18.0,4,108,0.3888888888888889,0.2735227735227735,0.8703703703703703,0.03592630960377316,0.42592592592592593,0.5555555555555556,1.0
shuffled_domain_rank,911,18.0,5,108,0.35185185185185186,0.2571389020724569,0.8240740740740741,0.0180878587853043,0.39622641509433965,0.6226415094339622,0.9814814814814815
shuffled_domain_rank,911,19.0,1,115,0.40869565217391307,0.22929975104613595,0.7478260869565218,0.022558013901039904,0.4434782608695652,0.6782608695652174,1.0
shuffled_domain_rank,911,19.0,2,108,0.5277777777777778,0.3259533488192025,0.8333333333333334,0.022033307742559752,0.5700934579439252,0.6728971962616822,0.9907407407407407
shuffled_domain_rank,911,19.0,3,108,0.4537037037037037,0.3274700575803944,0.7962962962962963,0.022917740070752642,0.48148148148148145,0.6481481481481481,1.0
shuffled_domain_rank,911,19.0,4,108,0.3888888888888889,0.27874899959983995,0.8796296296296297,0.038123465717733285,0.4205607476635514,0.514018691588785,0.9907407407407407
shuffled_domain_rank,911,19.0,5,108,0.3611111111111111,0.25149668000026804,0.7685185185185185,0.017956054567955727,0.4056603773584906,0.6509433962264151,0.9814814814814815
shuffled_domain_rank,911,20.0,1,115,0.4260869565217391,0.25355836410603144,0.7478260869565218,0.021567506469863232,0.4608695652173913,0.6956521739130435,1.0
shuffled_domain_rank,911,20.0,2,108,0.5833333333333334,0.36844109601961894,0.8611111111111112,0.017104117143498524,0.616822429906542,0.7102803738317757,0.9907407407407407
shuffled_domain_rank,911,20.0,3,108,0.3611111111111111,0.24186739186739184,0.7870370370370371,0.026824712988671198,0.3888888888888889,0.5833333333333334,1.0
shuffled_domain_rank,911,20.0,4,108,0.37962962962962965,0.2684243253326701,0.8888888888888888,0.033876021865696195,0.4205607476635514,0.5327102803738317,0.9907407407407407
shuffled_domain_rank,911,20.0,5,108,0.3148148148148148,0.22984868362612662,0.7962962962962963,0.02482346883849372,0.3584905660377358,0.5754716981132075,0.9814814814814815
shuffled_domain_rank,911,21.0,1,115,0.41739130434782606,0.24453977850474598,0.7130434782608696,0.022059684574497727,0.45217391304347826,0.6782608695652174,1.0
shuffled_domain_rank,911,21.0,2,108,0.5462962962962963,0.33146853146853145,0.8518518518518519,0.02050529619727356,0.5981308411214953,0.7009345794392523,0.9907407407407407
shuffled_domain_rank,911,21.0,3,108,0.4166666666666667,0.30608193065489964,0.8055555555555556,0.0206786444514278,0.4444444444444444,0.6388888888888888,1.0
shuffled_domain_rank,911,21.0,4,108,0.42592592592592593,0.3034556087187666,0.8425925925925926,0.031977622085617205,0.4444444444444444,0.5833333333333334,1.0
shuffled_domain_rank,911,21.0,5,108,0.32407407407407407,0.23265320892991556,0.8148148148148148,0.019474352269882873,0.36792452830188677,0.6226415094339622,0.9814814814814815
shuffled_domain_rank,911,22.0,1,115,0.4,0.21311936936936937,0.7304347826086957,0.023475830405179667,0.43859649122807015,0.6929824561403509,0.991304347826087
shuffled_domain_rank,911,22.0,2,108,0.5092592592592593,0.3125,0.8240740740740741,0.021290269281393298,0.5514018691588785,0.6635514018691588,0.9907407407407407
shuffled_domain_rank,911,22.0,3,108,0.37962962962962965,0.25937036155772347,0.7685185185185185,0.019387999530913094,0.4166666666666667,0.6388888888888888,1.0
shuffled_domain_rank,911,22.0,4,108,0.3888888888888889,0.2775013100594496,0.8611111111111112,0.034071464678681766,0.4205607476635514,0.5420560747663551,0.9907407407407407
shuffled_domain_rank,911,22.0,5,108,0.3333333333333333,0.22951961826642134,0.8518518518518519,0.02051273442247548,0.36538461538461536,0.6057692307692307,0.9629629629629629
shuffled_domain_rank,911,23.0,1,115,0.4434782608695652,0.26800037819774664,0.7652173913043478,0.022986159859705594,0.46956521739130436,0.6956521739130435,1.0
shuffled_domain_rank,911,23.0,2,108,0.5370370370370371,0.33329790781028595,0.8240740740740741,0.021329678352847783,0.5887850467289719,0.6728971962616822,0.9907407407407407
shuffled_domain_rank,911,23.0,3,108,0.3333333333333333,0.22132435465768796,0.7870370370370371,0.019940849599053137,0.37037037037037035,0.5925925925925926,1.0
shuffled_domain_rank,911,23.0,4,108,0.35185185185185186,0.24965034965034963,0.8888888888888888,0.03276151357306686,0.39622641509433965,0.5377358490566038,0.9814814814814815
shuffled_domain_rank,911,23.0,5,108,0.37037037037037035,0.27176680400959347,0.8425925925925926,0.019171189518788,0.39814814814814814,0.6203703703703703,1.0
shuffled_domain_rank,911,24.0,1,115,0.4260869565217391,0.2511590843233846,0.7478260869565218,0.023829138806995765,0.4608695652173913,0.6956521739130435,1.0
shuffled_domain_rank,911,24.0,2,108,0.5740740740740741,0.3468341182626897,0.8055555555555556,0.01603670044352912,0.616822429906542,0.719626168224299,0.9907407407407407
shuffled_domain_rank,911,24.0,3,108,0.3611111111111111,0.27416657416657414,0.8055555555555556,0.021243163026260416,0.39814814814814814,0.5740740740740741,1.0
shuffled_domain_rank,911,24.0,4,108,0.4166666666666667,0.31198703539129075,0.8888888888888888,0.03401759146459113,0.42592592592592593,0.5370370370370371,1.0
shuffled_domain_rank,911,24.0,5,108,0.3333333333333333,0.23319478212270894,0.8148148148148148,0.022937612189440442,0.3644859813084112,0.5981308411214953,0.9907407407407407
shuffled_domain_rank,911,25.0,1,115,0.4434782608695652,0.26086771453150764,0.7391304347826086,0.022477768889773122,0.4782608695652174,0.7043478260869566,1.0
shuffled_domain_rank,911,25.0,2,108,0.5740740740740741,0.35098684301176136,0.8425925925925926,0.015612146874587915,0.6074766355140186,0.7102803738317757,0.9907407407407407
shuffled_domain_rank,911,25.0,3,108,0.4537037037037037,0.325946692513758,0.7592592592592593,0.018634608907676573,0.49074074074074076,0.6481481481481481,1.0
shuffled_domain_rank,911,25.0,4,108,0.4074074074074074,0.29771278262326856,0.8981481481481481,0.03230722131762399,0.42990654205607476,0.5700934579439252,0.9907407407407407
shuffled_domain_rank,911,25.0,5,108,0.3611111111111111,0.2616953343636558,0.7962962962962963,0.021971672206255927,0.37962962962962965,0.5925925925925926,1.0
shuffled_domain_rank,911,26.0,1,115,0.4260869565217391,0.24731170468875385,0.7478260869565218,0.022109338715106345,0.4608695652173913,0.7043478260869566,1.0
shuffled_domain_rank,911,26.0,2,108,0.5,0.3117312337421033,0.8240740740740741,0.026564894821108336,0.5420560747663551,0.6355140186915887,0.9907407407407407
shuffled_domain_rank,911,26.0,3,108,0.35185185185185186,0.23790465299899258,0.7870370370370371,0.018796963155540507,0.37037037037037035,0.6018518518518519,1.0
shuffled_domain_rank,911,26.0,4,108,0.4074074074074074,0.2861099684629096,0.8518518518518519,0.03478715357277005,0.4392523364485981,0.5700934579439252,0.9907407407407407
shuffled_domain_rank,911,26.0,5,108,0.37037037037037035,0.2685693738120923,0.8055555555555556,0.018368304927709952,0.40186915887850466,0.6355140186915887,0.9907407407407407
shuffled_domain_rank,911,27.0,1,115,0.43478260869565216,0.23515274698201527,0.7652173913043478,0.020975162909718098,0.46956521739130436,0.6956521739130435,1.0
shuffled_domain_rank,911,27.0,2,108,0.5925925925925926,0.3616767528577541,0.8240740740740741,0.014793693915506338,0.6355140186915887,0.7383177570093458,0.9907407407407407
shuffled_domain_rank,911,27.0,3,108,0.37037037037037035,0.2844584500466854,0.8055555555555556,0.022222408131031223,0.39814814814814814,0.5740740740740741,1.0
shuffled_domain_rank,911,27.0,4,108,0.4074074074074074,0.29848234545748004,0.8796296296296297,0.032867237728310135,0.4392523364485981,0.5607476635514018,0.9907407407407407
shuffled_domain_rank,911,27.0,5,108,0.35185185185185186,0.26472610453192974,0.8240740740740741,0.02040554998925699,0.3904761904761905,0.6285714285714286,0.9722222222222222
shuffled_domain_rank,911,28.0,1,115,0.4,0.22560982460871223,0.7304347826086957,0.02373537023847414,0.43478260869565216,0.6695652173913044,1.0
shuffled_domain_rank,911,28.0,2,108,0.5277777777777778,0.33125920471281295,0.8333333333333334,0.021979021538470117,0.5794392523364486,0.6822429906542056,0.9907407407407407
shuffled_domain_rank,911,28.0,3,108,0.3888888888888889,0.2617696382492376,0.7870370370370371,0.021828274956267484,0.42592592592592593,0.6203703703703703,1.0
shuffled_domain_rank,911,28.0,4,108,0.4074074074074074,0.2973789029377438,0.8518518518518519,0.03256046198032689,0.4351851851851852,0.5555555555555556,1.0
shuffled_domain_rank,911,28.0,5,108,0.37037037037037035,0.2624487034249134,0.8611111111111112,0.019313922516968732,0.41904761904761906,0.638095238095238,0.9722222222222222
shuffled_domain_rank,911,29.0,1,115,0.41739130434782606,0.2450225779967159,0.7565217391304347,0.020949460158332833,0.45217391304347826,0.6869565217391305,1.0
shuffled_domain_rank,911,29.0,2,108,0.5462962962962963,0.33489183307731696,0.8333333333333334,0.019509092530925136,0.5981308411214953,0.6915887850467289,0.9907407407407407
shuffled_domain_rank,911,29.0,3,108,0.4351851851851852,0.3227048334806955,0.7685185185185185,0.018191787095970607,0.4722222222222222,0.6388888888888888,1.0
shuffled_domain_rank,911,29.0,4,108,0.4444444444444444,0.3278453479955357,0.8703703703703703,0.0332123265255248,0.4716981132075472,0.5943396226415094,0.9814814814814815
shuffled_domain_rank,911,29.0,5,108,0.35185185185185186,0.26421328401910926,0.8055555555555556,0.021519829035043656,0.3867924528301887,0.6132075471698113,0.9814814814814815
baseline_stats,1234,,1,115,0.4434782608695652,0.28839995799584517,0.7565217391304347,0.02513181877686639,0.4608695652173913,0.6608695652173913,1.0
baseline_stats,1234,,2,108,0.4074074074074074,0.2850304482379954,0.8148148148148148,0.035983531491161784,0.4074074074074074,0.5555555555555556,1.0
baseline_stats,1234,,3,108,0.3611111111111111,0.2475330818848933,0.7962962962962963,0.028719804241730238,0.4056603773584906,0.5849056603773585,0.9814814814814815
baseline_stats,1234,,4,108,0.35185185185185186,0.26998555414647546,0.8333333333333334,0.02128546096680804,0.39814814814814814,0.5925925925925926,1.0
baseline_stats,1234,,5,108,0.3055555555555556,0.17185387711703504,0.8425925925925926,0.02070953246312989,0.375,0.6057692307692307,0.9629629629629629
real_domain_rank,1234,,1,115,0.4,0.25767211183877853,0.7391304347826086,0.026386210937661383,0.41739130434782606,0.6173913043478261,1.0
real_domain_rank,1234,,2,108,0.5277777777777778,0.34937629123675634,0.8611111111111112,0.022354653948146692,0.5277777777777778,0.6666666666666666,1.0
real_domain_rank,1234,,3,108,0.3425925925925926,0.23540431999754088,0.7870370370370371,0.028475466537243532,0.39622641509433965,0.5566037735849056,0.9814814814814815
real_domain_rank,1234,,4,108,0.37037037037037035,0.28041953346143517,0.8518518518518519,0.02927284436800989,0.4166666666666667,0.5555555555555556,1.0
real_domain_rank,1234,,5,108,0.3055555555555556,0.16370921421416462,0.8055555555555556,0.020605603917744766,0.37142857142857144,0.6190476190476191,0.9722222222222222
shuffled_domain_rank,1234,0.0,1,115,0.40869565217391307,0.21891739696617743,0.7652173913043478,0.027653540878113413,0.43478260869565216,0.6347826086956522,1.0
shuffled_domain_rank,1234,0.0,2,108,0.4166666666666667,0.2738953238953239,0.8333333333333334,0.03673897940214504,0.4166666666666667,0.5462962962962963,1.0
shuffled_domain_rank,1234,0.0,3,108,0.3333333333333333,0.22729897266616553,0.7592592592592593,0.027998546013493268,0.38317757009345793,0.5887850467289719,0.9907407407407407
shuffled_domain_rank,1234,0.0,4,108,0.35185185185185186,0.27390819075747824,0.8333333333333334,0.020149672282479308,0.39814814814814814,0.6111111111111112,1.0
shuffled_domain_rank,1234,0.0,5,108,0.3425925925925926,0.17193135277217433,0.8333333333333334,0.021272956986356485,0.4056603773584906,0.6415094339622641,0.9814814814814815
shuffled_domain_rank,1234,1.0,1,115,0.41739130434782606,0.2628528878528879,0.7739130434782608,0.024866368099717793,0.43478260869565216,0.6434782608695652,1.0
shuffled_domain_rank,1234,1.0,2,108,0.4537037037037037,0.31431853689918204,0.8518518518518519,0.03328112375806576,0.4537037037037037,0.5833333333333334,1.0
shuffled_domain_rank,1234,1.0,3,108,0.3888888888888889,0.2609717868338558,0.7592592592592593,0.027131581091122934,0.4339622641509434,0.6037735849056604,0.9814814814814815
shuffled_domain_rank,1234,1.0,4,108,0.37962962962962965,0.28447765556086935,0.8796296296296297,0.02734994797165938,0.4166666666666667,0.5833333333333334,1.0
shuffled_domain_rank,1234,1.0,5,108,0.35185185185185186,0.18859861312691498,0.7962962962962963,0.019771129481504845,0.42857142857142855,0.638095238095238,0.9722222222222222
shuffled_domain_rank,1234,2.0,1,115,0.4260869565217391,0.2777130277130277,0.782608695652174,0.024696724629878295,0.45217391304347826,0.6695652173913044,1.0
shuffled_domain_rank,1234,2.0,2,108,0.4166666666666667,0.2943389875465347,0.8148148148148148,0.036164289423613216,0.4166666666666667,0.5555555555555556,1.0
shuffled_domain_rank,1234,2.0,3,108,0.37037037037037035,0.25217589563631315,0.7870370370370371,0.028243233134758454,0.41509433962264153,0.5849056603773585,0.9814814814814815
shuffled_domain_rank,1234,2.0,4,108,0.35185185185185186,0.266848915785086,0.8333333333333334,0.027667540977692064,0.37962962962962965,0.6018518518518519,1.0
shuffled_domain_rank,1234,2.0,5,108,0.3611111111111111,0.20758573784889575,0.7962962962962963,0.018565662070333604,0.41509433962264153,0.6132075471698113,0.9814814814814815
shuffled_domain_rank,1234,3.0,1,115,0.4260869565217391,0.27331148475349104,0.7739130434782608,0.025554592290206502,0.4434782608695652,0.6434782608695652,1.0
shuffled_domain_rank,1234,3.0,2,108,0.46296296296296297,0.29817266437139217,0.8518518518518519,0.030089231162941044,0.46296296296296297,0.5925925925925926,1.0
shuffled_domain_rank,1234,3.0,3,108,0.3611111111111111,0.24577762923351157,0.7962962962962963,0.030030477805436377,0.40186915887850466,0.616822429906542,0.9907407407407407
shuffled_domain_rank,1234,3.0,4,108,0.39814814814814814,0.3029564034011773,0.8425925925925926,0.021261360681048818,0.42592592592592593,0.5833333333333334,1.0
shuffled_domain_rank,1234,3.0,5,108,0.35185185185185186,0.17968518440106704,0.8333333333333334,0.01864935334484856,0.41509433962264153,0.6509433962264151,0.9814814814814815
shuffled_domain_rank,1234,4.0,1,115,0.43478260869565216,0.2791431110396628,0.7652173913043478,0.025597263542947914,0.45217391304347826,0.6521739130434783,1.0
shuffled_domain_rank,1234,4.0,2,108,0.5,0.3209962256388241,0.8055555555555556,0.026872786020760063,0.5,0.6388888888888888,1.0
shuffled_domain_rank,1234,4.0,3,108,0.35185185185185186,0.241384629067895,0.7777777777777778,0.030617460920254188,0.39622641509433965,0.5754716981132075,0.9814814814814815
shuffled_domain_rank,1234,4.0,4,108,0.35185185185185186,0.26360345307713723,0.8425925925925926,0.02876575661618373,0.3888888888888889,0.5740740740740741,1.0
shuffled_domain_rank,1234,4.0,5,108,0.2962962962962963,0.1423019658313776,0.8518518518518519,0.02233829444224889,0.3619047619047619,0.6,0.9722222222222222
shuffled_domain_rank,1234,5.0,1,115,0.4434782608695652,0.2863211951447246,0.7652173913043478,0.02489057290766111,0.4608695652173913,0.6608695652173913,1.0
shuffled_domain_rank,1234,5.0,2,108,0.4166666666666667,0.3027518860852194,0.8240740740740741,0.03912667295947688,0.4166666666666667,0.5462962962962963,1.0
shuffled_domain_rank,1234,5.0,3,108,0.3611111111111111,0.2435897435897436,0.7685185185185185,0.029911009809056872,0.41509433962264153,0.5754716981132075,0.9814814814814815
shuffled_domain_rank,1234,5.0,4,108,0.37962962962962965,0.2947802197802198,0.8240740740740741,0.025536054070087102,0.4166666666666667,0.6018518518518519,1.0
shuffled_domain_rank,1234,5.0,5,108,0.3611111111111111,0.18403831402889148,0.8055555555555556,0.01996411782014606,0.42857142857142855,0.6666666666666666,0.9722222222222222
shuffled_domain_rank,1234,6.0,1,115,0.41739130434782606,0.25908185800658917,0.7391304347826086,0.02483258476961413,0.4434782608695652,0.6608695652173913,1.0
shuffled_domain_rank,1234,6.0,2,108,0.4722222222222222,0.3060127548576394,0.8703703703703703,0.028401353269429712,0.4722222222222222,0.6203703703703703,1.0
shuffled_domain_rank,1234,6.0,3,108,0.3611111111111111,0.24673659673659673,0.7685185185185185,0.032079007261030905,0.4095238095238095,0.6,0.9722222222222222
shuffled_domain_rank,1234,6.0,4,108,0.37962962962962965,0.2864060201238764,0.8333333333333334,0.0299237569241061,0.4166666666666667,0.5555555555555556,1.0
shuffled_domain_rank,1234,6.0,5,108,0.3611111111111111,0.1888167388167388,0.8148148148148148,0.018467696247816873,0.42857142857142855,0.6571428571428571,0.9722222222222222
shuffled_domain_rank,1234,7.0,1,115,0.41739130434782606,0.2644432773109243,0.7565217391304347,0.025107517559249663,0.43478260869565216,0.6434782608695652,1.0
shuffled_domain_rank,1234,7.0,2,108,0.46296296296296297,0.3169812956769479,0.8055555555555556,0.032376114116734814,0.46296296296296297,0.5925925925925926,1.0
shuffled_domain_rank,1234,7.0,3,108,0.35185185185185186,0.24446027223805,0.7685185185185185,0.030773901394366938,0.3867924528301887,0.5660377358490566,0.9814814814814815
shuffled_domain_rank,1234,7.0,4,108,0.3425925925925926,0.2540122298658884,0.8240740740740741,0.02652818202900448,0.37962962962962965,0.5925925925925926,1.0
shuffled_domain_rank,1234,7.0,5,108,0.37962962962962965,0.20140052599730018,0.8148148148148148,0.01957825438916276,0.44339622641509435,0.6698113207547169,0.9814814814814815
shuffled_domain_rank,1234,8.0,1,115,0.40869565217391307,0.264907920624799,0.7739130434782608,0.02245651794737912,0.4260869565217391,0.6347826086956522,1.0
shuffled_domain_rank,1234,8.0,2,108,0.48148148148148145,0.3218376068376068,0.8055555555555556,0.025326100358364093,0.48598130841121495,0.6355140186915887,0.9907407407407407
shuffled_domain_rank,1234,8.0,3,108,0.3888888888888889,0.25502991535734687,0.7870370370370371,0.026403631859979886,0.4205607476635514,0.6261682242990654,0.9907407407407407
shuffled_domain_rank,1234,8.0,4,108,0.37962962962962965,0.29233571706359757,0.8425925925925926,0.021334981839526892,0.4166666666666667,0.5925925925925926,1.0
shuffled_domain_rank,1234,8.0,5,108,0.35185185185185186,0.18549962025658254,0.8425925925925926,0.023356830752626383,0.42452830188679247,0.6509433962264151,0.9814814814814815
shuffled_domain_rank,1234,9.0,1,115,0.43478260869565216,0.2808159757875128,0.7652173913043478,0.025388190687680043,0.45217391304347826,0.6608695652173913,1.0
shuffled_domain_rank,1234,9.0,2,108,0.4537037037037037,0.3092129629629629,0.8240740740740741,0.034087205639042065,0.4537037037037037,0.5925925925925926,1.0
shuffled_domain_rank,1234,9.0,3,108,0.37962962962962965,0.25774378377202994,0.7870370370370371,0.030628134414798502,0.4205607476635514,0.5794392523364486,0.9907407407407407
shuffled_domain_rank,1234,9.0,4,108,0.3333333333333333,0.25836340542222896,0.8703703703703703,0.02347117872234664,0.37037037037037035,0.5277777777777778,1.0
shuffled_domain_rank,1234,9.0,5,108,0.37962962962962965,0.20005934551826723,0.8055555555555556,0.01756574798294347,0.44339622641509435,0.6698113207547169,0.9814814814814815
shuffled_domain_rank,1234,10.0,1,115,0.43478260869565216,0.27633512289443124,0.7565217391304347,0.025622897071680344,0.45217391304347826,0.6434782608695652,1.0
shuffled_domain_rank,1234,10.0,2,108,0.39814814814814814,0.27782267115600445,0.8333333333333334,0.039379915431818895,0.39814814814814814,0.5370370370370371,1.0
shuffled_domain_rank,1234,10.0,3,108,0.37962962962962965,0.2526031289125538,0.7962962962962963,0.0246345067641627,0.42452830188679247,0.6037735849056604,0.9814814814814815
shuffled_domain_rank,1234,10.0,4,108,0.3333333333333333,0.2609330084801783,0.8240740740740741,0.02779389842392254,0.37037037037037035,0.5740740740740741,1.0
shuffled_domain_rank,1234,10.0,5,108,0.3425925925925926,0.17327570508906667,0.8425925925925926,0.019638699162017076,0.39622641509433965,0.6226415094339622,0.9814814814814815
shuffled_domain_rank,1234,11.0,1,115,0.4434782608695652,0.29362613218545425,0.7565217391304347,0.02494410019217576,0.4608695652173913,0.6434782608695652,1.0
shuffled_domain_rank,1234,11.0,2,108,0.4537037037037037,0.3197923389227737,0.8333333333333334,0.035854115560377146,0.4537037037037037,0.5925925925925926,1.0
shuffled_domain_rank,1234,11.0,3,108,0.35185185185185186,0.23569058058005812,0.7962962962962963,0.02812170474990141,0.3867924528301887,0.5754716981132075,0.9814814814814815
shuffled_domain_rank,1234,11.0,4,108,0.37962962962962965,0.28457372466806424,0.8333333333333334,0.026240093259091903,0.4166666666666667,0.6111111111111112,1.0
shuffled_domain_rank,1234,11.0,5,108,0.37962962962962965,0.21398770311813786,0.7777777777777778,0.018942470551517668,0.4519230769230769,0.6634615384615384,0.9629629629629629
shuffled_domain_rank,1234,12.0,1,115,0.4608695652173913,0.3111872895023443,0.7913043478260869,0.02220759190372038,0.4782608695652174,0.6956521739130435,1.0
shuffled_domain_rank,1234,12.0,2,108,0.4074074074074074,0.27066515789271367,0.8240740740740741,0.034339917800673386,0.4074074074074074,0.5648148148148148,1.0
shuffled_domain_rank,1234,12.0,3,108,0.35185185185185186,0.2405607968735659,0.7962962962962963,0.030101124319761342,0.40186915887850466,0.5887850467289719,0.9907407407407407
shuffled_domain_rank,1234,12.0,4,108,0.4074074074074074,0.3166325536062378,0.8611111111111112,0.02049282978200444,0.4351851851851852,0.6203703703703703,1.0
shuffled_domain_rank,1234,12.0,5,108,0.32407407407407407,0.18144935976927626,0.7962962962962963,0.018778141032808043,0.3904761904761905,0.6095238095238096,0.9722222222222222
shuffled_domain_rank,1234,13.0,1,115,0.391304347826087,0.229401631331827,0.7478260869565218,0.025236096813987554,0.41739130434782606,0.6695652173913044,1.0
shuffled_domain_rank,1234,13.0,2,108,0.4537037037037037,0.2960813229986162,0.8148148148148148,0.0331286769768323,0.4537037037037037,0.5833333333333334,1.0
shuffled_domain_rank,1234,13.0,3,108,0.35185185185185186,0.23876722483865342,0.7592592592592593,0.02963515874290817,0.3925233644859813,0.5794392523364486,0.9907407407407407
shuffled_domain_rank,1234,13.0,4,108,0.39814814814814814,0.2928879045158115,0.8518518518518519,0.018182452259342705,0.4351851851851852,0.6203703703703703,1.0
shuffled_domain_rank,1234,13.0,5,108,0.3611111111111111,0.19343434343434343,0.8148148148148148,0.018385896984449562,0.41509433962264153,0.660377358490566,0.9814814814814815
shuffled_domain_rank,1234,14.0,1,115,0.43478260869565216,0.2852558396239852,0.7739130434782608,0.025037121871903534,0.4608695652173913,0.6608695652173913,1.0
shuffled_domain_rank,1234,14.0,2,108,0.4074074074074074,0.3012080977489782,0.8518518518518519,0.04043476483151768,0.4074074074074074,0.5370370370370371,1.0
shuffled_domain_rank,1234,14.0,3,108,0.35185185185185186,0.23717051642897202,0.7870370370370371,0.03219992058364834,0.40186915887850466,0.5887850467289719,0.9907407407407407
shuffled_domain_rank,1234,14.0,4,108,0.3333333333333333,0.2513892053365738,0.8333333333333334,0.02771293590596584,0.37962962962962965,0.5740740740740741,1.0
shuffled_domain_rank,1234,14.0,5,108,0.3425925925925926,0.18107917078604033,0.7962962962962963,0.019675636714435753,0.39622641509433965,0.6415094339622641,0.9814814814814815
shuffled_domain_rank,1234,15.0,1,115,0.43478260869565216,0.28638478379857685,0.782608695652174,0.023281879058358265,0.45217391304347826,0.6521739130434783,1.0
shuffled_domain_rank,1234,15.0,2,108,0.42592592592592593,0.2978134321612583,0.8518518518518519,0.03693475036749375,0.42592592592592593,0.5555555555555556,1.0
shuffled_domain_rank,1234,15.0,3,108,0.3888888888888889,0.2614545000227159,0.7407407407407407,0.027897899678071516,0.4392523364485981,0.6261682242990654,0.9907407407407407
shuffled_domain_rank,1234,15.0,4,108,0.3611111111111111,0.27617277441448856,0.8240740740740741,0.02680386130061069,0.3888888888888889,0.5833333333333334,1.0
shuffled_domain_rank,1234,15.0,5,108,0.3611111111111111,0.19476296061661916,0.8518518518518519,0.016410541491212637,0.42452830188679247,0.660377358490566,0.9814814814814815
shuffled_domain_rank,1234,16.0,1,115,0.41739130434782606,0.2699771305247978,0.7478260869565218,0.02372007250349253,0.43478260869565216,0.6347826086956522,1.0
shuffled_domain_rank,1234,16.0,2,108,0.4444444444444444,0.29873575498575494,0.8148148148148148,0.03254020441979402,0.4444444444444444,0.5833333333333334,1.0
shuffled_domain_rank,1234,16.0,3,108,0.3611111111111111,0.23767546258317382,0.7685185185185185,0.02623204236161754,0.4095238095238095,0.6,0.9722222222222222
shuffled_domain_rank,1234,16.0,4,108,0.3611111111111111,0.27487465726596166,0.8240740740740741,0.02384460399309359,0.39814814814814814,0.5462962962962963,1.0
shuffled_domain_rank,1234,16.0,5,108,0.3611111111111111,0.19231075941602258,0.7962962962962963,0.017441084533858692,0.42857142857142855,0.6476190476190476,0.9722222222222222
shuffled_domain_rank,1234,17.0,1,115,0.4260869565217391,0.2680194199802043,0.7652173913043478,0.025922667356281473,0.45217391304347826,0.6434782608695652,1.0
shuffled_domain_rank,1234,17.0,2,108,0.35185185185185186,0.26748248802512364,0.8518518518518519,0.03975667337794145,0.35185185185185186,0.5185185185185185,1.0
shuffled_domain_rank,1234,17.0,3,108,0.3333333333333333,0.2281885834731363,0.7777777777777778,0.03169775743164356,0.3867924528301887,0.5943396226415094,0.9814814814814815
shuffled_domain_rank,1234,17.0,4,108,0.3888888888888889,0.29697873759000665,0.8148148148148148,0.018899544315777037,0.4444444444444444,0.6388888888888888,1.0
shuffled_domain_rank,1234,17.0,5,108,0.3611111111111111,0.2012987012987013,0.8518518518518519,0.019568573115380638,0.4,0.6095238095238096,0.9722222222222222
shuffled_domain_rank,1234,18.0,1,115,0.41739130434782606,0.26463923999351807,0.7739130434782608,0.024657905751307,0.43478260869565216,0.6521739130434783,1.0
shuffled_domain_rank,1234,18.0,2,108,0.48148148148148145,0.3306765423026821,0.7870370370370371,0.03130912257507497,0.48148148148148145,0.6111111111111112,1.0
shuffled_domain_rank,1234,18.0,3,108,0.3888888888888889,0.26069281247852677,0.7777777777777778,0.029796866512995266,0.44339622641509435,0.6132075471698113,0.9814814814814815
shuffled_domain_rank,1234,18.0,4,108,0.3611111111111111,0.2757408219979523,0.8703703703703703,0.019911546970385705,0.39814814814814814,0.6203703703703703,1.0
shuffled_domain_rank,1234,18.0,5,108,0.37962962962962965,0.2114864864864865,0.8148148148148148,0.016714591987135347,0.44339622641509435,0.6886792452830188,0.9814814814814815
shuffled_domain_rank,1234,19.0,1,115,0.41739130434782606,0.2713242917984297,0.7478260869565218,0.024490281040992126,0.43478260869565216,0.6608695652173913,1.0
shuffled_domain_rank,1234,19.0,2,108,0.4074074074074074,0.29367449591986533,0.8611111111111112,0.03318552143392379,0.4074074074074074,0.5740740740740741,1.0
shuffled_domain_rank,1234,19.0,3,108,0.37962962962962965,0.2638678011016575,0.7685185185185185,0.030590223992938925,0.41509433962264153,0.5660377358490566,0.9814814814814815
shuffled_domain_rank,1234,19.0,4,108,0.3425925925925926,0.2908242473190649,0.8240740740740741,0.02489446470062587,0.37037037037037035,0.5185185185185185,1.0
shuffled_domain_rank,1234,19.0,5,108,0.3611111111111111,0.20617725991557767,0.8425925925925926,0.021396154715492312,0.42452830188679247,0.6320754716981132,0.9814814814814815
shuffled_domain_rank,1234,20.0,1,115,0.40869565217391307,0.26998551506116447,0.7739130434782608,0.025335013927986087,0.4260869565217391,0.6347826086956522,1.0
shuffled_domain_rank,1234,20.0,2,108,0.49074074074074076,0.3235412790870859,0.8333333333333334,0.027555852533680092,0.4953271028037383,0.616822429906542,0.9907407407407407
shuffled_domain_rank,1234,20.0,3,108,0.3888888888888889,0.264781712719684,0.7407407407407407,0.02234357556551475,0.4392523364485981,0.6074766355140186,0.9907407407407407
shuffled_domain_rank,1234,20.0,4,108,0.3611111111111111,0.2789050665762995,0.8425925925925926,0.022487876230837076,0.39814814814814814,0.5740740740740741,1.0
shuffled_domain_rank,1234,20.0,5,108,0.3611111111111111,0.18328017012227538,0.8055555555555556,0.016194751990461602,0.42857142857142855,0.6571428571428571,0.9722222222222222
shuffled_domain_rank,1234,21.0,1,115,0.4260869565217391,0.2738696488696489,0.7652173913043478,0.026234653131011552,0.4434782608695652,0.6521739130434783,1.0
shuffled_domain_rank,1234,21.0,2,108,0.4537037037037037,0.3028081890504251,0.8333333333333334,0.031095897704562916,0.4537037037037037,0.6018518518518519,1.0
shuffled_domain_rank,1234,21.0,3,108,0.3888888888888889,0.26909408534632834,0.7777777777777778,0.030051988723219795,0.4380952380952381,0.6095238095238096,0.9722222222222222
shuffled_domain_rank,1234,21.0,4,108,0.3425925925925926,0.26343732895457034,0.8518518518518519,0.01952372361032932,0.39814814814814814,0.6203703703703703,1.0
shuffled_domain_rank,1234,21.0,5,108,0.3611111111111111,0.20625322892024908,0.8333333333333334,0.02295045768954497,0.4326923076923077,0.6442307692307693,0.9629629629629629
shuffled_domain_rank,1234,22.0,1,115,0.4434782608695652,0.2843660452686822,0.7652173913043478,0.024590824844905834,0.4608695652173913,0.6608695652173913,1.0
shuffled_domain_rank,1234,22.0,2,108,0.3611111111111111,0.2710758377425044,0.8611111111111112,0.04223713452329062,0.3611111111111111,0.49074074074074076,1.0
shuffled_domain_rank,1234,22.0,3,108,0.3611111111111111,0.23701298701298704,0.7870370370370371,0.029071214222441168,0.40186915887850466,0.5981308411214953,0.9907407407407407
shuffled_domain_rank,1234,22.0,4,108,0.35185185185185186,0.265602212970634,0.8518518518518519,0.026426394221014022,0.3888888888888889,0.5833333333333334,1.0
shuffled_domain_rank,1234,22.0,5,108,0.3425925925925926,0.17071846282372596,0.8611111111111112,0.022224846366400795,0.40186915887850466,0.616822429906542,0.9907407407407407
shuffled_domain_rank,1234,23.0,1,115,0.43478260869565216,0.2734411245314852,0.7478260869565218,0.02590772019830097,0.45217391304347826,0.6434782608695652,1.0
shuffled_domain_rank,1234,23.0,2,108,0.4444444444444444,0.3127678421796069,0.8425925925925926,0.036585086878236035,0.4444444444444444,0.5740740740740741,1.0
shuffled_domain_rank,1234,23.0,3,108,0.37037037037037035,0.25266417152826887,0.7407407407407407,0.027150528689226783,0.42452830188679247,0.6037735849056604,0.9814814814814815
shuffled_domain_rank,1234,23.0,4,108,0.35185185185185186,0.2529415029415029,0.8518518518518519,0.022992325537401936,0.39814814814814814,0.5462962962962963,1.0
shuffled_domain_rank,1234,23.0,5,108,0.3425925925925926,0.17784992784992784,0.8240740740740741,0.01973447465434296,0.41509433962264153,0.6226415094339622,0.9814814814814815
shuffled_domain_rank,1234,24.0,1,115,0.41739130434782606,0.26341440422322776,0.7565217391304347,0.02460437242538126,0.4434782608695652,0.6695652173913044,1.0
shuffled_domain_rank,1234,24.0,2,108,0.4074074074074074,0.2795859689476711,0.8148148148148148,0.03629861498979661,0.4074074074074074,0.5648148148148148,1.0
shuffled_domain_rank,1234,24.0,3,108,0.37962962962962965,0.24942651588534245,0.7685185185185185,0.029447463017324135,0.42452830188679247,0.6226415094339622,0.9814814814814815
shuffled_domain_rank,1234,24.0,4,108,0.3425925925925926,0.2666881893855578,0.8425925925925926,0.019841027037545866,0.37962962962962965,0.6018518518518519,1.0
shuffled_domain_rank,1234,24.0,5,108,0.37037037037037035,0.20192147034252297,0.7962962962962963,0.021123203208053436,0.44339622641509435,0.6509433962264151,0.9814814814814815
shuffled_domain_rank,1234,25.0,1,115,0.41739130434782606,0.2617104462237206,0.7565217391304347,0.025901708468502434,0.4434782608695652,0.6521739130434783,1.0
shuffled_domain_rank,1234,25.0,2,108,0.49074074074074076,0.32709438478247427,0.8888888888888888,0.02926069874570399,0.49074074074074076,0.6388888888888888,1.0
shuffled_domain_rank,1234,25.0,3,108,0.37037037037037035,0.2473149965376039,0.7870370370370371,0.03039208475551712,0.41509433962264153,0.5566037735849056,0.9814814814814815
shuffled_domain_rank,1234,25.0,4,108,0.37037037037037035,0.2829147258713822,0.8240740740740741,0.022297220228549675,0.4074074074074074,0.5833333333333334,1.0
shuffled_domain_rank,1234,25.0,5,108,0.35185185185185186,0.18579620324977228,0.8148148148148148,0.018454746471422624,0.41346153846153844,0.6442307692307693,0.9629629629629629
shuffled_domain_rank,1234,26.0,1,115,0.4434782608695652,0.2865183310098564,0.7565217391304347,0.02455608533004899,0.4608695652173913,0.6782608695652174,1.0
shuffled_domain_rank,1234,26.0,2,108,0.35185185185185186,0.2643016804583512,0.8333333333333334,0.04149178489550919,0.35514018691588783,0.514018691588785,0.9907407407407407
shuffled_domain_rank,1234,26.0,3,108,0.3333333333333333,0.23474189822118452,0.75,0.028862924535564244,0.37735849056603776,0.5849056603773585,0.9814814814814815
shuffled_domain_rank,1234,26.0,4,108,0.3611111111111111,0.27488556705501505,0.8148148148148148,0.021415301625156705,0.4074074074074074,0.6018518518518519,1.0
shuffled_domain_rank,1234,26.0,5,108,0.32407407407407407,0.17643454326597105,0.8148148148148148,0.02373370725707238,0.39622641509433965,0.6320754716981132,0.9814814814814815
shuffled_domain_rank,1234,27.0,1,115,0.43478260869565216,0.28971868042906296,0.782608695652174,0.024759267494142118,0.4608695652173913,0.6695652173913044,1.0
shuffled_domain_rank,1234,27.0,2,108,0.4444444444444444,0.31112462659153445,0.8518518518518519,0.037092212076809336,0.4444444444444444,0.5925925925925926,1.0
shuffled_domain_rank,1234,27.0,3,108,0.3611111111111111,0.24679867457645235,0.8055555555555556,0.030930695120941036,0.4095238095238095,0.5904761904761905,0.9722222222222222
shuffled_domain_rank,1234,27.0,4,108,0.3611111111111111,0.2767406042949132,0.8518518518518519,0.027437768743771195,0.39814814814814814,0.5740740740740741,1.0
shuffled_domain_rank,1234,27.0,5,108,0.3333333333333333,0.1719740969900987,0.8055555555555556,0.021407164945242172,0.39622641509433965,0.6132075471698113,0.9814814814814815
shuffled_domain_rank,1234,28.0,1,115,0.40869565217391307,0.24316154524487857,0.7565217391304347,0.024862735428969548,0.43478260869565216,0.6608695652173913,1.0
shuffled_domain_rank,1234,28.0,2,108,0.3333333333333333,0.2631688861691484,0.8425925925925926,0.042830465965419985,0.3333333333333333,0.48148148148148145,1.0
shuffled_domain_rank,1234,28.0,3,108,0.3611111111111111,0.24337877964046095,0.7777777777777778,0.029454444818494522,0.4095238095238095,0.5714285714285714,0.9722222222222222
shuffled_domain_rank,1234,28.0,4,108,0.4074074074074074,0.30069907305679666,0.8333333333333334,0.019000847797739633,0.4537037037037037,0.6296296296296297,1.0
shuffled_domain_rank,1234,28.0,5,108,0.3333333333333333,0.17776109442776108,0.8240740740740741,0.017094653204011417,0.3867924528301887,0.6320754716981132,0.9814814814814815
shuffled_domain_rank,1234,29.0,1,115,0.4434782608695652,0.29138007741698896,0.7739130434782608,0.02515585428784405,0.4608695652173913,0.6521739130434783,1.0
shuffled_domain_rank,1234,29.0,2,108,0.39814814814814814,0.28330545599362805,0.8333333333333334,0.03837769066711259,0.39814814814814814,0.5462962962962963,1.0
shuffled_domain_rank,1234,29.0,3,108,0.32407407407407407,0.21798202145369464,0.75,0.030818739793232595,0.3644859813084112,0.5514018691588785,0.9907407407407407
shuffled_domain_rank,1234,29.0,4,108,0.3148148148148148,0.24156531586872143,0.8055555555555556,0.020277729029824693,0.3611111111111111,0.5740740740740741,1.0
shuffled_domain_rank,1234,29.0,5,108,0.3333333333333333,0.16911452810180275,0.8240740740740741,0.018383245243587205,0.39622641509433965,0.6415094339622641,0.9814814814814815
baseline_stats,2222,,1,115,0.391304347826087,0.21881386969106267,0.7217391304347827,0.022256540634057683,0.40869565217391307,0.6695652173913044,1.0
baseline_stats,2222,,2,108,0.37962962962962965,0.2542631077391097,0.8055555555555556,0.03899973722775517,0.39814814814814814,0.5555555555555556,1.0
baseline_stats,2222,,3,108,0.35185185185185186,0.2970136345136345,0.8055555555555556,0.023486474123053297,0.42990654205607476,0.5887850467289719,0.9907407407407407
baseline_stats,2222,,4,108,0.35185185185185186,0.2627545704272047,0.8703703703703703,0.029172774495060873,0.4095238095238095,0.580952380952381,0.9722222222222222
baseline_stats,2222,,5,108,0.3425925925925926,0.1978074663560058,0.7962962962962963,0.022886074627127648,0.37735849056603776,0.6226415094339622,0.9814814814814815
real_domain_rank,2222,,1,115,0.4260869565217391,0.2564434909567653,0.7130434782608696,0.021253623265742528,0.4434782608695652,0.6956521739130435,1.0
real_domain_rank,2222,,2,108,0.4166666666666667,0.28067007854241893,0.8425925925925926,0.03751761984761623,0.4351851851851852,0.5648148148148148,1.0
real_domain_rank,2222,,3,108,0.3425925925925926,0.28267113483774653,0.7962962962962963,0.024419444706566193,0.4205607476635514,0.5700934579439252,0.9907407407407407
real_domain_rank,2222,,4,108,0.35185185185185186,0.26829384066226175,0.8796296296296297,0.0312372181156514,0.3904761904761905,0.5428571428571428,0.9722222222222222
real_domain_rank,2222,,5,108,0.35185185185185186,0.20669704564441407,0.8148148148148148,0.022516498226664048,0.39622641509433965,0.5943396226415094,0.9814814814814815
shuffled_domain_rank,2222,0.0,1,115,0.43478260869565216,0.28292614094500884,0.6956521739130435,0.023236750201923416,0.45217391304347826,0.6782608695652174,1.0
shuffled_domain_rank,2222,0.0,2,108,0.46296296296296297,0.3059332642665976,0.8425925925925926,0.0303783431094407,0.48148148148148145,0.5925925925925926,1.0
shuffled_domain_rank,2222,0.0,3,108,0.3888888888888889,0.3223826035011168,0.8240740740740741,0.021983186139697165,0.4672897196261682,0.616822429906542,0.9907407407407407
shuffled_domain_rank,2222,0.0,4,108,0.3425925925925926,0.26008647536425317,0.8703703703703703,0.03409305630008314,0.3925233644859813,0.5420560747663551,0.9907407407407407
shuffled_domain_rank,2222,0.0,5,108,0.32407407407407407,0.2006233218258535,0.7777777777777778,0.024730968505457643,0.37735849056603776,0.6037735849056604,0.9814814814814815
shuffled_domain_rank,2222,1.0,1,115,0.41739130434782606,0.26573389107649287,0.7304347826086957,0.022455082648280784,0.43478260869565216,0.6695652173913044,1.0
shuffled_domain_rank,2222,1.0,2,108,0.39814814814814814,0.27238401456424716,0.8425925925925926,0.036664578240565376,0.4166666666666667,0.5648148148148148,1.0
shuffled_domain_rank,2222,1.0,3,108,0.3888888888888889,0.31012308039747066,0.8611111111111112,0.023136703420537856,0.46296296296296297,0.5925925925925926,1.0
shuffled_domain_rank,2222,1.0,4,108,0.35185185185185186,0.26554834054834053,0.8425925925925926,0.033751319538959657,0.3867924528301887,0.5566037735849056,0.9814814814814815
shuffled_domain_rank,2222,1.0,5,108,0.37037037037037035,0.22082117590731207,0.8240740740740741,0.019092893633329344,0.39622641509433965,0.6320754716981132,0.9814814814814815
shuffled_domain_rank,2222,2.0,1,115,0.391304347826087,0.22939761360813993,0.7130434782608696,0.022038749839601586,0.40869565217391307,0.6260869565217392,1.0
shuffled_domain_rank,2222,2.0,2,108,0.37962962962962965,0.25478833476485063,0.8518518518518519,0.03952648816532882,0.39814814814814814,0.5462962962962963,1.0
shuffled_domain_rank,2222,2.0,3,108,0.39814814814814814,0.3253879243471657,0.8333333333333334,0.027204527477162645,0.4672897196261682,0.5981308411214953,0.9907407407407407
shuffled_domain_rank,2222,2.0,4,108,0.4166666666666667,0.3222956013623987,0.8611111111111112,0.025593454065071738,0.46226415094339623,0.6132075471698113,0.9814814814814815
shuffled_domain_rank,2222,2.0,5,108,0.3611111111111111,0.22265666255940855,0.8055555555555556,0.021393368053468673,0.39622641509433965,0.6415094339622641,0.9814814814814815
shuffled_domain_rank,2222,3.0,1,115,0.43478260869565216,0.2847756813136104,0.7130434782608696,0.021035144015389074,0.45217391304347826,0.6782608695652174,1.0
shuffled_domain_rank,2222,3.0,2,108,0.4074074074074074,0.28673961896041483,0.8518518518518519,0.03994785934368332,0.4351851851851852,0.5555555555555556,1.0
shuffled_domain_rank,2222,3.0,3,108,0.37962962962962965,0.30690284524238626,0.8518518518518519,0.024457401361747108,0.4528301886792453,0.6132075471698113,0.9814814814814815
shuffled_domain_rank,2222,3.0,4,108,0.37037037037037035,0.2816148390616476,0.8611111111111112,0.03407954373536981,0.4095238095238095,0.5619047619047619,0.9722222222222222
shuffled_domain_rank,2222,3.0,5,108,0.32407407407407407,0.19694465440497186,0.8333333333333334,0.022737590004917447,0.3584905660377358,0.5943396226415094,0.9814814814814815
shuffled_domain_rank,2222,4.0,1,115,0.4260869565217391,0.2508983342316676,0.7043478260869566,0.022925929702428908,0.4434782608695652,0.6782608695652174,1.0
shuffled_domain_rank,2222,4.0,2,108,0.3888888888888889,0.2737824805240536,0.8148148148148148,0.04032988143843827,0.4074074074074074,0.5185185185185185,1.0
shuffled_domain_rank,2222,4.0,3,108,0.42592592592592593,0.3329662264484266,0.8148148148148148,0.023946988447157612,0.48598130841121495,0.6355140186915887,0.9907407407407407
shuffled_domain_rank,2222,4.0,4,108,0.37962962962962965,0.27214099043964407,0.8333333333333334,0.029566606533187673,0.41509433962264153,0.5754716981132075,0.9814814814814815
shuffled_domain_rank,2222,4.0,5,108,0.3425925925925926,0.20152559144967705,0.7962962962962963,0.022819607387006658,0.37383177570093457,0.616822429906542,0.9907407407407407
shuffled_domain_rank,2222,5.0,1,115,0.41739130434782606,0.25309687628528205,0.7043478260869566,0.024808176367127538,0.43478260869565216,0.6695652173913044,1.0
shuffled_domain_rank,2222,5.0,2,108,0.4444444444444444,0.30460949963193945,0.8425925925925926,0.03734326103629292,0.46296296296296297,0.5833333333333334,1.0
shuffled_domain_rank,2222,5.0,3,108,0.4166666666666667,0.32516938399291345,0.8425925925925926,0.028857823821067483,0.49056603773584906,0.6509433962264151,0.9814814814814815
shuffled_domain_rank,2222,5.0,4,108,0.37037037037037035,0.28417801561981865,0.8333333333333334,0.0334107968044393,0.4056603773584906,0.5754716981132075,0.9814814814814815
shuffled_domain_rank,2222,5.0,5,108,0.3333333333333333,0.19801090928436293,0.7777777777777778,0.023452090763161116,0.3584905660377358,0.5943396226415094,0.9814814814814815
shuffled_domain_rank,2222,6.0,1,115,0.41739130434782606,0.24961532961532962,0.7130434782608696,0.024112394608917957,0.43478260869565216,0.6782608695652174,1.0
shuffled_domain_rank,2222,6.0,2,108,0.4074074074074074,0.2581795461578336,0.8240740740740741,0.034803005324032237,0.42592592592592593,0.5833333333333334,1.0
shuffled_domain_rank,2222,6.0,3,108,0.35185185185185186,0.29462207282329234,0.8148148148148148,0.025762878199166304,0.4205607476635514,0.5887850467289719,0.9907407407407407
shuffled_domain_rank,2222,6.0,4,108,0.3611111111111111,0.2774548486343033,0.8425925925925926,0.03099421787029906,0.3904761904761905,0.5714285714285714,0.9722222222222222
shuffled_domain_rank,2222,6.0,5,108,0.3055555555555556,0.1828641031539582,0.7870370370370371,0.025552529264197255,0.33962264150943394,0.5566037735849056,0.9814814814814815
shuffled_domain_rank,2222,7.0,1,115,0.391304347826087,0.21224669050756004,0.7217391304347827,0.02663154854995294,0.40869565217391307,0.6521739130434783,1.0
shuffled_domain_rank,2222,7.0,2,108,0.39814814814814814,0.28098727301998866,0.8333333333333334,0.03875372539517335,0.4166666666666667,0.5370370370370371,1.0
shuffled_domain_rank,2222,7.0,3,108,0.3888888888888889,0.3049982584465343,0.8518518518518519,0.027629975731225224,0.4537037037037037,0.6203703703703703,1.0
shuffled_domain_rank,2222,7.0,4,108,0.3611111111111111,0.280900337074033,0.8703703703703703,0.034716169144203064,0.4056603773584906,0.5566037735849056,0.9814814814814815
shuffled_domain_rank,2222,7.0,5,108,0.3333333333333333,0.1930789887014237,0.7962962962962963,0.022004661261805284,0.3584905660377358,0.6132075471698113,0.9814814814814815
shuffled_domain_rank,2222,8.0,1,115,0.4260869565217391,0.25970753362057714,0.7130434782608696,0.025322720229897133,0.4434782608695652,0.6782608695652174,1.0
shuffled_domain_rank,2222,8.0,2,108,0.4166666666666667,0.2627233877233877,0.8333333333333334,0.033557579942715764,0.4351851851851852,0.5925925925925926,1.0
shuffled_domain_rank,2222,8.0,3,108,0.4537037037037037,0.35293861006004934,0.8148148148148148,0.020809386108493328,0.5092592592592593,0.6759259259259259,1.0
shuffled_domain_rank,2222,8.0,4,108,0.37037037037037035,0.28245304127657067,0.8611111111111112,0.02879508188791458,0.42857142857142855,0.5904761904761905,0.9722222222222222
shuffled_domain_rank,2222,8.0,5,108,0.42592592592592593,0.2616861397219363,0.7870370370370371,0.01723101874871607,0.4666666666666667,0.6952380952380952,0.9722222222222222
shuffled_domain_rank,2222,9.0,1,115,0.4434782608695652,0.27947816354896,0.7130434782608696,0.023011743555386127,0.4608695652173913,0.6956521739130435,1.0
shuffled_domain_rank,2222,9.0,2,108,0.42592592592592593,0.278223889931207,0.8333333333333334,0.03305515265500286,0.4444444444444444,0.5925925925925926,1.0
shuffled_domain_rank,2222,9.0,3,108,0.37037037037037035,0.30202985856469355,0.8148148148148148,0.021661635874952616,0.4485981308411215,0.6074766355140186,0.9907407407407407
shuffled_domain_rank,2222,9.0,4,108,0.35185185185185186,0.25687778709068937,0.8240740740740741,0.026727782406225618,0.3925233644859813,0.5700934579439252,0.9907407407407407
shuffled_domain_rank,2222,9.0,5,108,0.35185185185185186,0.21601307189542485,0.7870370370370371,0.02128012887360029,0.3904761904761905,0.6285714285714286,0.9722222222222222
shuffled_domain_rank,2222,10.0,1,115,0.40869565217391307,0.24525518341307814,0.7217391304347827,0.02184496518729164,0.4260869565217391,0.6608695652173913,1.0
shuffled_domain_rank,2222,10.0,2,108,0.42592592592592593,0.2799497683764023,0.8240740740740741,0.036231043062959545,0.4444444444444444,0.6018518518518519,1.0
shuffled_domain_rank,2222,10.0,3,108,0.35185185185185186,0.2906255862216446,0.8148148148148148,0.02250460195551732,0.4351851851851852,0.6018518518518519,1.0
shuffled_domain_rank,2222,10.0,4,108,0.37962962962962965,0.2915242165242165,0.8333333333333334,0.03416658718589414,0.41904761904761906,0.5619047619047619,0.9722222222222222
shuffled_domain_rank,2222,10.0,5,108,0.3888888888888889,0.22979965770663444,0.7962962962962963,0.020977060472448083,0.42452830188679247,0.6509433962264151,0.9814814814814815
shuffled_domain_rank,2222,11.0,1,115,0.43478260869565216,0.27893902952726485,0.7043478260869566,0.02203264047896006,0.45217391304347826,0.6782608695652174,1.0
shuffled_domain_rank,2222,11.0,2,108,0.4722222222222222,0.3020616770616771,0.8425925925925926,0.027605968178740614,0.48148148148148145,0.6296296296296297,1.0
shuffled_domain_rank,2222,11.0,3,108,0.3611111111111111,0.3090889089509831,0.8240740740740741,0.03175505166341216,0.42592592592592593,0.5833333333333334,1.0
shuffled_domain_rank,2222,11.0,4,108,0.37037037037037035,0.2822768302870999,0.8518518518518519,0.030854306672046677,0.39622641509433965,0.5471698113207547,0.9814814814814815
shuffled_domain_rank,2222,11.0,5,108,0.37037037037037035,0.22187715665976535,0.8148148148148148,0.0217543873995141,0.40186915887850466,0.5887850467289719,0.9907407407407407
shuffled_domain_rank,2222,12.0,1,115,0.40869565217391307,0.2503317116320212,0.6956521739130435,0.0207716581315698,0.4260869565217391,0.6782608695652174,1.0
shuffled_domain_rank,2222,12.0,2,108,0.4166666666666667,0.278742746615087,0.8333333333333334,0.036583930882536024,0.4351851851851852,0.5740740740740741,1.0
shuffled_domain_rank,2222,12.0,3,108,0.3425925925925926,0.2859355444305382,0.8148148148148148,0.024122655390939583,0.4205607476635514,0.616822429906542,0.9907407407407407
shuffled_domain_rank,2222,12.0,4,108,0.37037037037037035,0.2831591336197998,0.8425925925925926,0.02901460250837806,0.4339622641509434,0.5943396226415094,0.9814814814814815
shuffled_domain_rank,2222,12.0,5,108,0.3611111111111111,0.22821120374433232,0.8425925925925926,0.022277013412167118,0.3867924528301887,0.6226415094339622,0.9814814814814815
shuffled_domain_rank,2222,13.0,1,115,0.4260869565217391,0.28132898785072696,0.6869565217391305,0.02471550910020246,0.4434782608695652,0.6869565217391305,1.0
shuffled_domain_rank,2222,13.0,2,108,0.4351851851851852,0.27668479590249584,0.8240740740740741,0.031650057030378785,0.4537037037037037,0.6111111111111112,1.0
shuffled_domain_rank,2222,13.0,3,108,0.35185185185185186,0.2907443352260914,0.8333333333333334,0.032260604920165914,0.42990654205607476,0.5794392523364486,0.9907407407407407
shuffled_domain_rank,2222,13.0,4,108,0.3611111111111111,0.2635401452817183,0.8518518518518519,0.03250302219702508,0.39622641509433965,0.5377358490566038,0.9814814814814815
shuffled_domain_rank,2222,13.0,5,108,0.35185185185185186,0.21265883769948812,0.8240740740740741,0.02127824141835044,0.4,0.6190476190476191,0.9722222222222222
shuffled_domain_rank,2222,14.0,1,115,0.40869565217391307,0.2670439545439545,0.7130434782608696,0.024545083599657822,0.4260869565217391,0.6782608695652174,1.0
shuffled_domain_rank,2222,14.0,2,108,0.3425925925925926,0.2253361552621497,0.8518518518518519,0.04073265757551408,0.3611111111111111,0.5,1.0
shuffled_domain_rank,2222,14.0,3,108,0.4166666666666667,0.3480037264162643,0.7962962962962963,0.021291140347957583,0.48598130841121495,0.6448598130841121,0.9907407407407407
shuffled_domain_rank,2222,14.0,4,108,0.37037037037037035,0.2826956780913791,0.8703703703703703,0.029747703918405297,0.41509433962264153,0.5849056603773585,0.9814814814814815
shuffled_domain_rank,2222,14.0,5,108,0.3425925925925926,0.2129586462919796,0.8240740740740741,0.020510905072918615,0.37735849056603776,0.6037735849056604,0.9814814814814815
shuffled_domain_rank,2222,15.0,1,115,0.43478260869565216,0.2867188099072157,0.7130434782608696,0.0202790493865077,0.45217391304347826,0.6956521739130435,1.0
shuffled_domain_rank,2222,15.0,2,108,0.4074074074074074,0.27555472645011575,0.8425925925925926,0.03461951410547016,0.4351851851851852,0.5740740740740741,1.0
shuffled_domain_rank,2222,15.0,3,108,0.37037037037037035,0.3131229235880399,0.8333333333333334,0.025540227041942254,0.4528301886792453,0.6226415094339622,0.9814814814814815
shuffled_domain_rank,2222,15.0,4,108,0.3425925925925926,0.26488413322578475,0.8518518518518519,0.035316831660966476,0.39622641509433965,0.5660377358490566,0.9814814814814815
shuffled_domain_rank,2222,15.0,5,108,0.37962962962962965,0.23268675321815416,0.8333333333333334,0.020272877212696917,0.411214953271028,0.6448598130841121,0.9907407407407407
shuffled_domain_rank,2222,16.0,1,115,0.40869565217391307,0.25655929038281977,0.7304347826086957,0.022208212478377672,0.4260869565217391,0.6608695652173913,1.0
shuffled_domain_rank,2222,16.0,2,108,0.4074074074074074,0.28113055801227843,0.8333333333333334,0.03689356601436475,0.42592592592592593,0.5648148148148148,1.0
shuffled_domain_rank,2222,16.0,3,108,0.3425925925925926,0.2803949841001128,0.7685185185185185,0.028234342706620827,0.4205607476635514,0.5514018691588785,0.9907407407407407
shuffled_domain_rank,2222,16.0,4,108,0.37962962962962965,0.2892467797929983,0.8518518518518519,0.025924749353308532,0.4339622641509434,0.6037735849056604,0.9814814814814815
shuffled_domain_rank,2222,16.0,5,108,0.3888888888888889,0.2244129873047972,0.8055555555555556,0.02068411310663585,0.42990654205607476,0.6261682242990654,0.9907407407407407
shuffled_domain_rank,2222,17.0,1,115,0.41739130434782606,0.2539303352980125,0.6869565217391305,0.024047328281154714,0.43478260869565216,0.6608695652173913,1.0
shuffled_domain_rank,2222,17.0,2,108,0.37037037037037035,0.24670789906408022,0.8240740740740741,0.04046361096109624,0.3888888888888889,0.5462962962962963,1.0
shuffled_domain_rank,2222,17.0,3,108,0.37037037037037035,0.2980866190259029,0.7962962962962963,0.027235591071713538,0.4485981308411215,0.5981308411214953,0.9907407407407407
shuffled_domain_rank,2222,17.0,4,108,0.3611111111111111,0.26992004670023245,0.8425925925925926,0.027082737057248053,0.4056603773584906,0.5660377358490566,0.9814814814814815
shuffled_domain_rank,2222,17.0,5,108,0.32407407407407407,0.1982494175818951,0.8055555555555556,0.020937206324943218,0.36792452830188677,0.6132075471698113,0.9814814814814815
shuffled_domain_rank,2222,18.0,1,115,0.4,0.25057085415141683,0.7391304347826086,0.022841696596413233,0.41739130434782606,0.6608695652173913,1.0
shuffled_domain_rank,2222,18.0,2,108,0.4166666666666667,0.2695368713973365,0.8333333333333334,0.03517376834227434,0.4351851851851852,0.5925925925925926,1.0
shuffled_domain_rank,2222,18.0,3,108,0.37037037037037035,0.3111440844575765,0.8425925925925926,0.022685620059112437,0.4485981308411215,0.6261682242990654,0.9907407407407407
shuffled_domain_rank,2222,18.0,4,108,0.35185185185185186,0.26678169127572343,0.8333333333333334,0.0335970237991654,0.3867924528301887,0.5566037735849056,0.9814814814814815
shuffled_domain_rank,2222,18.0,5,108,0.3333333333333333,0.2071730620687849,0.8425925925925926,0.021621528078485577,0.3584905660377358,0.6132075471698113,0.9814814814814815
shuffled_domain_rank,2222,19.0,1,115,0.41739130434782606,0.2569875776397515,0.7391304347826086,0.023449848830611898,0.43478260869565216,0.6608695652173913,1.0
shuffled_domain_rank,2222,19.0,2,108,0.46296296296296297,0.2908035127837108,0.8240740740740741,0.028430138587598644,0.48148148148148145,0.6388888888888888,1.0
shuffled_domain_rank,2222,19.0,3,108,0.37037037037037035,0.299009767223772,0.8240740740740741,0.026431789338906865,0.4392523364485981,0.5887850467289719,0.9907407407407407
shuffled_domain_rank,2222,19.0,4,108,0.35185185185185186,0.2666592770386305,0.8611111111111112,0.03532874777359669,0.3904761904761905,0.5523809523809524,0.9722222222222222
shuffled_domain_rank,2222,19.0,5,108,0.37037037037037035,0.22381848147306205,0.7870370370370371,0.022887588359887783,0.4056603773584906,0.5943396226415094,0.9814814814814815
shuffled_domain_rank,2222,20.0,1,115,0.4608695652173913,0.30589875589875587,0.6782608695652174,0.021405904038998252,0.4782608695652174,0.6956521739130435,1.0
shuffled_domain_rank,2222,20.0,2,108,0.4074074074074074,0.2675076989406258,0.8240740740740741,0.03593848525039235,0.42592592592592593,0.5740740740740741,1.0
shuffled_domain_rank,2222,20.0,3,108,0.3611111111111111,0.31079023856801635,0.8240740740740741,0.024247609023522507,0.42990654205607476,0.5981308411214953,0.9907407407407407
shuffled_domain_rank,2222,20.0,4,108,0.3425925925925926,0.2684015982144667,0.8240740740740741,0.032125486020888015,0.3904761904761905,0.5619047619047619,0.9722222222222222
shuffled_domain_rank,2222,20.0,5,108,0.3425925925925926,0.21496089562056575,0.8148148148148148,0.024587802955227857,0.37735849056603776,0.5943396226415094,0.9814814814814815
shuffled_domain_rank,2222,21.0,1,115,0.4,0.23032674751141172,0.7217391304347827,0.02266252977289687,0.41739130434782606,0.6434782608695652,1.0
shuffled_domain_rank,2222,21.0,2,108,0.37962962962962965,0.2635466599388893,0.8240740740740741,0.03885255500044037,0.39814814814814814,0.5370370370370371,1.0
shuffled_domain_rank,2222,21.0,3,108,0.32407407407407407,0.2814333814333814,0.8148148148148148,0.032016286186498134,0.39622641509433965,0.5377358490566038,0.9814814814814815
shuffled_domain_rank,2222,21.0,4,108,0.3611111111111111,0.2808735205794029,0.8425925925925926,0.03288309259563252,0.4056603773584906,0.5566037735849056,0.9814814814814815
shuffled_domain_rank,2222,21.0,5,108,0.32407407407407407,0.19267791950806734,0.7962962962962963,0.02108915117149798,0.3619047619047619,0.6095238095238096,0.9722222222222222
shuffled_domain_rank,2222,22.0,1,115,0.391304347826087,0.2359631060531697,0.7043478260869566,0.024590496271703555,0.40869565217391307,0.6521739130434783,1.0
shuffled_domain_rank,2222,22.0,2,108,0.4444444444444444,0.3061029218099036,0.8703703703703703,0.036294148056875634,0.46296296296296297,0.5740740740740741,1.0
shuffled_domain_rank,2222,22.0,3,108,0.3425925925925926,0.29254586885102085,0.8518518518518519,0.031176995257905224,0.40186915887850466,0.5794392523364486,0.9907407407407407
shuffled_domain_rank,2222,22.0,4,108,0.3888888888888889,0.29429288411846555,0.8425925925925926,0.030561172664367243,0.42452830188679247,0.5754716981132075,0.9814814814814815
shuffled_domain_rank,2222,22.0,5,108,0.3425925925925926,0.2038586472629026,0.8148148148148148,0.022323419069115242,0.36792452830188677,0.6132075471698113,0.9814814814814815
shuffled_domain_rank,2222,23.0,1,115,0.391304347826087,0.24404028672321354,0.7043478260869566,0.022995637823973687,0.40869565217391307,0.6608695652173913,1.0
shuffled_domain_rank,2222,23.0,2,108,0.5185185185185185,0.31498836054910817,0.8518518518518519,0.020935823901966702,0.5462962962962963,0.6851851851851852,1.0
shuffled_domain_rank,2222,23.0,3,108,0.35185185185185186,0.2924435967602333,0.8425925925925926,0.02660499462678618,0.4205607476635514,0.5887850467289719,0.9907407407407407
shuffled_domain_rank,2222,23.0,4,108,0.3425925925925926,0.2599260803294916,0.8240740740740741,0.03147262572215831,0.37735849056603776,0.5471698113207547,0.9814814814814815
shuffled_domain_rank,2222,23.0,5,108,0.32407407407407407,0.18700032039102607,0.8148148148148148,0.022927836472375614,0.3584905660377358,0.6037735849056604,0.9814814814814815
shuffled_domain_rank,2222,24.0,1,115,0.4,0.22744494729567122,0.7043478260869566,0.025737483833644284,0.41739130434782606,0.6521739130434783,1.0
shuffled_domain_rank,2222,24.0,2,108,0.4166666666666667,0.27163484610151784,0.8425925925925926,0.03447265590502895,0.4351851851851852,0.5833333333333334,1.0
shuffled_domain_rank,2222,24.0,3,108,0.37037037037037035,0.30734885082711166,0.8425925925925926,0.023760788056125595,0.4392523364485981,0.5981308411214953,0.9907407407407407
shuffled_domain_rank,2222,24.0,4,108,0.3611111111111111,0.27577706624723813,0.8611111111111112,0.030573516072168554,0.39622641509433965,0.5471698113207547,0.9814814814814815
shuffled_domain_rank,2222,24.0,5,108,0.32407407407407407,0.19151972058948805,0.7870370370370371,0.02186958431862785,0.3584905660377358,0.6037735849056604,0.9814814814814815
shuffled_domain_rank,2222,25.0,1,115,0.41739130434782606,0.26121531492106714,0.7043478260869566,0.021457913376937525,0.43478260869565216,0.6695652173913044,1.0
shuffled_domain_rank,2222,25.0,2,108,0.46296296296296297,0.30104870438203774,0.8611111111111112,0.03151918480336452,0.48148148148148145,0.6203703703703703,1.0
shuffled_domain_rank,2222,25.0,3,108,0.39814814814814814,0.319013641090247,0.8425925925925926,0.02718970028190013,0.4672897196261682,0.6074766355140186,0.9907407407407407
shuffled_domain_rank,2222,25.0,4,108,0.37037037037037035,0.28320242115077127,0.8333333333333334,0.029810617097810455,0.41509433962264153,0.5660377358490566,0.9814814814814815
shuffled_domain_rank,2222,25.0,5,108,0.3333333333333333,0.2037920448773162,0.7685185185185185,0.020552774929997974,0.37735849056603776,0.660377358490566,0.9814814814814815
shuffled_domain_rank,2222,26.0,1,115,0.391304347826087,0.23303993831516767,0.7130434782608696,0.028456172802142788,0.40869565217391307,0.6608695652173913,1.0
shuffled_domain_rank,2222,26.0,2,108,0.4537037037037037,0.29800648920426753,0.8240740740740741,0.029797922178959046,0.4722222222222222,0.6203703703703703,1.0
shuffled_domain_rank,2222,26.0,3,108,0.35185185185185186,0.30453498950834335,0.8240740740740741,0.023566188842965227,0.42990654205607476,0.5981308411214953,0.9907407407407407
shuffled_domain_rank,2222,26.0,4,108,0.3425925925925926,0.25903290688131897,0.8611111111111112,0.031149086424956562,0.4056603773584906,0.5377358490566038,0.9814814814814815
shuffled_domain_rank,2222,26.0,5,108,0.3611111111111111,0.21266827406067912,0.7962962962962963,0.019253820264952995,0.39622641509433965,0.6509433962264151,0.9814814814814815
shuffled_domain_rank,2222,27.0,1,115,0.41739130434782606,0.2438295493636051,0.7217391304347827,0.024141190766965453,0.43478260869565216,0.6695652173913044,1.0
shuffled_domain_rank,2222,27.0,2,108,0.4074074074074074,0.2791262835795245,0.8425925925925926,0.03681974356642865,0.42592592592592593,0.5648148148148148,1.0
shuffled_domain_rank,2222,27.0,3,108,0.37037037037037035,0.3075578479833799,0.8148148148148148,0.027669722340307956,0.4444444444444444,0.6111111111111112,1.0
shuffled_domain_rank,2222,27.0,4,108,0.37037037037037035,0.281021909477605,0.8425925925925926,0.02884244276908558,0.4056603773584906,0.5566037735849056,0.9814814814814815
shuffled_domain_rank,2222,27.0,5,108,0.3333333333333333,0.20527870271083767,0.7962962962962963,0.02359435602459685,0.36792452830188677,0.5754716981132075,0.9814814814814815
shuffled_domain_rank,2222,28.0,1,115,0.40869565217391307,0.24086367068823208,0.6956521739130435,0.022761025896228276,0.4260869565217391,0.6782608695652174,1.0
shuffled_domain_rank,2222,28.0,2,108,0.3888888888888889,0.2680607315389924,0.8148148148148148,0.036145655202601316,0.4074074074074074,0.5370370370370371,1.0
shuffled_domain_rank,2222,28.0,3,108,0.3611111111111111,0.301763468013468,0.8148148148148148,0.02786913511172866,0.4392523364485981,0.5887850467289719,0.9907407407407407
shuffled_domain_rank,2222,28.0,4,108,0.3333333333333333,0.2463597624552337,0.8333333333333334,0.036592616143225516,0.3584905660377358,0.5283018867924528,0.9814814814814815
shuffled_domain_rank,2222,28.0,5,108,0.37962962962962965,0.22379248658318426,0.8148148148148148,0.02111664929434318,0.40186915887850466,0.6261682242990654,0.9907407407407407
shuffled_domain_rank,2222,29.0,1,115,0.41739130434782606,0.2686166100941014,0.7391304347826086,0.026098942806145716,0.43478260869565216,0.6608695652173913,1.0
shuffled_domain_rank,2222,29.0,2,108,0.4351851851851852,0.2886904761904762,0.8333333333333334,0.034495611964794996,0.4537037037037037,0.5925925925925926,1.0
shuffled_domain_rank,2222,29.0,3,108,0.35185185185185186,0.28761676663597796,0.8425925925925926,0.035186030804410365,0.4339622641509434,0.5754716981132075,0.9814814814814815
shuffled_domain_rank,2222,29.0,4,108,0.37962962962962965,0.28845510857705975,0.8703703703703703,0.02969958875312675,0.41509433962264153,0.5566037735849056,0.9814814814814815
shuffled_domain_rank,2222,29.0,5,108,0.3611111111111111,0.22777074048010007,0.8518518518518519,0.02267040708609249,0.40384615384615385,0.5961538461538461,0.9629629629629629
baseline_stats,4096,,1,115,0.4260869565217391,0.2808479532163743,0.7913043478260869,0.022677487751188666,0.4824561403508772,0.7368421052631579,0.991304347826087
baseline_stats,4096,,2,108,0.4444444444444444,0.31104168460083526,0.8240740740740741,0.034091172049140556,0.4537037037037037,0.5740740740740741,1.0
baseline_stats,4096,,3,108,0.39814814814814814,0.27480051576008063,0.8055555555555556,0.021940168050931456,0.4351851851851852,0.5833333333333334,1.0
baseline_stats,4096,,4,108,0.39814814814814814,0.28615012340785,0.8240740740740741,0.028931322353991915,0.4423076923076923,0.5961538461538461,0.9629629629629629
baseline_stats,4096,,5,108,0.32407407407407407,0.20120273814855097,0.7962962962962963,0.02710587977782559,0.3364485981308411,0.5607476635514018,0.9907407407407407
real_domain_rank,4096,,1,115,0.45217391304347826,0.30932539682539684,0.7565217391304347,0.018509273845028765,0.5087719298245614,0.7631578947368421,0.991304347826087
real_domain_rank,4096,,2,108,0.48148148148148145,0.31577758129482264,0.7777777777777778,0.03086122467251221,0.49074074074074076,0.6018518518518519,1.0
real_domain_rank,4096,,3,108,0.39814814814814814,0.27626580935404466,0.8148148148148148,0.024956524941598283,0.4444444444444444,0.6018518518518519,1.0
real_domain_rank,4096,,4,108,0.37037037037037035,0.28221749169486104,0.8703703703703703,0.021516029662657334,0.41346153846153844,0.5961538461538461,0.9629629629629629
real_domain_rank,4096,,5,108,0.3425925925925926,0.19796296296296298,0.7685185185185185,0.027347949075130003,0.3644859813084112,0.5794392523364486,0.9907407407407407
shuffled_domain_rank,4096,0.0,1,115,0.4956521739130435,0.3439471341770193,0.7913043478260869,0.01965957831126146,0.543859649122807,0.7719298245614035,0.991304347826087
shuffled_domain_rank,4096,0.0,2,108,0.4722222222222222,0.30965318388564,0.7962962962962963,0.028836118341888733,0.48148148148148145,0.6203703703703703,1.0
shuffled_domain_rank,4096,0.0,3,108,0.37962962962962965,0.2658095830208292,0.7870370370370371,0.026831057033507282,0.42592592592592593,0.5925925925925926,1.0
shuffled_domain_rank,4096,0.0,4,108,0.42592592592592593,0.3188133224393338,0.8611111111111112,0.021073677238748728,0.4528301886792453,0.6226415094339622,0.9814814814814815
shuffled_domain_rank,4096,0.0,5,108,0.2962962962962963,0.173989898989899,0.8148148148148148,0.029607655313685942,0.308411214953271,0.5514018691588785,0.9907407407407407
shuffled_domain_rank,4096,1.0,1,115,0.4434782608695652,0.2988180488180488,0.7652173913043478,0.023541132627823178,0.5,0.7280701754385965,0.991304347826087
shuffled_domain_rank,4096,1.0,2,108,0.4444444444444444,0.3009174828323764,0.8055555555555556,0.03306610491100432,0.46296296296296297,0.5833333333333334,1.0
shuffled_domain_rank,4096,1.0,3,108,0.37962962962962965,0.2619023471457549,0.7962962962962963,0.029230718739437965,0.42592592592592593,0.5462962962962963,1.0
shuffled_domain_rank,4096,1.0,4,108,0.37037037037037035,0.2842182915434858,0.8703703703703703,0.028165140113338104,0.3925233644859813,0.5700934579439252,0.9907407407407407
shuffled_domain_rank,4096,1.0,5,108,0.3055555555555556,0.1829050792973087,0.7962962962962963,0.028210885018082322,0.3177570093457944,0.5607476635514018,0.9907407407407407
shuffled_domain_rank,4096,2.0,1,115,0.43478260869565216,0.2844232896864476,0.7652173913043478,0.022755641077077404,0.49122807017543857,0.7368421052631579,0.991304347826087
shuffled_domain_rank,4096,2.0,2,108,0.5185185185185185,0.33761371020142944,0.7962962962962963,0.022837567062932176,0.5277777777777778,0.6481481481481481,1.0
shuffled_domain_rank,4096,2.0,3,108,0.4074074074074074,0.28030874951606655,0.7962962962962963,0.02738644833660691,0.4444444444444444,0.5833333333333334,1.0
shuffled_domain_rank,4096,2.0,4,108,0.3425925925925926,0.2690262825723481,0.8981481481481481,0.03199662108786037,0.3644859813084112,0.5233644859813084,0.9907407407407407
shuffled_domain_rank,4096,2.0,5,108,0.2777777777777778,0.15606706831521253,0.7685185185185185,0.029638173949842663,0.308411214953271,0.5514018691588785,0.9907407407407407
shuffled_domain_rank,4096,3.0,1,115,0.4434782608695652,0.2943120792678315,0.7913043478260869,0.021413082662328622,0.5,0.7456140350877193,0.991304347826087
shuffled_domain_rank,4096,3.0,2,108,0.42592592592592593,0.290084755601997,0.7314814814814815,0.03316842683561771,0.4351851851851852,0.5555555555555556,1.0
shuffled_domain_rank,4096,3.0,3,108,0.3888888888888889,0.26312551794479505,0.8055555555555556,0.025460913702782237,0.42592592592592593,0.6111111111111112,1.0
shuffled_domain_rank,4096,3.0,4,108,0.35185185185185186,0.2713480397690924,0.8518518518518519,0.02796364504698379,0.4019607843137255,0.5980392156862745,0.9444444444444444
shuffled_domain_rank,4096,3.0,5,108,0.3055555555555556,0.15703703703703703,0.7962962962962963,0.02894121944575619,0.3364485981308411,0.5607476635514018,0.9907407407407407
shuffled_domain_rank,4096,4.0,1,115,0.45217391304347826,0.3045870146747339,0.7304347826086957,0.022276185395458215,0.5087719298245614,0.7456140350877193,0.991304347826087
shuffled_domain_rank,4096,4.0,2,108,0.4722222222222222,0.3132252688986517,0.7685185185185185,0.028513689390602552,0.48148148148148145,0.5925925925925926,1.0
shuffled_domain_rank,4096,4.0,3,108,0.37037037037037035,0.2654816765415844,0.8055555555555556,0.028847516729740216,0.4166666666666667,0.5740740740740741,1.0
shuffled_domain_rank,4096,4.0,4,108,0.3611111111111111,0.2777223507486665,0.8796296296296297,0.02798570216178499,0.40384615384615385,0.5961538461538461,0.9629629629629629
shuffled_domain_rank,4096,4.0,5,108,0.3055555555555556,0.18748538695347206,0.8055555555555556,0.028420987239473224,0.3177570093457944,0.5514018691588785,0.9907407407407407
shuffled_domain_rank,4096,5.0,1,115,0.45217391304347826,0.3070563104704806,0.7565217391304347,0.021734612692394743,0.5087719298245614,0.7456140350877193,0.991304347826087
shuffled_domain_rank,4096,5.0,2,108,0.49074074074074076,0.3223331160885217,0.7870370370370371,0.028949655923878746,0.5,0.6018518518518519,1.0
shuffled_domain_rank,4096,5.0,3,108,0.39814814814814814,0.2731595600530473,0.7962962962962963,0.02709894943547258,0.4444444444444444,0.5648148148148148,1.0
shuffled_domain_rank,4096,5.0,4,108,0.3611111111111111,0.2708908314549086,0.8796296296296297,0.030829414979504526,0.39622641509433965,0.5660377358490566,0.9814814814814815
shuffled_domain_rank,4096,5.0,5,108,0.3055555555555556,0.16583410997204098,0.8240740740740741,0.028188314806558326,0.32710280373831774,0.5700934579439252,0.9907407407407407
shuffled_domain_rank,4096,6.0,1,115,0.45217391304347826,0.30245644804468336,0.782608695652174,0.022512804914210205,0.5087719298245614,0.7368421052631579,0.991304347826087
shuffled_domain_rank,4096,6.0,2,108,0.4351851851851852,0.28755190909360917,0.8148148148148148,0.031792534632263066,0.4537037037037037,0.5740740740740741,1.0
shuffled_domain_rank,4096,6.0,3,108,0.4166666666666667,0.29137286626448505,0.8055555555555556,0.025714386507800644,0.46296296296296297,0.6111111111111112,1.0
shuffled_domain_rank,4096,6.0,4,108,0.35185185185185186,0.26860129986814624,0.8888888888888888,0.02631327221508358,0.38461538461538464,0.5673076923076923,0.9629629629629629
shuffled_domain_rank,4096,6.0,5,108,0.3333333333333333,0.18975208571291804,0.8148148148148148,0.026214164356408658,0.35514018691588783,0.5981308411214953,0.9907407407407407
shuffled_domain_rank,4096,7.0,1,115,0.4608695652173913,0.31069641069641074,0.7739130434782608,0.02115556598528057,0.5175438596491229,0.7543859649122807,0.991304347826087
shuffled_domain_rank,4096,7.0,2,108,0.5,0.32935760677012,0.7777777777777778,0.02874863114341409,0.5092592592592593,0.6018518518518519,1.0
shuffled_domain_rank,4096,7.0,3,108,0.37962962962962965,0.26883974883974887,0.7870370370370371,0.022709498892008396,0.42592592592592593,0.5555555555555556,1.0
shuffled_domain_rank,4096,7.0,4,108,0.3333333333333333,0.2575495020142444,0.8425925925925926,0.028480998787443486,0.3942307692307692,0.5769230769230769,0.9629629629629629
shuffled_domain_rank,4096,7.0,5,108,0.3148148148148148,0.19057473056005705,0.7685185185185185,0.028964234277538647,0.32710280373831774,0.5607476635514018,0.9907407407407407
shuffled_domain_rank,4096,8.0,1,115,0.4434782608695652,0.3015325670498084,0.7391304347826086,0.02036920585496399,0.5,0.7456140350877193,0.991304347826087
shuffled_domain_rank,4096,8.0,2,108,0.4722222222222222,0.3169624792813198,0.7592592592592593,0.03141956785396904,0.48148148148148145,0.5833333333333334,1.0
shuffled_domain_rank,4096,8.0,3,108,0.4074074074074074,0.27519841269841266,0.8055555555555556,0.024371155972475415,0.46296296296296297,0.6388888888888888,1.0
shuffled_domain_rank,4096,8.0,4,108,0.37037037037037035,0.2813990266272198,0.8888888888888888,0.02700251983540064,0.4056603773584906,0.5754716981132075,0.9814814814814815
shuffled_domain_rank,4096,8.0,5,108,0.2962962962962963,0.1756827183656452,0.7777777777777778,0.02996744251752549,0.32710280373831774,0.5607476635514018,0.9907407407407407
shuffled_domain_rank,4096,9.0,1,115,0.46956521739130436,0.3292123641681164,0.7652173913043478,0.023832264181011885,0.5175438596491229,0.7368421052631579,0.991304347826087
shuffled_domain_rank,4096,9.0,2,108,0.49074074074074076,0.3147517552689967,0.75,0.024266769565948063,0.5,0.6018518518518519,1.0
shuffled_domain_rank,4096,9.0,3,108,0.3888888888888889,0.2803751803751804,0.7777777777777778,0.028805477122286958,0.42592592592592593,0.5740740740740741,1.0
shuffled_domain_rank,4096,9.0,4,108,0.3425925925925926,0.2635320819531346,0.8703703703703703,0.030272145902511306,0.39622641509433965,0.5566037735849056,0.9814814814814815
shuffled_domain_rank,4096,9.0,5,108,0.3148148148148148,0.16908066954578582,0.8055555555555556,0.026895218521619715,0.3364485981308411,0.5887850467289719,0.9907407407407407
shuffled_domain_rank,4096,10.0,1,115,0.4608695652173913,0.3145478812145479,0.782608695652174,0.021127664336824916,0.5175438596491229,0.7543859649122807,0.991304347826087
shuffled_domain_rank,4096,10.0,2,108,0.48148148148148145,0.314925542637906,0.7592592592592593,0.030799188665129446,0.49074074074074076,0.5925925925925926,1.0
shuffled_domain_rank,4096,10.0,3,108,0.39814814814814814,0.2738011419860971,0.7962962962962963,0.026386475121477005,0.4351851851851852,0.5925925925925926,1.0
shuffled_domain_rank,4096,10.0,4,108,0.46296296296296297,0.3405869324473976,0.8703703703703703,0.028213015665478527,0.49056603773584906,0.6226415094339622,0.9814814814814815
shuffled_domain_rank,4096,10.0,5,108,0.28703703703703703,0.1637127586156263,0.8055555555555556,0.03154936184596944,0.308411214953271,0.5420560747663551,0.9907407407407407
shuffled_domain_rank,4096,11.0,1,115,0.45217391304347826,0.30418860418860416,0.782608695652174,0.02172794862309669,0.5175438596491229,0.7456140350877193,0.991304347826087
shuffled_domain_rank,4096,11.0,2,108,0.5092592592592593,0.330258144189888,0.8333333333333334,0.02378897538343673,0.5185185185185185,0.6296296296296297,1.0
shuffled_domain_rank,4096,11.0,3,108,0.42592592592592593,0.2893630271702468,0.7962962962962963,0.02523748750876647,0.46296296296296297,0.6018518518518519,1.0
shuffled_domain_rank,4096,11.0,4,108,0.4074074074074074,0.3110810810810811,0.8518518518518519,0.030439206258488005,0.44761904761904764,0.6190476190476191,0.9722222222222222
shuffled_domain_rank,4096,11.0,5,108,0.3055555555555556,0.1759755473527996,0.8148148148148148,0.028554849179667743,0.3177570093457944,0.5794392523364486,0.9907407407407407
shuffled_domain_rank,4096,12.0,1,115,0.4956521739130435,0.35114827471149307,0.7739130434782608,0.01827198053441439,0.543859649122807,0.7807017543859649,0.991304347826087
shuffled_domain_rank,4096,12.0,2,108,0.42592592592592593,0.29124783641496094,0.7962962962962963,0.035045657594851176,0.4351851851851852,0.5462962962962963,1.0
shuffled_domain_rank,4096,12.0,3,108,0.39814814814814814,0.2655318567131528,0.7962962962962963,0.02186872319156311,0.4537037037037037,0.6018518518518519,1.0
shuffled_domain_rank,4096,12.0,4,108,0.3333333333333333,0.2554258052422067,0.8888888888888888,0.031588171695186844,0.38095238095238093,0.5619047619047619,0.9722222222222222
shuffled_domain_rank,4096,12.0,5,108,0.3333333333333333,0.18314486520061432,0.8148148148148148,0.026706059147287988,0.35514018691588783,0.5981308411214953,0.9907407407407407
shuffled_domain_rank,4096,13.0,1,115,0.4434782608695652,0.3011916714105815,0.7739130434782608,0.02244405283594717,0.5,0.7368421052631579,0.991304347826087
shuffled_domain_rank,4096,13.0,2,108,0.4537037037037037,0.27476813966175667,0.7870370370370371,0.02866072916916186,0.4722222222222222,0.5740740740740741,1.0
shuffled_domain_rank,4096,13.0,3,108,0.4074074074074074,0.2756882551000198,0.7870370370370371,0.020673623068187423,0.4537037037037037,0.5925925925925926,1.0
shuffled_domain_rank,4096,13.0,4,108,0.3888888888888889,0.29667461579226284,0.8703703703703703,0.025618887148093333,0.4423076923076923,0.6153846153846154,0.9629629629629629
shuffled_domain_rank,4096,13.0,5,108,0.3425925925925926,0.18667226371759982,0.8240740740740741,0.02509763705437166,0.35514018691588783,0.6074766355140186,0.9907407407407407
shuffled_domain_rank,4096,14.0,1,115,0.46956521739130436,0.32376002554092137,0.7739130434782608,0.021393325686612025,0.5175438596491229,0.7543859649122807,0.991304347826087
shuffled_domain_rank,4096,14.0,2,108,0.49074074074074076,0.3228684895351562,0.7870370370370371,0.026704494220182826,0.5,0.6111111111111112,1.0
shuffled_domain_rank,4096,14.0,3,108,0.42592592592592593,0.28878200272685955,0.7870370370370371,0.025089222196278915,0.4722222222222222,0.6388888888888888,1.0
shuffled_domain_rank,4096,14.0,4,108,0.39814814814814814,0.3062624878903949,0.8981481481481481,0.029349095846658155,0.42990654205607476,0.5794392523364486,0.9907407407407407
shuffled_domain_rank,4096,14.0,5,108,0.3333333333333333,0.1902326397007248,0.8055555555555556,0.026363399449846323,0.35514018691588783,0.5887850467289719,0.9907407407407407
shuffled_domain_rank,4096,15.0,1,115,0.4608695652173913,0.31742537170813745,0.7739130434782608,0.022971649677155745,0.5175438596491229,0.7368421052631579,0.991304347826087
shuffled_domain_rank,4096,15.0,2,108,0.48148148148148145,0.313892908064971,0.7962962962962963,0.02614502920775827,0.5092592592592593,0.6111111111111112,1.0
shuffled_domain_rank,4096,15.0,3,108,0.3888888888888889,0.26563390313390317,0.7870370370370371,0.026253195238882338,0.42592592592592593,0.5925925925925926,1.0
shuffled_domain_rank,4096,15.0,4,108,0.4166666666666667,0.32034034034034037,0.8611111111111112,0.018358079971815468,0.4519230769230769,0.625,0.9629629629629629
shuffled_domain_rank,4096,15.0,5,108,0.3055555555555556,0.17460102378801565,0.7870370370370371,0.027239824249572806,0.3177570093457944,0.5607476635514018,0.9907407407407407
shuffled_domain_rank,4096,16.0,1,115,0.4608695652173913,0.3105161534083103,0.7652173913043478,0.02282678669101613,0.5087719298245614,0.7368421052631579,0.991304347826087
shuffled_domain_rank,4096,16.0,2,108,0.48148148148148145,0.312531328320802,0.7777777777777778,0.027432738530320713,0.49074074074074076,0.6111111111111112,1.0
shuffled_domain_rank,4096,16.0,3,108,0.39814814814814814,0.2621151271753681,0.7962962962962963,0.02222648390558314,0.4537037037037037,0.6018518518518519,1.0
shuffled_domain_rank,4096,16.0,4,108,0.35185185185185186,0.27223014623909764,0.8796296296296297,0.020779992223938427,0.39622641509433965,0.6037735849056604,0.9814814814814815
shuffled_domain_rank,4096,16.0,5,108,0.3055555555555556,0.1726789156698636,0.7962962962962963,0.029421764811189677,0.32710280373831774,0.5420560747663551,0.9907407407407407
shuffled_domain_rank,4096,17.0,1,115,0.4434782608695652,0.2943120792678315,0.7739130434782608,0.02113436109410768,0.4956521739130435,0.7304347826086957,1.0
shuffled_domain_rank,4096,17.0,2,108,0.4537037037037037,0.307144025332216,0.7870370370370371,0.031546484230357594,0.46296296296296297,0.5833333333333334,1.0
shuffled_domain_rank,4096,17.0,3,108,0.4166666666666667,0.2825467163948459,0.8055555555555556,0.026086816749851006,0.4537037037037037,0.6018518518518519,1.0
shuffled_domain_rank,4096,17.0,4,108,0.37037037037037035,0.2859187109187109,0.8981481481481481,0.023004196916046618,0.4056603773584906,0.5660377358490566,0.9814814814814815
shuffled_domain_rank,4096,17.0,5,108,0.3425925925925926,0.2043357572914223,0.8055555555555556,0.031368614794956076,0.3644859813084112,0.5607476635514018,0.9907407407407407
shuffled_domain_rank,4096,18.0,1,115,0.43478260869565216,0.2908068783068783,0.7739130434782608,0.021055231430158326,0.49122807017543857,0.7280701754385965,0.991304347826087
shuffled_domain_rank,4096,18.0,2,108,0.4537037037037037,0.3134335996213568,0.7777777777777778,0.030224633181487867,0.46296296296296297,0.5833333333333334,1.0
shuffled_domain_rank,4096,18.0,3,108,0.4074074074074074,0.2783033563883538,0.8148148148148148,0.025205617949595607,0.4444444444444444,0.5925925925925926,1.0
shuffled_domain_rank,4096,18.0,4,108,0.37962962962962965,0.28762534872693996,0.8796296296296297,0.021509094086880707,0.41346153846153844,0.5865384615384616,0.9629629629629629
shuffled_domain_rank,4096,18.0,5,108,0.3055555555555556,0.17275864394710858,0.8055555555555556,0.02872024037364948,0.3177570093457944,0.5514018691588785,0.9907407407407407
shuffled_domain_rank,4096,19.0,1,115,0.46956521739130436,0.32805376345081166,0.782608695652174,0.02140634809592487,0.5175438596491229,0.7456140350877193,0.991304347826087
shuffled_domain_rank,4096,19.0,2,108,0.4166666666666667,0.2823077393327675,0.7870370370370371,0.034765501410550806,0.4351851851851852,0.5462962962962963,1.0
shuffled_domain_rank,4096,19.0,3,108,0.37037037037037035,0.2585103273048567,0.8055555555555556,0.025630724047676152,0.4074074074074074,0.5740740740740741,1.0
shuffled_domain_rank,4096,19.0,4,108,0.39814814814814814,0.3045181134654819,0.8703703703703703,0.029043749029426635,0.42857142857142855,0.6,0.9722222222222222
shuffled_domain_rank,4096,19.0,5,108,0.28703703703703703,0.1562155010357173,0.8055555555555556,0.02904804934526566,0.29906542056074764,0.5700934579439252,0.9907407407407407
shuffled_domain_rank,4096,20.0,1,115,0.4434782608695652,0.2954542319100504,0.7739130434782608,0.022392947503248335,0.5,0.7368421052631579,0.991304347826087
shuffled_domain_rank,4096,20.0,2,108,0.46296296296296297,0.31048413257715585,0.7777777777777778,0.03016943245703636,0.4722222222222222,0.5833333333333334,1.0
shuffled_domain_rank,4096,20.0,3,108,0.3888888888888889,0.2638934002332695,0.7962962962962963,0.026619870956455696,0.4351851851851852,0.6018518518518519,1.0
shuffled_domain_rank,4096,20.0,4,108,0.3611111111111111,0.27318870213607055,0.8611111111111112,0.024719629100349888,0.39622641509433965,0.5943396226415094,0.9814814814814815
shuffled_domain_rank,4096,20.0,5,108,0.28703703703703703,0.17166987650613763,0.8333333333333334,0.02929770635572345,0.29906542056074764,0.5233644859813084,0.9907407407407407
shuffled_domain_rank,4096,21.0,1,115,0.43478260869565216,0.3053030303030303,0.8,0.022773549402458525,0.4824561403508772,0.7280701754385965,0.991304347826087
shuffled_domain_rank,4096,21.0,2,108,0.4166666666666667,0.2863667733232951,0.7592592592592593,0.03495439827460657,0.42592592592592593,0.5462962962962963,1.0
shuffled_domain_rank,4096,21.0,3,108,0.37962962962962965,0.25995626006894884,0.7962962962962963,0.029284649630666567,0.42592592592592593,0.5648148148148148,1.0
shuffled_domain_rank,4096,21.0,4,108,0.39814814814814814,0.3102406374280003,0.8611111111111112,0.02759728713931901,0.4339622641509434,0.6226415094339622,0.9814814814814815
shuffled_domain_rank,4096,21.0,5,108,0.32407407407407407,0.1772349669256886,0.8240740740740741,0.02550060885782971,0.3364485981308411,0.5981308411214953,0.9907407407407407
shuffled_domain_rank,4096,22.0,1,115,0.48695652173913045,0.3398792565459232,0.808695652173913,0.02076506850929444,0.5350877192982456,0.7631578947368421,0.991304347826087
shuffled_domain_rank,4096,22.0,2,108,0.46296296296296297,0.30220214568040654,0.7962962962962963,0.02996267355407301,0.48148148148148145,0.6111111111111112,1.0
shuffled_domain_rank,4096,22.0,3,108,0.39814814814814814,0.27467817896389324,0.7962962962962963,0.021629054935309804,0.4351851851851852,0.5833333333333334,1.0
shuffled_domain_rank,4096,22.0,4,108,0.37037037037037035,0.2857601919672448,0.9074074074074074,0.0274661497596537,0.4056603773584906,0.5849056603773585,0.9814814814814815
shuffled_domain_rank,4096,22.0,5,108,0.3148148148148148,0.17121212121212123,0.7962962962962963,0.027531793534968048,0.32710280373831774,0.5700934579439252,0.9907407407407407
shuffled_domain_rank,4096,23.0,1,115,0.4608695652173913,0.3239690320572674,0.7478260869565218,0.02084285688070815,0.5175438596491229,0.7543859649122807,0.991304347826087
shuffled_domain_rank,4096,23.0,2,108,0.5,0.32597912628940995,0.7685185185185185,0.0256854886897508,0.5185185185185185,0.6388888888888888,1.0
shuffled_domain_rank,4096,23.0,3,108,0.39814814814814814,0.2724209575429088,0.8055555555555556,0.029138739904312497,0.4351851851851852,0.5740740740740741,1.0
shuffled_domain_rank,4096,23.0,4,108,0.4166666666666667,0.3160284076563146,0.8888888888888888,0.020583107921701947,0.45714285714285713,0.6,0.9722222222222222
shuffled_domain_rank,4096,23.0,5,108,0.3333333333333333,0.19290167827401872,0.8148148148148148,0.026653787362904014,0.34579439252336447,0.5887850467289719,0.9907407407407407
shuffled_domain_rank,4096,24.0,1,115,0.46956521739130436,0.33139106848784267,0.782608695652174,0.01813482268820491,0.5263157894736842,0.7543859649122807,0.991304347826087
shuffled_domain_rank,4096,24.0,2,108,0.46296296296296297,0.3130940220827861,0.7777777777777778,0.02960620474637459,0.4722222222222222,0.5925925925925926,1.0
shuffled_domain_rank,4096,24.0,3,108,0.39814814814814814,0.2742133423948394,0.7870370370370371,0.026464408224316952,0.4351851851851852,0.5925925925925926,1.0
shuffled_domain_rank,4096,24.0,4,108,0.37037037037037035,0.2742225839408474,0.8888888888888888,0.027664325806650153,0.3925233644859813,0.5700934579439252,0.9907407407407407
shuffled_domain_rank,4096,24.0,5,108,0.3333333333333333,0.19607130045557566,0.7777777777777778,0.025552328107853982,0.34579439252336447,0.5700934579439252,0.9907407407407407
shuffled_domain_rank,4096,25.0,1,115,0.46956521739130436,0.31810606060606067,0.7565217391304347,0.021146733696751654,0.5350877192982456,0.7543859649122807,0.991304347826087
shuffled_domain_rank,4096,25.0,2,108,0.4444444444444444,0.30786208203088,0.7870370370370371,0.03561567287721449,0.4537037037037037,0.5555555555555556,1.0
shuffled_domain_rank,4096,25.0,3,108,0.3888888888888889,0.2759387918771701,0.7870370370370371,0.027465528044744062,0.4351851851851852,0.6018518518518519,1.0
shuffled_domain_rank,4096,25.0,4,108,0.4166666666666667,0.31458049886621314,0.8888888888888888,0.027292397192870833,0.4423076923076923,0.6153846153846154,0.9629629629629629
shuffled_domain_rank,4096,25.0,5,108,0.3148148148148148,0.18111110245941706,0.7870370370370371,0.027696667351543445,0.3364485981308411,0.5420560747663551,0.9907407407407407
shuffled_domain_rank,4096,26.0,1,115,0.40869565217391307,0.26877439725736935,0.7739130434782608,0.023023972270070133,0.47368421052631576,0.7280701754385965,0.991304347826087
shuffled_domain_rank,4096,26.0,2,108,0.4444444444444444,0.29665834750757664,0.7777777777777778,0.0324977939444994,0.4537037037037037,0.5740740740740741,1.0
shuffled_domain_rank,4096,26.0,3,108,0.4074074074074074,0.28094563744259793,0.7870370370370371,0.027041354410454237,0.4444444444444444,0.5833333333333334,1.0
shuffled_domain_rank,4096,26.0,4,108,0.4074074074074074,0.30922481567963195,0.8611111111111112,0.031740903523088324,0.42857142857142855,0.580952380952381,0.9722222222222222
shuffled_domain_rank,4096,26.0,5,108,0.3148148148148148,0.1819513371932727,0.8055555555555556,0.02699182848610515,0.32710280373831774,0.5607476635514018,0.9907407407407407
shuffled_domain_rank,4096,27.0,1,115,0.45217391304347826,0.33051011590834595,0.7913043478260869,0.0209533969079433,0.5087719298245614,0.7543859649122807,0.991304347826087
shuffled_domain_rank,4096,27.0,2,108,0.48148148148148145,0.294731463255922,0.7777777777777778,0.02854652412427376,0.49074074074074076,0.5833333333333334,1.0
shuffled_domain_rank,4096,27.0,3,108,0.37037037037037035,0.26098939462994764,0.7962962962962963,0.022718900030877735,0.4074074074074074,0.5740740740740741,1.0
shuffled_domain_rank,4096,27.0,4,108,0.4351851851851852,0.35238522790294535,0.8796296296296297,0.02090539629690166,0.4485981308411215,0.616822429906542,0.9907407407407407
shuffled_domain_rank,4096,27.0,5,108,0.25925925925925924,0.14683461332012054,0.8055555555555556,0.028837220774702153,0.27102803738317754,0.5327102803738317,0.9907407407407407
shuffled_domain_rank,4096,28.0,1,115,0.4260869565217391,0.27782186948853616,0.7739130434782608,0.02357088270680208,0.49122807017543857,0.7368421052631579,0.991304347826087
shuffled_domain_rank,4096,28.0,2,108,0.4537037037037037,0.295959595959596,0.7407407407407407,0.028678311566293465,0.4722222222222222,0.5833333333333334,1.0
shuffled_domain_rank,4096,28.0,3,108,0.4074074074074074,0.28369520067633275,0.7870370370370371,0.024466202528315713,0.4444444444444444,0.6018518518518519,1.0
shuffled_domain_rank,4096,28.0,4,108,0.3611111111111111,0.27333749052015305,0.8888888888888888,0.03181291688072517,0.39622641509433965,0.5660377358490566,0.9814814814814815
shuffled_domain_rank,4096,28.0,5,108,0.3148148148148148,0.18192024777390628,0.8240740740740741,0.02750531628368214,0.32710280373831774,0.5514018691588785,0.9907407407407407
shuffled_domain_rank,4096,29.0,1,115,0.4260869565217391,0.271849067112225,0.7652173913043478,0.023386913169768465,0.4824561403508772,0.7105263157894737,0.991304347826087
shuffled_domain_rank,4096,29.0,2,108,0.4166666666666667,0.2903088737465041,0.8148148148148148,0.03750669093097691,0.42592592592592593,0.5370370370370371,1.0
shuffled_domain_rank,4096,29.0,3,108,0.4444444444444444,0.3092741935483871,0.7870370370370371,0.022301727728716674,0.48148148148148145,0.6203703703703703,1.0
shuffled_domain_rank,4096,29.0,4,108,0.37037037037037035,0.2768473979981008,0.8703703703703703,0.026106991092282334,0.4230769230769231,0.6153846153846154,0.9629629629629629
shuffled_domain_rank,4096,29.0,5,108,0.32407407407407407,0.1860066833751044,0.8055555555555556,0.028195119090217338,0.3364485981308411,0.5887850467289719,0.9907407407407407
baseline_stats,5,,1,115,0.4434782608695652,0.2939171939171939,0.7913043478260869,0.02173284184422449,0.48695652173913045,0.6956521739130435,1.0
baseline_stats,5,,2,108,0.4722222222222222,0.32041133183797144,0.8425925925925926,0.024493367593268686,0.48598130841121495,0.6635514018691588,0.9907407407407407
baseline_stats,5,,3,108,0.42592592592592593,0.32082078915601325,0.8240740740740741,0.026145350970137038,0.4672897196261682,0.5794392523364486,0.9907407407407407
baseline_stats,5,,4,108,0.3888888888888889,0.2914198604219385,0.8611111111111112,0.02850482452443111,0.4528301886792453,0.5660377358490566,0.9814814814814815
baseline_stats,5,,5,108,0.3148148148148148,0.20447274517041958,0.8240740740740741,0.026470740852317046,0.34579439252336447,0.5981308411214953,0.9907407407407407
real_domain_rank,5,,1,115,0.4434782608695652,0.2936728395061729,0.7652173913043478,0.0220339594118063,0.4956521739130435,0.7217391304347827,1.0
real_domain_rank,5,,2,108,0.4537037037037037,0.3101592488847391,0.8333333333333334,0.0233119091744717,0.4672897196261682,0.6542056074766355,0.9907407407407407
real_domain_rank,5,,3,108,0.46296296296296297,0.34207604188628854,0.8425925925925926,0.02244201204776296,0.5233644859813084,0.6355140186915887,0.9907407407407407
real_domain_rank,5,,4,108,0.42592592592592593,0.3196101582318049,0.8518518518518519,0.020813436421120327,0.4716981132075472,0.5849056603773585,0.9814814814814815
real_domain_rank,5,,5,108,0.32407407407407407,0.18371178578958466,0.8611111111111112,0.028744303009268835,0.35514018691588783,0.6448598130841121,0.9907407407407407
shuffled_domain_rank,5,0.0,1,115,0.45217391304347826,0.30136831978937245,0.782608695652174,0.020110380901921212,0.4956521739130435,0.7217391304347827,1.0
shuffled_domain_rank,5,0.0,2,108,0.4722222222222222,0.3126984126984127,0.8333333333333334,0.022070313547677745,0.48598130841121495,0.6728971962616822,0.9907407407407407
shuffled_domain_rank,5,0.0,3,108,0.3611111111111111,0.22895795765711613,0.8333333333333334,0.02681411945796716,0.41509433962264153,0.5849056603773585,0.9814814814814815
shuffled_domain_rank,5,0.0,4,108,0.4074074074074074,0.3072849133698932,0.8148148148148148,0.023185204211617332,0.45714285714285713,0.580952380952381,0.9722222222222222
shuffled_domain_rank,5,0.0,5,108,0.3055555555555556,0.19294343713819365,0.8425925925925926,0.03269121118607707,0.32710280373831774,0.6355140186915887,0.9907407407407407
shuffled_domain_rank,5,1.0,1,115,0.4608695652173913,0.31313170755895214,0.7739130434782608,0.021862790327696842,0.5043478260869565,0.7130434782608696,1.0
shuffled_domain_rank,5,1.0,2,108,0.4074074074074074,0.2514553014553014,0.8703703703703703,0.03150378469843547,0.4205607476635514,0.616822429906542,0.9907407407407407
shuffled_domain_rank,5,1.0,3,108,0.4351851851851852,0.32734801917832423,0.8240740740740741,0.02506341516565928,0.48598130841121495,0.5981308411214953,0.9907407407407407
shuffled_domain_rank,5,1.0,4,108,0.4166666666666667,0.3158641023169125,0.8611111111111112,0.027845497581806242,0.4811320754716981,0.5849056603773585,0.9814814814814815
shuffled_domain_rank,5,1.0,5,108,0.32407407407407407,0.2030263545690043,0.8148148148148148,0.025512991748337027,0.35514018691588783,0.5887850467289719,0.9907407407407407
shuffled_domain_rank,5,2.0,1,115,0.43478260869565216,0.2861262276130058,0.8,0.02236898260524092,0.4782608695652174,0.6869565217391305,1.0
shuffled_domain_rank,5,2.0,2,108,0.4444444444444444,0.26495574521890314,0.8148148148148148,0.022896578589673408,0.4672897196261682,0.6542056074766355,0.9907407407407407
shuffled_domain_rank,5,2.0,3,108,0.42592592592592593,0.2802715670099183,0.8425925925925926,0.026145557378728885,0.4722222222222222,0.5740740740740741,1.0
shuffled_domain_rank,5,2.0,4,108,0.3888888888888889,0.29275485099987547,0.8518518518518519,0.022409625853840008,0.44761904761904764,0.5714285714285714,0.9722222222222222
shuffled_domain_rank,5,2.0,5,108,0.3333333333333333,0.20441235207969488,0.8425925925925926,0.02693993090617021,0.37383177570093457,0.6261682242990654,0.9907407407407407
shuffled_domain_rank,5,3.0,1,115,0.4434782608695652,0.2982848667059193,0.7652173913043478,0.021338963206004206,0.48695652173913045,0.7043478260869566,1.0
shuffled_domain_rank,5,3.0,2,108,0.4722222222222222,0.3154090656842951,0.8703703703703703,0.020370872148537847,0.4953271028037383,0.6822429906542056,0.9907407407407407
shuffled_domain_rank,5,3.0,3,108,0.3888888888888889,0.2526999463231347,0.8425925925925926,0.024592879660087264,0.4392523364485981,0.5887850467289719,0.9907407407407407
shuffled_domain_rank,5,3.0,4,108,0.42592592592592593,0.3071550671550672,0.8240740740740741,0.028411580936037358,0.4716981132075472,0.5849056603773585,0.9814814814814815
shuffled_domain_rank,5,3.0,5,108,0.2962962962962963,0.1799370220422852,0.8333333333333334,0.02648614495119745,0.32710280373831774,0.6074766355140186,0.9907407407407407
shuffled_domain_rank,5,4.0,1,115,0.41739130434782606,0.27271040007882114,0.7652173913043478,0.02557675079827348,0.4608695652173913,0.6782608695652174,1.0
shuffled_domain_rank,5,4.0,2,108,0.49074074074074076,0.33531914267208385,0.8888888888888888,0.022837542593825512,0.5046728971962616,0.6822429906542056,0.9907407407407407
shuffled_domain_rank,5,4.0,3,108,0.37962962962962965,0.24747495538554212,0.8333333333333334,0.02709820374501222,0.42857142857142855,0.5714285714285714,0.9722222222222222
shuffled_domain_rank,5,4.0,4,108,0.3888888888888889,0.2935935704437092,0.8425925925925926,0.03205234521771931,0.44761904761904764,0.5523809523809524,0.9722222222222222
shuffled_domain_rank,5,4.0,5,108,0.3425925925925926,0.20704700559773023,0.8333333333333334,0.023974125703790997,0.3644859813084112,0.6542056074766355,0.9907407407407407
shuffled_domain_rank,5,5.0,1,115,0.4260869565217391,0.2798410298410298,0.782608695652174,0.021805234507733296,0.4782608695652174,0.7043478260869566,1.0
shuffled_domain_rank,5,5.0,2,108,0.4444444444444444,0.31795051353874887,0.8518518518518519,0.02543503908254107,0.45794392523364486,0.6542056074766355,0.9907407407407407
shuffled_domain_rank,5,5.0,3,108,0.4166666666666667,0.2752991127204964,0.8333333333333334,0.02413043008973398,0.4811320754716981,0.6132075471698113,0.9814814814814815
shuffled_domain_rank,5,5.0,4,108,0.37962962962962965,0.28174154199958595,0.8518518518518519,0.028414837410079104,0.44339622641509435,0.5471698113207547,0.9814814814814815
shuffled_domain_rank,5,5.0,5,108,0.3148148148148148,0.19809718969555035,0.8055555555555556,0.02539943679034589,0.34579439252336447,0.5981308411214953,0.9907407407407407
shuffled_domain_rank,5,6.0,1,115,0.41739130434782606,0.273369753644983,0.782608695652174,0.022384774455662476,0.4608695652173913,0.6869565217391305,1.0
shuffled_domain_rank,5,6.0,2,108,0.4537037037037037,0.32414833851615465,0.8333333333333334,0.028470557443533315,0.4672897196261682,0.6261682242990654,0.9907407407407407
shuffled_domain_rank,5,6.0,3,108,0.42592592592592593,0.282308363890344,0.8055555555555556,0.022701918107852246,0.4766355140186916,0.616822429906542,0.9907407407407407
shuffled_domain_rank,5,6.0,4,108,0.39814814814814814,0.2925112408194293,0.8611111111111112,0.028481377793281415,0.4444444444444444,0.5555555555555556,1.0
shuffled_domain_rank,5,6.0,5,108,0.3148148148148148,0.18926617829907957,0.8425925925925926,0.029585910258321066,0.34579439252336447,0.616822429906542,0.9907407407407407
shuffled_domain_rank,5,7.0,1,115,0.46956521739130436,0.32105976811859166,0.7913043478260869,0.021282109318266268,0.5130434782608696,0.7217391304347827,1.0
shuffled_domain_rank,5,7.0,2,108,0.4351851851851852,0.27134176553136796,0.8333333333333334,0.02652256081836466,0.4485981308411215,0.6448598130841121,0.9907407407407407
shuffled_domain_rank,5,7.0,3,108,0.37037037037037035,0.24952303514102003,0.8240740740740741,0.02694903709763517,0.4205607476635514,0.5700934579439252,0.9907407407407407
shuffled_domain_rank,5,7.0,4,108,0.37037037037037035,0.2725055431413718,0.8055555555555556,0.026949075705669963,0.4339622641509434,0.5566037735849056,0.9814814814814815
shuffled_domain_rank,5,7.0,5,108,0.3333333333333333,0.21078630086916642,0.8333333333333334,0.028843936987791526,0.35514018691588783,0.6542056074766355,0.9907407407407407
shuffled_domain_rank,5,8.0,1,115,0.45217391304347826,0.3083876395803002,0.7652173913043478,0.023504360872050156,0.4956521739130435,0.7043478260869566,1.0
shuffled_domain_rank,5,8.0,2,108,0.39814814814814814,0.31814609338881183,0.8425925925925926,0.03191887653300188,0.4205607476635514,0.5887850467289719,0.9907407407407407
shuffled_domain_rank,5,8.0,3,108,0.4351851851851852,0.2848397770811564,0.8333333333333334,0.023706938711396373,0.4722222222222222,0.6296296296296297,1.0
shuffled_domain_rank,5,8.0,4,108,0.4351851851851852,0.31823038073038074,0.8240740740740741,0.025505491770688653,0.5,0.6132075471698113,0.9814814814814815
shuffled_domain_rank,5,8.0,5,108,0.32407407407407407,0.1927306550877698,0.8425925925925926,0.025948848043898565,0.35514018691588783,0.6074766355140186,0.9907407407407407
shuffled_domain_rank,5,9.0,1,115,0.4434782608695652,0.2945665903999237,0.7652173913043478,0.022583145974210076,0.4956521739130435,0.6956521739130435,1.0
shuffled_domain_rank,5,9.0,2,108,0.39814814814814814,0.2798461365678347,0.8703703703703703,0.030781627966261063,0.411214953271028,0.5887850467289719,0.9907407407407407
shuffled_domain_rank,5,9.0,3,108,0.4074074074074074,0.27392448354136184,0.8333333333333334,0.024064913583651266,0.4485981308411215,0.5981308411214953,0.9907407407407407
shuffled_domain_rank,5,9.0,4,108,0.37037037037037035,0.2758333584420541,0.8518518518518519,0.028008576954314513,0.4392523364485981,0.5514018691588785,0.9907407407407407
shuffled_domain_rank,5,9.0,5,108,0.3333333333333333,0.2097995873857943,0.8611111111111112,0.023567796260079262,0.3644859813084112,0.6542056074766355,0.9907407407407407
shuffled_domain_rank,5,10.0,1,115,0.43478260869565216,0.2612433862433863,0.782608695652174,0.023972861540393107,0.4782608695652174,0.7043478260869566,1.0
shuffled_domain_rank,5,10.0,2,108,0.4722222222222222,0.32924523576991455,0.8518518518518519,0.02467555350286083,0.48598130841121495,0.6728971962616822,0.9907407407407407
shuffled_domain_rank,5,10.0,3,108,0.4074074074074074,0.27561706675007164,0.8333333333333334,0.025523865870379338,0.46226415094339623,0.5754716981132075,0.9814814814814815
shuffled_domain_rank,5,10.0,4,108,0.4351851851851852,0.31746891996891996,0.8425925925925926,0.027713838795308296,0.5047619047619047,0.6,0.9722222222222222
shuffled_domain_rank,5,10.0,5,108,0.2777777777777778,0.17784742608174264,0.8518518518518519,0.029977957983078243,0.308411214953271,0.5794392523364486,0.9907407407407407
shuffled_domain_rank,5,11.0,1,115,0.43478260869565216,0.29714476699770814,0.8,0.022001002403253613,0.4782608695652174,0.7217391304347827,1.0
shuffled_domain_rank,5,11.0,2,108,0.37962962962962965,0.252826974476459,0.8518518518518519,0.03085021551737212,0.40186915887850466,0.5981308411214953,0.9907407407407407
shuffled_domain_rank,5,11.0,3,108,0.42592592592592593,0.3199127560402805,0.8333333333333334,0.025036608130348675,0.4766355140186916,0.6074766355140186,0.9907407407407407
shuffled_domain_rank,5,11.0,4,108,0.4074074074074074,0.30026120152702435,0.8333333333333334,0.029789868674029052,0.47619047619047616,0.6,0.9722222222222222
shuffled_domain_rank,5,11.0,5,108,0.3333333333333333,0.19603755706779222,0.8425925925925926,0.022838243983755904,0.35514018691588783,0.6261682242990654,0.9907407407407407
shuffled_domain_rank,5,12.0,1,115,0.45217391304347826,0.30962939499524866,0.7913043478260869,0.024508834614641956,0.4956521739130435,0.6956521739130435,1.0
shuffled_domain_rank,5,12.0,2,108,0.48148148148148145,0.3632335948427903,0.8611111111111112,0.02296679579806121,0.5046728971962616,0.6915887850467289,0.9907407407407407
shuffled_domain_rank,5,12.0,3,108,0.39814814814814814,0.2687119332280623,0.8240740740740741,0.02388547407315434,0.4485981308411215,0.5981308411214953,0.9907407407407407
shuffled_domain_rank,5,12.0,4,108,0.37962962962962965,0.2805982728179524,0.8055555555555556,0.027558780752215704,0.44339622641509435,0.5754716981132075,0.9814814814814815
shuffled_domain_rank,5,12.0,5,108,0.2777777777777778,0.1789316901105519,0.8518518518518519,0.02837956562301078,0.29906542056074764,0.5981308411214953,0.9907407407407407
shuffled_domain_rank,5,13.0,1,115,0.45217391304347826,0.30232313761725527,0.782608695652174,0.02229607050792111,0.48695652173913045,0.7043478260869566,1.0
shuffled_domain_rank,5,13.0,2,108,0.4074074074074074,0.2614928221724338,0.8518518518518519,0.028128060801755606,0.4205607476635514,0.6261682242990654,0.9907407407407407
shuffled_domain_rank,5,13.0,3,108,0.4074074074074074,0.2777659754879044,0.8148148148148148,0.025495028087673878,0.4537037037037037,0.5833333333333334,1.0
shuffled_domain_rank,5,13.0,4,108,0.4166666666666667,0.30513270428434797,0.8055555555555556,0.028808280588687545,0.4811320754716981,0.5754716981132075,0.9814814814814815
shuffled_domain_rank,5,13.0,5,108,0.3055555555555556,0.18788969417031956,0.8148148148148148,0.02833931871851663,0.32710280373831774,0.5981308411214953,0.9907407407407407
shuffled_domain_rank,5,14.0,1,115,0.4434782608695652,0.28580588517079925,0.8,0.02233337796967139,0.48695652173913045,0.6956521739130435,1.0
shuffled_domain_rank,5,14.0,2,108,0.4166666666666667,0.2529707295762342,0.8518518518518519,0.02703456327458609,0.4392523364485981,0.6542056074766355,0.9907407407407407
shuffled_domain_rank,5,14.0,3,108,0.3888888888888889,0.26111855624050745,0.8148148148148148,0.027375378988528418,0.4392523364485981,0.5887850467289719,0.9907407407407407
shuffled_domain_rank,5,14.0,4,108,0.37037037037037035,0.27654697548314566,0.8333333333333334,0.01958609776482022,0.44339622641509435,0.6037735849056604,0.9814814814814815
shuffled_domain_rank,5,14.0,5,108,0.28703703703703703,0.18825543923479435,0.8240740740740741,0.034938171009751426,0.308411214953271,0.5607476635514018,0.9907407407407407
shuffled_domain_rank,5,15.0,1,115,0.4260869565217391,0.2552679776363987,0.7739130434782608,0.025294627116271808,0.4608695652173913,0.6695652173913044,1.0
shuffled_domain_rank,5,15.0,2,108,0.46296296296296297,0.32341145444593716,0.8425925925925926,0.02301502382869274,0.4766355140186916,0.6635514018691588,0.9907407407407407
shuffled_domain_rank,5,15.0,3,108,0.42592592592592593,0.31320650650284615,0.8333333333333334,0.026646005413413693,0.4766355140186916,0.5794392523364486,0.9907407407407407
shuffled_domain_rank,5,15.0,4,108,0.39814814814814814,0.29861216111216116,0.8333333333333334,0.03083844274004878,0.46226415094339623,0.5660377358490566,0.9814814814814815
shuffled_domain_rank,5,15.0,5,108,0.32407407407407407,0.1925669909540877,0.8333333333333334,0.030622719858325202,0.35514018691588783,0.6074766355140186,0.9907407407407407
shuffled_domain_rank,5,16.0,1,115,0.4434782608695652,0.29063530404110116,0.7652173913043478,0.022355034838755356,0.48695652173913045,0.6956521739130435,1.0
shuffled_domain_rank,5,16.0,2,108,0.4351851851851852,0.26726746773475746,0.8703703703703703,0.02527938916492995,0.45794392523364486,0.6635514018691588,0.9907407407407407
shuffled_domain_rank,5,16.0,3,108,0.37962962962962965,0.24876010774824242,0.8148148148148148,0.025241645458676038,0.4339622641509434,0.5471698113207547,0.9814814814814815
shuffled_domain_rank,5,16.0,4,108,0.3888888888888889,0.2881108381108381,0.8333333333333334,0.02673681879075925,0.47115384615384615,0.5769230769230769,0.9629629629629629
shuffled_domain_rank,5,16.0,5,108,0.2962962962962963,0.17373737373737375,0.8148148148148148,0.02866666942471405,0.32710280373831774,0.5981308411214953,0.9907407407407407
shuffled_domain_rank,5,17.0,1,115,0.45217391304347826,0.30391725133104447,0.7739130434782608,0.02201948583166662,0.4956521739130435,0.7304347826086957,1.0
shuffled_domain_rank,5,17.0,2,108,0.3888888888888889,0.2737291164120432,0.8518518518518519,0.030686732483834238,0.411214953271028,0.5981308411214953,0.9907407407407407
shuffled_domain_rank,5,17.0,3,108,0.4351851851851852,0.275778653842453,0.8055555555555556,0.019039330498480462,0.48148148148148145,0.6203703703703703,1.0
shuffled_domain_rank,5,17.0,4,108,0.4074074074074074,0.3046264446264446,0.8148148148148148,0.02075158354800622,0.49056603773584906,0.6132075471698113,0.9814814814814815
shuffled_domain_rank,5,17.0,5,108,0.35185185185185186,0.21638067070613953,0.8518518518518519,0.026267524033947637,0.38317757009345793,0.6355140186915887,0.9907407407407407
shuffled_domain_rank,5,18.0,1,115,0.45217391304347826,0.30985552115583076,0.7739130434782608,0.020770417955263774,0.4956521739130435,0.7304347826086957,1.0
shuffled_domain_rank,5,18.0,2,108,0.4166666666666667,0.31340514657986107,0.8333333333333334,0.030597463652756587,0.42990654205607476,0.6074766355140186,0.9907407407407407
shuffled_domain_rank,5,18.0,3,108,0.4351851851851852,0.286456554166382,0.8333333333333334,0.024517787942717275,0.48598130841121495,0.5887850467289719,0.9907407407407407
shuffled_domain_rank,5,18.0,4,108,0.4166666666666667,0.310116640704876,0.8611111111111112,0.02734250752564945,0.4716981132075472,0.6037735849056604,0.9814814814814815
shuffled_domain_rank,5,18.0,5,108,0.3148148148148148,0.17927225471085118,0.8425925925925926,0.030827980650735397,0.3364485981308411,0.616822429906542,0.9907407407407407
shuffled_domain_rank,5,19.0,1,115,0.45217391304347826,0.29771391945305,0.8,0.022011248758087628,0.4956521739130435,0.7043478260869566,1.0
shuffled_domain_rank,5,19.0,2,108,0.39814814814814814,0.2861629788459057,0.8703703703703703,0.03200300470272993,0.4205607476635514,0.5887850467289719,0.9907407407407407
shuffled_domain_rank,5,19.0,3,108,0.4074074074074074,0.2636976977097039,0.8333333333333334,0.025658947585571124,0.46226415094339623,0.5943396226415094,0.9814814814814815
shuffled_domain_rank,5,19.0,4,108,0.37962962962962965,0.2793374411979063,0.8240740740740741,0.022531193691099637,0.4339622641509434,0.5566037735849056,0.9814814814814815
shuffled_domain_rank,5,19.0,5,108,0.2962962962962963,0.17324323616458448,0.8425925925925926,0.028082165284696085,0.32710280373831774,0.6074766355140186,0.9907407407407407
shuffled_domain_rank,5,20.0,1,115,0.4260869565217391,0.2814376131617511,0.7739130434782608,0.02245833650159951,0.46956521739130436,0.6956521739130435,1.0
shuffled_domain_rank,5,20.0,2,108,0.4444444444444444,0.31474011605590557,0.8240740740740741,0.02440366377415791,0.45794392523364486,0.6448598130841121,0.9907407407407407
shuffled_domain_rank,5,20.0,3,108,0.3888888888888889,0.24914033938348842,0.8518518518518519,0.027185653402725267,0.4392523364485981,0.5887850467289719,0.9907407407407407
shuffled_domain_rank,5,20.0,4,108,0.4074074074074074,0.29426075067644525,0.8425925925925926,0.028814344937653197,0.4716981132075472,0.5660377358490566,0.9814814814814815
shuffled_domain_rank,5,20.0,5,108,0.3055555555555556,0.19239560271552014,0.8333333333333334,0.02949064247615092,0.32710280373831774,0.5981308411214953,0.9907407407407407
shuffled_domain_rank,5,21.0,1,115,0.4260869565217391,0.2781892218166728,0.7739130434782608,0.023296095225299775,0.46956521739130436,0.6782608695652174,1.0
shuffled_domain_rank,5,21.0,2,108,0.4351851851851852,0.31752083090825484,0.8425925925925926,0.031243080653808052,0.4485981308411215,0.6448598130841121,0.9907407407407407
shuffled_domain_rank,5,21.0,3,108,0.3425925925925926,0.22429962013295346,0.8240740740740741,0.026414638441001722,0.3888888888888889,0.5092592592592593,1.0
shuffled_domain_rank,5,21.0,4,108,0.4166666666666667,0.30365079365079367,0.8333333333333334,0.028079310289241453,0.49056603773584906,0.5754716981132075,0.9814814814814815
shuffled_domain_rank,5,21.0,5,108,0.3611111111111111,0.21391643114489556,0.8425925925925926,0.023203207828971204,0.38317757009345793,0.6448598130841121,0.9907407407407407
shuffled_domain_rank,5,22.0,1,115,0.4782608695652174,0.32572169797454215,0.7652173913043478,0.021389302345827484,0.5217391304347826,0.7217391304347827,1.0
shuffled_domain_rank,5,22.0,2,108,0.4722222222222222,0.3275038585383413,0.8333333333333334,0.023873121193438963,0.48598130841121495,0.6542056074766355,0.9907407407407407
shuffled_domain_rank,5,22.0,3,108,0.4351851851851852,0.2935891660662868,0.8333333333333334,0.018433493883239525,0.48598130841121495,0.6542056074766355,0.9907407407407407
shuffled_domain_rank,5,22.0,4,108,0.4074074074074074,0.3054903398152826,0.8611111111111112,0.02350906195330394,0.4672897196261682,0.5794392523364486,0.9907407407407407
shuffled_domain_rank,5,22.0,5,108,0.32407407407407407,0.20011291779584464,0.8425925925925926,0.02822533094630073,0.3490566037735849,0.6037735849056604,0.9814814814814815
shuffled_domain_rank,5,23.0,1,115,0.4608695652173913,0.3018489351822686,0.7652173913043478,0.023303819977528034,0.5043478260869565,0.6956521739130435,1.0
shuffled_domain_rank,5,23.0,2,108,0.4074074074074074,0.24679441346108014,0.8333333333333334,0.030919133182172157,0.42990654205607476,0.6448598130841121,0.9907407407407407
shuffled_domain_rank,5,23.0,3,108,0.42592592592592593,0.3227336910689151,0.8333333333333334,0.0262031225128743,0.45794392523364486,0.5887850467289719,0.9907407407407407
shuffled_domain_rank,5,23.0,4,108,0.37962962962962965,0.27943736926295065,0.8333333333333334,0.022183668613096084,0.4528301886792453,0.5754716981132075,0.9814814814814815
shuffled_domain_rank,5,23.0,5,108,0.3055555555555556,0.19176200908795846,0.8240740740740741,0.027159986691162378,0.32710280373831774,0.5887850467289719,0.9907407407407407
shuffled_domain_rank,5,24.0,1,115,0.41739130434782606,0.26785714285714285,0.7478260869565218,0.021970316887039598,0.4608695652173913,0.6782608695652174,1.0
shuffled_domain_rank,5,24.0,2,108,0.4166666666666667,0.3449237977943684,0.8703703703703703,0.030267133902775443,0.42990654205607476,0.5981308411214953,0.9907407407407407
shuffled_domain_rank,5,24.0,3,108,0.42592592592592593,0.2810288865713872,0.8333333333333334,0.02354940232547664,0.4716981132075472,0.6037735849056604,0.9814814814814815
shuffled_domain_rank,5,24.0,4,108,0.4166666666666667,0.31062493189495477,0.8425925925925926,0.022390744521191313,0.4716981132075472,0.5660377358490566,0.9814814814814815
shuffled_domain_rank,5,24.0,5,108,0.28703703703703703,0.17642773824342203,0.8518518518518519,0.0272211079092645,0.3177570093457944,0.5607476635514018,0.9907407407407407
shuffled_domain_rank,5,25.0,1,115,0.43478260869565216,0.2851360732252855,0.7652173913043478,0.021836430055794935,0.4782608695652174,0.6869565217391305,1.0
shuffled_domain_rank,5,25.0,2,108,0.4351851851851852,0.3230904756178336,0.8240740740740741,0.029603686803158946,0.4485981308411215,0.6074766355140186,0.9907407407407407
shuffled_domain_rank,5,25.0,3,108,0.3888888888888889,0.25362874460260687,0.8055555555555556,0.02531424547466787,0.4392523364485981,0.5607476635514018,0.9907407407407407
shuffled_domain_rank,5,25.0,4,108,0.46296296296296297,0.3418207546114522,0.8796296296296297,0.02552483847747068,0.5233644859813084,0.616822429906542,0.9907407407407407
shuffled_domain_rank,5,25.0,5,108,0.3425925925925926,0.19093483576455714,0.8148148148148148,0.027294549568452856,0.3644859813084112,0.6074766355140186,0.9907407407407407
shuffled_domain_rank,5,26.0,1,115,0.43478260869565216,0.299016480595428,0.782608695652174,0.022278450646637044,0.4782608695652174,0.7217391304347827,1.0
shuffled_domain_rank,5,26.0,2,108,0.42592592592592593,0.2937784961369867,0.8148148148148148,0.026117941122949895,0.4392523364485981,0.6261682242990654,0.9907407407407407
shuffled_domain_rank,5,26.0,3,108,0.3888888888888889,0.29689288261154334,0.8148148148148148,0.02838712104249071,0.44761904761904764,0.5523809523809524,0.9722222222222222
shuffled_domain_rank,5,26.0,4,108,0.4074074074074074,0.30604602945028475,0.8425925925925926,0.028654977083698064,0.45794392523364486,0.5514018691588785,0.9907407407407407
shuffled_domain_rank,5,26.0,5,108,0.32407407407407407,0.20194278854701098,0.8240740740740741,0.0288592057979596,0.35514018691588783,0.5981308411214953,0.9907407407407407
shuffled_domain_rank,5,27.0,1,115,0.45217391304347826,0.30542417417417417,0.7565217391304347,0.022623239817538925,0.4956521739130435,0.7043478260869566,1.0
shuffled_domain_rank,5,27.0,2,108,0.42592592592592593,0.3041542399052393,0.8518518518518519,0.028300131902614805,0.4485981308411215,0.6261682242990654,0.9907407407407407
shuffled_domain_rank,5,27.0,3,108,0.4074074074074074,0.2778410151939564,0.8333333333333334,0.021340456753735665,0.4528301886792453,0.5849056603773585,0.9814814814814815
shuffled_domain_rank,5,27.0,4,108,0.3888888888888889,0.2896294688088001,0.8333333333333334,0.030069288027302944,0.4528301886792453,0.5471698113207547,0.9814814814814815
shuffled_domain_rank,5,27.0,5,108,0.32407407407407407,0.2024623405631308,0.8333333333333334,0.024769761995823963,0.35514018691588783,0.6074766355140186,0.9907407407407407
shuffled_domain_rank,5,28.0,1,115,0.43478260869565216,0.28872280701189257,0.7739130434782608,0.0229261014366534,0.4782608695652174,0.6869565217391305,1.0
shuffled_domain_rank,5,28.0,2,108,0.49074074074074076,0.35588700522917177,0.8796296296296297,0.018579693287331684,0.5046728971962616,0.6728971962616822,0.9907407407407407
shuffled_domain_rank,5,28.0,3,108,0.3333333333333333,0.22571872571872573,0.8240740740740741,0.03012067032310169,0.3867924528301887,0.5094339622641509,0.9814814814814815
shuffled_domain_rank,5,28.0,4,108,0.3611111111111111,0.276672499663481,0.8518518518518519,0.029151042489719208,0.4380952380952381,0.5619047619047619,0.9722222222222222
shuffled_domain_rank,5,28.0,5,108,0.3148148148148148,0.19368642273652034,0.8333333333333334,0.03462418180256056,0.3364485981308411,0.5887850467289719,0.9907407407407407
shuffled_domain_rank,5,29.0,1,115,0.4434782608695652,0.2925159398843609,0.7565217391304347,0.023356957065946142,0.4782608695652174,0.6869565217391305,1.0
shuffled_domain_rank,5,29.0,2,108,0.48148148148148145,0.34419356968376574,0.8611111111111112,0.020075459016171485,0.4953271028037383,0.6822429906542056,0.9907407407407407
shuffled_domain_rank,5,29.0,3,108,0.39814814814814814,0.2940133864628713,0.8425925925925926,0.022329013070880335,0.4485981308411215,0.5607476635514018,0.9907407407407407
shuffled_domain_rank,5,29.0,4,108,0.4444444444444444,0.3333490563265699,0.8425925925925926,0.015499434754896294,0.5188679245283019,0.6320754716981132,0.9814814814814815
shuffled_domain_rank,5,29.0,5,108,0.3333333333333333,0.19211176088369072,0.8333333333333334,0.036697488852927215,0.3644859813084112,0.5981308411214953,0.9907407407407407
baseline_stats,88,,1,115,0.46956521739130436,0.32673536224938093,0.7913043478260869,0.02078604909338711,0.5043478260869565,0.7043478260869566,1.0
baseline_stats,88,,2,108,0.5740740740740741,0.3790401107474279,0.8611111111111112,0.013131697388903402,0.5981308411214953,0.7289719626168224,0.9907407407407407
baseline_stats,88,,3,108,0.3333333333333333,0.21800404829032025,0.7962962962962963,0.036051538946801624,0.36792452830188677,0.5283018867924528,0.9814814814814815
baseline_stats,88,,4,108,0.37037037037037035,0.2780707685521817,0.8148148148148148,0.03097749328872766,0.41509433962264153,0.6132075471698113,0.9814814814814815
baseline_stats,88,,5,108,0.3425925925925926,0.22513273193273786,0.7962962962962963,0.026920485168102803,0.3867924528301887,0.6320754716981132,0.9814814814814815
real_domain_rank,88,,1,115,0.4956521739130435,0.3500280184490711,0.8,0.020474359741625207,0.5304347826086957,0.7217391304347827,1.0
real_domain_rank,88,,2,108,0.5555555555555556,0.3662640553729662,0.8796296296296297,0.012503402282868014,0.5887850467289719,0.7383177570093458,0.9907407407407407
real_domain_rank,88,,3,108,0.3333333333333333,0.2233978439860793,0.8148148148148148,0.03128146889515855,0.3584905660377358,0.5377358490566038,0.9814814814814815
real_domain_rank,88,,4,108,0.4166666666666667,0.30733405041850576,0.8425925925925926,0.03245545190413415,0.4537037037037037,0.6111111111111112,1.0
real_domain_rank,88,,5,108,0.3425925925925926,0.21723737804300466,0.7870370370370371,0.02898522529596069,0.37735849056603776,0.6132075471698113,0.9814814814814815
shuffled_domain_rank,88,0.0,1,115,0.4,0.25627610693400166,0.7913043478260869,0.023995738427875942,0.43478260869565216,0.6347826086956522,1.0
shuffled_domain_rank,88,0.0,2,108,0.5462962962962963,0.3279031132207176,0.8611111111111112,0.014757976473560589,0.5700934579439252,0.719626168224299,0.9907407407407407
shuffled_domain_rank,88,0.0,3,108,0.3425925925925926,0.22380967073427852,0.7870370370370371,0.031820056424808875,0.36792452830188677,0.49056603773584906,0.9814814814814815
shuffled_domain_rank,88,0.0,4,108,0.42592592592592593,0.31630060292851,0.8055555555555556,0.03244157539170951,0.45794392523364486,0.616822429906542,0.9907407407407407
shuffled_domain_rank,88,0.0,5,108,0.3611111111111111,0.22867514885967868,0.7962962962962963,0.02607805885823366,0.39814814814814814,0.6388888888888888,1.0
shuffled_domain_rank,88,1.0,1,115,0.4260869565217391,0.2716737162124825,0.8,0.021940967530574215,0.46956521739130436,0.6695652173913044,1.0
shuffled_domain_rank,88,1.0,2,108,0.5277777777777778,0.32273914295616185,0.8703703703703703,0.018448402668253684,0.5514018691588785,0.6822429906542056,0.9907407407407407
shuffled_domain_rank,88,1.0,3,108,0.3611111111111111,0.24498715761936876,0.8240740740740741,0.03535591475520307,0.39622641509433965,0.5188679245283019,0.9814814814814815
shuffled_domain_rank,88,1.0,4,108,0.4074074074074074,0.29944135178150616,0.8425925925925926,0.029476670027059566,0.4444444444444444,0.5925925925925926,1.0
shuffled_domain_rank,88,1.0,5,108,0.3425925925925926,0.21738177182285087,0.7777777777777778,0.028691142812846293,0.3867924528301887,0.6132075471698113,0.9814814814814815
shuffled_domain_rank,88,2.0,1,115,0.43478260869565216,0.294949259604432,0.7913043478260869,0.02225973208626343,0.46956521739130436,0.6695652173913044,1.0
shuffled_domain_rank,88,2.0,2,108,0.5462962962962963,0.3249065391922535,0.8518518518518519,0.01507829307345952,0.5794392523364486,0.7009345794392523,0.9907407407407407
shuffled_domain_rank,88,2.0,3,108,0.35185185185185186,0.22435167615433269,0.8055555555555556,0.031137896886723564,0.3867924528301887,0.5188679245283019,0.9814814814814815
shuffled_domain_rank,88,2.0,4,108,0.4074074074074074,0.30355100994635875,0.8425925925925926,0.03036779575774052,0.4485981308411215,0.6355140186915887,0.9907407407407407
shuffled_domain_rank,88,2.0,5,108,0.35185185185185186,0.24156844824284976,0.7685185185185185,0.028974269556194854,0.38317757009345793,0.616822429906542,0.9907407407407407
shuffled_domain_rank,88,3.0,1,115,0.46956521739130436,0.3190338664022874,0.7391304347826086,0.021510866662605717,0.5043478260869565,0.7043478260869566,1.0
shuffled_domain_rank,88,3.0,2,108,0.5555555555555556,0.3646837976209793,0.8240740740740741,0.015341373698396764,0.5887850467289719,0.7102803738317757,0.9907407407407407
shuffled_domain_rank,88,3.0,3,108,0.37962962962962965,0.2557967929615439,0.7962962962962963,0.031685564736617745,0.41509433962264153,0.5566037735849056,0.9814814814814815
shuffled_domain_rank,88,3.0,4,108,0.37037037037037035,0.27119498270081516,0.8425925925925926,0.034589145554848044,0.411214953271028,0.5981308411214953,0.9907407407407407
shuffled_domain_rank,88,3.0,5,108,0.3611111111111111,0.2329050762219079,0.7592592592592593,0.028908530127508273,0.3888888888888889,0.6111111111111112,1.0
shuffled_domain_rank,88,4.0,1,115,0.4608695652173913,0.3140454726476232,0.7478260869565218,0.02387276418501976,0.4956521739130435,0.6695652173913044,1.0
shuffled_domain_rank,88,4.0,2,108,0.5277777777777778,0.31643259744357183,0.8425925925925926,0.017049692147396475,0.5607476635514018,0.7009345794392523,0.9907407407407407
shuffled_domain_rank,88,4.0,3,108,0.39814814814814814,0.26285235024242254,0.8240740740740741,0.03400052423911476,0.44339622641509435,0.5660377358490566,0.9814814814814815
shuffled_domain_rank,88,4.0,4,108,0.37962962962962965,0.2806188175753393,0.8148148148148148,0.03263631975883655,0.4166666666666667,0.6111111111111112,1.0
shuffled_domain_rank,88,4.0,5,108,0.3611111111111111,0.24512724559052632,0.7870370370370371,0.027610446747305766,0.3888888888888889,0.6296296296296297,1.0
shuffled_domain_rank,88,5.0,1,115,0.4434782608695652,0.2940417833800187,0.7652173913043478,0.021952136955910317,0.4782608695652174,0.6869565217391305,1.0
shuffled_domain_rank,88,5.0,2,108,0.5925925925925926,0.3641829567572142,0.8703703703703703,0.011414086680418585,0.6261682242990654,0.7570093457943925,0.9907407407407407
shuffled_domain_rank,88,5.0,3,108,0.37962962962962965,0.25008869179600884,0.8148148148148148,0.030369237950056558,0.42452830188679247,0.5283018867924528,0.9814814814814815
shuffled_domain_rank,88,5.0,4,108,0.3888888888888889,0.28409995619297945,0.7777777777777778,0.028424806562463937,0.42592592592592593,0.6111111111111112,1.0
shuffled_domain_rank,88,5.0,5,108,0.37962962962962965,0.24715403916434844,0.8333333333333334,0.024516087484199492,0.4205607476635514,0.6542056074766355,0.9907407407407407
shuffled_domain_rank,88,6.0,1,115,0.4260869565217391,0.2838708724673637,0.7652173913043478,0.022393421801776378,0.4608695652173913,0.6608695652173913,1.0
shuffled_domain_rank,88,6.0,2,108,0.5462962962962963,0.3325142558215486,0.8518518518518519,0.012917589422447575,0.5700934579439252,0.6915887850467289,0.9907407407407407
shuffled_domain_rank,88,6.0,3,108,0.3333333333333333,0.22591991341991344,0.7962962962962963,0.037112676330611924,0.3584905660377358,0.4716981132075472,0.9814814814814815
shuffled_domain_rank,88,6.0,4,108,0.3888888888888889,0.2878133494412564,0.8796296296296297,0.030101072896283318,0.42592592592592593,0.6018518518518519,1.0
shuffled_domain_rank,88,6.0,5,108,0.35185185185185186,0.23021323634288973,0.7592592592592593,0.028115820239819168,0.3867924528301887,0.6226415094339622,0.9814814814814815
shuffled_domain_rank,88,7.0,1,115,0.43478260869565216,0.29159878353426744,0.7565217391304347,0.024818319683527112,0.46956521739130436,0.6521739130434783,1.0
shuffled_domain_rank,88,7.0,2,108,0.5740740740740741,0.3841958465806195,0.8425925925925926,0.012657769683666036,0.6074766355140186,0.7289719626168224,0.9907407407407407
shuffled_domain_rank,88,7.0,3,108,0.3333333333333333,0.22754645119869843,0.8148148148148148,0.03629012431690299,0.36792452830188677,0.5,0.9814814814814815
shuffled_domain_rank,88,7.0,4,108,0.3888888888888889,0.2910618924572413,0.8425925925925926,0.03236687697823025,0.42592592592592593,0.6018518518518519,1.0
shuffled_domain_rank,88,7.0,5,108,0.37037037037037035,0.23669262754613987,0.8055555555555556,0.02800306513196792,0.41509433962264153,0.6415094339622641,0.9814814814814815
shuffled_domain_rank,88,8.0,1,115,0.4608695652173913,0.3200448432303271,0.7739130434782608,0.021826566173064468,0.4956521739130435,0.6869565217391305,1.0
shuffled_domain_rank,88,8.0,2,108,0.5648148148148148,0.37280072024296446,0.8425925925925926,0.013811424707160763,0.5887850467289719,0.719626168224299,0.9907407407407407
shuffled_domain_rank,88,8.0,3,108,0.35185185185185186,0.24648306943121154,0.7870370370370371,0.02894678603659686,0.37735849056603776,0.5188679245283019,0.9814814814814815
shuffled_domain_rank,88,8.0,4,108,0.4074074074074074,0.2987809273956898,0.8611111111111112,0.03265166052050346,0.4444444444444444,0.6018518518518519,1.0
shuffled_domain_rank,88,8.0,5,108,0.35185185185185186,0.2324419139636531,0.8055555555555556,0.02777310403820491,0.38317757009345793,0.5981308411214953,0.9907407407407407
shuffled_domain_rank,88,9.0,1,115,0.48695652173913045,0.34151090887333774,0.7652173913043478,0.02081858055483827,0.5217391304347826,0.7043478260869566,1.0
shuffled_domain_rank,88,9.0,2,108,0.5648148148148148,0.36815953227697856,0.8703703703703703,0.013097829390861722,0.5981308411214953,0.7383177570093458,0.9907407407407407
shuffled_domain_rank,88,9.0,3,108,0.3148148148148148,0.21040144452842865,0.8240740740740741,0.034028496092305065,0.33962264150943394,0.4716981132075472,0.9814814814814815
shuffled_domain_rank,88,9.0,4,108,0.37037037037037035,0.27196785928468237,0.8333333333333334,0.032240262686716835,0.4205607476635514,0.616822429906542,0.9907407407407407
shuffled_domain_rank,88,9.0,5,108,0.35185185185185186,0.23417470596008982,0.8148148148148148,0.02764487531212365,0.3888888888888889,0.6296296296296297,1.0
shuffled_domain_rank,88,10.0,1,115,0.43478260869565216,0.2868771814820565,0.8,0.0232202664332052,0.46956521739130436,0.6695652173913044,1.0
shuffled_domain_rank,88,10.0,2,108,0.48148148148148145,0.31180091381704284,0.8425925925925926,0.024338516928147695,0.514018691588785,0.6448598130841121,0.9907407407407407
shuffled_domain_rank,88,10.0,3,108,0.3611111111111111,0.23769509403073882,0.7870370370370371,0.028581596166923896,0.4056603773584906,0.5377358490566038,0.9814814814814815
shuffled_domain_rank,88,10.0,4,108,0.3888888888888889,0.2857959899055789,0.8240740740740741,0.03180912285382928,0.42592592592592593,0.5833333333333334,1.0
shuffled_domain_rank,88,10.0,5,108,0.37037037037037035,0.2467733193460967,0.8240740740740741,0.02282463897995434,0.411214953271028,0.6728971962616822,0.9907407407407407
shuffled_domain_rank,88,11.0,1,115,0.46956521739130436,0.32042920752598175,0.7478260869565218,0.023202425712018235,0.5130434782608696,0.6869565217391305,1.0
shuffled_domain_rank,88,11.0,2,108,0.5092592592592593,0.31447419960005774,0.8611111111111112,0.021716095977741937,0.5327102803738317,0.6728971962616822,0.9907407407407407
shuffled_domain_rank,88,11.0,3,108,0.37962962962962965,0.2642564002345124,0.8055555555555556,0.034716605959066095,0.41509433962264153,0.5566037735849056,0.9814814814814815
shuffled_domain_rank,88,11.0,4,108,0.3888888888888889,0.29415714415714417,0.8518518518518519,0.028952841108309202,0.42990654205607476,0.616822429906542,0.9907407407407407
shuffled_domain_rank,88,11.0,5,108,0.37037037037037035,0.24474626000990482,0.8148148148148148,0.027457345676490014,0.39814814814814814,0.6388888888888888,1.0
shuffled_domain_rank,88,12.0,1,115,0.43478260869565216,0.297265507377296,0.782608695652174,0.022964246939241508,0.4782608695652174,0.6782608695652174,1.0
shuffled_domain_rank,88,12.0,2,108,0.5277777777777778,0.316214857391328,0.8518518518518519,0.015920035621158825,0.5607476635514018,0.6915887850467289,0.9907407407407407
shuffled_domain_rank,88,12.0,3,108,0.3148148148148148,0.21136849261849264,0.7777777777777778,0.03312216853499291,0.33962264150943394,0.49056603773584906,0.9814814814814815
shuffled_domain_rank,88,12.0,4,108,0.3888888888888889,0.28996544105142036,0.8425925925925926,0.033650224195772904,0.4339622641509434,0.5943396226415094,0.9814814814814815
shuffled_domain_rank,88,12.0,5,108,0.3888888888888889,0.2667120992702388,0.8148148148148148,0.02755649133783349,0.42592592592592593,0.6203703703703703,1.0
shuffled_domain_rank,88,13.0,1,115,0.43478260869565216,0.2932529303497045,0.7652173913043478,0.02212045980937837,0.46956521739130436,0.6608695652173913,1.0
shuffled_domain_rank,88,13.0,2,108,0.5462962962962963,0.3274677392324451,0.8518518518518519,0.01375809251447674,0.5794392523364486,0.7289719626168224,0.9907407407407407
shuffled_domain_rank,88,13.0,3,108,0.35185185185185186,0.23513786609917786,0.8055555555555556,0.028131661537782064,0.39622641509433965,0.5377358490566038,0.9814814814814815
shuffled_domain_rank,88,13.0,4,108,0.4166666666666667,0.29725113387904084,0.8148148148148148,0.0312994666172909,0.46296296296296297,0.6388888888888888,1.0
shuffled_domain_rank,88,13.0,5,108,0.3055555555555556,0.1964487375978059,0.7685185185185185,0.026096431752501693,0.3333333333333333,0.6018518518518519,1.0
shuffled_domain_rank,88,14.0,1,115,0.4434782608695652,0.3027398023698704,0.782608695652174,0.024152745165965033,0.4782608695652174,0.6695652173913044,1.0
shuffled_domain_rank,88,14.0,2,108,0.5092592592592593,0.30370117212222475,0.8425925925925926,0.018757974903965295,0.5420560747663551,0.6822429906542056,0.9907407407407407
shuffled_domain_rank,88,14.0,3,108,0.3148148148148148,0.20334611188269724,0.7962962962962963,0.03508833337434705,0.3584905660377358,0.5,0.9814814814814815
shuffled_domain_rank,88,14.0,4,108,0.4166666666666667,0.3098874590391027,0.8055555555555556,0.026550594234337543,0.4537037037037037,0.6388888888888888,1.0
shuffled_domain_rank,88,14.0,5,108,0.37962962962962965,0.23950098814229248,0.7870370370370371,0.025424113599622197,0.411214953271028,0.6542056074766355,0.9907407407407407
shuffled_domain_rank,88,15.0,1,115,0.4434782608695652,0.3007309016504141,0.782608695652174,0.021939134166531826,0.4782608695652174,0.6695652173913044,1.0
shuffled_domain_rank,88,15.0,2,108,0.5555555555555556,0.3333216045038705,0.8703703703703703,0.012967772002353623,0.5887850467289719,0.719626168224299,0.9907407407407407
shuffled_domain_rank,88,15.0,3,108,0.3611111111111111,0.23590890947669166,0.7962962962962963,0.029889897282102656,0.3867924528301887,0.4811320754716981,0.9814814814814815
shuffled_domain_rank,88,15.0,4,108,0.37962962962962965,0.2808786255816262,0.8425925925925926,0.029571573245527987,0.42592592592592593,0.6018518518518519,1.0
shuffled_domain_rank,88,15.0,5,108,0.3333333333333333,0.22273842678823785,0.8148148148148148,0.02857075872375348,0.3644859813084112,0.616822429906542,0.9907407407407407
shuffled_domain_rank,88,16.0,1,115,0.4608695652173913,0.3088005632360471,0.8,0.02461421614916799,0.4956521739130435,0.6869565217391305,1.0
shuffled_domain_rank,88,16.0,2,108,0.5370370370370371,0.318722577469051,0.8611111111111112,0.013312136876617139,0.5700934579439252,0.7009345794392523,0.9907407407407407
shuffled_domain_rank,88,16.0,3,108,0.3888888888888889,0.257425949461584,0.8333333333333334,0.02733134321760063,0.4339622641509434,0.5471698113207547,0.9814814814814815
shuffled_domain_rank,88,16.0,4,108,0.3611111111111111,0.27167651210204397,0.8425925925925926,0.03323255359605196,0.39814814814814814,0.5925925925925926,1.0
shuffled_domain_rank,88,16.0,5,108,0.3425925925925926,0.22191878170139037,0.7870370370370371,0.027095072084969744,0.38317757009345793,0.6261682242990654,0.9907407407407407
shuffled_domain_rank,88,17.0,1,115,0.4434782608695652,0.29281962118970106,0.7739130434782608,0.023275874705735677,0.48695652173913045,0.6782608695652174,1.0
shuffled_domain_rank,88,17.0,2,108,0.5555555555555556,0.3680701754385965,0.8333333333333334,0.012759686036926779,0.5887850467289719,0.7289719626168224,0.9907407407407407
shuffled_domain_rank,88,17.0,3,108,0.3425925925925926,0.22636938490597025,0.7777777777777778,0.03403831713900192,0.36792452830188677,0.5188679245283019,0.9814814814814815
shuffled_domain_rank,88,17.0,4,108,0.3611111111111111,0.2667505467760326,0.8148148148148148,0.034407097992613885,0.3925233644859813,0.5700934579439252,0.9907407407407407
shuffled_domain_rank,88,17.0,5,108,0.3425925925925926,0.21712962962962964,0.7777777777777778,0.027020068331082264,0.37962962962962965,0.6018518518518519,1.0
shuffled_domain_rank,88,18.0,1,115,0.45217391304347826,0.30402948686397185,0.7739130434782608,0.02447224386716902,0.48695652173913045,0.6608695652173913,1.0
shuffled_domain_rank,88,18.0,2,108,0.46296296296296297,0.2857363962202672,0.8518518518518519,0.024715011336073588,0.4953271028037383,0.6355140186915887,0.9907407407407407
shuffled_domain_rank,88,18.0,3,108,0.3148148148148148,0.20674617407938786,0.8055555555555556,0.03905545704294387,0.3584905660377358,0.4811320754716981,0.9814814814814815
shuffled_domain_rank,88,18.0,4,108,0.3888888888888889,0.2861315716365095,0.8240740740740741,0.03217683920597458,0.42592592592592593,0.6018518518518519,1.0
shuffled_domain_rank,88,18.0,5,108,0.3611111111111111,0.23269561557605037,0.8055555555555556,0.026780922896569206,0.39622641509433965,0.6415094339622641,0.9814814814814815
shuffled_domain_rank,88,19.0,1,115,0.4434782608695652,0.301797385620915,0.782608695652174,0.022126767049351348,0.48695652173913045,0.6869565217391305,1.0
shuffled_domain_rank,88,19.0,2,108,0.5370370370370371,0.32145522423144096,0.8518518518518519,0.015597691094346179,0.5700934579439252,0.6915887850467289,0.9907407407407407
shuffled_domain_rank,88,19.0,3,108,0.3611111111111111,0.2470779220779221,0.8055555555555556,0.02916891471530493,0.3867924528301887,0.5188679245283019,0.9814814814814815
shuffled_domain_rank,88,19.0,4,108,0.4166666666666667,0.2996658312447786,0.8333333333333334,0.03136903299113099,0.45794392523364486,0.6261682242990654,0.9907407407407407
shuffled_domain_rank,88,19.0,5,108,0.3425925925925926,0.21024934521612262,0.7870370370370371,0.027249866372761868,0.37735849056603776,0.6415094339622641,0.9814814814814815
shuffled_domain_rank,88,20.0,1,115,0.4434782608695652,0.297163439098923,0.7304347826086957,0.02210471932964913,0.4782608695652174,0.6782608695652174,1.0
shuffled_domain_rank,88,20.0,2,108,0.5370370370370371,0.3258277670042376,0.8148148148148148,0.014931682387932707,0.5607476635514018,0.7009345794392523,0.9907407407407407
shuffled_domain_rank,88,20.0,3,108,0.37037037037037035,0.24082021515862737,0.7962962962962963,0.03351513967679648,0.4056603773584906,0.5660377358490566,0.9814814814814815
shuffled_domain_rank,88,20.0,4,108,0.37962962962962965,0.28560850085220907,0.8148148148148148,0.03219739232765682,0.4205607476635514,0.616822429906542,0.9907407407407407
shuffled_domain_rank,88,20.0,5,108,0.37962962962962965,0.2522135588740584,0.8055555555555556,0.027181969423770005,0.4166666666666667,0.6388888888888888,1.0
shuffled_domain_rank,88,21.0,1,115,0.45217391304347826,0.30691018255856384,0.7565217391304347,0.022971654031420475,0.48695652173913045,0.6782608695652174,1.0
shuffled_domain_rank,88,21.0,2,108,0.5648148148148148,0.3407863092073618,0.8333333333333334,0.015842055548064587,0.5981308411214953,0.719626168224299,0.9907407407407407
shuffled_domain_rank,88,21.0,3,108,0.3333333333333333,0.23120670705211768,0.7777777777777778,0.03408697497146179,0.36792452830188677,0.5188679245283019,0.9814814814814815
shuffled_domain_rank,88,21.0,4,108,0.37037037037037035,0.27246662225954993,0.8333333333333334,0.032103449754325115,0.4166666666666667,0.6203703703703703,1.0
shuffled_domain_rank,88,21.0,5,108,0.39814814814814814,0.25869116358838506,0.7870370370370371,0.024617608958899386,0.42592592592592593,0.6481481481481481,1.0
shuffled_domain_rank,88,22.0,1,115,0.43478260869565216,0.28637566137566134,0.7739130434782608,0.023000249820175577,0.46956521739130436,0.6695652173913044,1.0
shuffled_domain_rank,88,22.0,2,108,0.5370370370370371,0.3573152014953512,0.8518518518518519,0.016794772325906236,0.5700934579439252,0.7102803738317757,0.9907407407407407
shuffled_domain_rank,88,22.0,3,108,0.3333333333333333,0.2246624916769527,0.8333333333333334,0.02906538420408424,0.3584905660377358,0.49056603773584906,0.9814814814814815
shuffled_domain_rank,88,22.0,4,108,0.37962962962962965,0.2837957211870255,0.8425925925925926,0.028582526053189804,0.4074074074074074,0.5925925925925926,1.0
shuffled_domain_rank,88,22.0,5,108,0.3611111111111111,0.22399811119323318,0.8148148148148148,0.025695976107922656,0.3925233644859813,0.6448598130841121,0.9907407407407407
shuffled_domain_rank,88,23.0,1,115,0.45217391304347826,0.31158512624029866,0.7565217391304347,0.02162950652203746,0.48695652173913045,0.6869565217391305,1.0
shuffled_domain_rank,88,23.0,2,108,0.5462962962962963,0.32317321917868175,0.8518518518518519,0.014308879589251425,0.5794392523364486,0.7383177570093458,0.9907407407407407
shuffled_domain_rank,88,23.0,3,108,0.39814814814814814,0.2597346467195079,0.8148148148148148,0.02831453307144473,0.4339622641509434,0.5566037735849056,0.9814814814814815
shuffled_domain_rank,88,23.0,4,108,0.3888888888888889,0.2939786059351277,0.8518518518518519,0.026133717937832576,0.42990654205607476,0.6355140186915887,0.9907407407407407
shuffled_domain_rank,88,23.0,5,108,0.3611111111111111,0.23326474257771154,0.7962962962962963,0.02581999490627913,0.40186915887850466,0.6542056074766355,0.9907407407407407
shuffled_domain_rank,88,24.0,1,115,0.4434782608695652,0.3027239935011701,0.7565217391304347,0.022289160307800666,0.4782608695652174,0.6695652173913044,1.0
shuffled_domain_rank,88,24.0,2,108,0.5370370370370371,0.3232094021989772,0.8611111111111112,0.015831055814311597,0.5700934579439252,0.7009345794392523,0.9907407407407407
shuffled_domain_rank,88,24.0,3,108,0.35185185185185186,0.23036408224863233,0.7777777777777778,0.03544389245781299,0.39622641509433965,0.5377358490566038,0.9814814814814815
shuffled_domain_rank,88,24.0,4,108,0.37962962962962965,0.27906584401812395,0.8148148148148148,0.03244831729973399,0.42452830188679247,0.6320754716981132,0.9814814814814815
shuffled_domain_rank,88,24.0,5,108,0.3611111111111111,0.24539448785591841,0.7962962962962963,0.026037403588539395,0.40186915887850466,0.6355140186915887,0.9907407407407407
shuffled_domain_rank,88,25.0,1,115,0.4434782608695652,0.30425593057172007,0.7739130434782608,0.022777773368345522,0.4782608695652174,0.6869565217391305,1.0
shuffled_domain_rank,88,25.0,2,108,0.5555555555555556,0.3756411805074123,0.8796296296296297,0.016154910328048413,0.5794392523364486,0.719626168224299,0.9907407407407407
shuffled_domain_rank,88,25.0,3,108,0.3333333333333333,0.2260015117157974,0.8055555555555556,0.03450897789548882,0.36792452830188677,0.5188679245283019,0.9814814814814815
shuffled_domain_rank,88,25.0,4,108,0.39814814814814814,0.2903603193795307,0.8240740740740741,0.030081025902835717,0.4444444444444444,0.6018518518518519,1.0
shuffled_domain_rank,88,25.0,5,108,0.3425925925925926,0.22490360595199302,0.7870370370370371,0.02794442511506872,0.3867924528301887,0.6320754716981132,0.9814814814814815
shuffled_domain_rank,88,26.0,1,115,0.43478260869565216,0.29150925118667054,0.7652173913043478,0.021997716108189024,0.46956521739130436,0.6695652173913044,1.0
shuffled_domain_rank,88,26.0,2,108,0.5555555555555556,0.3358509499598608,0.8703703703703703,0.01405700099191647,0.5887850467289719,0.7289719626168224,0.9907407407407407
shuffled_domain_rank,88,26.0,3,108,0.35185185185185186,0.2295798556723394,0.7962962962962963,0.037652348778188016,0.3867924528301887,0.5,0.9814814814814815
shuffled_domain_rank,88,26.0,4,108,0.37962962962962965,0.2761183261183261,0.8148148148148148,0.031115128774484652,0.4166666666666667,0.6203703703703703,1.0
shuffled_domain_rank,88,26.0,5,108,0.35185185185185186,0.23082239689289877,0.8055555555555556,0.02896620445616256,0.3888888888888889,0.6203703703703703,1.0
shuffled_domain_rank,88,27.0,1,115,0.45217391304347826,0.3061366351688932,0.7652173913043478,0.024399074017483296,0.4782608695652174,0.6608695652173913,1.0
shuffled_domain_rank,88,27.0,2,108,0.5277777777777778,0.3098254284866861,0.8148148148148148,0.014108288912535088,0.5607476635514018,0.7102803738317757,0.9907407407407407
shuffled_domain_rank,88,27.0,3,108,0.4166666666666667,0.27412643223946564,0.8055555555555556,0.028501154358515753,0.44339622641509435,0.5943396226415094,0.9814814814814815
shuffled_domain_rank,88,27.0,4,108,0.4074074074074074,0.3024850838680626,0.8148148148148148,0.031709460104138075,0.4485981308411215,0.616822429906542,0.9907407407407407
shuffled_domain_rank,88,27.0,5,108,0.3611111111111111,0.24454669598055348,0.7962962962962963,0.02778706237280744,0.3925233644859813,0.6355140186915887,0.9907407407407407
shuffled_domain_rank,88,28.0,1,115,0.4434782608695652,0.29773939885038975,0.7565217391304347,0.02412979834556672,0.4782608695652174,0.6608695652173913,1.0
shuffled_domain_rank,88,28.0,2,108,0.5092592592592593,0.3002314814814815,0.8148148148148148,0.017822215834885358,0.5420560747663551,0.6822429906542056,0.9907407407407407
shuffled_domain_rank,88,28.0,3,108,0.37962962962962965,0.2477890758921614,0.8240740740740741,0.030156428176447907,0.4056603773584906,0.5471698113207547,0.9814814814814815
shuffled_domain_rank,88,28.0,4,108,0.3888888888888889,0.29127233539557945,0.8425925925925926,0.03102107921962817,0.42592592592592593,0.6203703703703703,1.0
shuffled_domain_rank,88,28.0,5,108,0.37962962962962965,0.24062487313766087,0.8148148148148148,0.028122694139955783,0.4074074074074074,0.6296296296296297,1.0
shuffled_domain_rank,88,29.0,1,115,0.40869565217391307,0.25813048866441524,0.8,0.024888442829334053,0.45217391304347826,0.6521739130434783,1.0
shuffled_domain_rank,88,29.0,2,108,0.5370370370370371,0.31488246914744195,0.8611111111111112,0.012875255469177059,0.5607476635514018,0.7102803738317757,0.9907407407407407
shuffled_domain_rank,88,29.0,3,108,0.3611111111111111,0.24351726648637406,0.7962962962962963,0.030106944698141357,0.39622641509433965,0.5188679245283019,0.9814814814814815
shuffled_domain_rank,88,29.0,4,108,0.3888888888888889,0.30792526141363347,0.8333333333333334,0.03177751117330833,0.4392523364485981,0.6074766355140186,0.9907407407407407
shuffled_domain_rank,88,29.0,5,108,0.39814814814814814,0.2537448957661724,0.8055555555555556,0.0241585463392416,0.4392523364485981,0.6635514018691588,0.9907407407407407
baseline_stats,777,,1,115,0.4,0.2263592843078642,0.7391304347826086,0.02655266834290476,0.40869565217391307,0.6608695652173913,1.0
baseline_stats,777,,2,108,0.46296296296296297,0.3154138770541692,0.8333333333333334,0.029254502880524287,0.49074074074074076,0.5740740740740741,1.0
baseline_stats,777,,3,108,0.4444444444444444,0.3312049062049062,0.8055555555555556,0.020943015096162542,0.514018691588785,0.6728971962616822,0.9907407407407407
baseline_stats,777,,4,108,0.37962962962962965,0.27511692405309424,0.8888888888888888,0.03095728710165719,0.4339622641509434,0.5471698113207547,0.9814814814814815
baseline_stats,777,,5,108,0.4074074074074074,0.25218949664952467,0.8148148148148148,0.021991834976149545,0.4423076923076923,0.6826923076923077,0.9629629629629629
real_domain_rank,777,,1,115,0.41739130434782606,0.250416237455323,0.7391304347826086,0.025665084943449178,0.43478260869565216,0.6695652173913044,1.0
real_domain_rank,777,,2,108,0.5185185185185185,0.3445671962926183,0.8333333333333334,0.02126559574380486,0.5555555555555556,0.6388888888888888,1.0
real_domain_rank,777,,3,108,0.4537037037037037,0.34327134401986686,0.8333333333333334,0.015548840365875468,0.5185185185185185,0.6666666666666666,1.0
real_domain_rank,777,,4,108,0.3888888888888889,0.28976882440259627,0.9074074074074074,0.03363481239658504,0.4166666666666667,0.5277777777777778,1.0
real_domain_rank,777,,5,108,0.42592592592592593,0.26894923865321646,0.8425925925925926,0.02261351160523963,0.45714285714285713,0.6666666666666666,0.9722222222222222
shuffled_domain_rank,777,0.0,1,115,0.41739130434782606,0.249378893857738,0.7739130434782608,0.025574763817684875,0.43478260869565216,0.6782608695652174,1.0
shuffled_domain_rank,777,0.0,2,108,0.4444444444444444,0.3217605769307859,0.8240740740740741,0.03193225035800672,0.4722222222222222,0.5370370370370371,1.0
shuffled_domain_rank,777,0.0,3,108,0.4351851851851852,0.3213563412786498,0.8518518518518519,0.020772774740728663,0.49074074074074076,0.6481481481481481,1.0
shuffled_domain_rank,777,0.0,4,108,0.37962962962962965,0.280919399757747,0.8703703703703703,0.025511339916050237,0.4166666666666667,0.5462962962962963,1.0
shuffled_domain_rank,777,0.0,5,108,0.37037037037037035,0.22640415938038097,0.8518518518518519,0.022983112703147512,0.40384615384615385,0.6442307692307693,0.9629629629629629
shuffled_domain_rank,777,1.0,1,115,0.3739130434782609,0.20090742916829876,0.7652173913043478,0.026580440844041476,0.3826086956521739,0.6434782608695652,1.0
shuffled_domain_rank,777,1.0,2,108,0.4351851851851852,0.33403482813228863,0.8518518518518519,0.03258357829329957,0.4672897196261682,0.5607476635514018,0.9907407407407407
shuffled_domain_rank,777,1.0,3,108,0.4444444444444444,0.33654267005372374,0.8518518518518519,0.01981558671876596,0.5,0.6388888888888888,1.0
shuffled_domain_rank,777,1.0,4,108,0.37037037037037035,0.2654127552972014,0.8796296296296297,0.034915565093825277,0.4166666666666667,0.5370370370370371,1.0
shuffled_domain_rank,777,1.0,5,108,0.3888888888888889,0.24613822869636823,0.8425925925925926,0.02088777003550862,0.41904761904761906,0.6285714285714286,0.9722222222222222
shuffled_domain_rank,777,2.0,1,115,0.4,0.2242127842127842,0.7565217391304347,0.029228248417968238,0.40869565217391307,0.6521739130434783,1.0
shuffled_domain_rank,777,2.0,2,108,0.5,0.375256420294394,0.8333333333333334,0.027755034732471293,0.5277777777777778,0.6018518518518519,1.0
shuffled_domain_rank,777,2.0,3,108,0.4351851851851852,0.3177910791311538,0.8518518518518519,0.017356688985174593,0.49074074074074076,0.6666666666666666,1.0
shuffled_domain_rank,777,2.0,4,108,0.42592592592592593,0.2998438821714684,0.8981481481481481,0.02884833721042203,0.4766355140186916,0.5700934579439252,0.9907407407407407
shuffled_domain_rank,777,2.0,5,108,0.4074074074074074,0.2591341991341991,0.8703703703703703,0.021623738236044483,0.4380952380952381,0.6571428571428571,0.9722222222222222
shuffled_domain_rank,777,3.0,1,115,0.40869565217391307,0.23103533200719906,0.7565217391304347,0.02579351923199934,0.4260869565217391,0.6695652173913044,1.0
shuffled_domain_rank,777,3.0,2,108,0.48148148148148145,0.3502358703676236,0.8055555555555556,0.02510014011273518,0.5233644859813084,0.6074766355140186,0.9907407407407407
shuffled_domain_rank,777,3.0,3,108,0.4166666666666667,0.3175709219858156,0.8333333333333334,0.021463489119535335,0.4766355140186916,0.6448598130841121,0.9907407407407407
shuffled_domain_rank,777,3.0,4,108,0.3888888888888889,0.2742609495905642,0.8888888888888888,0.03273930580675538,0.44339622641509435,0.5660377358490566,0.9814814814814815
shuffled_domain_rank,777,3.0,5,108,0.3888888888888889,0.24404972280847023,0.8611111111111112,0.022505979831984955,0.4230769230769231,0.6346153846153846,0.9629629629629629
shuffled_domain_rank,777,4.0,1,115,0.4260869565217391,0.25245590920648125,0.7391304347826086,0.02554176325835038,0.43478260869565216,0.6608695652173913,1.0
shuffled_domain_rank,777,4.0,2,108,0.42592592592592593,0.3430234475337568,0.8240740740740741,0.035627494470473565,0.4537037037037037,0.5370370370370371,1.0
shuffled_domain_rank,777,4.0,3,108,0.4351851851851852,0.3313147901092483,0.8425925925925926,0.01925168447492638,0.49074074074074076,0.6574074074074074,1.0
shuffled_domain_rank,777,4.0,4,108,0.3611111111111111,0.2669570840965327,0.8425925925925926,0.03441581187381093,0.40186915887850466,0.5327102803738317,0.9907407407407407
shuffled_domain_rank,777,4.0,5,108,0.4444444444444444,0.2761116152450091,0.8240740740740741,0.020777193300619456,0.46226415094339623,0.660377358490566,0.9814814814814815
shuffled_domain_rank,777,5.0,1,115,0.4,0.22776067323481117,0.7652173913043478,0.025628999299861354,0.41739130434782606,0.6521739130434783,1.0
shuffled_domain_rank,777,5.0,2,108,0.49074074074074076,0.3604154287977817,0.8333333333333334,0.02574985637900249,0.5185185185185185,0.5833333333333334,1.0
shuffled_domain_rank,777,5.0,3,108,0.46296296296296297,0.3377705627705628,0.8055555555555556,0.019174352791080974,0.5185185185185185,0.6666666666666666,1.0
shuffled_domain_rank,777,5.0,4,108,0.37962962962962965,0.27932652577683004,0.8518518518518519,0.0308938960860136,0.42592592592592593,0.5555555555555556,1.0
shuffled_domain_rank,777,5.0,5,108,0.3888888888888889,0.2491684560650078,0.8518518518518519,0.02390583553902033,0.41904761904761906,0.6476190476190476,0.9722222222222222
shuffled_domain_rank,777,6.0,1,115,0.4260869565217391,0.2521231641921297,0.7304347826086957,0.024143319366202842,0.43478260869565216,0.6782608695652174,1.0
shuffled_domain_rank,777,6.0,2,108,0.4166666666666667,0.3366830065359477,0.8518518518518519,0.034661122045189174,0.4444444444444444,0.5370370370370371,1.0
shuffled_domain_rank,777,6.0,3,108,0.4166666666666667,0.30115817644887416,0.8518518518518519,0.018163155741632457,0.48148148148148145,0.6203703703703703,1.0
shuffled_domain_rank,777,6.0,4,108,0.39814814814814814,0.29229658957600135,0.8518518518518519,0.02667169239637421,0.4444444444444444,0.5462962962962963,1.0
shuffled_domain_rank,777,6.0,5,108,0.3888888888888889,0.233194513854184,0.8240740740740741,0.02235396767717176,0.4326923076923077,0.6538461538461539,0.9629629629629629
shuffled_domain_rank,777,7.0,1,115,0.40869565217391307,0.2299975074775673,0.7565217391304347,0.026161948552887525,0.41739130434782606,0.6608695652173913,1.0
shuffled_domain_rank,777,7.0,2,108,0.48148148148148145,0.34916761852245726,0.8333333333333334,0.026370423373427647,0.514018691588785,0.6074766355140186,0.9907407407407407
shuffled_domain_rank,777,7.0,3,108,0.42592592592592593,0.3238180120533061,0.8425925925925926,0.02034144178206949,0.49056603773584906,0.6415094339622641,0.9814814814814815
shuffled_domain_rank,777,7.0,4,108,0.37962962962962965,0.26190881190881193,0.8518518518518519,0.0323531315665072,0.42592592592592593,0.5462962962962963,1.0
shuffled_domain_rank,777,7.0,5,108,0.37037037037037035,0.23323996265172733,0.8055555555555556,0.02541902147874463,0.4,0.5904761904761905,0.9722222222222222
shuffled_domain_rank,777,8.0,1,115,0.4,0.23619044864750227,0.7478260869565218,0.028020007182107974,0.40869565217391307,0.6521739130434783,1.0
shuffled_domain_rank,777,8.0,2,108,0.4722222222222222,0.3273214063216166,0.8055555555555556,0.02833069045068459,0.5,0.5740740740740741,1.0
shuffled_domain_rank,777,8.0,3,108,0.39814814814814814,0.30530374974819413,0.8333333333333334,0.0245812275309782,0.45794392523364486,0.6261682242990654,0.9907407407407407
shuffled_domain_rank,777,8.0,4,108,0.4351851851851852,0.30870121458356753,0.8888888888888888,0.02860820755957845,0.4766355140186916,0.616822429906542,0.9907407407407407
shuffled_domain_rank,777,8.0,5,108,0.3888888888888889,0.244276949876054,0.8425925925925926,0.02272216041038288,0.4056603773584906,0.6509433962264151,0.9814814814814815
shuffled_domain_rank,777,9.0,1,115,0.40869565217391307,0.2257622257622258,0.7478260869565218,0.026590557720769303,0.41739130434782606,0.6608695652173913,1.0
shuffled_domain_rank,777,9.0,2,108,0.5,0.34983252042075574,0.8425925925925926,0.02682549734694509,0.5277777777777778,0.6111111111111112,1.0
shuffled_domain_rank,777,9.0,3,108,0.4722222222222222,0.34548062513918293,0.8240740740740741,0.018025375980150984,0.5277777777777778,0.7037037037037037,1.0
shuffled_domain_rank,777,9.0,4,108,0.3611111111111111,0.2660616845032514,0.8796296296296297,0.03102457656916514,0.411214953271028,0.5514018691588785,0.9907407407407407
shuffled_domain_rank,777,9.0,5,108,0.4074074074074074,0.2557631874298541,0.8518518518518519,0.023045444435822782,0.4380952380952381,0.6571428571428571,0.9722222222222222
shuffled_domain_rank,777,10.0,1,115,0.40869565217391307,0.232102260854014,0.7304347826086957,0.02478365370481376,0.4260869565217391,0.6608695652173913,1.0
shuffled_domain_rank,777,10.0,2,108,0.4074074074074074,0.30322441524842686,0.8240740740740741,0.04015801819539041,0.4351851851851852,0.5092592592592593,1.0
shuffled_domain_rank,777,10.0,3,108,0.42592592592592593,0.32567490831488183,0.8240740740740741,0.018794668624073037,0.48148148148148145,0.6203703703703703,1.0
shuffled_domain_rank,777,10.0,4,108,0.37037037037037035,0.2755096727912251,0.8611111111111112,0.033527990203544654,0.4205607476635514,0.5607476635514018,0.9907407407407407
shuffled_domain_rank,777,10.0,5,108,0.42592592592592593,0.2716526920845858,0.8888888888888888,0.021272865801985008,0.45714285714285713,0.6666666666666666,0.9722222222222222
shuffled_domain_rank,777,11.0,1,115,0.41739130434782606,0.24228627123363966,0.7478260869565218,0.026054729490432863,0.4260869565217391,0.6608695652173913,1.0
shuffled_domain_rank,777,11.0,2,108,0.5,0.35979949631265423,0.8425925925925926,0.023156399058291446,0.5277777777777778,0.6203703703703703,1.0
shuffled_domain_rank,777,11.0,3,108,0.42592592592592593,0.32783127482699964,0.8333333333333334,0.02371329522047781,0.48148148148148145,0.6388888888888888,1.0
shuffled_domain_rank,777,11.0,4,108,0.37962962962962965,0.2739026222670659,0.8888888888888888,0.030997323704395254,0.42990654205607476,0.5607476635514018,0.9907407407407407
shuffled_domain_rank,777,11.0,5,108,0.39814814814814814,0.251479978964766,0.8425925925925926,0.02366906178839114,0.42452830188679247,0.6415094339622641,0.9814814814814815
shuffled_domain_rank,777,12.0,1,115,0.43478260869565216,0.2646485494782708,0.7739130434782608,0.025744468701572012,0.4434782608695652,0.6782608695652174,1.0
shuffled_domain_rank,777,12.0,2,108,0.4351851851851852,0.33459823691244495,0.8148148148148148,0.03347399968525832,0.46296296296296297,0.5462962962962963,1.0
shuffled_domain_rank,777,12.0,3,108,0.4444444444444444,0.3292375478865341,0.8611111111111112,0.02252406588081476,0.5092592592592593,0.6574074074074074,1.0
shuffled_domain_rank,777,12.0,4,108,0.4166666666666667,0.2977164769094065,0.8425925925925926,0.028928912200093446,0.4537037037037037,0.5555555555555556,1.0
shuffled_domain_rank,777,12.0,5,108,0.3888888888888889,0.2326855846691688,0.8703703703703703,0.024508345844805393,0.4230769230769231,0.6442307692307693,0.9629629629629629
shuffled_domain_rank,777,13.0,1,115,0.40869565217391307,0.23965470504108202,0.7739130434782608,0.025898165062740328,0.4260869565217391,0.6782608695652174,1.0
shuffled_domain_rank,777,13.0,2,108,0.4722222222222222,0.31792195786503186,0.8611111111111112,0.030384829071277073,0.5092592592592593,0.5833333333333334,1.0
shuffled_domain_rank,777,13.0,3,108,0.39814814814814814,0.2565253989167033,0.8333333333333334,0.024773269991509844,0.46226415094339623,0.6226415094339622,0.9814814814814815
shuffled_domain_rank,777,13.0,4,108,0.4166666666666667,0.293785142262033,0.8518518518518519,0.029807653869883564,0.4672897196261682,0.5794392523364486,0.9907407407407407
shuffled_domain_rank,777,13.0,5,108,0.3888888888888889,0.2434417245158933,0.8148148148148148,0.02142870262129919,0.41509433962264153,0.6320754716981132,0.9814814814814815
shuffled_domain_rank,777,14.0,1,115,0.43478260869565216,0.2631672959038688,0.7652173913043478,0.023894171732641648,0.4434782608695652,0.6956521739130435,1.0
shuffled_domain_rank,777,14.0,2,108,0.46296296296296297,0.3227746654217242,0.7962962962962963,0.029871451025131043,0.49074074074074076,0.5740740740740741,1.0
shuffled_domain_rank,777,14.0,3,108,0.4074074074074074,0.3137162933931216,0.8240740740740741,0.01821424796171706,0.4672897196261682,0.616822429906542,0.9907407407407407
shuffled_domain_rank,777,14.0,4,108,0.37037037037037035,0.2646093192203858,0.8611111111111112,0.033772423414246716,0.42452830188679247,0.5283018867924528,0.9814814814814815
shuffled_domain_rank,777,14.0,5,108,0.3888888888888889,0.24739533011272144,0.8518518518518519,0.0210373539040114,0.41904761904761906,0.638095238095238,0.9722222222222222
shuffled_domain_rank,777,15.0,1,115,0.40869565217391307,0.23303061160051786,0.7217391304347827,0.02474124701070947,0.4260869565217391,0.6695652173913044,1.0
shuffled_domain_rank,777,15.0,2,108,0.5462962962962963,0.37372961929036697,0.8240740740740741,0.026949361547963683,0.5648148148148148,0.6388888888888888,1.0
shuffled_domain_rank,777,15.0,3,108,0.4074074074074074,0.3031684508428694,0.8055555555555556,0.01925147969494086,0.46296296296296297,0.6481481481481481,1.0
shuffled_domain_rank,777,15.0,4,108,0.37037037037037035,0.2750396118043177,0.9259259259259259,0.032866756057926466,0.42990654205607476,0.5514018691588785,0.9907407407407407
shuffled_domain_rank,777,15.0,5,108,0.4351851851851852,0.2755755516625082,0.8703703703703703,0.017717290742434298,0.47115384615384615,0.6826923076923077,0.9629629629629629
shuffled_domain_rank,777,16.0,1,115,0.4,0.22945435554131208,0.7739130434782608,0.028425542462172174,0.40869565217391307,0.6608695652173913,1.0
shuffled_domain_rank,777,16.0,2,108,0.5,0.33487043972056624,0.8055555555555556,0.022646974227255538,0.5370370370370371,0.6203703703703703,1.0
shuffled_domain_rank,777,16.0,3,108,0.4351851851851852,0.3333986283713593,0.8240740740740741,0.01749691595429413,0.5046728971962616,0.6542056074766355,0.9907407407407407
shuffled_domain_rank,777,16.0,4,108,0.35185185185185186,0.24963380496208062,0.8611111111111112,0.03364701800592859,0.39814814814814814,0.5370370370370371,1.0
shuffled_domain_rank,777,16.0,5,108,0.4074074074074074,0.2577816205533597,0.8333333333333334,0.020602187297912983,0.4423076923076923,0.6826923076923077,0.9629629629629629
shuffled_domain_rank,777,17.0,1,115,0.41739130434782606,0.2516317598776369,0.7478260869565218,0.025682078487785105,0.4260869565217391,0.6695652173913044,1.0
shuffled_domain_rank,777,17.0,2,108,0.48148148148148145,0.3223414578554765,0.8333333333333334,0.02638290737066069,0.5092592592592593,0.5925925925925926,1.0
shuffled_domain_rank,777,17.0,3,108,0.4444444444444444,0.33574109179017286,0.8148148148148148,0.023505337487596405,0.5092592592592593,0.6574074074074074,1.0
shuffled_domain_rank,777,17.0,4,108,0.4074074074074074,0.2950435604915395,0.8703703703703703,0.03163418711603697,0.4444444444444444,0.5833333333333334,1.0
shuffled_domain_rank,777,17.0,5,108,0.4166666666666667,0.25732507951352934,0.8148148148148148,0.020447751837653627,0.4339622641509434,0.6698113207547169,0.9814814814814815
shuffled_domain_rank,777,18.0,1,115,0.41739130434782606,0.2566393742632924,0.7391304347826086,0.024922562132202654,0.4260869565217391,0.6695652173913044,1.0
shuffled_domain_rank,777,18.0,2,108,0.4537037037037037,0.3486171609618815,0.8240740740740741,0.030745325399784303,0.48148148148148145,0.5555555555555556,1.0
shuffled_domain_rank,777,18.0,3,108,0.42592592592592593,0.3209473207826871,0.8148148148148148,0.019929325395270543,0.48148148148148145,0.6388888888888888,1.0
shuffled_domain_rank,777,18.0,4,108,0.35185185185185186,0.2574565382602682,0.8333333333333334,0.02527766308107053,0.39814814814814814,0.5462962962962963,1.0
shuffled_domain_rank,777,18.0,5,108,0.4444444444444444,0.2765688664306176,0.8425925925925926,0.017190885349867114,0.4666666666666667,0.6952380952380952,0.9722222222222222
shuffled_domain_rank,777,19.0,1,115,0.391304347826087,0.21813946922642577,0.7130434782608696,0.02588629632361142,0.40869565217391307,0.6608695652173913,1.0
shuffled_domain_rank,777,19.0,2,108,0.5185185185185185,0.35475084869377244,0.8425925925925926,0.028168779927423903,0.5370370370370371,0.6111111111111112,1.0
shuffled_domain_rank,777,19.0,3,108,0.46296296296296297,0.3480399230399231,0.8148148148148148,0.014311307712988665,0.514018691588785,0.7009345794392523,0.9907407407407407
shuffled_domain_rank,777,19.0,4,108,0.42592592592592593,0.31154272276495026,0.8796296296296297,0.03130912715809466,0.46296296296296297,0.5833333333333334,1.0
shuffled_domain_rank,777,19.0,5,108,0.39814814814814814,0.24759548542510004,0.8240740740740741,0.023826462711289707,0.4326923076923077,0.6346153846153846,0.9629629629629629
shuffled_domain_rank,777,20.0,1,115,0.4,0.23441655941655945,0.7652173913043478,0.02580034118353082,0.41739130434782606,0.6347826086956522,1.0
shuffled_domain_rank,777,20.0,2,108,0.5,0.37855566589429546,0.8148148148148148,0.021068740585590207,0.5370370370370371,0.6111111111111112,1.0
shuffled_domain_rank,777,20.0,3,108,0.37037037037037035,0.28396696060057963,0.8148148148148148,0.022368404419389632,0.4392523364485981,0.5981308411214953,0.9907407407407407
shuffled_domain_rank,777,20.0,4,108,0.32407407407407407,0.24336930176550164,0.8796296296296297,0.03569040546577187,0.37735849056603776,0.5283018867924528,0.9814814814814815
shuffled_domain_rank,777,20.0,5,108,0.4166666666666667,0.26887704465912315,0.8333333333333334,0.02410839347248703,0.44761904761904764,0.6571428571428571,0.9722222222222222
shuffled_domain_rank,777,21.0,1,115,0.40869565217391307,0.237770890560425,0.7739130434782608,0.024721398081382764,0.41739130434782606,0.6695652173913044,1.0
shuffled_domain_rank,777,21.0,2,108,0.4351851851851852,0.3212992831541219,0.8333333333333334,0.03379637997736517,0.46296296296296297,0.5370370370370371,1.0
shuffled_domain_rank,777,21.0,3,108,0.42592592592592593,0.3186737678208372,0.8333333333333334,0.024181895755389895,0.4953271028037383,0.6542056074766355,0.9907407407407407
shuffled_domain_rank,777,21.0,4,108,0.3611111111111111,0.2578225284107637,0.8611111111111112,0.032066434906981765,0.4074074074074074,0.5555555555555556,1.0
shuffled_domain_rank,777,21.0,5,108,0.37962962962962965,0.24711538461538463,0.8148148148148148,0.020022980050292804,0.4,0.6476190476190476,0.9722222222222222
shuffled_domain_rank,777,22.0,1,115,0.4260869565217391,0.2593802177252388,0.7565217391304347,0.026339860545289306,0.43478260869565216,0.6695652173913044,1.0
shuffled_domain_rank,777,22.0,2,108,0.4074074074074074,0.32443568336425477,0.8518518518518519,0.03009233594459996,0.4485981308411215,0.5514018691588785,0.9907407407407407
shuffled_domain_rank,777,22.0,3,108,0.42592592592592593,0.31325083224779277,0.8240740740740741,0.0225866683699997,0.49074074074074076,0.6388888888888888,1.0
shuffled_domain_rank,777,22.0,4,108,0.3425925925925926,0.24572998471619267,0.8518518518518519,0.037823226044946874,0.40186915887850466,0.5233644859813084,0.9907407407407407
shuffled_domain_rank,777,22.0,5,108,0.4351851851851852,0.2660916207969984,0.8518518518518519,0.020416799479327157,0.45714285714285713,0.6857142857142857,0.9722222222222222
shuffled_domain_rank,777,23.0,1,115,0.4260869565217391,0.2579465490649701,0.7478260869565218,0.02303593478662086,0.43859649122807015,0.6754385964912281,0.991304347826087
shuffled_domain_rank,777,23.0,2,108,0.42592592592592593,0.31834473769957644,0.8333333333333334,0.03574347953968732,0.4537037037037037,0.5370370370370371,1.0
shuffled_domain_rank,777,23.0,3,108,0.4074074074074074,0.30776221599751014,0.8240740740740741,0.02209494507540108,0.46296296296296297,0.6388888888888888,1.0
shuffled_domain_rank,777,23.0,4,108,0.3611111111111111,0.2571000334825219,0.8611111111111112,0.032538857407188926,0.4074074074074074,0.5277777777777778,1.0
shuffled_domain_rank,777,23.0,5,108,0.35185185185185186,0.22033583548361876,0.8333333333333334,0.02355386145095897,0.375,0.6346153846153846,0.9629629629629629
shuffled_domain_rank,777,24.0,1,115,0.391304347826087,0.21784732019437678,0.7652173913043478,0.025266793837377878,0.40869565217391307,0.6695652173913044,1.0
shuffled_domain_rank,777,24.0,2,108,0.5,0.3169823232323232,0.8148148148148148,0.02550318573144553,0.5277777777777778,0.6203703703703703,1.0
shuffled_domain_rank,777,24.0,3,108,0.46296296296296297,0.34851552323056884,0.8333333333333334,0.016460870779673027,0.5185185185185185,0.6666666666666666,1.0
shuffled_domain_rank,777,24.0,4,108,0.37962962962962965,0.2700965700965701,0.8425925925925926,0.03249355097124162,0.42990654205607476,0.5607476635514018,0.9907407407407407
shuffled_domain_rank,777,24.0,5,108,0.4166666666666667,0.2649306576897517,0.8518518518518519,0.019339228647492587,0.44339622641509435,0.6698113207547169,0.9814814814814815
shuffled_domain_rank,777,25.0,1,115,0.4434782608695652,0.2791185146625022,0.7565217391304347,0.026898875500827125,0.45217391304347826,0.6782608695652174,1.0
shuffled_domain_rank,777,25.0,2,108,0.4537037037037037,0.3492441421012849,0.8333333333333334,0.02879320780825135,0.48148148148148145,0.5648148148148148,1.0
shuffled_domain_rank,777,25.0,3,108,0.42592592592592593,0.3136716005388052,0.8240740740740741,0.01628640604039022,0.48148148148148145,0.6574074074074074,1.0
shuffled_domain_rank,777,25.0,4,108,0.4074074074074074,0.2926358843696342,0.8333333333333334,0.03165525425008039,0.4444444444444444,0.5648148148148148,1.0
shuffled_domain_rank,777,25.0,5,108,0.4074074074074074,0.26012608353033884,0.8425925925925926,0.023187600785631226,0.44660194174757284,0.6601941747572816,0.9537037037037037
shuffled_domain_rank,777,26.0,1,115,0.41739130434782606,0.24540204678362573,0.7652173913043478,0.027278098489424783,0.4260869565217391,0.6608695652173913,1.0
shuffled_domain_rank,777,26.0,2,108,0.4444444444444444,0.3100215817321081,0.8240740740740741,0.03039436706103646,0.4766355140186916,0.5607476635514018,0.9907407407407407
shuffled_domain_rank,777,26.0,3,108,0.4444444444444444,0.33278164924506387,0.8425925925925926,0.023989278918881165,0.5,0.6388888888888888,1.0
shuffled_domain_rank,777,26.0,4,108,0.35185185185185186,0.2525168015950772,0.9074074074074074,0.03349833458077638,0.39814814814814814,0.5185185185185185,1.0
shuffled_domain_rank,777,26.0,5,108,0.39814814814814814,0.24872887642715436,0.8333333333333334,0.021978787450517363,0.41904761904761906,0.6666666666666666,0.9722222222222222
shuffled_domain_rank,777,27.0,1,115,0.41739130434782606,0.2371778893518024,0.7478260869565218,0.025740368402791657,0.4260869565217391,0.6608695652173913,1.0
shuffled_domain_rank,777,27.0,2,108,0.49074074074074076,0.3290727185888476,0.8148148148148148,0.02552256202846162,0.5277777777777778,0.6111111111111112,1.0
shuffled_domain_rank,777,27.0,3,108,0.42592592592592593,0.3226380007275274,0.8425925925925926,0.018419404121274477,0.48148148148148145,0.6481481481481481,1.0
shuffled_domain_rank,777,27.0,4,108,0.3888888888888889,0.2899186517754058,0.8888888888888888,0.032538035703760466,0.42592592592592593,0.5277777777777778,1.0
shuffled_domain_rank,777,27.0,5,108,0.42592592592592593,0.24882918632918635,0.8425925925925926,0.022273343675589086,0.4528301886792453,0.6886792452830188,0.9814814814814815
shuffled_domain_rank,777,28.0,1,115,0.41739130434782606,0.24895721981177554,0.7478260869565218,0.02420434263750756,0.43478260869565216,0.6869565217391305,1.0
shuffled_domain_rank,777,28.0,2,108,0.46296296296296297,0.36300211416490485,0.8518518518518519,0.028445693559788047,0.5,0.5833333333333334,1.0
shuffled_domain_rank,777,28.0,3,108,0.4074074074074074,0.3083652257565301,0.8148148148148148,0.01718090639915208,0.4672897196261682,0.6448598130841121,0.9907407407407407
shuffled_domain_rank,777,28.0,4,108,0.42592592592592593,0.3019585348732738,0.8796296296296297,0.031112742800949163,0.4722222222222222,0.5833333333333334,1.0
shuffled_domain_rank,777,28.0,5,108,0.4074074074074074,0.254008954008954,0.8518518518518519,0.019724142359104826,0.4326923076923077,0.6730769230769231,0.9629629629629629
shuffled_domain_rank,777,29.0,1,115,0.40869565217391307,0.2311567789508966,0.7478260869565218,0.02632967953533742,0.4260869565217391,0.6521739130434783,1.0
shuffled_domain_rank,777,29.0,2,108,0.5185185185185185,0.3807198097833863,0.8425925925925926,0.023523474552653894,0.5462962962962963,0.6296296296296297,1.0
shuffled_domain_rank,777,29.0,3,108,0.4444444444444444,0.33177065743555106,0.8425925925925926,0.023825157960220486,0.5092592592592593,0.6296296296296297,1.0
shuffled_domain_rank,777,29.0,4,108,0.3888888888888889,0.28632233002177393,0.8611111111111112,0.03290015376102361,0.42592592592592593,0.5555555555555556,1.0
shuffled_domain_rank,777,29.0,5,108,0.4166666666666667,0.24890781435647302,0.8148148148148148,0.018734892963487064,0.4519230769230769,0.6730769230769231,0.9629629629629629
baseline_stats,9001,,1,115,0.4,0.2257114127702363,0.7391304347826086,0.027579429494001276,0.4298245614035088,0.631578947368421,0.991304347826087
baseline_stats,9001,,2,108,0.4074074074074074,0.2539105631210894,0.7870370370370371,0.030889852370531632,0.4392523364485981,0.5607476635514018,0.9907407407407407
baseline_stats,9001,,3,108,0.3333333333333333,0.27159687159687157,0.8055555555555556,0.026493501984459055,0.37962962962962965,0.5925925925925926,1.0
baseline_stats,9001,,4,108,0.46296296296296297,0.33754950509987625,0.8888888888888888,0.030409441507268518,0.4953271028037383,0.6355140186915887,0.9907407407407407
baseline_stats,9001,,5,108,0.3148148148148148,0.18758442971926118,0.7685185185185185,0.026484087287096014,0.3619047619047619,0.6,0.9722222222222222
real_domain_rank,9001,,1,115,0.4,0.22421568627450975,0.7304347826086957,0.027481477285301596,0.43859649122807015,0.6578947368421053,0.991304347826087
real_domain_rank,9001,,2,108,0.39814814814814814,0.24511384430083616,0.8240740740740741,0.029157197508103735,0.42990654205607476,0.5514018691588785,0.9907407407407407
real_domain_rank,9001,,3,108,0.3333333333333333,0.2684718331777155,0.7962962962962963,0.023442732843139916,0.37037037037037035,0.6111111111111112,1.0
real_domain_rank,9001,,4,108,0.4444444444444444,0.32710673849914357,0.8703703703703703,0.035265047289057216,0.4766355140186916,0.5887850467289719,0.9907407407407407
real_domain_rank,9001,,5,108,0.3148148148148148,0.18650274924784727,0.7685185185185185,0.026516858814936584,0.3867924528301887,0.5849056603773585,0.9814814814814815
shuffled_domain_rank,9001,0.0,1,115,0.4,0.22761761761761765,0.7652173913043478,0.027132060508152114,0.4298245614035088,0.6228070175438597,0.991304347826087
shuffled_domain_rank,9001,0.0,2,108,0.3333333333333333,0.21334413561760276,0.7962962962962963,0.03765201909788612,0.37383177570093457,0.514018691588785,0.9907407407407407
shuffled_domain_rank,9001,0.0,3,108,0.37037037037037035,0.2384031399422102,0.7962962962962963,0.026005172874366083,0.4074074074074074,0.6388888888888888,1.0
shuffled_domain_rank,9001,0.0,4,108,0.39814814814814814,0.2963495569143881,0.8703703703703703,0.03607043952706143,0.42592592592592593,0.5648148148148148,1.0
shuffled_domain_rank,9001,0.0,5,108,0.3425925925925926,0.21687934433032474,0.7962962962962963,0.025427403246820274,0.39622641509433965,0.6037735849056604,0.9814814814814815
shuffled_domain_rank,9001,1.0,1,115,0.4260869565217391,0.2563380339816844,0.7652173913043478,0.024747341299815213,0.45614035087719296,0.6578947368421053,0.991304347826087
shuffled_domain_rank,9001,1.0,2,108,0.3888888888888889,0.24005608112137322,0.8055555555555556,0.028407198354200122,0.42990654205607476,0.5700934579439252,0.9907407407407407
shuffled_domain_rank,9001,1.0,3,108,0.35185185185185186,0.23841792637875225,0.7870370370370371,0.02608834050998404,0.3888888888888889,0.6018518518518519,1.0
shuffled_domain_rank,9001,1.0,4,108,0.48148148148148145,0.34741356204770835,0.8796296296296297,0.02729131044321819,0.5188679245283019,0.6320754716981132,0.9814814814814815
shuffled_domain_rank,9001,1.0,5,108,0.32407407407407407,0.18457930540637305,0.8055555555555556,0.024704773766454968,0.3867924528301887,0.6415094339622641,0.9814814814814815
shuffled_domain_rank,9001,2.0,1,115,0.40869565217391307,0.23165440702026066,0.7304347826086957,0.02629109736919455,0.43859649122807015,0.6491228070175439,0.991304347826087
shuffled_domain_rank,9001,2.0,2,108,0.32407407407407407,0.21903139421502194,0.7777777777777778,0.038734826977974,0.3644859813084112,0.48598130841121495,0.9907407407407407
shuffled_domain_rank,9001,2.0,3,108,0.35185185185185186,0.2799699204576345,0.8055555555555556,0.027016569263233977,0.39814814814814814,0.5925925925925926,1.0
shuffled_domain_rank,9001,2.0,4,108,0.48148148148148145,0.3448388127180697,0.8888888888888888,0.027050671854915585,0.5092592592592593,0.6296296296296297,1.0
shuffled_domain_rank,9001,2.0,5,108,0.3055555555555556,0.17655356339566866,0.7592592592592593,0.02526724034623739,0.3490566037735849,0.6132075471698113,0.9814814814814815
shuffled_domain_rank,9001,3.0,1,115,0.41739130434782606,0.23949964475050553,0.7130434782608696,0.02729376752599078,0.4473684210526316,0.631578947368421,0.991304347826087
shuffled_domain_rank,9001,3.0,2,108,0.32407407407407407,0.2265873015873016,0.7870370370370371,0.040537466010031054,0.35514018691588783,0.4766355140186916,0.9907407407407407
shuffled_domain_rank,9001,3.0,3,108,0.3611111111111111,0.2900749407824879,0.7777777777777778,0.024571844984267295,0.39814814814814814,0.5925925925925926,1.0
shuffled_domain_rank,9001,3.0,4,108,0.4166666666666667,0.3006912742924221,0.8425925925925926,0.0309741473758378,0.4392523364485981,0.5794392523364486,0.9907407407407407
shuffled_domain_rank,9001,3.0,5,108,0.3425925925925926,0.2057017543859649,0.8148148148148148,0.025110650856526823,0.3925233644859813,0.6355140186915887,0.9907407407407407
shuffled_domain_rank,9001,4.0,1,115,0.4260869565217391,0.24887043006309065,0.7739130434782608,0.026726413784410707,0.45614035087719296,0.6403508771929824,0.991304347826087
shuffled_domain_rank,9001,4.0,2,108,0.3333333333333333,0.22295352287076883,0.8240740740740741,0.03804010990216612,0.35514018691588783,0.4766355140186916,0.9907407407407407
shuffled_domain_rank,9001,4.0,3,108,0.37962962962962965,0.29524908697656277,0.8148148148148148,0.026654627181685136,0.4166666666666667,0.6111111111111112,1.0
shuffled_domain_rank,9001,4.0,4,108,0.42592592592592593,0.30879645879645884,0.8703703703703703,0.030771202883950542,0.4537037037037037,0.5925925925925926,1.0
shuffled_domain_rank,9001,4.0,5,108,0.3425925925925926,0.19797054009819967,0.8333333333333334,0.023365847034520233,0.4,0.638095238095238,0.9722222222222222
shuffled_domain_rank,9001,5.0,1,115,0.40869565217391307,0.2354412307043886,0.7217391304347827,0.026886830642810472,0.43859649122807015,0.6403508771929824,0.991304347826087
shuffled_domain_rank,9001,5.0,2,108,0.3611111111111111,0.23313938809326762,0.8055555555555556,0.033563836994673135,0.3925233644859813,0.5233644859813084,0.9907407407407407
shuffled_domain_rank,9001,5.0,3,108,0.37962962962962965,0.3008424908424908,0.7592592592592593,0.019764710981479344,0.4074074074074074,0.6296296296296297,1.0
shuffled_domain_rank,9001,5.0,4,108,0.37962962962962965,0.2769360269360269,0.8703703703703703,0.035437555829198664,0.411214953271028,0.5607476635514018,0.9907407407407407
shuffled_domain_rank,9001,5.0,5,108,0.3425925925925926,0.21011950165268242,0.7962962962962963,0.021790542168688764,0.3867924528301887,0.660377358490566,0.9814814814814815
shuffled_domain_rank,9001,6.0,1,115,0.391304347826087,0.2235456017269293,0.7130434782608696,0.02618184916985351,0.42105263157894735,0.631578947368421,0.991304347826087
shuffled_domain_rank,9001,6.0,2,108,0.37037037037037035,0.2358831933472999,0.7962962962962963,0.03201785940722988,0.40186915887850466,0.5233644859813084,0.9907407407407407
shuffled_domain_rank,9001,6.0,3,108,0.35185185185185186,0.28792103261057506,0.8055555555555556,0.021242023928200716,0.39814814814814814,0.6203703703703703,1.0
shuffled_domain_rank,9001,6.0,4,108,0.4444444444444444,0.3127122179305957,0.8703703703703703,0.03160502632549057,0.48148148148148145,0.5925925925925926,1.0
shuffled_domain_rank,9001,6.0,5,108,0.24074074074074073,0.15040590534228093,0.8333333333333334,0.030369115734763412,0.3047619047619048,0.5714285714285714,0.9722222222222222
shuffled_domain_rank,9001,7.0,1,115,0.3826086956521739,0.21375118708452037,0.7391304347826086,0.026219370628649263,0.41228070175438597,0.6228070175438597,0.991304347826087
shuffled_domain_rank,9001,7.0,2,108,0.3425925925925926,0.23026048026048027,0.7870370370370371,0.03756775716712065,0.38317757009345793,0.4953271028037383,0.9907407407407407
shuffled_domain_rank,9001,7.0,3,108,0.35185185185185186,0.2955657662675207,0.8240740740740741,0.024480261119844502,0.3888888888888889,0.6203703703703703,1.0
shuffled_domain_rank,9001,7.0,4,108,0.4444444444444444,0.32054786000736385,0.8425925925925926,0.029362354032177213,0.4766355140186916,0.6074766355140186,0.9907407407407407
shuffled_domain_rank,9001,7.0,5,108,0.35185185185185186,0.22482285877625507,0.7870370370370371,0.02559273646364553,0.3904761904761905,0.6095238095238096,0.9722222222222222
shuffled_domain_rank,9001,8.0,1,115,0.4,0.22266345292661083,0.7652173913043478,0.028643256987549597,0.4298245614035088,0.6228070175438597,0.991304347826087
shuffled_domain_rank,9001,8.0,2,108,0.3148148148148148,0.20816608435656056,0.8055555555555556,0.04102757745084463,0.35514018691588783,0.48598130841121495,0.9907407407407407
shuffled_domain_rank,9001,8.0,3,108,0.3888888888888889,0.3053089358158483,0.7777777777777778,0.019703414913401853,0.42592592592592593,0.6111111111111112,1.0
shuffled_domain_rank,9001,8.0,4,108,0.4722222222222222,0.3417784461426924,0.9259259259259259,0.0313449231073358,0.5092592592592593,0.6203703703703703,1.0
shuffled_domain_rank,9001,8.0,5,108,0.3148148148148148,0.19572133293063523,0.7685185185185185,0.028143146225136546,0.3619047619047619,0.6190476190476191,0.9722222222222222
shuffled_domain_rank,9001,9.0,1,115,0.40869565217391307,0.23662662662662662,0.7304347826086957,0.026800052171774575,0.43859649122807015,0.631578947368421,0.991304347826087
shuffled_domain_rank,9001,9.0,2,108,0.3425925925925926,0.23586767450864812,0.8055555555555556,0.0382592043416732,0.37383177570093457,0.48598130841121495,0.9907407407407407
shuffled_domain_rank,9001,9.0,3,108,0.37037037037037035,0.2911824365809185,0.8055555555555556,0.021986232767411587,0.4074074074074074,0.6018518518518519,1.0
shuffled_domain_rank,9001,9.0,4,108,0.4537037037037037,0.31983736267701995,0.8888888888888888,0.02876114660658076,0.4953271028037383,0.6261682242990654,0.9907407407407407
shuffled_domain_rank,9001,9.0,5,108,0.32407407407407407,0.2022570566688214,0.8055555555555556,0.028716398896527256,0.37735849056603776,0.6037735849056604,0.9814814814814815
shuffled_domain_rank,9001,10.0,1,115,0.40869565217391307,0.23591895880139854,0.7217391304347827,0.027566462850562693,0.43859649122807015,0.631578947368421,0.991304347826087
shuffled_domain_rank,9001,10.0,2,108,0.32407407407407407,0.1794618425053208,0.7777777777777778,0.03903114318127301,0.36792452830188677,0.49056603773584906,0.9814814814814815
shuffled_domain_rank,9001,10.0,3,108,0.3611111111111111,0.2864381603070444,0.7962962962962963,0.020994099356191592,0.39814814814814814,0.6018518518518519,1.0
shuffled_domain_rank,9001,10.0,4,108,0.4351851851851852,0.3200069248849737,0.8703703703703703,0.029244391076953945,0.4672897196261682,0.6261682242990654,0.9907407407407407
shuffled_domain_rank,9001,10.0,5,108,0.35185185185185186,0.21715354222569672,0.8055555555555556,0.02376440234300127,0.39622641509433965,0.6415094339622641,0.9814814814814815
shuffled_domain_rank,9001,11.0,1,115,0.40869565217391307,0.23568991419041072,0.7565217391304347,0.025076559502650576,0.43859649122807015,0.6491228070175439,0.991304347826087
shuffled_domain_rank,9001,11.0,2,108,0.3888888888888889,0.24639376218323583,0.7870370370370371,0.032010327639461045,0.4205607476635514,0.5514018691588785,0.9907407407407407
shuffled_domain_rank,9001,11.0,3,108,0.35185185185185186,0.23393695030754916,0.7777777777777778,0.02412159050740992,0.39814814814814814,0.5925925925925926,1.0
shuffled_domain_rank,9001,11.0,4,108,0.4351851851851852,0.31494032395566923,0.8518518518518519,0.028566625442370288,0.4672897196261682,0.5981308411214953,0.9907407407407407
shuffled_domain_rank,9001,11.0,5,108,0.3333333333333333,0.1986237757514353,0.7685185185185185,0.023455280802351333,0.38095238095238093,0.6190476190476191,0.9722222222222222
shuffled_domain_rank,9001,12.0,1,115,0.3826086956521739,0.20684624017957354,0.7565217391304347,0.0275284771872868,0.415929203539823,0.6283185840707964,0.9826086956521739
shuffled_domain_rank,9001,12.0,2,108,0.37962962962962965,0.25005997900734744,0.8055555555555556,0.03346970632391587,0.41509433962264153,0.5471698113207547,0.9814814814814815
shuffled_domain_rank,9001,12.0,3,108,0.3425925925925926,0.27079472906824864,0.8240740740740741,0.026654108380694756,0.37962962962962965,0.5833333333333334,1.0
shuffled_domain_rank,9001,12.0,4,108,0.4537037037037037,0.3327251054465432,0.8703703703703703,0.03065639366038964,0.4766355140186916,0.5794392523364486,0.9907407407407407
shuffled_domain_rank,9001,12.0,5,108,0.3425925925925926,0.20679871314702772,0.7962962962962963,0.025250167734464517,0.4,0.6190476190476191,0.9722222222222222
shuffled_domain_rank,9001,13.0,1,115,0.40869565217391307,0.22133992362650898,0.7217391304347827,0.02675746823117074,0.43859649122807015,0.6403508771929824,0.991304347826087
shuffled_domain_rank,9001,13.0,2,108,0.42592592592592593,0.27368473967423124,0.8425925925925926,0.029036810243522893,0.45794392523364486,0.5700934579439252,0.9907407407407407
shuffled_domain_rank,9001,13.0,3,108,0.3611111111111111,0.2813727653037879,0.7685185185185185,0.025664495221843317,0.4074074074074074,0.6111111111111112,1.0
shuffled_domain_rank,9001,13.0,4,108,0.4074074074074074,0.29034037857567263,0.8796296296296297,0.028033097408188865,0.4351851851851852,0.5740740740740741,1.0
shuffled_domain_rank,9001,13.0,5,108,0.32407407407407407,0.18832772166105502,0.7685185185185185,0.02402890237402257,0.3867924528301887,0.6320754716981132,0.9814814814814815
shuffled_domain_rank,9001,14.0,1,115,0.391304347826087,0.21241705154748633,0.7304347826086957,0.026216957510307493,0.42105263157894735,0.631578947368421,0.991304347826087
shuffled_domain_rank,9001,14.0,2,108,0.39814814814814814,0.25551715309779827,0.8055555555555556,0.029477386318275987,0.42990654205607476,0.5514018691588785,0.9907407407407407
shuffled_domain_rank,9001,14.0,3,108,0.37962962962962965,0.3016182757112739,0.7962962962962963,0.025266429247618547,0.4166666666666667,0.6296296296296297,1.0
shuffled_domain_rank,9001,14.0,4,108,0.4444444444444444,0.33347519886507576,0.8703703703703703,0.030172635005086185,0.4953271028037383,0.6261682242990654,0.9907407407407407
shuffled_domain_rank,9001,14.0,5,108,0.32407407407407407,0.1949024720709666,0.7870370370370371,0.025320005675252926,0.37735849056603776,0.5943396226415094,0.9814814814814815
shuffled_domain_rank,9001,15.0,1,115,0.41739130434782606,0.24891873005080556,0.7478260869565218,0.027050232947555812,0.4473684210526316,0.6578947368421053,0.991304347826087
shuffled_domain_rank,9001,15.0,2,108,0.37037037037037035,0.2110493672993673,0.8055555555555556,0.03532687211501176,0.40186915887850466,0.5233644859813084,0.9907407407407407
shuffled_domain_rank,9001,15.0,3,108,0.35185185185185186,0.28179639804639806,0.7870370370370371,0.026293040168174908,0.39814814814814814,0.6111111111111112,1.0
shuffled_domain_rank,9001,15.0,4,108,0.4537037037037037,0.323713331669268,0.8888888888888888,0.027184103455524182,0.5046728971962616,0.6448598130841121,0.9907407407407407
shuffled_domain_rank,9001,15.0,5,108,0.3425925925925926,0.20703826636889514,0.8055555555555556,0.02583080074028471,0.38317757009345793,0.6074766355140186,0.9907407407407407
shuffled_domain_rank,9001,16.0,1,115,0.4,0.22924367037574586,0.7130434782608696,0.027068402978968613,0.4298245614035088,0.631578947368421,0.991304347826087
shuffled_domain_rank,9001,16.0,2,108,0.4166666666666667,0.2629673777940787,0.8055555555555556,0.02745607921526352,0.45794392523364486,0.5794392523364486,0.9907407407407407
shuffled_domain_rank,9001,16.0,3,108,0.3611111111111111,0.28886642707397425,0.7962962962962963,0.02902138438241721,0.39814814814814814,0.5925925925925926,1.0
shuffled_domain_rank,9001,16.0,4,108,0.4722222222222222,0.3354641890137606,0.8796296296296297,0.026313477877767794,0.5092592592592593,0.6203703703703703,1.0
shuffled_domain_rank,9001,16.0,5,108,0.32407407407407407,0.1957450761798588,0.7870370370370371,0.027871397623856257,0.39622641509433965,0.6037735849056604,0.9814814814814815
shuffled_domain_rank,9001,17.0,1,115,0.41739130434782606,0.2435470085470085,0.7304347826086957,0.025278452946720018,0.4473684210526316,0.6491228070175439,0.991304347826087
shuffled_domain_rank,9001,17.0,2,108,0.2962962962962963,0.2043654275764227,0.7870370370370371,0.041023111764547114,0.3364485981308411,0.4672897196261682,0.9907407407407407
shuffled_domain_rank,9001,17.0,3,108,0.3333333333333333,0.271266846361186,0.7870370370370371,0.02971672200694878,0.37037037037037035,0.5648148148148148,1.0
shuffled_domain_rank,9001,17.0,4,108,0.4722222222222222,0.33492116478652584,0.8611111111111112,0.032858911621989645,0.49074074074074076,0.6111111111111112,1.0
shuffled_domain_rank,9001,17.0,5,108,0.3055555555555556,0.18959587666484215,0.7777777777777778,0.027832301653145517,0.3619047619047619,0.6095238095238096,0.9722222222222222
shuffled_domain_rank,9001,18.0,1,115,0.4,0.22219255869141452,0.7565217391304347,0.02791805257032277,0.4298245614035088,0.631578947368421,0.991304347826087
shuffled_domain_rank,9001,18.0,2,108,0.3888888888888889,0.2601807323412206,0.7870370370370371,0.0327699668489769,0.4205607476635514,0.5420560747663551,0.9907407407407407
shuffled_domain_rank,9001,18.0,3,108,0.3425925925925926,0.28224890250292645,0.7962962962962963,0.025528029001137296,0.3888888888888889,0.6111111111111112,1.0
shuffled_domain_rank,9001,18.0,4,108,0.4444444444444444,0.3317943758019852,0.8796296296296297,0.033951850114461855,0.46296296296296297,0.5740740740740741,1.0
shuffled_domain_rank,9001,18.0,5,108,0.2777777777777778,0.1700251330068774,0.8333333333333334,0.0273054971452639,0.3333333333333333,0.5904761904761905,0.9722222222222222
shuffled_domain_rank,9001,19.0,1,115,0.3826086956521739,0.20081961133363,0.7304347826086957,0.026710350734715418,0.41228070175438597,0.631578947368421,0.991304347826087
shuffled_domain_rank,9001,19.0,2,108,0.35185185185185186,0.24186507936507937,0.7592592592592593,0.03668801921447142,0.37383177570093457,0.5046728971962616,0.9907407407407407
shuffled_domain_rank,9001,19.0,3,108,0.3425925925925926,0.2792243611392547,0.7777777777777778,0.02438684162518739,0.3888888888888889,0.5925925925925926,1.0
shuffled_domain_rank,9001,19.0,4,108,0.46296296296296297,0.3313073231677883,0.8796296296296297,0.028006585086198518,0.4953271028037383,0.6074766355140186,0.9907407407407407
shuffled_domain_rank,9001,19.0,5,108,0.3148148148148148,0.19644654088050315,0.7870370370370371,0.027931522149934374,0.3523809523809524,0.5714285714285714,0.9722222222222222
shuffled_domain_rank,9001,20.0,1,115,0.41739130434782606,0.24682707710230647,0.7478260869565218,0.027121117643727512,0.4473684210526316,0.6403508771929824,0.991304347826087
shuffled_domain_rank,9001,20.0,2,108,0.2962962962962963,0.1760789019409709,0.7777777777777778,0.04362519751088538,0.3364485981308411,0.45794392523364486,0.9907407407407407
shuffled_domain_rank,9001,20.0,3,108,0.37037037037037035,0.2937743896460437,0.7962962962962963,0.027193315671890254,0.4166666666666667,0.6203703703703703,1.0
shuffled_domain_rank,9001,20.0,4,108,0.4444444444444444,0.3159002025281095,0.8425925925925926,0.03287983989487264,0.48148148148148145,0.6111111111111112,1.0
shuffled_domain_rank,9001,20.0,5,108,0.3425925925925926,0.20583976833976836,0.8055555555555556,0.027190338728217973,0.3867924528301887,0.6320754716981132,0.9814814814814815
shuffled_domain_rank,9001,21.0,1,115,0.3826086956521739,0.20438662644544994,0.7565217391304347,0.027991337622971246,0.41228070175438597,0.6140350877192983,0.991304347826087
shuffled_domain_rank,9001,21.0,2,108,0.3611111111111111,0.2050039401103231,0.8055555555555556,0.03451848398047184,0.40186915887850466,0.5327102803738317,0.9907407407407407
shuffled_domain_rank,9001,21.0,3,108,0.35185185185185186,0.2941585163807386,0.7592592592592593,0.01965150817947276,0.39814814814814814,0.6296296296296297,1.0
shuffled_domain_rank,9001,21.0,4,108,0.4444444444444444,0.32337081523128036,0.8796296296296297,0.03073085360208217,0.46296296296296297,0.5925925925925926,1.0
shuffled_domain_rank,9001,21.0,5,108,0.3148148148148148,0.18267027931976387,0.7777777777777778,0.025094347471043874,0.3904761904761905,0.6285714285714286,0.9722222222222222
shuffled_domain_rank,9001,22.0,1,115,0.4,0.2301942431320112,0.782608695652174,0.02596297023015937,0.4298245614035088,0.6403508771929824,0.991304347826087
shuffled_domain_rank,9001,22.0,2,108,0.3425925925925926,0.21852496974895996,0.7962962962962963,0.03587368238198644,0.38317757009345793,0.5046728971962616,0.9907407407407407
shuffled_domain_rank,9001,22.0,3,108,0.42592592592592593,0.3251532030436695,0.7592592592592593,0.017661650488607867,0.4722222222222222,0.6388888888888888,1.0
shuffled_domain_rank,9001,22.0,4,108,0.4166666666666667,0.3042519209185876,0.8888888888888888,0.034514504762207354,0.4485981308411215,0.5794392523364486,0.9907407407407407
shuffled_domain_rank,9001,22.0,5,108,0.3148148148148148,0.19571331050824048,0.7962962962962963,0.02708181280098892,0.37142857142857144,0.6190476190476191,0.9722222222222222
shuffled_domain_rank,9001,23.0,1,115,0.41739130434782606,0.24290089034875528,0.782608695652174,0.026386072422356553,0.4473684210526316,0.6228070175438597,0.991304347826087
shuffled_domain_rank,9001,23.0,2,108,0.3148148148148148,0.21809566594970264,0.7777777777777778,0.03964535135127035,0.35514018691588783,0.4672897196261682,0.9907407407407407
shuffled_domain_rank,9001,23.0,3,108,0.32407407407407407,0.22038224121557456,0.8240740740740741,0.028087680013589057,0.37037037037037035,0.5833333333333334,1.0
shuffled_domain_rank,9001,23.0,4,108,0.4537037037037037,0.318915103851583,0.8518518518518519,0.030667501867384,0.48598130841121495,0.5887850467289719,0.9907407407407407
shuffled_domain_rank,9001,23.0,5,108,0.35185185185185186,0.20844483368202535,0.8055555555555556,0.02304606073299562,0.41509433962264153,0.6509433962264151,0.9814814814814815
shuffled_domain_rank,9001,24.0,1,115,0.391304347826087,0.2060268332848978,0.7913043478260869,0.02595194033313289,0.42105263157894735,0.631578947368421,0.991304347826087
shuffled_domain_rank,9001,24.0,2,108,0.3611111111111111,0.24471884797971755,0.7592592592592593,0.03415309659823599,0.40186915887850466,0.514018691588785,0.9907407407407407
shuffled_domain_rank,9001,24.0,3,108,0.3425925925925926,0.2755294395599494,0.8148148148148148,0.026802941151604583,0.3888888888888889,0.5925925925925926,1.0
shuffled_domain_rank,9001,24.0,4,108,0.4537037037037037,0.3345380609395889,0.8703703703703703,0.03427324111145467,0.4766355140186916,0.6074766355140186,0.9907407407407407
shuffled_domain_rank,9001,24.0,5,108,0.35185185185185186,0.21309389140271495,0.8518518518518519,0.024883367860813275,0.4095238095238095,0.6476190476190476,0.9722222222222222
shuffled_domain_rank,9001,25.0,1,115,0.41739130434782606,0.24487410487410488,0.7652173913043478,0.0255866509809437,0.4473684210526316,0.6491228070175439,0.991304347826087
shuffled_domain_rank,9001,25.0,2,108,0.3333333333333333,0.22135262930380953,0.7962962962962963,0.035895133757235936,0.36792452830188677,0.5,0.9814814814814815
shuffled_domain_rank,9001,25.0,3,108,0.3611111111111111,0.2902084473636198,0.7870370370370371,0.02487549637415909,0.39814814814814814,0.6203703703703703,1.0
shuffled_domain_rank,9001,25.0,4,108,0.4722222222222222,0.33537822936477274,0.8703703703703703,0.027698681821951225,0.5094339622641509,0.6226415094339622,0.9814814814814815
shuffled_domain_rank,9001,25.0,5,108,0.3333333333333333,0.2115581805504286,0.8055555555555556,0.025450687252006825,0.38317757009345793,0.5887850467289719,0.9907407407407407
shuffled_domain_rank,9001,26.0,1,115,0.4,0.22993086544488417,0.7391304347826086,0.028047712013417787,0.4298245614035088,0.631578947368421,0.991304347826087
shuffled_domain_rank,9001,26.0,2,108,0.39814814814814814,0.25013642313293877,0.7962962962962963,0.02958157434225205,0.42990654205607476,0.5514018691588785,0.9907407407407407
shuffled_domain_rank,9001,26.0,3,108,0.37037037037037035,0.2914920153443166,0.7685185185185185,0.026702585539812508,0.4166666666666667,0.5925925925925926,1.0
shuffled_domain_rank,9001,26.0,4,108,0.49074074074074076,0.35155352777304,0.8981481481481481,0.02771608220561013,0.5185185185185185,0.6481481481481481,1.0
shuffled_domain_rank,9001,26.0,5,108,0.32407407407407407,0.19243313578188692,0.7870370370370371,0.02498727620856562,0.35514018691588783,0.5887850467289719,0.9907407407407407
shuffled_domain_rank,9001,27.0,1,115,0.4260869565217391,0.25393939393939396,0.7478260869565218,0.02409286692597074,0.45614035087719296,0.6578947368421053,0.991304347826087
shuffled_domain_rank,9001,27.0,2,108,0.3611111111111111,0.24728835978835975,0.7407407407407407,0.036498254553787315,0.3925233644859813,0.514018691588785,0.9907407407407407
shuffled_domain_rank,9001,27.0,3,108,0.37962962962962965,0.3011181312889093,0.7777777777777778,0.022412951438666708,0.42592592592592593,0.6481481481481481,1.0
shuffled_domain_rank,9001,27.0,4,108,0.4444444444444444,0.32695901881948397,0.8981481481481481,0.030277161677042246,0.4672897196261682,0.6074766355140186,0.9907407407407407
shuffled_domain_rank,9001,27.0,5,108,0.32407407407407407,0.20050209952648979,0.7777777777777778,0.025401463774449087,0.38095238095238093,0.6095238095238096,0.9722222222222222
shuffled_domain_rank,9001,28.0,1,115,0.4,0.22581934858599972,0.7652173913043478,0.02666495225324487,0.4298245614035088,0.6491228070175439,0.991304347826087
shuffled_domain_rank,9001,28.0,2,108,0.42592592592592593,0.26675438596491224,0.7962962962962963,0.02396114800988514,0.4672897196261682,0.5981308411214953,0.9907407407407407
shuffled_domain_rank,9001,28.0,3,108,0.37962962962962965,0.30074862012315473,0.8055555555555556,0.02400605856539885,0.4166666666666667,0.6111111111111112,1.0
shuffled_domain_rank,9001,28.0,4,108,0.48148148148148145,0.34406987428825203,0.8611111111111112,0.030822549410051494,0.5277777777777778,0.6481481481481481,1.0
shuffled_domain_rank,9001,28.0,5,108,0.3148148148148148,0.1932573599240266,0.8055555555555556,0.023756929726175463,0.38095238095238093,0.6190476190476191,0.9722222222222222
shuffled_domain_rank,9001,29.0,1,115,0.3826086956521739,0.20413897150739257,0.7391304347826086,0.027317471573570746,0.42105263157894735,0.6228070175438597,0.991304347826087
shuffled_domain_rank,9001,29.0,2,108,0.37962962962962965,0.22899069693678165,0.7870370370370371,0.03217096356348573,0.4205607476635514,0.5420560747663551,0.9907407407407407
shuffled_domain_rank,9001,29.0,3,108,0.35185185185185186,0.2893635601469703,0.7777777777777778,0.021922090530234577,0.3888888888888889,0.6018518518518519,1.0
shuffled_domain_rank,9001,29.0,4,108,0.42592592592592593,0.3137451471730163,0.8796296296296297,0.030413711798063073,0.46296296296296297,0.6111111111111112,1.0
shuffled_domain_rank,9001,29.0,5,108,0.2962962962962963,0.1871508010062227,0.8240740740740741,0.030249282144383823,0.3523809523809524,0.5714285714285714,0.9722222222222222
baseline_stats,12345,,1,115,0.4260869565217391,0.2963144517066086,0.7565217391304347,0.0252303926645289,0.45614035087719296,0.6666666666666666,0.991304347826087
baseline_stats,12345,,2,108,0.5833333333333334,0.3955044955906722,0.8611111111111112,0.02204075117286491,0.5833333333333334,0.6851851851851852,1.0
baseline_stats,12345,,3,108,0.37037037037037035,0.24016636957813428,0.7592592592592593,0.029229442028033327,0.4074074074074074,0.5925925925925926,1.0
baseline_stats,12345,,4,108,0.37962962962962965,0.23708694746026446,0.8796296296296297,0.02017374518517554,0.44339622641509435,0.5849056603773585,0.9814814814814815
baseline_stats,12345,,5,108,0.25925925925925924,0.1674145299145299,0.7870370370370371,0.024442978787924754,0.29906542056074764,0.5420560747663551,0.9907407407407407
real_domain_rank,12345,,1,115,0.4260869565217391,0.31503104438884255,0.7652173913043478,0.027132943345945473,0.45614035087719296,0.6578947368421053,0.991304347826087
real_domain_rank,12345,,2,108,0.5740740740740741,0.3883417508417508,0.8703703703703703,0.021309811029661587,0.5833333333333334,0.6851851851851852,1.0
real_domain_rank,12345,,3,108,0.37037037037037035,0.2378971188733392,0.7407407407407407,0.02424172864929184,0.4166666666666667,0.6018518518518519,1.0
real_domain_rank,12345,,4,108,0.46296296296296297,0.322863923092756,0.8981481481481481,0.0173372485206653,0.5046728971962616,0.616822429906542,0.9907407407407407
real_domain_rank,12345,,5,108,0.35185185185185186,0.22098826135444263,0.8240740740740741,0.02061667277585464,0.4074074074074074,0.6018518518518519,1.0
shuffled_domain_rank,12345,0.0,1,115,0.40869565217391307,0.29259259259259257,0.7739130434782608,0.024803977029525318,0.43859649122807015,0.6666666666666666,0.991304347826087
shuffled_domain_rank,12345,0.0,2,108,0.5555555555555556,0.3785327138985675,0.8333333333333334,0.023814545666221855,0.5555555555555556,0.6574074074074074,1.0
shuffled_domain_rank,12345,0.0,3,108,0.35185185185185186,0.22591516184866567,0.7592592592592593,0.026228487606933342,0.3888888888888889,0.5648148148148148,1.0
shuffled_domain_rank,12345,0.0,4,108,0.37962962962962965,0.24901752309579875,0.8981481481481481,0.021284122754944613,0.42990654205607476,0.5700934579439252,0.9907407407407407
shuffled_domain_rank,12345,0.0,5,108,0.32407407407407407,0.20169379765996553,0.7777777777777778,0.02155988881041051,0.3867924528301887,0.5943396226415094,0.9814814814814815
shuffled_domain_rank,12345,1.0,1,115,0.40869565217391307,0.28631576009081267,0.782608695652174,0.024105431220735975,0.43859649122807015,0.6578947368421053,0.991304347826087
shuffled_domain_rank,12345,1.0,2,108,0.5462962962962963,0.373032622139765,0.8240740740740741,0.02400844325316063,0.5462962962962963,0.6574074074074074,1.0
shuffled_domain_rank,12345,1.0,3,108,0.37037037037037035,0.24540061523791187,0.7314814814814815,0.023596682896840863,0.4074074074074074,0.6018518518518519,1.0
shuffled_domain_rank,12345,1.0,4,108,0.3888888888888889,0.24279118947064285,0.8888888888888888,0.02156459637765578,0.4392523364485981,0.5794392523364486,0.9907407407407407
shuffled_domain_rank,12345,1.0,5,108,0.3055555555555556,0.1877777777777778,0.7962962962962963,0.022532373702427524,0.3584905660377358,0.5754716981132075,0.9814814814814815
shuffled_domain_rank,12345,2.0,1,115,0.4260869565217391,0.29357571857571857,0.7478260869565218,0.02512657712914546,0.45614035087719296,0.6666666666666666,0.991304347826087
shuffled_domain_rank,12345,2.0,2,108,0.5462962962962963,0.38615835222978073,0.8425925925925926,0.02551888248151232,0.5462962962962963,0.6388888888888888,1.0
shuffled_domain_rank,12345,2.0,3,108,0.35185185185185186,0.2293172259333047,0.75,0.023305341222595206,0.3888888888888889,0.5833333333333334,1.0
shuffled_domain_rank,12345,2.0,4,108,0.39814814814814814,0.2650538405849185,0.8981481481481481,0.018629156615109922,0.45794392523364486,0.5981308411214953,0.9907407407407407
shuffled_domain_rank,12345,2.0,5,108,0.28703703703703703,0.18659208720060647,0.7777777777777778,0.022540823574705254,0.32075471698113206,0.5754716981132075,0.9814814814814815
shuffled_domain_rank,12345,3.0,1,115,0.4260869565217391,0.3107696463004103,0.8,0.025396384220772908,0.4473684210526316,0.6578947368421053,0.991304347826087
shuffled_domain_rank,12345,3.0,2,108,0.5277777777777778,0.364846731375477,0.8240740740740741,0.026852176639009216,0.5370370370370371,0.6481481481481481,1.0
shuffled_domain_rank,12345,3.0,3,108,0.35185185185185186,0.23657023862109997,0.7777777777777778,0.02759489498697668,0.3888888888888889,0.5648148148148148,1.0
shuffled_domain_rank,12345,3.0,4,108,0.3888888888888889,0.25890437475803324,0.8981481481481481,0.025160546915758853,0.42990654205607476,0.5700934579439252,0.9907407407407407
shuffled_domain_rank,12345,3.0,5,108,0.32407407407407407,0.19891687754006593,0.7685185185185185,0.01989266238909415,0.37383177570093457,0.5887850467289719,0.9907407407407407
shuffled_domain_rank,12345,4.0,1,115,0.4434782608695652,0.3034259179075322,0.782608695652174,0.024224374036963203,0.47368421052631576,0.6842105263157895,0.991304347826087
shuffled_domain_rank,12345,4.0,2,108,0.5462962962962963,0.3763337502833301,0.8425925925925926,0.025746462807738096,0.5607476635514018,0.6542056074766355,0.9907407407407407
shuffled_domain_rank,12345,4.0,3,108,0.3333333333333333,0.22041541675329432,0.75,0.025541132690888476,0.37037037037037035,0.5833333333333334,1.0
shuffled_domain_rank,12345,4.0,4,108,0.42592592592592593,0.28734927928989434,0.9259259259259259,0.019162889236681635,0.4766355140186916,0.616822429906542,0.9907407407407407
shuffled_domain_rank,12345,4.0,5,108,0.3055555555555556,0.1935289689903432,0.7870370370370371,0.02466077196881544,0.33962264150943394,0.5660377358490566,0.9814814814814815
shuffled_domain_rank,12345,5.0,1,115,0.4434782608695652,0.32634478162001096,0.7913043478260869,0.019858160226587165,0.47368421052631576,0.6754385964912281,0.991304347826087
shuffled_domain_rank,12345,5.0,2,108,0.5277777777777778,0.3854819417854914,0.8425925925925926,0.03263383277225185,0.5277777777777778,0.6111111111111112,1.0
shuffled_domain_rank,12345,5.0,3,108,0.32407407407407407,0.21034132171387074,0.7685185185185185,0.025780764015987796,0.3611111111111111,0.5648148148148148,1.0
shuffled_domain_rank,12345,5.0,4,108,0.3888888888888889,0.25227714359769515,0.9074074074074074,0.023644466335223966,0.4392523364485981,0.5887850467289719,0.9907407407407407
shuffled_domain_rank,12345,5.0,5,108,0.32407407407407407,0.20634801754477208,0.7592592592592593,0.018621250384096233,0.37383177570093457,0.5887850467289719,0.9907407407407407
shuffled_domain_rank,12345,6.0,1,115,0.4260869565217391,0.3051490345068327,0.782608695652174,0.02489104718888074,0.4473684210526316,0.6491228070175439,0.991304347826087
shuffled_domain_rank,12345,6.0,2,108,0.5462962962962963,0.3657750166824009,0.8425925925925926,0.02274452246874917,0.5607476635514018,0.6728971962616822,0.9907407407407407
shuffled_domain_rank,12345,6.0,3,108,0.3425925925925926,0.22638929003134256,0.7592592592592593,0.023655442509817024,0.37962962962962965,0.5925925925925926,1.0
shuffled_domain_rank,12345,6.0,4,108,0.42592592592592593,0.28772419345882616,0.9074074074074074,0.022573049169021208,0.4766355140186916,0.5887850467289719,0.9907407407407407
shuffled_domain_rank,12345,6.0,5,108,0.3425925925925926,0.21758101233804558,0.7870370370370371,0.01969536934494573,0.37383177570093457,0.6074766355140186,0.9907407407407407
shuffled_domain_rank,12345,7.0,1,115,0.4434782608695652,0.3065386815386815,0.7565217391304347,0.02411930210379672,0.47368421052631576,0.6666666666666666,0.991304347826087
shuffled_domain_rank,12345,7.0,2,108,0.6018518518518519,0.41579377364981074,0.8333333333333334,0.01979588301799175,0.6018518518518519,0.6944444444444444,1.0
shuffled_domain_rank,12345,7.0,3,108,0.3148148148148148,0.20624578684463837,0.7777777777777778,0.030908863074472208,0.3611111111111111,0.5648148148148148,1.0
shuffled_domain_rank,12345,7.0,4,108,0.4074074074074074,0.25594089331369624,0.8796296296296297,0.018942558079315615,0.4672897196261682,0.6261682242990654,0.9907407407407407
shuffled_domain_rank,12345,7.0,5,108,0.3333333333333333,0.2135878517501716,0.8055555555555556,0.021910696092378838,0.3644859813084112,0.6074766355140186,0.9907407407407407
shuffled_domain_rank,12345,8.0,1,115,0.4260869565217391,0.3038445472655999,0.7652173913043478,0.024105112694741783,0.45614035087719296,0.6666666666666666,0.991304347826087
shuffled_domain_rank,12345,8.0,2,108,0.5555555555555556,0.3861776346312429,0.8425925925925926,0.026595440209468288,0.5607476635514018,0.6542056074766355,0.9907407407407407
shuffled_domain_rank,12345,8.0,3,108,0.4074074074074074,0.2586687286299689,0.75,0.023895667628482897,0.4444444444444444,0.6296296296296297,1.0
shuffled_domain_rank,12345,8.0,4,108,0.42592592592592593,0.29258610090393605,0.9166666666666666,0.02191887023563207,0.4672897196261682,0.6074766355140186,0.9907407407407407
shuffled_domain_rank,12345,8.0,5,108,0.2962962962962963,0.18682594989215198,0.7592592592592593,0.02106031543074828,0.34579439252336447,0.5887850467289719,0.9907407407407407
shuffled_domain_rank,12345,9.0,1,115,0.40869565217391307,0.28538702253655523,0.7652173913043478,0.02495191047755758,0.43859649122807015,0.6491228070175439,0.991304347826087
shuffled_domain_rank,12345,9.0,2,108,0.5462962962962963,0.37675704412546523,0.8333333333333334,0.023852034047958246,0.5555555555555556,0.6481481481481481,1.0
shuffled_domain_rank,12345,9.0,3,108,0.37037037037037035,0.23512928022361987,0.7685185185185185,0.025559280219255805,0.4074074074074074,0.5925925925925926,1.0
shuffled_domain_rank,12345,9.0,4,108,0.4444444444444444,0.3042276772896928,0.8888888888888888,0.017800166986648727,0.49056603773584906,0.6320754716981132,0.9814814814814815
shuffled_domain_rank,12345,9.0,5,108,0.3333333333333333,0.21290642839414245,0.7962962962962963,0.022584653146331738,0.3644859813084112,0.616822429906542,0.9907407407407407
shuffled_domain_rank,12345,10.0,1,115,0.40869565217391307,0.2787913954589754,0.782608695652174,0.024702512891792306,0.43859649122807015,0.6491228070175439,0.991304347826087
shuffled_domain_rank,12345,10.0,2,108,0.5092592592592593,0.3708324487238728,0.8333333333333334,0.03180850705973599,0.5092592592592593,0.6111111111111112,1.0
shuffled_domain_rank,12345,10.0,3,108,0.3611111111111111,0.22875651887385204,0.7685185185185185,0.024418230242837312,0.4074074074074074,0.6018518518518519,1.0
shuffled_domain_rank,12345,10.0,4,108,0.4074074074074074,0.2732017261521589,0.9074074074074074,0.022589683128479913,0.45794392523364486,0.5887850467289719,0.9907407407407407
shuffled_domain_rank,12345,10.0,5,108,0.35185185185185186,0.22136752136752136,0.8055555555555556,0.02167817245738638,0.3925233644859813,0.5700934579439252,0.9907407407407407
shuffled_domain_rank,12345,11.0,1,115,0.46956521739130436,0.32591532419118624,0.7739130434782608,0.021236328949516582,0.48695652173913045,0.6869565217391305,1.0
shuffled_domain_rank,12345,11.0,2,108,0.5555555555555556,0.3785667420121202,0.8518518518518519,0.023073546320170488,0.5648148148148148,0.6666666666666666,1.0
shuffled_domain_rank,12345,11.0,3,108,0.3611111111111111,0.239026819700336,0.75,0.027529720701011937,0.39814814814814814,0.5925925925925926,1.0
shuffled_domain_rank,12345,11.0,4,108,0.37962962962962965,0.24545541782383887,0.8981481481481481,0.021859324264300126,0.42990654205607476,0.5887850467289719,0.9907407407407407
shuffled_domain_rank,12345,11.0,5,108,0.2777777777777778,0.1671176046176046,0.75,0.022218687546581777,0.32407407407407407,0.5833333333333334,1.0
shuffled_domain_rank,12345,12.0,1,115,0.4434782608695652,0.3052425916984101,0.7565217391304347,0.025396271963659275,0.47368421052631576,0.6754385964912281,0.991304347826087
shuffled_domain_rank,12345,12.0,2,108,0.5648148148148148,0.3869973248614025,0.8240740740740741,0.022711496375943004,0.5648148148148148,0.6666666666666666,1.0
shuffled_domain_rank,12345,12.0,3,108,0.3425925925925926,0.22936152774362759,0.7870370370370371,0.025820671935151158,0.3888888888888889,0.5833333333333334,1.0
shuffled_domain_rank,12345,12.0,4,108,0.42592592592592593,0.2618637576970911,0.8518518518518519,0.018520182040288706,0.4766355140186916,0.616822429906542,0.9907407407407407
shuffled_domain_rank,12345,12.0,5,108,0.3611111111111111,0.23003390062664794,0.7962962962962963,0.020613733281117156,0.3925233644859813,0.6074766355140186,0.9907407407407407
shuffled_domain_rank,12345,13.0,1,115,0.45217391304347826,0.31176046176046174,0.7565217391304347,0.02228481471653189,0.4824561403508772,0.6929824561403509,0.991304347826087
shuffled_domain_rank,12345,13.0,2,108,0.5648148148148148,0.3953916141416141,0.8333333333333334,0.027486098688045694,0.5740740740740741,0.6666666666666666,1.0
shuffled_domain_rank,12345,13.0,3,108,0.35185185185185186,0.2288480403828754,0.75,0.025208310470357386,0.39814814814814814,0.5740740740740741,1.0
shuffled_domain_rank,12345,13.0,4,108,0.4166666666666667,0.2649147894641002,0.8611111111111112,0.01833403612005766,0.4766355140186916,0.616822429906542,0.9907407407407407
shuffled_domain_rank,12345,13.0,5,108,0.3055555555555556,0.19970420384213486,0.7870370370370371,0.02208599602869403,0.3364485981308411,0.5794392523364486,0.9907407407407407
shuffled_domain_rank,12345,14.0,1,115,0.4260869565217391,0.29733538818904676,0.7478260869565218,0.025490242666650127,0.45614035087719296,0.6578947368421053,0.991304347826087
shuffled_domain_rank,12345,14.0,2,108,0.5648148148148148,0.3791393230824098,0.8796296296296297,0.02129703059204591,0.5794392523364486,0.6728971962616822,0.9907407407407407
shuffled_domain_rank,12345,14.0,3,108,0.35185185185185186,0.22976926182012322,0.7777777777777778,0.024537667661500933,0.3888888888888889,0.6018518518518519,1.0
shuffled_domain_rank,12345,14.0,4,108,0.39814814814814814,0.24661006449799552,0.8888888888888888,0.019259125905323176,0.45794392523364486,0.5981308411214953,0.9907407407407407
shuffled_domain_rank,12345,14.0,5,108,0.32407407407407407,0.19861045437637523,0.7592592592592593,0.01938531860195409,0.35185185185185186,0.6111111111111112,1.0
shuffled_domain_rank,12345,15.0,1,115,0.43478260869565216,0.299572965426624,0.7478260869565218,0.024473136891426956,0.4608695652173913,0.6782608695652174,1.0
shuffled_domain_rank,12345,15.0,2,108,0.5370370370370371,0.3701460382132651,0.8333333333333334,0.023849639356144255,0.5462962962962963,0.6481481481481481,1.0
shuffled_domain_rank,12345,15.0,3,108,0.39814814814814814,0.25324728181871037,0.7685185185185185,0.022921163005606454,0.4351851851851852,0.6203703703703703,1.0
shuffled_domain_rank,12345,15.0,4,108,0.37037037037037035,0.24028430035853152,0.8981481481481481,0.02391041640872864,0.42990654205607476,0.5607476635514018,0.9907407407407407
shuffled_domain_rank,12345,15.0,5,108,0.28703703703703703,0.17933350397971748,0.8055555555555556,0.0226149668591541,0.32407407407407407,0.5462962962962963,1.0
shuffled_domain_rank,12345,16.0,1,115,0.4260869565217391,0.3102483777131349,0.7739130434782608,0.025309596442307212,0.4473684210526316,0.6491228070175439,0.991304347826087
shuffled_domain_rank,12345,16.0,2,108,0.5462962962962963,0.36605940355940353,0.8518518518518519,0.023041707551588457,0.5555555555555556,0.6481481481481481,1.0
shuffled_domain_rank,12345,16.0,3,108,0.37037037037037035,0.23248081841432222,0.75,0.023256236424818406,0.4166666666666667,0.6111111111111112,1.0
shuffled_domain_rank,12345,16.0,4,108,0.3888888888888889,0.26219539270600944,0.9166666666666666,0.021653665547871334,0.4392523364485981,0.5794392523364486,0.9907407407407407
shuffled_domain_rank,12345,16.0,5,108,0.35185185185185186,0.2252105493484804,0.7870370370370371,0.019526107384706053,0.3925233644859813,0.5887850467289719,0.9907407407407407
shuffled_domain_rank,12345,17.0,1,115,0.43478260869565216,0.313717817963101,0.7739130434782608,0.022919556883556184,0.4649122807017544,0.6666666666666666,0.991304347826087
shuffled_domain_rank,12345,17.0,2,108,0.5555555555555556,0.37982597460395856,0.8703703703703703,0.02484824137171722,0.5607476635514018,0.6635514018691588,0.9907407407407407
shuffled_domain_rank,12345,17.0,3,108,0.3611111111111111,0.23485343891288424,0.7777777777777778,0.0247346954824196,0.39814814814814814,0.5925925925925926,1.0
shuffled_domain_rank,12345,17.0,4,108,0.4166666666666667,0.27475319122178204,0.9074074074074074,0.018617466653386067,0.4766355140186916,0.6355140186915887,0.9907407407407407
shuffled_domain_rank,12345,17.0,5,108,0.3055555555555556,0.1961941251596424,0.8055555555555556,0.02249636986764253,0.3584905660377358,0.5660377358490566,0.9814814814814815
shuffled_domain_rank,12345,18.0,1,115,0.45217391304347826,0.3083514887436456,0.782608695652174,0.02352466237909325,0.4824561403508772,0.7105263157894737,0.991304347826087
shuffled_domain_rank,12345,18.0,2,108,0.5462962962962963,0.38052338052338053,0.8518518518518519,0.028482866723686665,0.5462962962962963,0.6296296296296297,1.0
shuffled_domain_rank,12345,18.0,3,108,0.3425925925925926,0.22293351302785266,0.7870370370370371,0.024696946243659652,0.37962962962962965,0.5925925925925926,1.0
shuffled_domain_rank,12345,18.0,4,108,0.4351851851851852,0.29777987343217066,0.8888888888888888,0.019686500693016064,0.48598130841121495,0.5981308411214953,0.9907407407407407
shuffled_domain_rank,12345,18.0,5,108,0.25925925925925924,0.15635842853887968,0.8055555555555556,0.02579225729095647,0.3177570093457944,0.5233644859813084,0.9907407407407407
shuffled_domain_rank,12345,19.0,1,115,0.40869565217391307,0.2783083835715415,0.7652173913043478,0.024334542073734634,0.43859649122807015,0.6491228070175439,0.991304347826087
shuffled_domain_rank,12345,19.0,2,108,0.5462962962962963,0.37894327894327895,0.8333333333333334,0.025219933898515783,0.5462962962962963,0.6481481481481481,1.0
shuffled_domain_rank,12345,19.0,3,108,0.35185185185185186,0.2230451574569222,0.7314814814814815,0.024655415653719124,0.3888888888888889,0.5740740740740741,1.0
shuffled_domain_rank,12345,19.0,4,108,0.4444444444444444,0.3006928366860456,0.9074074074074074,0.020174781084296843,0.4953271028037383,0.616822429906542,0.9907407407407407
shuffled_domain_rank,12345,19.0,5,108,0.3148148148148148,0.21008885000872593,0.8240740740740741,0.02233299125857958,0.3364485981308411,0.5607476635514018,0.9907407407407407
shuffled_domain_rank,12345,20.0,1,115,0.43478260869565216,0.2956293991684191,0.7391304347826086,0.024732525453785407,0.4649122807017544,0.6578947368421053,0.991304347826087
shuffled_domain_rank,12345,20.0,2,108,0.5370370370370371,0.37477542477542475,0.8425925925925926,0.026576549601055575,0.5370370370370371,0.6481481481481481,1.0
shuffled_domain_rank,12345,20.0,3,108,0.3611111111111111,0.230778064886592,0.7777777777777778,0.02674112569771889,0.39814814814814814,0.5648148148148148,1.0
shuffled_domain_rank,12345,20.0,4,108,0.3888888888888889,0.26306735414012233,0.8888888888888888,0.019664225446688367,0.4339622641509434,0.5849056603773585,0.9814814814814815
shuffled_domain_rank,12345,20.0,5,108,0.26851851851851855,0.17457624185280182,0.8148148148148148,0.02350736482138513,0.308411214953271,0.5700934579439252,0.9907407407407407
shuffled_domain_rank,12345,21.0,1,115,0.4608695652173913,0.31963419463419457,0.7652173913043478,0.024869346803275596,0.49122807017543857,0.6842105263157895,0.991304347826087
shuffled_domain_rank,12345,21.0,2,108,0.5740740740740741,0.39319555573425546,0.8240740740740741,0.022772448518732214,0.5740740740740741,0.6666666666666666,1.0
shuffled_domain_rank,12345,21.0,3,108,0.3611111111111111,0.23000645994832045,0.75,0.02531193915279739,0.39814814814814814,0.6018518518518519,1.0
shuffled_domain_rank,12345,21.0,4,108,0.4166666666666667,0.2795067353886411,0.9166666666666666,0.01753438977112314,0.4672897196261682,0.616822429906542,0.9907407407407407
shuffled_domain_rank,12345,21.0,5,108,0.35185185185185186,0.22235100739319372,0.75,0.01827633174420535,0.39622641509433965,0.6320754716981132,0.9814814814814815
shuffled_domain_rank,12345,22.0,1,115,0.4608695652173913,0.3195840007766613,0.808695652173913,0.021141766608863192,0.49122807017543857,0.7017543859649122,0.991304347826087
shuffled_domain_rank,12345,22.0,2,108,0.5833333333333334,0.3961023880819712,0.8796296296296297,0.021941007758806506,0.5925925925925926,0.6851851851851852,1.0
shuffled_domain_rank,12345,22.0,3,108,0.3425925925925926,0.22489911906791704,0.7870370370370371,0.02405176936013526,0.3888888888888889,0.6111111111111112,1.0
shuffled_domain_rank,12345,22.0,4,108,0.3888888888888889,0.2649994376968061,0.8796296296296297,0.02238687225999528,0.4392523364485981,0.5981308411214953,0.9907407407407407
shuffled_domain_rank,12345,22.0,5,108,0.3148148148148148,0.20508520889186208,0.8055555555555556,0.02440890382209536,0.3364485981308411,0.5700934579439252,0.9907407407407407
shuffled_domain_rank,12345,23.0,1,115,0.4434782608695652,0.30518084426753156,0.7739130434782608,0.025001059832347697,0.47368421052631576,0.6666666666666666,0.991304347826087
shuffled_domain_rank,12345,23.0,2,108,0.5370370370370371,0.3853638828889905,0.8333333333333334,0.029918141613557048,0.5514018691588785,0.6355140186915887,0.9907407407407407
shuffled_domain_rank,12345,23.0,3,108,0.3425925925925926,0.21831105534912898,0.7592592592592593,0.026469086927228963,0.37962962962962965,0.5833333333333334,1.0
shuffled_domain_rank,12345,23.0,4,108,0.4074074074074074,0.27015159273223793,0.8888888888888888,0.021176907265048627,0.45794392523364486,0.616822429906542,0.9907407407407407
shuffled_domain_rank,12345,23.0,5,108,0.32407407407407407,0.2037044691294239,0.8333333333333334,0.021543029108838097,0.3425925925925926,0.5833333333333334,1.0
shuffled_domain_rank,12345,24.0,1,115,0.4434782608695652,0.3211025403156098,0.7565217391304347,0.0233638993747611,0.4824561403508772,0.6666666666666666,0.991304347826087
shuffled_domain_rank,12345,24.0,2,108,0.6018518518518519,0.41235921911518886,0.8611111111111112,0.019702924065041864,0.6018518518518519,0.7037037037037037,1.0
shuffled_domain_rank,12345,24.0,3,108,0.3611111111111111,0.23296688239138222,0.7685185185185185,0.023703891890249178,0.39814814814814814,0.5925925925925926,1.0
shuffled_domain_rank,12345,24.0,4,108,0.39814814814814814,0.2651982209953225,0.9259259259259259,0.024641999197726118,0.4485981308411215,0.5794392523364486,0.9907407407407407
shuffled_domain_rank,12345,24.0,5,108,0.3425925925925926,0.2193655317813,0.7777777777777778,0.019577225300227367,0.37735849056603776,0.5943396226415094,0.9814814814814815
shuffled_domain_rank,12345,25.0,1,115,0.4434782608695652,0.31734146427128884,0.7565217391304347,0.021958324631179804,0.47368421052631576,0.6929824561403509,0.991304347826087
shuffled_domain_rank,12345,25.0,2,108,0.5740740740740741,0.40030499844856277,0.8240740740740741,0.023399405437952225,0.5740740740740741,0.6759259259259259,1.0
shuffled_domain_rank,12345,25.0,3,108,0.3333333333333333,0.21432824663188857,0.7592592592592593,0.027529726407323703,0.37037037037037035,0.5648148148148148,1.0
shuffled_domain_rank,12345,25.0,4,108,0.39814814814814814,0.25298323485312463,0.8703703703703703,0.018974190183922938,0.45794392523364486,0.6074766355140186,0.9907407407407407
shuffled_domain_rank,12345,25.0,5,108,0.3148148148148148,0.20664066156966765,0.7870370370370371,0.022388902912692132,0.34579439252336447,0.5700934579439252,0.9907407407407407
shuffled_domain_rank,12345,26.0,1,115,0.4434782608695652,0.3025312337238943,0.782608695652174,0.02370068803735292,0.47368421052631576,0.6842105263157895,0.991304347826087
shuffled_domain_rank,12345,26.0,2,108,0.5277777777777778,0.3650832650832651,0.8611111111111112,0.02733158960047774,0.5277777777777778,0.6388888888888888,1.0
shuffled_domain_rank,12345,26.0,3,108,0.3425925925925926,0.21877450980392157,0.7592592592592593,0.02647234740735462,0.3888888888888889,0.5648148148148148,1.0
shuffled_domain_rank,12345,26.0,4,108,0.4166666666666667,0.28237172696293944,0.8796296296296297,0.019986629940390393,0.48598130841121495,0.5887850467289719,0.9907407407407407
shuffled_domain_rank,12345,26.0,5,108,0.32407407407407407,0.20671304405852223,0.7962962962962963,0.02251899541560625,0.35514018691588783,0.5607476635514018,0.9907407407407407
shuffled_domain_rank,12345,27.0,1,115,0.43478260869565216,0.31201286687912533,0.7478260869565218,0.024985458637354706,0.4649122807017544,0.6666666666666666,0.991304347826087
shuffled_domain_rank,12345,27.0,2,108,0.5277777777777778,0.3518694947266376,0.8703703703703703,0.024330136860933164,0.5370370370370371,0.6481481481481481,1.0
shuffled_domain_rank,12345,27.0,3,108,0.3425925925925926,0.22268039875883014,0.7962962962962963,0.02622046400063514,0.37962962962962965,0.5648148148148148,1.0
shuffled_domain_rank,12345,27.0,4,108,0.39814814814814814,0.25367971419695556,0.9351851851851852,0.020230552567549385,0.4485981308411215,0.616822429906542,0.9907407407407407
shuffled_domain_rank,12345,27.0,5,108,0.3611111111111111,0.21953564034309372,0.7962962962962963,0.019036196188480927,0.4074074074074074,0.5925925925925926,1.0
shuffled_domain_rank,12345,28.0,1,115,0.4608695652173913,0.33289241622574955,0.7652173913043478,0.023564067073490035,0.48695652173913045,0.6782608695652174,1.0
shuffled_domain_rank,12345,28.0,2,108,0.5833333333333334,0.3980757804287216,0.8333333333333334,0.02005212682663111,0.5925925925925926,0.6851851851851852,1.0
shuffled_domain_rank,12345,28.0,3,108,0.35185185185185186,0.2294401401718832,0.7592592592592593,0.024585055150946663,0.39814814814814814,0.5833333333333334,1.0
shuffled_domain_rank,12345,28.0,4,108,0.3888888888888889,0.2686654046869101,0.8888888888888888,0.02382985853047639,0.4392523364485981,0.5981308411214953,0.9907407407407407
shuffled_domain_rank,12345,28.0,5,108,0.2962962962962963,0.1916994732563869,0.7870370370370371,0.02546703177412581,0.33962264150943394,0.5471698113207547,0.9814814814814815
shuffled_domain_rank,12345,29.0,1,115,0.43478260869565216,0.29436408310047146,0.7478260869565218,0.02410375556901905,0.4608695652173913,0.6782608695652174,1.0
shuffled_domain_rank,12345,29.0,2,108,0.6018518518518519,0.4172005772005772,0.8518518518518519,0.02001774969108121,0.6018518518518519,0.6851851851851852,1.0
shuffled_domain_rank,12345,29.0,3,108,0.3425925925925926,0.22124843203274577,0.7777777777777778,0.02511352076272801,0.37962962962962965,0.5833333333333334,1.0
shuffled_domain_rank,12345,29.0,4,108,0.39814814814814814,0.26095016095016094,0.9259259259259259,0.023075604304414462,0.4485981308411215,0.5794392523364486,0.9907407407407407
shuffled_domain_rank,12345,29.0,5,108,0.3333333333333333,0.21104605533417412,0.8148148148148148,0.01993102790462056,0.3611111111111111,0.6018518518518519,1.0
