seed,config,fold,did,name,domain,true_best,predicted,hit_best,oracle_accuracy,chosen_accuracy,regret,zero_regret,within_1pp
42,baseline_stats,1,46770,Meta_Album_BRD_Extended,image,LogisticRegression,DecisionTree,0,0.0047907448742497,0.0029355990296107,0.0018551458446390001,0.0,1.0
42,baseline_stats,1,46565,Loan_Approval_Status,finance,DecisionTree,LogisticRegression,0,0.8981555555555556,0.891,0.007155555555555582,0.0,1.0
42,baseline_stats,1,46553,Loan_Status,finance,DecisionTree,LogisticRegression,0,0.8973777777777778,0.8910222222222222,0.00635555555555567,0.0,1.0
42,baseline_stats,1,137,BNG(tic-tac-toe),other,DecisionTree,DecisionTree,1,0.7682009527616159,0.7682009527616159,0.0,1.0,1.0
42,baseline_stats,1,45714,PriceRunner,biology,DecisionTree,DecisionTree,1,1.0,1.0,0.0,1.0,1.0
42,baseline_stats,1,1486,nomao,other,DecisionTree,DecisionTree,1,0.9494559698244596,0.9494559698244596,0.0,1.0,1.0
42,baseline_stats,1,46871,Advanced_IoT_Dataset,education,DecisionTree,DecisionTree,1,1.0,1.0,0.0,1.0,1.0
42,baseline_stats,1,46874,student_depression_dataset,education,LogisticRegression,DecisionTree,0,0.8457042744231421,0.7660657992844386,0.07963847513870348,0.0,0.0
42,baseline_stats,1,46541,dataset_china,finance,DecisionTree,LogisticRegression,0,1.0,0.9967298689880236,0.003270131011976374,0.0,1.0
42,baseline_stats,1,45504,timing-attack-dataset-20-micro-seconds-delay-2022-09-20,sensor_signal,DecisionTree,DecisionTree,1,0.2357673480092472,0.2357673480092472,0.0,1.0,1.0
42,baseline_stats,1,46808,news_channel,text,LogisticRegression,DecisionTree,0,0.4647008555111359,0.3362739006630855,0.1284269548480504,0.0,0.0
42,baseline_stats,1,722,pol,other,DecisionTree,LogisticRegression,0,0.978,0.8893333333333334,0.08866666666666656,0.0,0.0
42,baseline_stats,1,1476,gas-drift,sensor_signal,LogisticRegression,LogisticRegression,1,0.9904385334291878,0.9904385334291878,0.0,1.0,1.0
42,baseline_stats,1,734,ailerons,other,LogisticRegression,DecisionTree,0,0.8796363636363637,0.8311272727272726,0.04850909090909106,0.0,0.0
42,baseline_stats,1,1019,pendigits,image,LogisticRegression,LogisticRegression,1,0.9941775999596144,0.9941775999596144,0.0,1.0,1.0
42,baseline_stats,1,46932,heloc,finance,LogisticRegression,LogisticRegression,1,0.7171799289132246,0.7171799289132246,0.0,1.0,1.0
42,baseline_stats,1,1478,har,sensor_signal,LogisticRegression,MLP,0,0.9847561498889554,,,,
42,baseline_stats,1,46298,electrical_grid_stability_simulated_classification,sensor_signal,MLP,DecisionTree,0,0.9609,0.8432999999999999,0.11760000000000004,0.0,0.0
42,baseline_stats,1,45553,FICO-HELOC-cleaned,finance,SVM,LogisticRegression,0,0.7334603003603812,0.7286984981980942,0.004761802162287054,0.0,1.0
42,baseline_stats,1,923,visualizing_soil,other,MLP,DecisionTree,0,1.0,0.9997685185185186,0.00023148148148144365,0.0,1.0
42,baseline_stats,1,41164,fabert,health,SVM,LogisticRegression,0,0.673666153818947,0.6440473558868435,0.029618797932103536,0.0,0.0
42,baseline_stats,1,847,wind,sensor_signal,MLP,KNN,0,0.8609667170165112,0.8430191387282904,0.0179475782882208,0.0,0.0
42,baseline_stats,1,980,optdigits,image,MLP,KNN,0,0.9951957295373666,0.9948398576512456,0.000355871886120962,0.0,1.0
42,baseline_stats,1,30,page-blocks,text,MLP,LogisticRegression,0,0.9727765395306904,0.9594386984214436,0.01333784110924685,0.0,0.0
42,baseline_stats,1,46880,air-quality-and-pollution-assessment,health,MLP,LogisticRegression,0,0.9454,0.9412,0.0041999999999999815,0.0,1.0
42,baseline_stats,1,40983,wilt,biology,MLP,LogisticRegression,0,0.9853278009008009,0.956810276308255,0.028517524592545862,0.0,0.0
42,baseline_stats,1,728,analcatdata_supreme,other,DecisionTree,LogisticRegression,0,0.9911156779467508,0.9891397603933568,0.001975917553393991,0.0,1.0
42,baseline_stats,1,46800,AVIDa-SARS-CoV-2,biology,KNN,LogisticRegression,0,0.8015001920102213,0.58237812734405,0.21912206466617123,0.0,0.0
42,baseline_stats,1,40910,Speech,other,MLP,MLP,1,0.9837229227109096,0.9837229227109096,0.0,1.0,1.0
42,baseline_stats,1,1042,gina_prior,image,MLP,LogisticRegression,0,0.9483833809482224,0.8448623742571868,0.10352100669103559,0.0,0.0
42,baseline_stats,1,1041,gina_prior2,image,SVM,LogisticRegression,0,0.915225120700625,0.8788926731289844,0.03633244757164056,0.0,0.0
42,baseline_stats,1,42334,digits_wrote,image,MLP,LogisticRegression,0,0.9483833809482224,0.8448623742571868,0.10352100669103559,0.0,0.0
42,baseline_stats,1,41158,gina,biology,MLP,MLP,1,0.9232450381103312,0.9232450381103312,0.0,1.0,1.0
42,baseline_stats,1,41143,jasmine,health,SVM,MLP,0,0.7861887738468629,0.7560267781862332,0.030161995660629715,0.0,0.0
42,baseline_stats,1,1485,madelon,education,DecisionTree,DecisionTree,1,0.7446153846153847,0.7446153846153847,0.0,1.0,1.0
42,baseline_stats,1,46564,Apple_Stock_Price_Trends_Classification,finance,LogisticRegression,MLP,0,0.3907065543248446,0.3414023793745463,0.04930417495029826,0.0,0.0
42,baseline_stats,1,1548,autoUniv-au4-2500,biology,DecisionTree,SVM,0,0.5748,0.4692,0.10559999999999997,0.0,0.0
42,baseline_stats,1,45968,BraidFlowSessionLevel,text,DecisionTree,LogisticRegression,0,1.0,0.9995771670190274,0.00042283298097256505,0.0,1.0
42,baseline_stats,1,914,balloon,other,SVM,LogisticRegression,0,0.8390798004987531,0.8280798004987531,0.01100000000000001,0.0,0.0
42,baseline_stats,1,44713,nomao_seed_0_nrows_2000_nclasses_10_ncols_100_stratify_True,biology,LogisticRegression,MLP,0,0.9355,0.546,0.38949999999999996,0.0,0.0
42,baseline_stats,1,44740,robert_seed_2_nrows_2000_nclasses_10_ncols_100_stratify_True,biology,SVM,DecisionTree,0,0.335,0.199,0.136,0.0,0.0
42,baseline_stats,1,44527,jasmine_seed_4_nrows_2000_nclasses_10_ncols_100_stratify_True,biology,SVM,MLP,0,0.7825000000000001,0.7415,0.041000000000000036,0.0,0.0
42,baseline_stats,1,44544,gina_seed_1_nrows_2000_nclasses_10_ncols_100_stratify_True,biology,MLP,MLP,1,0.8495000000000001,0.8495000000000001,0.0,1.0,1.0
42,baseline_stats,1,44454,road-safety_seed_1_nrows_2000_nclasses_10_ncols_100_stratify_True,biology,MLP,MLP,1,0.709,0.709,0.0,1.0,1.0
42,baseline_stats,1,44733,volkert_seed_0_nrows_2000_nclasses_10_ncols_100_stratify_True,biology,MLP,LogisticRegression,0,0.517,0.5135000000000001,0.0034999999999999476,0.0,1.0
42,baseline_stats,1,44488,wilt_seed_0_nrows_2000_nclasses_10_ncols_100_stratify_True,biology,MLP,LogisticRegression,0,0.978,0.9515,0.026499999999999968,0.0,0.0
42,baseline_stats,1,44382,pol_seed_0_nrows_2000_nclasses_10_ncols_100_stratify_True,biology,MLP,DecisionTree,0,0.976,0.9605,0.015499999999999958,0.0,0.0
42,baseline_stats,1,1146,OVA_Prostate,biology,LogisticRegression,LogisticRegression,1,0.9967637540453074,0.9967637540453074,0.0,1.0,1.0
42,baseline_stats,1,1130,OVA_Lung,biology,LogisticRegression,LogisticRegression,1,0.9818770226537218,0.9818770226537218,0.0,1.0,1.0
42,baseline_stats,1,1139,OVA_Omentum,biology,Perceptron,LogisticRegression,0,0.9553398058252428,0.9508090614886732,0.0045307443365696365,0.0,1.0
42,baseline_stats,1,1161,OVA_Colon,biology,LogisticRegression,LogisticRegression,1,0.9663430420711976,0.9663430420711976,0.0,1.0,1.0
42,baseline_stats,1,1138,OVA_Uterus,biology,LogisticRegression,LogisticRegression,1,0.945631067961165,0.945631067961165,0.0,1.0,1.0
42,baseline_stats,1,1142,OVA_Endometrium,biology,LogisticRegression,LogisticRegression,1,0.9631067961165048,0.9631067961165048,0.0,1.0,1.0
42,baseline_stats,1,1134,OVA_Kidney,biology,Perceptron,LogisticRegression,0,0.9870550161812296,0.9864077669902912,0.0006472491909383926,0.0,1.0
42,baseline_stats,1,1166,OVA_Ovary,biology,Perceptron,LogisticRegression,0,0.916504854368932,0.9158576051779936,0.0006472491909383926,0.0,1.0
42,baseline_stats,1,1128,OVA_Breast,biology,LogisticRegression,LogisticRegression,1,0.9689320388349516,0.9689320388349516,0.0,1.0,1.0
42,baseline_stats,1,46782,binary_alpha_digits,image,SVM,LogisticRegression,0,0.7435917641077784,0.6944356888662938,0.049156075241484576,0.0,0.0
42,baseline_stats,1,1566,hill-valley,other,LogisticRegression,LogisticRegression,1,0.6683229602421521,0.6683229602421521,0.0,1.0,1.0
42,baseline_stats,1,1468,cnae-9,text,MLP,LogisticRegression,0,0.9425925925925924,0.9416666666666668,0.0009259259259256636,0.0,1.0
42,baseline_stats,1,46184,Flare,other,LogisticRegression,LogisticRegression,1,0.760782765126585,0.760782765126585,0.0,1.0,1.0
42,baseline_stats,1,50,tic-tac-toe,other,MLP,DecisionTree,0,0.924825479930192,0.8810100349040141,0.04381544502617796,0.0,0.0
42,baseline_stats,1,45545,Tour-and-Travels-Customer-Churn-Prediction,social,DecisionTree,KNN,0,0.8962248553320473,0.8668724166437034,0.029352438688343918,0.0,0.0
42,baseline_stats,1,43941,anneal,other,DecisionTree,SVM,0,0.992203600248293,0.8173618870266915,0.17484171322160147,0.0,0.0
42,baseline_stats,1,795,disclosure_x_tampered,other,LogisticRegression,KNN,0,0.5423558897243107,0.534609250398724,0.007746639325586724,0.0,1.0
42,baseline_stats,1,931,disclosure_z,other,SVM,KNN,0,0.5664388243335612,0.4863750284802915,0.08006379585326967,0.0,0.0
42,baseline_stats,1,827,disclosure_x_noise,other,LogisticRegression,KNN,0,0.5513898382319435,0.5256094782410571,0.02578035999088646,0.0,0.0
42,baseline_stats,1,774,disclosure_x_bias,other,MLP,KNN,0,0.5603668261562998,0.4985304169514696,0.061836409204830245,0.0,0.0
42,baseline_stats,1,1145,AP_Breast_Colon,biology,LogisticRegression,LogisticRegression,1,0.9619047619047618,0.9619047619047618,0.0,1.0,1.0
42,baseline_stats,1,1158,AP_Breast_Kidney,biology,LogisticRegression,LogisticRegression,1,0.9768319559228652,0.9768319559228652,0.0,1.0,1.0
42,baseline_stats,1,947,arsenic-male-bladder,other,MLP,LogisticRegression,0,0.978523166023166,0.9749517374517376,0.0035714285714284477,0.0,1.0
42,baseline_stats,1,949,arsenic-female-bladder,other,SVM,LogisticRegression,0,0.8693854568854569,0.8586711711711713,0.010714285714285565,0.0,0.0
42,baseline_stats,1,1137,AP_Colon_Kidney,biology,Perceptron,LogisticRegression,0,0.9798498748957464,0.979833194328607,1.668056713932664e-05,0.0,1.0
42,baseline_stats,1,1165,AP_Breast_Ovary,biology,LogisticRegression,LogisticRegression,1,0.9741930003397894,0.9741930003397894,0.0,1.0,1.0
42,baseline_stats,1,40690,threeOf9,other,SVM,SVM,1,0.9941366837997336,0.9941366837997336,0.0,1.0,1.0
42,baseline_stats,1,1153,AP_Colon_Ovary,biology,Perceptron,LogisticRegression,0,0.9400987972508592,0.9318084192439862,0.008290378006873045,0.0,1.0
42,baseline_stats,1,1150,AP_Breast_Lung,biology,Perceptron,LogisticRegression,0,0.948936170212766,0.9446808510638296,0.004255319148936398,0.0,1.0
42,baseline_stats,1,1148,AP_Breast_Uterus,biology,Perceptron,LogisticRegression,0,0.96371539693434,0.9572409059711736,0.006474490963166435,0.0,1.0
42,baseline_stats,1,1149,AP_Ovary_Kidney,biology,LogisticRegression,LogisticRegression,1,0.980315336837076,0.980315336837076,0.0,1.0,1.0
42,baseline_stats,1,1127,AP_Breast_Omentum,biology,LogisticRegression,LogisticRegression,1,0.9667226890756302,0.9667226890756302,0.0,1.0,1.0
42,baseline_stats,1,1122,AP_Breast_Prostate,biology,DecisionTree,LogisticRegression,0,0.9903320599471056,0.9903320599471056,0.0,1.0,1.0
42,baseline_stats,1,1126,AP_Colon_Lung,biology,LogisticRegression,LogisticRegression,1,0.958830443726124,0.958830443726124,0.0,1.0,1.0
42,baseline_stats,1,1160,AP_Colon_Uterus,biology,Perceptron,LogisticRegression,0,0.946341463414634,0.94390243902439,0.0024390243902440156,0.0,1.0
42,baseline_stats,1,1123,AP_Endometrium_Breast,biology,LogisticRegression,LogisticRegression,1,0.9851851851851852,0.9851851851851852,0.0,1.0,1.0
42,baseline_stats,1,40663,calendarDOW,other,DecisionTree,LogisticRegression,0,0.6115189873417722,0.5690506329113925,0.04246835443037977,0.0,0.0
42,baseline_stats,1,1163,AP_Lung_Kidney,biology,LogisticRegression,LogisticRegression,1,0.9715617715617716,0.9715617715617716,0.0,1.0,1.0
42,baseline_stats,1,1129,AP_Uterus_Kidney,biology,LogisticRegression,LogisticRegression,1,0.9791182501708816,0.9791182501708816,0.0,1.0,1.0
42,baseline_stats,1,1010,dermatology,health,SVM,DecisionTree,0,1.0,0.9890781192151056,0.010921880784894422,0.0,0.0
42,baseline_stats,1,984,analcatdata_draft,other,SVM,SVM,1,0.9125879303961496,0.9125879303961496,0.0,1.0,1.0
42,baseline_stats,1,1143,AP_Colon_Omentum,biology,LogisticRegression,LogisticRegression,1,0.9313165905631658,0.9313165905631658,0.0,1.0,1.0
42,baseline_stats,1,1135,AP_Colon_Prostate,biology,DecisionTree,LogisticRegression,0,0.9859154929577464,0.9830985915492958,0.0028169014084505895,0.0,1.0
42,baseline_stats,1,59,ionosphere,sensor_signal,SVM,MLP,0,0.9372635814889336,0.9286116700201208,0.008651911468812834,0.0,1.0
42,baseline_stats,1,337,SPECTF,health,DecisionTree,DecisionTree,1,0.8481987577639751,0.8481987577639751,0.0,1.0,1.0
42,baseline_stats,1,1133,AP_Endometrium_Colon,biology,LogisticRegression,LogisticRegression,1,0.9739958592132504,0.9739958592132504,0.0,1.0,1.0
42,baseline_stats,1,1147,AP_Omentum_Kidney,biology,Perceptron,LogisticRegression,0,0.9762510974539068,0.9762071992976296,4.389815627725557e-05,0.0,1.0
42,baseline_stats,1,1011,ecoli,biology,KNN,MLP,0,0.9702809482001756,0.96729587357331,0.0029850746268655914,0.0,1.0
42,baseline_stats,1,1144,AP_Prostate_Kidney,biology,LogisticRegression,LogisticRegression,1,0.990909090909091,0.990909090909091,0.0,1.0,1.0
42,baseline_stats,1,1140,AP_Ovary_Lung,biology,Perceptron,LogisticRegression,0,0.944471153846154,0.9414423076923076,0.003028846153846354,0.0,1.0
42,baseline_stats,1,925,visualizing_galaxy,other,MLP,DecisionTree,0,0.9628365384615384,0.938076923076923,0.024759615384615352,0.0,0.0
42,baseline_stats,1,1162,AP_Ovary_Uterus,biology,LogisticRegression,LogisticRegression,1,0.8942307692307694,0.8942307692307694,0.0,1.0,1.0
42,baseline_stats,1,1157,AP_Endometrium_Kidney,biology,LogisticRegression,LogisticRegression,1,0.9875480769230768,0.9875480769230768,0.0,1.0,1.0
42,baseline_stats,1,915,plasma_retinol,other,LogisticRegression,SVM,0,0.6031746031746033,0.5873015873015872,0.01587301587301604,0.0,0.0
42,baseline_stats,1,1121,badges2,other,DecisionTree,DecisionTree,1,1.0,1.0,0.0,1.0,1.0
42,baseline_stats,1,13,breast-cancer,health,SVM,LogisticRegression,0,0.7448275862068966,0.7166969147005445,0.028130671506352067,0.0,0.0
42,baseline_stats,1,844,breastTumor,other,SVM,MLP,0,0.6012704174228676,0.5874773139745917,0.01379310344827589,0.0,0.0
42,baseline_stats,1,1156,AP_Omentum_Ovary,biology,LogisticRegression,LogisticRegression,1,0.7854545454545455,0.7854545454545455,0.0,1.0,1.0
42,baseline_stats,1,1152,AP_Prostate_Ovary,biology,LogisticRegression,LogisticRegression,1,0.9851851851851852,0.9851851851851852,0.0,1.0,1.0
42,baseline_stats,1,811,rmftsa_ctoarrivals,other,KNN,KNN,1,0.928156748911466,0.928156748911466,0.0,1.0,1.0
42,baseline_stats,1,1159,AP_Endometrium_Ovary,biology,LogisticRegression,LogisticRegression,1,0.9304675716440424,0.9304675716440424,0.0,1.0,1.0
42,baseline_stats,1,1136,AP_Lung_Uterus,biology,DecisionTree,LogisticRegression,0,0.9399999999999998,0.932,0.007999999999999785,0.0,1.0
42,baseline_stats,1,1412,lungcancer_GSE31210,biology,KNN,LogisticRegression,0,0.884927536231884,0.8583574879227054,0.02657004830917864,0.0,0.0
42,baseline_stats,1,996,prnn_fglass,other,DecisionTree,MLP,0,0.765891472868217,0.6448504983388704,0.12104097452934659,0.0,0.0
42,baseline_stats,1,1005,glass,other,KNN,MLP,0,0.7617940199335548,0.6448504983388704,0.11694352159468435,0.0,0.0
42,baseline_stats,1,1132,AP_Omentum_Lung,biology,LogisticRegression,LogisticRegression,1,0.9110975609756096,0.9110975609756096,0.0,1.0,1.0
42,baseline_stats,1,1124,AP_Omentum_Uterus,biology,LogisticRegression,LogisticRegression,1,0.9103658536585366,0.9103658536585366,0.0,1.0,1.0
42,baseline_stats,1,46602,Predicting_Risk_Factors_of_Chronic_Kidney_Disease,health,DecisionTree,DecisionTree,1,1.0,1.0,0.0,1.0,1.0
42,baseline_stats,2,46560,dataset_credit_score,finance,DecisionTree,LogisticRegression,0,0.65206,0.59228,0.059779999999999944,0.0,0.0
42,baseline_stats,2,151,electricity,sensor_signal,DecisionTree,DecisionTree,1,0.886895354480918,0.886895354480918,0.0,1.0,1.0
42,baseline_stats,2,41762,FOREX_audsgd-hour-Close,finance,LogisticRegression,LogisticRegression,1,0.5067883628066172,0.5067883628066172,0.0,1.0,1.0
42,baseline_stats,2,41758,FOREX_eursgd-hour-Close,finance,LogisticRegression,LogisticRegression,1,0.5251568739304051,0.5251568739304051,0.0,1.0,1.0
42,baseline_stats,2,41763,FOREX_audcad-hour-High,finance,LogisticRegression,LogisticRegression,1,0.6952880775812893,0.6952880775812893,0.0,1.0,1.0
42,baseline_stats,2,41727,FOREX_usdcad-hour-Close,finance,LogisticRegression,LogisticRegression,1,0.503685111237878,0.503685111237878,0.0,1.0,1.0
42,baseline_stats,2,41734,FOREX_eurpln-hour-Close,finance,LogisticRegression,LogisticRegression,1,0.5383456930975472,0.5383456930975472,0.0,1.0,1.0
42,baseline_stats,2,41715,FOREX_eurhuf-hour-High,finance,LogisticRegression,LogisticRegression,1,0.6424643468339989,0.6424643468339989,0.0,1.0,1.0
42,baseline_stats,2,41723,FOREX_cadchf-hour-High,finance,LogisticRegression,LogisticRegression,1,0.6481232173417,0.6481232173417,0.0,1.0,1.0
42,baseline_stats,2,41709,FOREX_audchf-hour-High,finance,LogisticRegression,LogisticRegression,1,0.6634569309754708,0.6634569309754708,0.0,1.0,1.0
42,baseline_stats,2,41718,FOREX_audjpy-hour-High,finance,LogisticRegression,LogisticRegression,1,0.6969537934968625,0.6969537934968625,0.0,1.0,1.0
42,baseline_stats,2,41712,FOREX_eurcad-hour-High,finance,LogisticRegression,LogisticRegression,1,0.6989161437535654,0.6989161437535654,0.0,1.0,1.0
42,baseline_stats,2,41804,FOREX_gbpusd-hour-Close,finance,LogisticRegression,LogisticRegression,1,0.5139304050199658,0.5139304050199658,0.0,1.0,1.0
42,baseline_stats,2,41799,FOREX_eurhkd-hour-Close,finance,LogisticRegression,LogisticRegression,1,0.5182430119794639,0.5182430119794639,0.0,1.0,1.0
42,baseline_stats,2,41777,FOREX_eurjpy-hour-High,finance,LogisticRegression,DecisionTree,0,0.6801369081574444,0.5109868796349116,0.1691500285225328,0.0,0.0
42,baseline_stats,2,41779,FOREX_eursek-hour-High,finance,LogisticRegression,LogisticRegression,1,0.6780604677695379,0.6780604677695379,0.0,1.0,1.0
42,baseline_stats,2,41768,FOREX_eurnok-hour-High,finance,LogisticRegression,LogisticRegression,1,0.6499714774671991,0.6499714774671991,0.0,1.0,1.0
42,baseline_stats,2,41773,FOREX_eurtry-hour-Close,finance,LogisticRegression,LogisticRegression,1,0.5048260125499144,0.5048260125499144,0.0,1.0,1.0
42,baseline_stats,2,41780,FOREX_usdchf-hour-High,finance,LogisticRegression,LogisticRegression,1,0.7027267541357672,0.7027267541357672,0.0,1.0,1.0
42,baseline_stats,2,41824,FOREX_eurgbp-hour-Close,finance,LogisticRegression,LogisticRegression,1,0.5144095835710211,0.5144095835710211,0.0,1.0,1.0
42,baseline_stats,2,41833,FOREX_cadjpy-hour-High,finance,LogisticRegression,LogisticRegression,1,0.6960638904734741,0.6960638904734741,0.0,1.0,1.0
42,baseline_stats,2,41835,FOREX_euraud-hour-High,finance,LogisticRegression,DecisionTree,0,0.6929606389047347,0.5105077010838562,0.18245293782087846,0.0,0.0
42,baseline_stats,2,41832,FOREX_nzdusd-hour-Close,finance,LogisticRegression,LogisticRegression,1,0.509184255561894,0.509184255561894,0.0,1.0,1.0
42,baseline_stats,2,41856,FOREX_eurdkk-hour-High,finance,LogisticRegression,LogisticRegression,1,0.6451340559041643,0.6451340559041643,0.0,1.0,1.0
42,baseline_stats,2,41782,FOREX_usdjpy-hour-Close,finance,LogisticRegression,LogisticRegression,1,0.5168739304050199,0.5168739304050199,0.0,1.0,1.0
42,baseline_stats,2,41805,FOREX_eurrub-hour-High,finance,LogisticRegression,LogisticRegression,1,0.7108499714774672,0.7108499714774672,0.0,1.0,1.0
42,baseline_stats,2,251,BNG(breast-w),other,LogisticRegression,DecisionTree,0,0.9792461130711668,0.9766295529542666,0.0026165601169002572,0.0,1.0
42,baseline_stats,2,46371,Customer_Churn_Classification_Nominal,social,LogisticRegression,LogisticRegression,1,0.8343142857142857,0.8343142857142857,0.0,1.0,1.0
42,baseline_stats,2,46548,dataset_default_of_credit_card_clients,finance,LogisticRegression,LogisticRegression,1,0.8109666666666667,0.8109666666666667,0.0,1.0,1.0
42,baseline_stats,2,45037,BitcoinHeist_Ransomware,biology,DecisionTree,DecisionTree,1,0.8177158999192897,0.8177158999192897,0.0,1.0,1.0
42,baseline_stats,2,821,house_16H,other,DecisionTree,LogisticRegression,0,0.8399755472723515,0.8269399912107357,0.013035556061615772,0.0,0.0
42,baseline_stats,2,6,letter,image,DecisionTree,DecisionTree,1,0.87645,0.87645,0.0,1.0,1.0
42,baseline_stats,2,1040,sylva_prior,education,LogisticRegression,LogisticRegression,1,0.9947898575894408,0.9947898575894408,0.0,1.0,1.0
42,baseline_stats,2,45060,online_shoppers,other,LogisticRegression,LogisticRegression,1,0.8832927818329279,0.8832927818329279,0.0,1.0,1.0
42,baseline_stats,2,310,mammography,other,LogisticRegression,DecisionTree,0,0.9837250486412048,0.9812211761375405,0.0025038725036643505,0.0,1.0
42,baseline_stats,2,4534,PhishingWebsites,biology,DecisionTree,DecisionTree,1,0.9626413387607416,0.9626413387607416,0.0,1.0,1.0
42,baseline_stats,2,46868,Phishing_Legitimate_full,finance,MLP,LogisticRegression,0,0.9774,0.9442,0.03320000000000001,0.0,0.0
42,baseline_stats,2,46911,Bank_Customer_Churn,social,MLP,LogisticRegression,0,0.8583000000000001,0.8084,0.049900000000000055,0.0,0.0
42,baseline_stats,2,4538,GesturePhaseSegmentationProcessed,biology,KNN,LogisticRegression,0,0.5842205378784964,0.4746287561078834,0.10959178177061296,0.0,0.0
42,baseline_stats,2,46281,insurance_company,finance,SVM,SVM,1,0.9403380440809896,0.9403380440809896,0.0,1.0,1.0
42,baseline_stats,2,725,bank8FM,finance,SVM,SVM,1,0.945678631584672,0.945678631584672,0.0,1.0,1.0
42,baseline_stats,2,816,puma8NH,other,MLP,MLP,1,0.8287358428298026,0.8287358428298026,0.0,1.0,1.0
42,baseline_stats,2,60,waveform-5000,biology,LogisticRegression,LogisticRegression,1,0.8652,0.8652,0.0,1.0,1.0
42,baseline_stats,2,46925,Employee,social,KNN,KNN,1,0.8095815575805874,0.8095815575805874,0.0,1.0,1.0
42,baseline_stats,2,44095,spambase_reproduced,biology,MLP,LogisticRegression,0,0.9450129821082944,0.9245838644195816,0.020429117688712806,0.0,0.0
42,baseline_stats,2,44,spambase,biology,MLP,LogisticRegression,0,0.9450129821082944,0.9245838644195816,0.020429117688712806,0.0,0.0
42,baseline_stats,2,47153,spam,text,MLP,LogisticRegression,0,0.9450129821082944,0.9245838644195816,0.020429117688712806,0.0,0.0
42,baseline_stats,2,43925,eucalyptus,other,DecisionTree,MLP,0,0.7878045661954498,0.6949841640228976,0.09282040217255216,0.0,0.0
42,baseline_stats,2,41946,Sick_numeric,text,DecisionTree,LogisticRegression,0,0.9790598485780034,0.9551959527113671,0.023863895866636287,0.0,0.0
42,baseline_stats,2,40708,allrep,other,DecisionTree,LogisticRegression,0,0.981973053208495,0.9668607163560348,0.015112336852460273,0.0,0.0
42,baseline_stats,2,40713,dis,other,DecisionTree,LogisticRegression,0,0.9854192211077344,0.9846238164667028,0.0007954046410315607,0.0,1.0
42,baseline_stats,2,46764,football-player-position,other,MLP,MLP,1,0.8363287012026681,0.8363287012026681,0.0,1.0,1.0
42,baseline_stats,2,953,splice,other,DecisionTree,MLP,0,0.9275862068965518,0.8789968652037619,0.048589341692789945,0.0,0.0
42,baseline_stats,2,46737,agriculture_dataset_karnataka,biology,DecisionTree,MLP,0,0.7352644987863347,0.4521805853678108,0.2830839134185239,0.0,0.0
42,baseline_stats,2,737,space_ga,other,LogisticRegression,MLP,0,0.8374631726651858,0.8139692747409789,0.023493897924206864,0.0,0.0
42,baseline_stats,2,45059,sick,health,MLP,DecisionTree,0,0.9323214378473844,0.9052490779699756,0.027072359877408858,0.0,0.0
42,baseline_stats,2,42530,Midwest_Survey,social,KNN,LogisticRegression,0,0.3452245857176199,0.2758682022679898,0.06935638344963008,0.0,0.0
42,baseline_stats,2,43980,wine,finance,DecisionTree,MLP,0,0.761153447680442,0.7294470664978321,0.03170638118260993,0.0,0.0
42,baseline_stats,2,316,yeast_ml8,biology,SVM,MLP,0,0.9859333025340932,0.9851060007186488,0.0008273018154443257,0.0,1.0
42,baseline_stats,2,46930,hazelnut-spread-contaminant-detection,biology,MLP,SVM,0,0.9158333333333336,0.8420833333333334,0.0737500000000002,0.0,0.0
42,baseline_stats,2,46863,Fetal_cardiotocography_dataset,health,DecisionTree,LogisticRegression,0,1.0,1.0,0.0,1.0,1.0
42,baseline_stats,2,46597,Estimation_of_Obesity_Levels,health,DecisionTree,LogisticRegression,0,0.9355842380648268,0.8754081095313323,0.06017612853349452,0.0,0.0
42,baseline_stats,2,44415,MiniBooNE_seed_3_nrows_2000_nclasses_10_ncols_100_stratify_True,biology,MLP,LogisticRegression,0,0.9075,0.8399999999999999,0.06750000000000012,0.0,0.0
42,baseline_stats,2,1020,mfeat-karhunen,image,MLP,SVM,0,0.9965,0.9945,0.0020000000000000018,0.0,1.0
42,baseline_stats,2,44433,electricity_seed_0_nrows_2000_nclasses_10_ncols_100_stratify_True,sensor_signal,MLP,MLP,1,0.7625,0.7625,0.0,1.0,1.0
42,baseline_stats,2,18,mfeat-morphological,image,LogisticRegression,DecisionTree,0,0.7430000000000001,0.653,0.09000000000000008,0.0,0.0
42,baseline_stats,2,995,mfeat-zernike,image,LogisticRegression,DecisionTree,0,0.9955,0.9825000000000002,0.0129999999999999,0.0,0.0
42,baseline_stats,2,44668,GesturePhaseSegmentationProcessed_seed_0_nrows_2000_nclasses_10_ncols_100_stratify_True,biology,MLP,MLP,1,0.5025000000000001,0.5025000000000001,0.0,1.0,1.0
42,baseline_stats,2,971,mfeat-fourier,image,SVM,MLP,0,0.9995,0.9975000000000002,0.0019999999999998908,0.0,1.0
42,baseline_stats,2,44677,PhishingWebsites_seed_4_nrows_2000_nclasses_10_ncols_100_stratify_True,biology,MLP,SVM,0,0.9365,0.932,0.0044999999999999485,0.0,1.0
42,baseline_stats,2,44558,madeline_seed_0_nrows_2000_nclasses_10_ncols_100_stratify_True,biology,DecisionTree,DecisionTree,1,0.5885,0.5885,0.0,1.0,1.0
42,baseline_stats,2,44518,fabert_seed_0_nrows_2000_nclasses_10_ncols_100_stratify_True,biology,LogisticRegression,SVM,0,0.298,0.2774999999999999,0.020500000000000074,0.0,0.0
42,baseline_stats,2,44367,wine_seed_0_nrows_2000_nclasses_10_ncols_100_stratify_True,biology,DecisionTree,MLP,0,0.746,0.705,0.041000000000000036,0.0,0.0
42,baseline_stats,2,47150,CanadaFiresD,other,MLP,DecisionTree,0,0.9651231173262104,0.9322641467082668,0.03285897061794352,0.0,0.0
42,baseline_stats,2,983,cmc,other,SVM,DecisionTree,0,0.7060071486221607,0.6537368845843423,0.052270264037818426,0.0,0.0
42,baseline_stats,2,44614,cmc_seed_1_nrows_2000_nclasses_10_ncols_100_stratify_True,biology,SVM,DecisionTree,0,0.555996771589992,0.4915023636573273,0.06449440793266464,0.0,0.0
42,baseline_stats,2,897,colleges_aaup,other,MLP,LogisticRegression,0,0.9879347343495632,0.9836317892555868,0.00430294509397644,0.0,1.0
42,baseline_stats,2,934,socmob,other,MLP,LogisticRegression,0,0.9325085833706525,0.923858038513211,0.008650544857441433,0.0,1.0
42,baseline_stats,2,45077,qsar,biology,MLP,MLP,1,0.872037914691943,0.872037914691943,0.0,1.0,1.0
42,baseline_stats,2,44098,credit-g_reproduced_1,finance,SVM,LogisticRegression,0,0.728,0.715,0.013000000000000012,0.0,0.0
42,baseline_stats,2,44097,credit-g_copy,finance,SVM,LogisticRegression,0,0.728,0.715,0.013000000000000012,0.0,0.0
42,baseline_stats,2,45557,Mammographic-Mass-Data-Set,health,LogisticRegression,DecisionTree,0,0.790808506044905,0.7253130397236615,0.06549546632124359,0.0,0.0
42,baseline_stats,2,46667,imdb_genre_prediction,text,LogisticRegression,LogisticRegression,1,0.7050000000000001,0.7050000000000001,0.0,1.0,1.0
42,baseline_stats,2,839,kdd_el_nino-small,other,DecisionTree,LogisticRegression,0,0.9232810713702436,0.8568103870651642,0.06647068430507941,0.0,0.0
42,baseline_stats,2,46827,QSAR_Bioconcentration_classification,biology,SVM,LogisticRegression,0,0.6354011579818031,0.6289909015715467,0.0064102564102563875,0.0,1.0
42,baseline_stats,2,45712,doa_bwin_balanced,other,MLP,LogisticRegression,0,0.6666666666666667,0.622864848666467,0.04380181800019978,0.0,0.0
42,baseline_stats,2,15,breast-w,image,KNN,DecisionTree,0,0.967070914696814,0.935611510791367,0.0314594039054471,0.0,0.0
42,baseline_stats,2,46584,Student_Performance_on_an_Entrance_Examination,education,SVM,LogisticRegression,0,0.5089664459656603,0.5045000561104254,0.0044663898552349535,0.0,1.0
42,baseline_stats,2,334,monks-problems-2,education,DecisionTree,MLP,0,0.9916666666666666,0.9450550964187328,0.04661157024793383,0.0,0.0
42,baseline_stats,2,377,synthetic_control,biology,LogisticRegression,LogisticRegression,1,0.9883333333333332,0.9883333333333332,0.0,1.0,1.0
42,baseline_stats,2,954,spectrometer,other,LogisticRegression,DecisionTree,0,0.9774113912890142,0.9435020278610476,0.03390936342796658,0.0,0.0
42,baseline_stats,2,45717,bwin_amlb,finance,SVM,LogisticRegression,0,0.6735849056603773,0.6622641509433962,0.01132075471698113,0.0,0.0
42,baseline_stats,2,41701,CPMP-2015-classification,other,SVM,DecisionTree,0,0.5730817610062893,0.4421203953279424,0.13096136567834687,0.0,0.0
42,baseline_stats,2,46869,diabetes_risk_prediction_dataset,health,MLP,LogisticRegression,0,0.9692307692307692,0.928846153846154,0.04038461538461524,0.0,0.0
42,baseline_stats,2,451,irish,education,DecisionTree,KNN,0,0.976,0.932,0.04399999999999993,0.0,0.0
42,baseline_stats,2,47048,Accidents_Prediction_Dataset,other,SVM,MLP,0,0.874,0.8620000000000001,0.0119999999999999,0.0,0.0
42,baseline_stats,2,724,analcatdata_vineyard,other,KNN,KNN,1,0.8548158316174789,0.8548158316174789,0.0,1.0,1.0
42,baseline_stats,2,986,analcatdata_marketing,other,SVM,SVM,1,0.6840563165905632,0.6840563165905632,0.0,1.0,1.0
42,baseline_stats,2,786,cleveland,health,SVM,KNN,0,0.8480874316939889,0.8150819672131148,0.03300546448087416,0.0,0.0
42,baseline_stats,2,798,cholesterol,health,MLP,KNN,0,0.6338251366120219,0.5875409836065575,0.0462841530054644,0.0,0.0
42,baseline_stats,2,44149,Heart_disease_prediction_20,health,SVM,KNN,0,0.8446327683615819,0.8244067796610169,0.020225988700564912,0.0,0.0
42,baseline_stats,2,778,bodyfat,other,DecisionTree,LogisticRegression,0,0.996078431372549,0.9487058823529412,0.04737254901960786,0.0,0.0
42,baseline_stats,2,464,prnn_synth,education,KNN,DecisionTree,0,0.852,0.792,0.05999999999999994,0.0,0.0
42,baseline_stats,2,851,tecator,other,LogisticRegression,LogisticRegression,1,0.9416666666666668,0.9416666666666668,0.0,1.0,1.0
42,baseline_stats,2,481,biomed,health,MLP,DecisionTree,0,0.9045296167247386,0.8803716608594657,0.024157955865272918,0.0,0.0
42,baseline_stats,2,40,sonar,biology,SVM,MLP,0,0.8605110336817654,0.851335656213705,0.009175377468060408,0.0,1.0
42,baseline_stats,2,840,autoHorse,other,DecisionTree,LogisticRegression,0,0.9707317073170731,0.9365853658536588,0.03414634146341433,0.0,0.0
42,baseline_stats,2,975,autos,other,DecisionTree,LogisticRegression,0,0.8487804878048781,0.7609756097560976,0.08780487804878057,0.0,0.0
42,baseline_stats,3,40985,tamilnadu-electricity,health,LogisticRegression,KNN,0,0.0611388929004269,,,,
42,baseline_stats,3,1461,bank-marketing,finance,LogisticRegression,LogisticRegression,1,0.8911105271740711,0.8911105271740711,0.0,1.0,1.0
42,baseline_stats,3,279,meta_stream_intervals.arff,other,DecisionTree,DecisionTree,1,0.9893499595077864,0.9893499595077864,0.0,1.0,1.0
42,baseline_stats,3,46561,EDA-Home-Mortgage-NY-Sampled-Dataset,other,LogisticRegression,DecisionTree,0,0.8246559763448198,0.7918799044694643,0.03277607187535547,0.0,0.0
42,baseline_stats,3,46822,Dynamically-Generated-Hate-Speech-Dataset,biology,DecisionTree,DecisionTree,1,1.0,1.0,0.0,1.0,1.0
42,baseline_stats,3,43551,Employee-Turnover-at-TECHCO,text,LogisticRegression,KNN,0,0.985661211411616,,,,
42,baseline_stats,3,1537,volcanoes-c1,image,LogisticRegression,LogisticRegression,1,0.9755117711747684,0.9755117711747684,0.0,1.0,1.0
42,baseline_stats,3,1481,kr-vs-k,other,DecisionTree,DecisionTree,1,0.8401055011964204,0.8401055011964204,0.0,1.0,1.0
42,baseline_stats,3,46682,CodeXGLUE,other,DecisionTree,LogisticRegression,0,0.607218298582049,0.5629987867268398,0.044219511855209226,0.0,0.0
42,baseline_stats,3,42493,airlines,other,DecisionTree,LogisticRegression,0,0.578627570407567,0.5783676514984165,0.00025991890915044724,0.0,1.0
42,baseline_stats,3,43890,law-school-admission-bianry,education,DecisionTree,MLP,0,1.0,,,,
42,baseline_stats,3,45578,California-Housing-Classification,image,DecisionTree,DecisionTree,1,0.8464147286821705,0.8464147286821705,0.0,1.0,1.0
42,baseline_stats,3,1222,letter-challenge-unlabeled.arff,image,KNN,DecisionTree,0,0.9707,0.9324,0.0383,0.0,0.0
42,baseline_stats,3,46935,HR_Analytics_Job_Change_of_Data_Scientists,other,LogisticRegression,LogisticRegression,1,0.7680860838048467,0.7680860838048467,0.0,1.0,1.0
42,baseline_stats,3,1120,MagicTelescope,biology,DecisionTree,LogisticRegression,0,0.8184016824395375,0.7905888538380652,0.027812828601472273,0.0,0.0
42,baseline_stats,3,45558,Pulsar-Dataset-HTRU2,education,LogisticRegression,LogisticRegression,1,0.978600838847342,0.978600838847342,0.0,1.0,1.0
42,baseline_stats,3,41526,test_dataset,other,LogisticRegression,SVM,0,0.7990611222061456,,,,
42,baseline_stats,3,1471,eeg-eye-state,education,DecisionTree,LogisticRegression,0,0.8301068090787715,0.5951935914552736,0.23491321762349793,0.0,0.0
42,baseline_stats,3,4154,CreditCardSubset,finance,Perceptron,DecisionTree,0,0.9990870786516854,0.9979634831460672,0.0011235955056182467,0.0,1.0
42,baseline_stats,3,1459,artificial-characters,image,DecisionTree,DecisionTree,1,0.9142679456269462,0.9142679456269462,0.0,1.0,1.0
42,baseline_stats,3,43922,mushroom,biology,DecisionTree,DecisionTree,1,1.0,1.0,0.0,1.0,1.0
42,baseline_stats,3,1507,twonorm,education,LogisticRegression,MLP,0,0.9772972972972972,0.9701351351351352,0.0071621621621620335,0.0,1.0
42,baseline_stats,3,1496,ringnorm,education,SVM,LogisticRegression,0,0.9777027027027028,0.7602702702702702,0.2174324324324326,0.0,0.0
42,baseline_stats,3,182,satimage,image,MLP,DecisionTree,0,0.908398133748056,0.8584758942457231,0.04992223950233288,0.0,0.0
42,baseline_stats,3,1475,first-order-theorem-proving,biology,MLP,LogisticRegression,0,0.5568805145388763,0.477605160352503,0.07927535418637333,0.0,0.0
42,baseline_stats,3,41145,philippine,biology,LogisticRegression,DecisionTree,0,0.7217067115839975,0.6915287619366778,0.03017794964731968,0.0,0.0
42,baseline_stats,3,40499,texture,image,LogisticRegression,LogisticRegression,1,0.9945454545454544,0.9945454545454544,0.0,1.0,1.0
42,baseline_stats,3,1525,wall-robot-navigation,sensor_signal,DecisionTree,LogisticRegression,0,0.9998166819431712,0.940068593185,0.05974808875817117,0.0,0.0
42,baseline_stats,3,1489,phoneme,sensor_signal,KNN,DecisionTree,0,0.8774999143454277,0.8721331414670914,0.005366772878336312,0.0,1.0
42,baseline_stats,3,1460,banana,other,SVM,KNN,0,0.9026415094339624,0.889245283018868,0.013396226415094414,0.0,0.0
42,baseline_stats,3,42193,compas-two-years,social,MLP,SVM,0,0.6788537627459428,0.6688133706735603,0.010040392072382498,0.0,0.0
42,baseline_stats,3,44124,kdd_ipums_la_97-small,other,MLP,DecisionTree,0,0.8706692456192181,0.8384752593352323,0.03219398628398584,0.0,0.0
42,baseline_stats,3,41146,sylvine,health,MLP,LogisticRegression,0,0.9205684070121952,0.9115914634146344,0.00897694359756085,0.0,1.0
42,baseline_stats,3,40900,Satellite,image,LogisticRegression,LogisticRegression,1,0.994313725490196,0.994313725490196,0.0,1.0,1.0
42,baseline_stats,3,44037,rl,biology,DecisionTree,DecisionTree,1,0.7195171026156941,0.7195171026156941,0.0,1.0,1.0
42,baseline_stats,3,1039,hiva_agnostic,biology,LogisticRegression,LogisticRegression,1,0.95388951837397,0.95388951837397,0.0,1.0,1.0
42,baseline_stats,3,720,abalone,other,MLP,DecisionTree,0,0.7962667965504397,0.7179781107641178,0.07828868578632198,0.0,0.0
42,baseline_stats,3,41156,ada,biology,LogisticRegression,LogisticRegression,1,0.8483256064063249,0.8483256064063249,0.0,1.0,1.0
42,baseline_stats,3,46578,tiniest-imagenet-200,biology,DecisionTree,LogisticRegression,0,0.005,0.005,0.0,1.0,1.0
42,baseline_stats,3,40497,thyroid-ann,health,DecisionTree,LogisticRegression,0,0.997614488731182,0.9628840444780156,0.034730444253166404,0.0,0.0
42,baseline_stats,3,40978,Internet-Advertisements,image,DecisionTree,LogisticRegression,0,0.9673664122137404,0.9655371439210576,0.0018292682926828174,0.0,1.0
42,baseline_stats,3,40677,led24,other,LogisticRegression,LogisticRegression,1,0.7240624999999999,0.7240624999999999,0.0,1.0,1.0
42,baseline_stats,3,40670,dna,biology,SVM,SVM,1,0.9595094560611802,0.9595094560611802,0.0,1.0,1.0
42,baseline_stats,3,40476,thyroid-allhypo,health,LogisticRegression,LogisticRegression,1,0.7139285714285715,0.7139285714285715,0.0,1.0,1.0
42,baseline_stats,3,40478,thyroid-dis,health,LogisticRegression,LogisticRegression,1,0.7139285714285715,0.7139285714285715,0.0,1.0,1.0
42,baseline_stats,3,40477,thyroid-allrep,health,LogisticRegression,LogisticRegression,1,0.7139285714285715,0.7139285714285715,0.0,1.0,1.0
42,baseline_stats,3,40475,thyroid-allhyper,health,LogisticRegression,LogisticRegression,1,0.7139285714285715,0.7139285714285715,0.0,1.0,1.0
42,baseline_stats,3,40474,thyroid-allbp,health,LogisticRegression,LogisticRegression,1,0.7139285714285715,0.7139285714285715,0.0,1.0,1.0
42,baseline_stats,3,1487,ozone-level-8hr,sensor_signal,LogisticRegression,LogisticRegression,1,0.9400145005496175,0.9400145005496175,0.0,1.0,1.0
42,baseline_stats,3,1560,cardiotocography,biology,LogisticRegression,MLP,0,0.991530516431925,0.9872985363159348,0.0042319801159902415,0.0,1.0
42,baseline_stats,3,44431,jannis_seed_3_nrows_2000_nclasses_10_ncols_100_stratify_True,biology,SVM,DecisionTree,0,0.7325000000000002,0.6460000000000001,0.08650000000000002,0.0,0.0
42,baseline_stats,3,44400,MagicTelescope_seed_3_nrows_2000_nclasses_10_ncols_100_stratify_True,biology,MLP,MLP,1,0.8375,0.8375,0.0,1.0,1.0
42,baseline_stats,3,44693,Satellite_seed_0_nrows_2000_nclasses_10_ncols_100_stratify_True,biology,DecisionTree,LogisticRegression,0,0.9935,0.9935,0.0,1.0,1.0
42,baseline_stats,3,44678,sylvine_seed_0_nrows_2000_nclasses_10_ncols_100_stratify_True,biology,LogisticRegression,LogisticRegression,1,0.909,0.909,0.0,1.0,1.0
42,baseline_stats,3,44568,ada_seed_0_nrows_2000_nclasses_10_ncols_100_stratify_True,biology,LogisticRegression,SVM,0,0.844,0.8414999999999999,0.0025000000000000577,0.0,1.0
42,baseline_stats,3,44638,dna_seed_0_nrows_2000_nclasses_10_ncols_100_stratify_True,biology,SVM,SVM,1,0.8790000000000001,0.8790000000000001,0.0,1.0,1.0
42,baseline_stats,3,44528,airlines_seed_0_nrows_2000_nclasses_10_ncols_100_stratify_True,biology,LogisticRegression,MLP,0,0.5885,0.5599999999999999,0.02850000000000008,0.0,0.0
42,baseline_stats,3,46752,student_lifestyle_dataset,education,DecisionTree,DecisionTree,1,1.0,1.0,0.0,1.0,1.0
42,baseline_stats,3,44756,riccardo_seed_3_nrows_2000_nclasses_10_ncols_100_stratify_True,biology,MLP,SVM,0,0.908,0.8305,0.07750000000000001,0.0,0.0
42,baseline_stats,3,44407,phoneme_seed_0_nrows_2000_nclasses_10_ncols_100_stratify_True,biology,MLP,DecisionTree,0,0.8424999999999999,0.8150000000000001,0.027499999999999858,0.0,0.0
42,baseline_stats,3,44504,steel-plates-fault_seed_1_nrows_2000_nclasses_10_ncols_100_stratify_True,biology,MLP,DecisionTree,0,0.7460101237643442,0.7305766835396073,0.015433440224736916,0.0,0.0
42,baseline_stats,3,40647,GAMETES_Epistasis_2-Way_20atts_0.4H_EDM-1_1,other,MLP,SVM,0,0.684375,0.664375,0.019999999999999907,0.0,0.0
42,baseline_stats,3,40649,GAMETES_Heterogeneity_20atts_1600_Het_0.4_0.2_50_EDM-2_001,biology,SVM,SVM,1,0.6356249999999999,0.6356249999999999,0.0,1.0,1.0
42,baseline_stats,3,46876,depression_2020,text,SVM,LogisticRegression,0,0.8334511102932156,0.8334511102932156,0.0,1.0,1.0
42,baseline_stats,3,46851,hepatitis_c_virus_hcv_for_egyptian_patients,biology,MLP,LogisticRegression,0,0.2613718411552346,0.2483754512635378,0.012996389891696797,0.0,0.0
42,baseline_stats,3,1462,banknote-authentication,image,SVM,LogisticRegression,0,1.0,0.9810510948905108,0.01894890510948921,0.0,0.0
42,baseline_stats,3,41705,ASP-POTASSCO-classification,biology,KNN,LogisticRegression,0,0.4134386878572925,0.3903025949537577,0.0231360929035348,0.0,0.0
42,baseline_stats,3,1552,autoUniv-au7-1100,biology,MLP,DecisionTree,0,0.3463636363636364,0.3309090909090909,0.015454545454545499,0.0,0.0
42,baseline_stats,3,44602,qsar-biodeg_seed_4_nrows_2000_nclasses_10_ncols_100_stratify_True,biology,MLP,MLP,1,0.8739336492890996,0.8739336492890996,0.0,1.0,1.0
42,baseline_stats,3,46842,maternal_health_risk,health,DecisionTree,LogisticRegression,0,0.8481636833634102,0.6173389260108277,0.23082475735258245,0.0,0.0
42,baseline_stats,3,1555,autoUniv-au6-1000,biology,SVM,DecisionTree,0,0.24,0.232,0.00799999999999998,0.0,1.0
42,baseline_stats,3,46502,Credit_Approval_Classification,finance,LogisticRegression,SVM,0,0.734,0.7310000000000001,0.0029999999999998916,0.0,1.0
42,baseline_stats,3,1547,autoUniv-au1-1000,biology,SVM,MLP,0,0.762,0.7040000000000001,0.05799999999999994,0.0,0.0
42,baseline_stats,3,40705,tokyo1,biology,SVM,DecisionTree,0,0.931184554973822,0.907209860383944,0.023974694589878,0.0,0.0
42,baseline_stats,3,841,stock,finance,KNN,LogisticRegression,0,0.9557894736842104,0.8399999999999999,0.11578947368421055,0.0,0.0
42,baseline_stats,3,1233,eating,other,LogisticRegression,LogisticRegression,1,0.6497354497354497,0.6497354497354497,0.0,1.0,1.0
42,baseline_stats,3,311,oil_spill,other,MLP,LogisticRegression,0,0.9679827056547956,0.9636932529297988,0.004289452724996812,0.0,1.0
42,baseline_stats,3,45939,132,other,DecisionTree,KNN,0,1.0,1.0,0.0,1.0,1.0
42,baseline_stats,3,46846,glioma_grading_clinical_and_mutation_features,health,SVM,MLP,0,0.8688694040490448,0.8521813515825493,0.016688052466495518,0.0,0.0
42,baseline_stats,3,469,analcatdata_dmft,other,SVM,KNN,0,0.2220990566037735,0.1744339622641509,0.0476650943396226,0.0,0.0
42,baseline_stats,3,1464,blood-transfusion-service-center,education,MLP,MLP,1,0.7927695749440715,0.7927695749440715,0.0,1.0,1.0
42,baseline_stats,3,44588,eucalyptus_seed_0_nrows_2000_nclasses_10_ncols_100_stratify_True,biology,LogisticRegression,MLP,0,0.6440706012134584,0.3398234969663541,0.30424710424710427,0.0,0.0
42,baseline_stats,3,43595,Loan-Predication,finance,LogisticRegression,LogisticRegression,1,0.8045981607357058,0.8045981607357058,0.0,1.0,1.0
42,baseline_stats,3,41945,ilpd-numeric,health,LogisticRegression,MLP,0,0.715281461833186,0.7101237842617152,0.005157677571470787,0.0,1.0
42,baseline_stats,3,1480,ilpd,health,LogisticRegression,MLP,0,0.715281461833186,0.7014736221632775,0.013807839669908506,0.0,0.0
42,baseline_stats,3,1510,wdbc,image,LogisticRegression,MLP,0,0.9736686849868031,0.9683900015525536,0.0052786834342495315,0.0,1.0
42,baseline_stats,3,1467,climate-model-simulation-crashes,other,SVM,SVM,1,0.9148148148148147,0.9148148148148147,0.0,1.0,1.0
42,baseline_stats,3,717,rmftsa_ladata,other,LogisticRegression,MLP,0,0.8917297612114152,0.8404969908755581,0.05123277033585716,0.0,0.0
42,baseline_stats,3,779,fri_c1_500_25,other,DecisionTree,SVM,0,0.8300000000000001,0.6659999999999999,0.16400000000000015,0.0,0.0
42,baseline_stats,3,40496,LED-display-domain-7digit,image,LogisticRegression,KNN,0,0.73,0.7,0.030000000000000027,0.0,0.0
42,baseline_stats,3,1100,PopularKids,education,KNN,SVM,0,0.5417324561403509,0.5167324561403509,0.025000000000000022,0.0,0.0
42,baseline_stats,3,1506,thoracic-surgery,health,SVM,SVM,1,0.851063829787234,0.851063829787234,0.0,1.0,1.0
42,baseline_stats,3,1498,sa-heart,health,LogisticRegression,DecisionTree,0,0.7210378681626928,0.5780504908835905,0.14298737727910227,0.0,0.0
42,baseline_stats,3,1511,wholesale-customers,social,MLP,MLP,1,0.9181818181818182,0.9181818181818182,0.0,1.0,1.0
42,baseline_stats,3,1508,user-knowledge,education,MLP,MLP,1,0.9158024691358024,0.9158024691358024,0.0,1.0,1.0
42,baseline_stats,3,475,analcatdata_germangss,education,LogisticRegression,DecisionTree,0,0.3575,0.3349999999999999,0.022500000000000075,0.0,0.0
42,baseline_stats,3,46847,differentiated_thyroid_cancer_recurrence,health,MLP,DecisionTree,0,0.9346548188653452,0.9267942583732056,0.007860560492139568,0.0,1.0
42,baseline_stats,3,860,vinnie,other,DecisionTree,KNN,0,0.8473684210526315,0.8210526315789475,0.02631578947368407,0.0,0.0
42,baseline_stats,3,41496,DRSongsLyrics,text,LogisticRegression,LogisticRegression,1,0.5028169014084508,0.5028169014084508,0.0,1.0,1.0
42,baseline_stats,3,1523,vertebra-column,health,LogisticRegression,MLP,0,0.8516129032258064,0.8193548387096774,0.032258064516129004,0.0,0.0
42,baseline_stats,3,40710,cleve,other,KNN,SVM,0,0.8214754098360656,0.8083060109289617,0.01316939890710389,0.0,0.0
42,baseline_stats,3,961,analcatdata_broadwaymult,other,MLP,LogisticRegression,0,0.7859649122807018,0.6877192982456141,0.09824561403508769,0.0,0.0
42,baseline_stats,3,46590,heart-statlog-uci,health,MLP,SVM,0,0.8518518518518519,0.8407407407407407,0.011111111111111183,0.0,0.0
42,baseline_stats,3,336,SPECT,health,SVM,MLP,0,0.8389238294898673,0.8091544374563242,0.02976939203354312,0.0,0.0
42,baseline_stats,3,1495,qualitative-bankruptcy,finance,DecisionTree,MLP,0,0.996,0.996,0.0,1.0,1.0
42,baseline_stats,3,41538,conference_attendance,other,SVM,DecisionTree,0,0.8740408163265305,0.7524081632653061,0.1216326530612244,0.0,0.0
42,baseline_stats,3,1084,BurkittLymphoma,biology,LogisticRegression,LogisticRegression,1,0.8863636363636364,0.8863636363636364,0.0,1.0,1.0
42,baseline_stats,3,1499,seeds,education,LogisticRegression,KNN,0,0.9285714285714284,0.923809523809524,0.004761904761904412,0.0,1.0
42,baseline_stats,4,46070,Stylized_Meta_Album_TEX_DTD_STY_Extended,image,DecisionTree,DecisionTree,1,0.15,0.15,0.0,1.0,1.0
42,baseline_stats,4,46468,Give-Me-Some-Credit-Sampled,finance,LogisticRegression,LogisticRegression,1,0.9337777777777776,0.9337777777777776,0.0,1.0,1.0
42,baseline_stats,4,41027,jungle_chess_2pcs_raw_endgame_complete,biology,DecisionTree,DecisionTree,1,0.7933689609865697,0.7933689609865697,0.0,1.0,1.0
42,baseline_stats,4,727,2dplanes,other,DecisionTree,DecisionTree,1,0.9063971660944456,0.9063971660944456,0.0,1.0,1.0
42,baseline_stats,4,901,fried,other,DecisionTree,DecisionTree,1,0.8733074896010897,0.8733074896010897,0.0,1.0,1.0
42,baseline_stats,4,881,mv,other,LogisticRegression,DecisionTree,0,0.9981112270264356,0.9966149807064012,0.0014962463200344223,0.0,1.0
42,baseline_stats,4,4135,Amazon_employee_access,social,LogisticRegression,LogisticRegression,1,0.9421099226089228,0.9421099226089228,0.0,1.0,1.0
42,baseline_stats,4,46919,credit_card_clients_default,finance,LogisticRegression,LogisticRegression,1,0.8107,0.8107,0.0,1.0,1.0
42,baseline_stats,4,41671,microaggregation2,other,LogisticRegression,DecisionTree,0,0.5697,0.5094,0.06030000000000002,0.0,0.0
42,baseline_stats,4,40926,CIFAR_10_small,education,LogisticRegression,DecisionTree,0,0.31215,0.2476499999999999,0.06450000000000009,0.0,0.0
42,baseline_stats,4,45024,credit,finance,LogisticRegression,DecisionTree,0,0.7243633498760238,0.6848753695074231,0.039487980368600684,0.0,0.0
42,baseline_stats,4,44162,compass,finance,LogisticRegression,MLP,0,0.6839709892090486,,,,
42,baseline_stats,4,846,elevators,other,LogisticRegression,DecisionTree,0,0.8977650402755948,0.8064339309633836,0.09133110931221122,0.0,0.0
42,baseline_stats,4,45936,IndoorScenes,biology,LogisticRegression,DecisionTree,0,0.0681818181818181,0.0389244558258642,0.029257362355953893,0.0,0.0
42,baseline_stats,4,1046,mozilla4,other,DecisionTree,DecisionTree,1,0.9284014152460598,0.9284014152460598,0.0,1.0,1.0
42,baseline_stats,4,46689,sst5,text,LogisticRegression,DecisionTree,0,0.2625052720371151,0.2425980598903416,0.01990721214677349,0.0,0.0
42,baseline_stats,4,46924,E-CommereShippingData,social,LogisticRegression,DecisionTree,0,0.6390573401132746,0.6338739509694489,0.005183389143825767,0.0,1.0
42,baseline_stats,4,46819,WBCAtt,health,DecisionTree,LogisticRegression,0,0.988541331686133,0.9870848323957808,0.0014564992903521867,0.0,1.0
42,baseline_stats,4,46282,internet_usage,social,LogisticRegression,DecisionTree,0,0.8710915701650965,0.8568467784601937,0.014244791704902782,0.0,0.0
42,baseline_stats,4,43920,kdd_internet_usage,biology,LogisticRegression,DecisionTree,0,0.8716851398593697,0.8579333907913496,0.013751749068020125,0.0,0.0
42,baseline_stats,4,46916,coil2000_insurance_policies,finance,SVM,SVM,1,0.9403380440809896,0.9403380440809896,0.0,1.0,1.0
42,baseline_stats,4,41082,USPS,image,MLP,LogisticRegression,0,0.967304424277129,0.9438583583496736,0.02344606592745546,0.0,0.0
42,baseline_stats,4,807,kin8nm,other,MLP,DecisionTree,0,0.9127194952698308,0.7579375881389304,0.15478190713090034,0.0,0.0
42,baseline_stats,4,43985,isolet,education,LogisticRegression,LogisticRegression,1,0.95985633459976,0.95985633459976,0.0,1.0,1.0
42,baseline_stats,4,803,delta_ailerons,other,SVM,MLP,0,0.9422068354617258,0.9403832582859672,0.0018235771757585395,0.0,1.0
42,baseline_stats,4,42178,telco-customer-churn,social,LogisticRegression,MLP,0,0.8046264073488612,0.7593315496161044,0.045294857732756766,0.0,0.0
42,baseline_stats,4,46280,blastchar,social,LogisticRegression,LogisticRegression,1,0.8034889347699853,0.8034889347699853,0.0,1.0,1.0
42,baseline_stats,4,47152,aztrees4,other,MLP,MLP,1,0.9895909759437392,0.9895909759437392,0.0,1.0,1.0
42,baseline_stats,4,47151,aztrees3,other,MLP,MLP,1,0.9895909759437392,0.9895909759437392,0.0,1.0,1.0
42,baseline_stats,4,44186,KDDCup09_upselling,education,DecisionTree,MLP,0,0.7554652213188799,0.7258207578567013,0.02964446346217864,0.0,0.0
42,baseline_stats,4,43607,WMO-Hurricane-Survival-Dataset,education,LogisticRegression,MLP,0,0.519018453548988,0.4959152444946582,0.023103209054329832,0.0,0.0
42,baseline_stats,4,46372,Multiclass_Classification_for_Corporate_Credit_Ratings,finance,MLP,DecisionTree,0,0.7232000000000001,0.6992,0.02400000000000002,0.0,0.0
42,baseline_stats,4,46960,students_dropout_and_academic_success,education,LogisticRegression,MLP,0,0.7680819081217886,0.7407288391236547,0.027353068998133834,0.0,0.0
42,baseline_stats,4,43051,art_daily_nojump4,other,DecisionTree,LogisticRegression,0,0.9675100931366672,0.9675100931366672,0.0,1.0,1.0
42,baseline_stats,4,42810,PCam,other,DecisionTree,LogisticRegression,0,0.6307500000000001,0.53525,0.09550000000000014,0.0,0.0
42,baseline_stats,4,46912,Bioresponse,biology,LogisticRegression,SVM,0,0.7392713715046604,,,,
42,baseline_stats,4,1038,gina_agnostic,image,MLP,MLP,1,0.9207101895862704,0.9207101895862704,0.0,1.0,1.0
42,baseline_stats,4,40678,led7,other,LogisticRegression,LogisticRegression,1,0.7278125,0.7278125,0.0,1.0,1.0
42,baseline_stats,4,3,kr-vs-kp,biology,DecisionTree,SVM,0,0.9956196205007825,0.9724687010954616,0.02315091940532088,0.0,0.0
42,baseline_stats,4,41144,madeline,biology,DecisionTree,DecisionTree,1,0.7442675159235669,0.7442675159235669,0.0,1.0,1.0
42,baseline_stats,4,46956,seismic-bumps,sensor_signal,SVM,MLP,0,0.9342104868576911,0.92143778207608,0.012772704781611188,0.0,0.0
42,baseline_stats,4,46951,Pumpkin_Seeds,biology,LogisticRegression,MLP,0,0.8784000000000001,0.8596,0.01880000000000004,0.0,0.0
42,baseline_stats,4,36,segment,image,MLP,DecisionTree,0,0.971861471861472,0.9645021645021644,0.007359307359307565,0.0,1.0
42,baseline_stats,4,46940,Marketing_Campaign,other,LogisticRegression,LogisticRegression,1,0.8816964285714285,0.8816964285714285,0.0,1.0,1.0
42,baseline_stats,4,40704,Titanic,other,DecisionTree,MLP,0,0.7905524634096063,0.7814677386105957,0.009084724799010568,0.0,1.0
42,baseline_stats,4,44460,compass_seed_2_nrows_2000_nclasses_10_ncols_100_stratify_True,biology,SVM,LogisticRegression,0,0.681,0.6799999999999999,0.001000000000000112,0.0,1.0
42,baseline_stats,4,44443,covertype_seed_0_nrows_2000_nclasses_10_ncols_100_stratify_True,biology,LogisticRegression,LogisticRegression,1,0.776,0.776,0.0,1.0,1.0
42,baseline_stats,4,44699,Fashion-MNIST_seed_1_nrows_2000_nclasses_10_ncols_100_stratify_True,biology,SVM,LogisticRegression,0,0.797,0.7675,0.02950000000000008,0.0,0.0
42,baseline_stats,4,44703,connect-4_seed_0_nrows_2000_nclasses_10_ncols_100_stratify_True,biology,SVM,SVM,1,0.659,0.659,0.0,1.0,1.0
42,baseline_stats,4,44645,kr-vs-kp_seed_2_nrows_2000_nclasses_10_ncols_100_stratify_True,biology,DecisionTree,SVM,0,0.9915,0.9595,0.03200000000000003,0.0,0.0
42,baseline_stats,4,44748,guillermo_seed_0_nrows_2000_nclasses_10_ncols_100_stratify_True,biology,SVM,LogisticRegression,0,0.578,0.572,0.006000000000000005,0.0,1.0
42,baseline_stats,4,44566,philippine_seed_3_nrows_2000_nclasses_10_ncols_100_stratify_True,biology,DecisionTree,LogisticRegression,0,0.6990000000000001,0.6900000000000001,0.009000000000000008,0.0,1.0
42,baseline_stats,4,44633,segment_seed_0_nrows_2000_nclasses_10_ncols_100_stratify_True,biology,MLP,LogisticRegression,0,0.918,0.8615,0.056499999999999995,0.0,0.0
42,baseline_stats,4,44513,dilbert_seed_0_nrows_2000_nclasses_10_ncols_100_stratify_True,biology,MLP,LogisticRegression,0,0.8879999999999999,0.8344999999999999,0.05349999999999999,0.0,0.0
42,baseline_stats,4,44777,sf-police-incidents_seed_4_nrows_2000_nclasses_10_ncols_100_stratify_True,biology,SVM,LogisticRegression,0,0.8785000000000001,0.8785000000000001,0.0,1.0,1.0
42,baseline_stats,4,44493,numerai28.6_seed_0_nrows_2000_nclasses_10_ncols_100_stratify_True,biology,LogisticRegression,SVM,0,0.5235000000000001,0.4955,0.02800000000000008,0.0,0.0
42,baseline_stats,4,44347,credit_seed_0_nrows_2000_nclasses_10_ncols_100_stratify_True,finance,MLP,LogisticRegression,0,0.7425,0.652,0.09050000000000002,0.0,0.0
42,baseline_stats,4,44227,South_Asian_Churn_dataset,social,LogisticRegression,MLP,0,0.7114999999999999,0.7035,0.007999999999999896,0.0,1.0
42,baseline_stats,4,46944,Mobile_Price,other,LogisticRegression,LogisticRegression,1,0.963,0.963,0.0,1.0,1.0
42,baseline_stats,4,44621,car_seed_3_nrows_2000_nclasses_10_ncols_100_stratify_True,biology,MLP,DecisionTree,0,0.9872681578286,0.9768501298483706,0.010418027980229394,0.0,0.0
42,baseline_stats,4,991,car,other,DecisionTree,DecisionTree,1,0.9918974616737872,0.9918974616737872,0.0,1.0,1.0
42,baseline_stats,4,1501,semeion,image,SVM,SVM,1,0.953539953865263,0.953539953865263,0.0,1.0,1.0
42,baseline_stats,4,43896,ibm-employee-attrition,education,MLP,LogisticRegression,0,0.8741496598639454,0.8680272108843538,0.006122448979591688,0.0,1.0
42,baseline_stats,4,46963,website_phishing,other,MLP,MLP,1,0.8891676916769168,0.8891676916769168,0.0,1.0,1.0
42,baseline_stats,4,40680,mofn-3-7-10,other,DecisionTree,SVM,0,1.0,1.0,0.0,1.0,1.0
42,baseline_stats,4,46422,Credit-Risk-Classification-Dataset,finance,SVM,SVM,1,0.8,0.8,0.0,1.0,1.0
42,baseline_stats,4,40706,parity5_plus_5,other,MLP,SVM,0,1.0,0.2953650793650794,0.7046349206349206,0.0,0.0
42,baseline_stats,4,40687,solar-flare,other,LogisticRegression,LogisticRegression,1,0.7626606993988855,0.7626606993988855,0.0,1.0,1.0
42,baseline_stats,4,42809,kits,other,DecisionTree,LogisticRegression,0,0.611,0.5740000000000001,0.03699999999999992,0.0,0.0
42,baseline_stats,4,910,fri_c1_1000_10,other,MLP,MLP,1,0.885,0.885,0.0,1.0,1.0
42,baseline_stats,4,45748,StudentsPerformance,education,LogisticRegression,DecisionTree,0,0.892,0.8160000000000001,0.07599999999999996,0.0,0.0
42,baseline_stats,4,46562,German-Credit-Data-Creditability-Preprocessed-Dataset,finance,SVM,LogisticRegression,0,0.7620000000000001,0.756,0.006000000000000116,0.0,1.0
42,baseline_stats,4,46416,Creditability-German-Credit-Data,finance,SVM,SVM,1,0.761,0.761,0.0,1.0,1.0
42,baseline_stats,4,43097,students_scores,education,LogisticRegression,DecisionTree,0,0.892,0.8160000000000001,0.07599999999999996,0.0,0.0
42,baseline_stats,4,43255,1StudentPerfromance,education,LogisticRegression,DecisionTree,0,0.892,0.8160000000000001,0.07599999999999996,0.0,0.0
42,baseline_stats,4,1016,vowel,sensor_signal,KNN,KNN,1,0.997979797979798,0.997979797979798,0.0,1.0,1.0
42,baseline_stats,4,40693,xd6,other,SVM,SVM,1,1.0,1.0,0.0,1.0,1.0
42,baseline_stats,4,47155,waveform,other,LogisticRegression,LogisticRegression,1,0.8475000000000001,0.8475000000000001,0.0,1.0,1.0
42,baseline_stats,4,37,diabetes,health,LogisticRegression,DecisionTree,0,0.7746965452847806,0.7017485782191665,0.07294796706561413,0.0,0.0
42,baseline_stats,4,40981,Australian,finance,LogisticRegression,LogisticRegression,1,0.8623188405797102,0.8623188405797102,0.0,1.0,1.0
42,baseline_stats,4,44484,Australian_seed_1_nrows_2000_nclasses_10_ncols_100_stratify_True,biology,LogisticRegression,LogisticRegression,1,0.8623188405797102,0.8623188405797102,0.0,1.0,1.0
42,baseline_stats,4,1023,soybean,other,MLP,SVM,0,0.969257191927866,0.960465865178188,0.008791326749677975,0.0,1.0
42,baseline_stats,4,997,balance-scale,other,MLP,LogisticRegression,0,0.9904,0.952,0.03839999999999999,0.0,0.0
42,baseline_stats,4,770,strikes,other,DecisionTree,DecisionTree,1,0.9504,0.9504,0.0,1.0,1.0
42,baseline_stats,4,886,no2,other,MLP,LogisticRegression,0,0.646,0.576,0.07000000000000006,0.0,0.0
42,baseline_stats,4,987,collins,other,DecisionTree,SVM,0,1.0,0.962,0.038000000000000034,0.0,0.0
42,baseline_stats,4,750,pm10,other,MLP,DecisionTree,0,0.582,0.556,0.025999999999999912,0.0,0.0
42,baseline_stats,4,43327,Birds,other,DecisionTree,KNN,0,0.05,0.05,0.0,1.0,1.0
42,baseline_stats,4,765,analcatdata_apnea2,other,KNN,KNN,1,0.9221052631578948,0.9221052631578948,0.0,1.0,1.0
42,baseline_stats,4,767,analcatdata_apnea1,other,KNN,KNN,1,0.9347368421052632,0.9347368421052632,0.0,1.0,1.0
42,baseline_stats,4,814,chscase_vine2,other,KNN,KNN,1,0.8739190116678106,0.8739190116678106,0.0,1.0,1.0
42,baseline_stats,4,764,analcatdata_apnea3,other,KNN,KNN,1,0.917777777777778,0.917777777777778,0.0,1.0,1.0
42,baseline_stats,4,907,chscase_census4,social,SVM,KNN,0,0.5225,0.485,0.03749999999999998,0.0,0.0
42,baseline_stats,4,909,chscase_census2,social,KNN,SVM,0,0.5125,0.4974999999999999,0.015000000000000069,0.0,0.0
42,baseline_stats,4,908,chscase_census3,social,MLP,MLP,1,0.5349999999999999,0.5349999999999999,0.0,1.0,1.0
42,baseline_stats,4,900,chscase_census6,social,KNN,SVM,0,0.595,0.5925,0.0024999999999999467,0.0,1.0
42,baseline_stats,4,906,chscase_census5,social,SVM,DecisionTree,0,0.5175000000000001,0.5,0.01750000000000007,0.0,0.0
42,baseline_stats,4,1048,jEdit_4.2_4.3,other,DecisionTree,LogisticRegression,0,0.6476119955572012,0.6447982228804147,0.002813772676786508,0.0,1.0
42,baseline_stats,4,818,diggle_table_a2,other,DecisionTree,MLP,0,1.0,0.9741935483870968,0.02580645161290318,0.0,0.0
42,baseline_stats,4,43,haberman,health,LogisticRegression,KNN,0,0.7418297197250132,0.6830248545742992,0.058804865150714036,0.0,0.0
42,baseline_stats,4,880,mu284,other,DecisionTree,LogisticRegression,0,0.9929824561403509,0.97531328320802,0.017669172932330834,0.0,0.0
42,baseline_stats,4,45098,Ovarian,health,LogisticRegression,SVM,0,0.996078431372549,,,,
42,baseline_stats,4,911,fri_c2_250_5,other,DecisionTree,DecisionTree,1,0.9,0.9,0.0,1.0,1.0
42,baseline_stats,4,820,chatfield_4,other,LogisticRegression,DecisionTree,0,0.8893617021276595,0.851063829787234,0.038297872340425476,0.0,0.0
42,baseline_stats,4,939,chscase_whale,other,LogisticRegression,LogisticRegression,1,0.9868599033816424,0.9868599033816424,0.0,1.0,1.0
42,baseline_stats,4,895,chscase_geyser1,other,LogisticRegression,DecisionTree,0,0.9056565656565656,0.8696969696969697,0.03595959595959586,0.0,0.0
42,baseline_stats,4,40682,thyroid-new,health,MLP,LogisticRegression,0,0.972093023255814,0.9581395348837208,0.013953488372093203,0.0,0.0
42,baseline_stats,4,721,pwLinear,other,SVM,DecisionTree,0,0.885,0.8099999999999999,0.07500000000000007,0.0,0.0
42,baseline_stats,5,42141,SVHN_medium,image,DecisionTree,LogisticRegression,0,0.4190638241425483,,,,
42,baseline_stats,5,45051,adult-test,social,LogisticRegression,DecisionTree,0,0.8250480824490447,0.8159984335949122,0.009049648854132508,0.0,1.0
42,baseline_stats,5,41434,Click_prediction_small,other,LogisticRegression,DecisionTree,0,0.8323570503936029,0.6344239349130085,0.19793311548059433,0.0,0.0
42,baseline_stats,5,1119,adult-census,social,LogisticRegression,DecisionTree,0,0.8247289252528773,0.8123214023663126,0.01240752288656477,0.0,0.0
42,baseline_stats,5,184,kropt,other,DecisionTree,DecisionTree,1,0.8398203660892658,0.8398203660892658,0.0,1.0,1.0
42,baseline_stats,5,46173,King-rook-vs-King,other,DecisionTree,DecisionTree,1,0.8398203660892658,0.8398203660892658,0.0,1.0,1.0
42,baseline_stats,5,45067,okcupid_stem,education,LogisticRegression,LogisticRegression,1,0.7308918783344973,0.7308918783344973,0.0,1.0,1.0
42,baseline_stats,5,843,house_8L,other,LogisticRegression,DecisionTree,0,0.8545911094336628,0.8394927735176883,0.015098335915974537,0.0,0.0
42,baseline_stats,5,823,houses,other,DecisionTree,DecisionTree,1,0.9763565891472868,0.9763565891472868,0.0,1.0,1.0
42,baseline_stats,5,44090,california,finance,DecisionTree,DecisionTree,1,0.8388098028177351,0.8388098028177351,0.0,1.0,1.0
42,baseline_stats,5,41159,guillermo,biology,LogisticRegression,MLP,0,0.66905,,,,
42,baseline_stats,5,44226,NewspaperChurn,social,LogisticRegression,DecisionTree,0,0.8143803216650898,0.7295490381583096,0.08483128350678015,0.0,0.0
42,baseline_stats,5,959,nursery,other,DecisionTree,DecisionTree,1,1.0,1.0,0.0,1.0,1.0
42,baseline_stats,5,46937,in_vehicle_coupon_recommendation,biology,DecisionTree,SVM,0,0.6843271630344093,,,,
42,baseline_stats,5,1044,eye_movements,text,DecisionTree,LogisticRegression,0,0.594734340949386,0.5033825438501901,0.09135179709919594,0.0,0.0
42,baseline_stats,5,1053,jm1,biology,LogisticRegression,LogisticRegression,1,0.8130454754248968,0.8130454754248968,0.0,1.0,1.0
42,baseline_stats,5,41165,robert,biology,LogisticRegression,SVM,0,0.3263,,,,
42,baseline_stats,5,41163,dilbert,health,LogisticRegression,MLP,0,0.9392,,,,
42,baseline_stats,5,375,JapaneseVowels,sensor_signal,MLP,SVM,0,0.9855438311197624,0.9781144648841226,0.007429366235639834,0.0,1.0
42,baseline_stats,5,42140,SVHN_small,image,DecisionTree,LogisticRegression,0,0.3302098061747091,0.1873686079635534,0.14284119821115568,0.0,0.0
42,baseline_stats,5,819,delta_elevators,other,SVM,DecisionTree,0,0.8832600670325934,0.8234733304777506,0.05978673655484279,0.0,0.0
42,baseline_stats,5,1056,mc1,education,KNN,LogisticRegression,0,0.9942953280328628,0.9940840232256783,0.00021130480718445366,0.0,1.0
42,baseline_stats,5,41972,Indian_pines,image,LogisticRegression,DecisionTree,0,0.8964352583528443,0.8304895717309144,0.0659456866219299,0.0,0.0
42,baseline_stats,5,373,UNIX_user_data,biology,DecisionTree,DecisionTree,1,0.4856043956043955,0.4856043956043955,0.0,1.0,1.0
42,baseline_stats,5,761,cpu_act,other,SVM,DecisionTree,0,0.9375009032727156,0.9035654874581048,0.03393541581461079,0.0,0.0
42,baseline_stats,5,735,cpu_small,other,MLP,DecisionTree,0,0.9215085436561946,0.8825686617632927,0.03893988189290187,0.0,0.0
42,baseline_stats,5,752,puma32H,other,MLP,MLP,1,0.8509521798112403,0.8509521798112403,0.0,1.0,1.0
42,baseline_stats,5,833,bank32nh,finance,SVM,LogisticRegression,0,0.82238700896419,0.8187245267782179,0.0036624821859720935,0.0,1.0
42,baseline_stats,5,46969,NATICUSdroid,biology,SVM,SVM,1,0.9380604426092696,0.9380604426092696,0.0,1.0,1.0
42,baseline_stats,5,46962,taiwanese_bankruptcy_prediction,finance,KNN,DecisionTree,0,0.9696434680270148,0.9516072016403354,0.018036266386679434,0.0,0.0
42,baseline_stats,5,40666,clean2,other,DecisionTree,LogisticRegression,0,1.0,1.0,0.0,1.0,1.0
42,baseline_stats,5,1116,musk,other,DecisionTree,LogisticRegression,0,0.9996968548257404,0.9995453396742252,0.00015151515151523576,0.0,1.0
42,baseline_stats,5,1069,pc2,education,SVM,LogisticRegression,0,0.9958848692270856,0.9949902546912812,0.0008946145358044166,0.0,1.0
42,baseline_stats,5,41142,christine,health,LogisticRegression,LogisticRegression,1,0.6869691951767163,0.6869691951767163,0.0,1.0,1.0
42,baseline_stats,5,46806,product_sentiment_machine_hack,text,MLP,DecisionTree,0,0.8693773124003463,0.7471865594953255,0.1221907529050208,0.0,0.0
42,baseline_stats,5,40701,churn,social,MLP,LogisticRegression,0,0.9238,0.8648,0.05899999999999994,0.0,0.0
42,baseline_stats,5,43892,national-longitudinal-survey-binary,social,DecisionTree,DecisionTree,1,1.0,1.0,0.0,1.0,1.0
42,baseline_stats,5,1037,ada_prior,education,MLP,DecisionTree,0,0.8388844853096596,0.7882510904863473,0.050633394823312305,0.0,0.0
42,baseline_stats,5,871,pollen,other,Perceptron,SVM,0,0.5036410923276984,0.4906415820850151,0.012999510242683254,0.0,0.0
42,baseline_stats,5,42882,dgf_test,other,DecisionTree,DecisionTree,1,0.9868228404099562,0.9868228404099562,0.0,1.0,1.0
42,baseline_stats,5,44232,UCI_churn,social,MLP,LogisticRegression,0,0.9153905029467247,0.859588223906065,0.05580227904065971,0.0,0.0
42,baseline_stats,5,312,scene,image,MLP,SVM,0,0.9788131572363936,0.9576263144727876,0.02118684276360605,0.0,0.0
42,baseline_stats,5,772,quake,other,LogisticRegression,LogisticRegression,1,0.5587577770747654,0.5587577770747654,0.0,1.0,1.0
42,baseline_stats,5,1067,kc1,education,MLP,MLP,1,0.8567932365953327,0.8567932365953327,0.0,1.0,1.0
42,baseline_stats,5,12,mfeat-factors,image,LogisticRegression,DecisionTree,0,0.9795,0.8734999999999999,0.1060000000000001,0.0,0.0
42,baseline_stats,5,1022,mfeat-pixel,image,KNN,MLP,0,0.9965,0.9965,0.0,1.0,1.0
42,baseline_stats,5,44723,adult_seed_0_nrows_2000_nclasses_10_ncols_100_stratify_True,biology,MLP,MLP,1,0.8320000000000001,0.8320000000000001,0.0,1.0,1.0
42,baseline_stats,5,44685,christine_seed_2_nrows_2000_nclasses_10_ncols_100_stratify_True,biology,LogisticRegression,DecisionTree,0,0.7024999999999999,0.6174999999999999,0.08499999999999996,0.0,0.0
42,baseline_stats,5,44661,churn_seed_3_nrows_2000_nclasses_10_ncols_100_stratify_True,biology,DecisionTree,LogisticRegression,0,0.9085,0.8644999999999999,0.04400000000000004,0.0,0.0
42,baseline_stats,5,44657,Bioresponse_seed_4_nrows_2000_nclasses_10_ncols_100_stratify_True,biology,MLP,SVM,0,0.6915,0.6705,0.02100000000000002,0.0,0.0
42,baseline_stats,5,44629,kc1_seed_1_nrows_2000_nclasses_10_ncols_100_stratify_True,biology,MLP,MLP,1,0.8605,0.8605,0.0,1.0,1.0
42,baseline_stats,5,44419,Higgs_seed_2_nrows_2000_nclasses_10_ncols_100_stratify_True,biology,SVM,MLP,0,0.6195,0.6174999999999999,0.002000000000000113,0.0,1.0
42,baseline_stats,5,44362,california_seed_0_nrows_2000_nclasses_10_ncols_100_stratify_True,biology,LogisticRegression,DecisionTree,0,0.8404999999999999,0.7875,0.052999999999999936,0.0,0.0
42,baseline_stats,5,40664,car-evaluation,other,MLP,MLP,1,0.9959520817625868,0.9959520817625868,0.0,1.0,1.0
42,baseline_stats,5,46938,Is-this-a-good-customer,social,SVM,MLP,0,0.8862453656892484,0.8543191776204921,0.031926188068756245,0.0,0.0
42,baseline_stats,5,45648,MIC,other,LogisticRegression,SVM,0,0.8696232845169016,0.8599171041724233,0.009706180344478343,0.0,1.0
42,baseline_stats,5,1050,pc3,education,SVM,LogisticRegression,0,0.8982735315802408,0.8976284099287295,0.0006451216515113156,0.0,1.0
42,baseline_stats,5,46758,PostPartum_Depression,health,DecisionTree,DecisionTree,1,0.9807043189368772,0.9807043189368772,0.0,1.0,1.0
42,baseline_stats,5,44480,amazon-commerce-reviews_seed_2_nrows_2000_nclasses_10_ncols_100_stratify_True,biology,LogisticRegression,MLP,0,0.1953333333333333,0.1853333333333333,0.010000000000000009,0.0,0.0
42,baseline_stats,5,46927,Fitness_Club,other,LogisticRegression,DecisionTree,0,0.7773333333333333,0.6986666666666668,0.07866666666666655,0.0,0.0
42,baseline_stats,5,44609,pc4_seed_1_nrows_2000_nclasses_10_ncols_100_stratify_True,biology,LogisticRegression,MLP,0,0.91220872758085,0.9115379183731112,0.0006708092077388761,0.0,1.0
42,baseline_stats,5,1049,pc4,education,LogisticRegression,MLP,0,0.91220872758085,0.9115379183731112,0.0006708092077388761,0.0,1.0
42,baseline_stats,5,966,analcatdata_halloffame,other,LogisticRegression,MLP,0,0.95,0.9455223880597016,0.004477611940298387,0.0,1.0
42,baseline_stats,5,185,baseball,social,LogisticRegression,MLP,0,0.9343283582089552,0.9305970149253732,0.003731343283582045,0.0,1.0
42,baseline_stats,5,1068,pc1,education,SVM,LogisticRegression,0,0.9323712853124618,0.929656353185765,0.002714932126696823,0.0,1.0
42,baseline_stats,5,44604,cnae-9_seed_1_nrows_2000_nclasses_10_ncols_100_stratify_True,biology,LogisticRegression,MLP,0,0.4592592592592592,0.4564814814814815,0.0027777777777777124,0.0,1.0
42,baseline_stats,5,1453,PieChart3,other,LogisticRegression,LogisticRegression,1,0.878380706287683,0.878380706287683,0.0,1.0,1.0
42,baseline_stats,5,1444,PizzaCutter3,other,SVM,MLP,0,0.8782388663967613,0.8676711446448289,0.010567721751932435,0.0,0.0
42,baseline_stats,5,679,rmftsa_sleepdata,health,KNN,LogisticRegression,0,0.4951315160210425,0.4589765662362506,0.03615494978479189,0.0,0.0
42,baseline_stats,5,45604,dummy,other,LogisticRegression,DecisionTree,0,0.995,0.866,0.129,0.0,0.0
42,baseline_stats,5,44555,vehicle_seed_2_nrows_2000_nclasses_10_ncols_100_stratify_True,biology,LogisticRegression,LogisticRegression,1,0.7872607030978072,0.7872607030978072,0.0,1.0,1.0
42,baseline_stats,5,44153,vehicle_reproduced,education,LogisticRegression,LogisticRegression,1,0.7872607030978072,0.7872607030978072,0.0,1.0,1.0
42,baseline_stats,5,54,vehicle,education,LogisticRegression,LogisticRegression,1,0.7872607030978072,0.7872607030978072,0.0,1.0,1.0
42,baseline_stats,5,970,analcatdata_authorship,text,SVM,MLP,0,0.9988165680473372,0.9952521837137224,0.003564384333614834,0.0,1.0
42,baseline_stats,5,46505,total_score,other,DecisionTree,LogisticRegression,0,0.6953865578865578,0.6049922299922301,0.09039432789432766,0.0,0.0
42,baseline_stats,5,46382,company_quality_and_valuation_finance,finance,DecisionTree,LogisticRegression,0,0.79001554001554,0.4283508158508159,0.36166472416472406,0.0,0.0
42,baseline_stats,5,1451,PieChart1,other,SVM,LogisticRegression,0,0.9134751773049644,0.9078014184397164,0.005673758865248013,0.0,1.0
42,baseline_stats,5,1443,PizzaCutter1,other,SVM,LogisticRegression,0,0.9258828890407838,0.9213146502620188,0.004568238778764999,0.0,1.0
42,baseline_stats,5,826,sensory,sensor_signal,MLP,DecisionTree,0,0.675352323838081,0.6527886056971515,0.0225637181409295,0.0,0.0
42,baseline_stats,5,46879,mental_health_detection,health,KNN,LogisticRegression,0,0.4611111111111111,0.337037037037037,0.12407407407407406,0.0,0.0
42,baseline_stats,5,940,water-treatment,sensor_signal,DecisionTree,MLP,0,0.9125426774483378,0.8615094339622642,0.05103324348607363,0.0,0.0
42,baseline_stats,5,1063,kc2,education,LogisticRegression,LogisticRegression,1,0.8352930402930403,0.8352930402930403,0.0,1.0,1.0
42,baseline_stats,5,825,boston_corrected,other,LogisticRegression,DecisionTree,0,0.8695593088720637,0.8042516016307513,0.06530770724131241,0.0,0.0
42,baseline_stats,5,853,boston,other,MLP,LogisticRegression,0,0.8754222481071636,0.8615608619685498,0.013861386138613874,0.0,0.0
42,baseline_stats,5,40665,clean1,other,DecisionTree,LogisticRegression,0,1.0,0.9957894736842106,0.004210526315789442,0.0,1.0
42,baseline_stats,5,1065,kc3,education,LogisticRegression,LogisticRegression,1,0.9192307692307692,0.9192307692307692,0.0,1.0,1.0
42,baseline_stats,5,46843,Cirrhosis_Patient_Survival_Prediction,health,SVM,DecisionTree,0,0.7296041308089501,0.6269936890418818,0.10261044176706835,0.0,0.0
42,baseline_stats,5,957,braziltourism,other,LogisticRegression,LogisticRegression,1,0.803379371143109,0.803379371143109,0.0,1.0,1.0
42,baseline_stats,5,455,cars,other,DecisionTree,DecisionTree,1,0.8348690153568203,0.8348690153568203,0.0,1.0,1.0
42,baseline_stats,5,1071,mw1,text,LogisticRegression,MLP,0,0.937962962962963,0.9107407407407409,0.027222222222222148,0.0,0.0
42,baseline_stats,5,831,autoMpg,other,MLP,DecisionTree,0,0.9094620253164556,0.8868037974683544,0.02265822784810123,0.0,0.0
42,baseline_stats,5,40700,cars1,other,DecisionTree,DecisionTree,1,0.7984420642648491,0.7984420642648491,0.0,1.0,1.0
42,baseline_stats,5,968,analcatdata_birthday,other,LogisticRegression,LogisticRegression,1,0.8931506849315068,0.8931506849315068,0.0,1.0,1.0
42,baseline_stats,5,1514,micro-mass,health,LogisticRegression,LogisticRegression,1,0.9305555555555556,0.9305555555555556,0.0,1.0,1.0
42,baseline_stats,5,42585,penguins,biology,KNN,DecisionTree,0,0.9913043478260868,0.9710144927536232,0.020289855072463614,0.0,0.0
42,baseline_stats,5,1447,CastMetal1,other,SVM,LogisticRegression,0,0.8716083916083915,0.8534731934731935,0.01813519813519804,0.0,0.0
42,baseline_stats,5,1167,pc1_req,other,LogisticRegression,KNN,0,0.684375,0.528125,0.15625,0.0,0.0
42,baseline_stats,5,1446,CostaMadre1,other,SVM,LogisticRegression,0,0.8682485875706215,0.8580790960451978,0.01016949152542368,0.0,0.0
42,baseline_stats,5,41430,DiabeticMellitus,health,DecisionTree,MLP,0,0.9821428571428572,0.868233082706767,0.11390977443609018,0.0,0.0
42,baseline_stats,5,42544,Touch2,other,LogisticRegression,LogisticRegression,1,0.7358490566037735,0.7358490566037735,0.0,1.0,1.0
42,baseline_stats,5,1442,MegaWatt1,other,MLP,MLP,1,0.8972549019607843,0.8972549019607843,0.0,1.0,1.0
42,baseline_stats,5,1449,MeanWhile1,other,MLP,MLP,1,0.8972549019607843,0.8972549019607843,0.0,1.0,1.0
42,baseline_stats,5,46279,algerian_forest_fires,other,DecisionTree,DecisionTree,1,0.9672619047619048,0.9672619047619048,0.0,1.0,1.0
42,baseline_stats,5,796,cpu,other,MLP,MLP,1,0.9904761904761904,0.9904761904761904,0.0,1.0,1.0
42,baseline_stats,5,733,machine_cpu,other,MLP,MLP,1,0.9427409988385598,0.9427409988385598,0.0,1.0,1.0
42,baseline_stats,5,42172,regime_alimentaire,other,MLP,MLP,1,0.940609756097561,0.940609756097561,0.0,1.0,1.0
42,baseline_stats,5,446,prnn_crabs,biology,LogisticRegression,LogisticRegression,1,0.985,0.985,0.0,1.0,1.0
42,baseline_stats,5,1458,arcene,health,LogisticRegression,LogisticRegression,1,0.8899999999999999,0.8899999999999999,0.0,1.0,1.0
42,real_domain_rank,1,46770,Meta_Album_BRD_Extended,image,LogisticRegression,DecisionTree,0,0.0047907448742497,0.0029355990296107,0.0018551458446390001,0.0,1.0
42,real_domain_rank,1,46565,Loan_Approval_Status,finance,DecisionTree,LogisticRegression,0,0.8981555555555556,0.891,0.007155555555555582,0.0,1.0
42,real_domain_rank,1,46553,Loan_Status,finance,DecisionTree,LogisticRegression,0,0.8973777777777778,0.8910222222222222,0.00635555555555567,0.0,1.0
42,real_domain_rank,1,137,BNG(tic-tac-toe),other,DecisionTree,DecisionTree,1,0.7682009527616159,0.7682009527616159,0.0,1.0,1.0
42,real_domain_rank,1,45714,PriceRunner,biology,DecisionTree,LogisticRegression,0,1.0,0.7197167138810199,0.2802832861189801,0.0,0.0
42,real_domain_rank,1,1486,nomao,other,DecisionTree,DecisionTree,1,0.9494559698244596,0.9494559698244596,0.0,1.0,1.0
42,real_domain_rank,1,46871,Advanced_IoT_Dataset,education,DecisionTree,LogisticRegression,0,1.0,1.0,0.0,1.0,1.0
42,real_domain_rank,1,46874,student_depression_dataset,education,LogisticRegression,DecisionTree,0,0.8457042744231421,0.7660657992844386,0.07963847513870348,0.0,0.0
42,real_domain_rank,1,46541,dataset_china,finance,DecisionTree,LogisticRegression,0,1.0,0.9967298689880236,0.003270131011976374,0.0,1.0
42,real_domain_rank,1,45504,timing-attack-dataset-20-micro-seconds-delay-2022-09-20,sensor_signal,DecisionTree,LogisticRegression,0,0.2357673480092472,0.0972169560633328,0.1385503919459144,0.0,0.0
42,real_domain_rank,1,46808,news_channel,text,LogisticRegression,DecisionTree,0,0.4647008555111359,0.3362739006630855,0.1284269548480504,0.0,0.0
42,real_domain_rank,1,722,pol,other,DecisionTree,LogisticRegression,0,0.978,0.8893333333333334,0.08866666666666656,0.0,0.0
42,real_domain_rank,1,1476,gas-drift,sensor_signal,LogisticRegression,LogisticRegression,1,0.9904385334291878,0.9904385334291878,0.0,1.0,1.0
42,real_domain_rank,1,734,ailerons,other,LogisticRegression,MLP,0,0.8796363636363637,,,,
42,real_domain_rank,1,1019,pendigits,image,LogisticRegression,LogisticRegression,1,0.9941775999596144,0.9941775999596144,0.0,1.0,1.0
42,real_domain_rank,1,46932,heloc,finance,LogisticRegression,LogisticRegression,1,0.7171799289132246,0.7171799289132246,0.0,1.0,1.0
42,real_domain_rank,1,1478,har,sensor_signal,LogisticRegression,DecisionTree,0,0.9847561498889554,0.9291199422851132,0.05563620760384225,0.0,0.0
42,real_domain_rank,1,46298,electrical_grid_stability_simulated_classification,sensor_signal,MLP,KNN,0,0.9609,0.8544,0.10649999999999993,0.0,0.0
42,real_domain_rank,1,45553,FICO-HELOC-cleaned,finance,SVM,LogisticRegression,0,0.7334603003603812,0.7286984981980942,0.004761802162287054,0.0,1.0
42,real_domain_rank,1,923,visualizing_soil,other,MLP,DecisionTree,0,1.0,0.9997685185185186,0.00023148148148144365,0.0,1.0
42,real_domain_rank,1,41164,fabert,health,SVM,LogisticRegression,0,0.673666153818947,0.6440473558868435,0.029618797932103536,0.0,0.0
42,real_domain_rank,1,847,wind,sensor_signal,MLP,DecisionTree,0,0.8609667170165112,0.7944945049221313,0.06647221209437992,0.0,0.0
42,real_domain_rank,1,980,optdigits,image,MLP,KNN,0,0.9951957295373666,0.9948398576512456,0.000355871886120962,0.0,1.0
42,real_domain_rank,1,30,page-blocks,text,MLP,LogisticRegression,0,0.9727765395306904,0.9594386984214436,0.01333784110924685,0.0,0.0
42,real_domain_rank,1,46880,air-quality-and-pollution-assessment,health,MLP,LogisticRegression,0,0.9454,0.9412,0.0041999999999999815,0.0,1.0
42,real_domain_rank,1,40983,wilt,biology,MLP,LogisticRegression,0,0.9853278009008009,0.956810276308255,0.028517524592545862,0.0,0.0
42,real_domain_rank,1,728,analcatdata_supreme,other,DecisionTree,LogisticRegression,0,0.9911156779467508,0.9891397603933568,0.001975917553393991,0.0,1.0
42,real_domain_rank,1,46800,AVIDa-SARS-CoV-2,biology,KNN,DecisionTree,0,0.8015001920102213,0.41762187265595,0.38387831935427125,0.0,0.0
42,real_domain_rank,1,40910,Speech,other,MLP,MLP,1,0.9837229227109096,0.9837229227109096,0.0,1.0,1.0
42,real_domain_rank,1,1042,gina_prior,image,MLP,LogisticRegression,0,0.9483833809482224,0.8448623742571868,0.10352100669103559,0.0,0.0
42,real_domain_rank,1,1041,gina_prior2,image,SVM,LogisticRegression,0,0.915225120700625,0.8788926731289844,0.03633244757164056,0.0,0.0
42,real_domain_rank,1,42334,digits_wrote,image,MLP,LogisticRegression,0,0.9483833809482224,0.8448623742571868,0.10352100669103559,0.0,0.0
42,real_domain_rank,1,41158,gina,biology,MLP,LogisticRegression,0,0.9232450381103312,0.825883832666717,0.09736120544361415,0.0,0.0
42,real_domain_rank,1,41143,jasmine,health,SVM,MLP,0,0.7861887738468629,0.7560267781862332,0.030161995660629715,0.0,0.0
42,real_domain_rank,1,1485,madelon,education,DecisionTree,DecisionTree,1,0.7446153846153847,0.7446153846153847,0.0,1.0,1.0
42,real_domain_rank,1,46564,Apple_Stock_Price_Trends_Classification,finance,LogisticRegression,LogisticRegression,1,0.3907065543248446,0.3907065543248446,0.0,1.0,1.0
42,real_domain_rank,1,1548,autoUniv-au4-2500,biology,DecisionTree,LogisticRegression,0,0.5748,0.5008000000000001,0.07399999999999984,0.0,0.0
42,real_domain_rank,1,45968,BraidFlowSessionLevel,text,DecisionTree,LogisticRegression,0,1.0,0.9995771670190274,0.00042283298097256505,0.0,1.0
42,real_domain_rank,1,914,balloon,other,SVM,LogisticRegression,0,0.8390798004987531,0.8280798004987531,0.01100000000000001,0.0,0.0
42,real_domain_rank,1,44713,nomao_seed_0_nrows_2000_nclasses_10_ncols_100_stratify_True,biology,LogisticRegression,MLP,0,0.9355,0.546,0.38949999999999996,0.0,0.0
42,real_domain_rank,1,44740,robert_seed_2_nrows_2000_nclasses_10_ncols_100_stratify_True,biology,SVM,DecisionTree,0,0.335,0.199,0.136,0.0,0.0
42,real_domain_rank,1,44527,jasmine_seed_4_nrows_2000_nclasses_10_ncols_100_stratify_True,biology,SVM,MLP,0,0.7825000000000001,0.7415,0.041000000000000036,0.0,0.0
42,real_domain_rank,1,44544,gina_seed_1_nrows_2000_nclasses_10_ncols_100_stratify_True,biology,MLP,MLP,1,0.8495000000000001,0.8495000000000001,0.0,1.0,1.0
42,real_domain_rank,1,44454,road-safety_seed_1_nrows_2000_nclasses_10_ncols_100_stratify_True,biology,MLP,MLP,1,0.709,0.709,0.0,1.0,1.0
42,real_domain_rank,1,44733,volkert_seed_0_nrows_2000_nclasses_10_ncols_100_stratify_True,biology,MLP,LogisticRegression,0,0.517,0.5135000000000001,0.0034999999999999476,0.0,1.0
42,real_domain_rank,1,44488,wilt_seed_0_nrows_2000_nclasses_10_ncols_100_stratify_True,biology,MLP,LogisticRegression,0,0.978,0.9515,0.026499999999999968,0.0,0.0
42,real_domain_rank,1,44382,pol_seed_0_nrows_2000_nclasses_10_ncols_100_stratify_True,biology,MLP,LogisticRegression,0,0.976,0.876,0.09999999999999998,0.0,0.0
42,real_domain_rank,1,1146,OVA_Prostate,biology,LogisticRegression,LogisticRegression,1,0.9967637540453074,0.9967637540453074,0.0,1.0,1.0
42,real_domain_rank,1,1130,OVA_Lung,biology,LogisticRegression,LogisticRegression,1,0.9818770226537218,0.9818770226537218,0.0,1.0,1.0
42,real_domain_rank,1,1139,OVA_Omentum,biology,Perceptron,LogisticRegression,0,0.9553398058252428,0.9508090614886732,0.0045307443365696365,0.0,1.0
42,real_domain_rank,1,1161,OVA_Colon,biology,LogisticRegression,LogisticRegression,1,0.9663430420711976,0.9663430420711976,0.0,1.0,1.0
42,real_domain_rank,1,1138,OVA_Uterus,biology,LogisticRegression,LogisticRegression,1,0.945631067961165,0.945631067961165,0.0,1.0,1.0
42,real_domain_rank,1,1142,OVA_Endometrium,biology,LogisticRegression,LogisticRegression,1,0.9631067961165048,0.9631067961165048,0.0,1.0,1.0
42,real_domain_rank,1,1134,OVA_Kidney,biology,Perceptron,LogisticRegression,0,0.9870550161812296,0.9864077669902912,0.0006472491909383926,0.0,1.0
42,real_domain_rank,1,1166,OVA_Ovary,biology,Perceptron,LogisticRegression,0,0.916504854368932,0.9158576051779936,0.0006472491909383926,0.0,1.0
42,real_domain_rank,1,1128,OVA_Breast,biology,LogisticRegression,LogisticRegression,1,0.9689320388349516,0.9689320388349516,0.0,1.0,1.0
42,real_domain_rank,1,46782,binary_alpha_digits,image,SVM,SVM,1,0.7435917641077784,0.7435917641077784,0.0,1.0,1.0
42,real_domain_rank,1,1566,hill-valley,other,LogisticRegression,DecisionTree,0,0.6683229602421521,0.5692854470632248,0.09903751317892728,0.0,0.0
42,real_domain_rank,1,1468,cnae-9,text,MLP,LogisticRegression,0,0.9425925925925924,0.9416666666666668,0.0009259259259256636,0.0,1.0
42,real_domain_rank,1,46184,Flare,other,LogisticRegression,LogisticRegression,1,0.760782765126585,0.760782765126585,0.0,1.0,1.0
42,real_domain_rank,1,50,tic-tac-toe,other,MLP,DecisionTree,0,0.924825479930192,0.8810100349040141,0.04381544502617796,0.0,0.0
42,real_domain_rank,1,45545,Tour-and-Travels-Customer-Churn-Prediction,social,DecisionTree,KNN,0,0.8962248553320473,0.8668724166437034,0.029352438688343918,0.0,0.0
42,real_domain_rank,1,43941,anneal,other,DecisionTree,LogisticRegression,0,0.992203600248293,0.9821787709497206,0.010024829298572402,0.0,0.0
42,real_domain_rank,1,795,disclosure_x_tampered,other,LogisticRegression,KNN,0,0.5423558897243107,0.534609250398724,0.007746639325586724,0.0,1.0
42,real_domain_rank,1,931,disclosure_z,other,SVM,KNN,0,0.5664388243335612,0.4863750284802915,0.08006379585326967,0.0,0.0
42,real_domain_rank,1,827,disclosure_x_noise,other,LogisticRegression,KNN,0,0.5513898382319435,0.5256094782410571,0.02578035999088646,0.0,0.0
42,real_domain_rank,1,774,disclosure_x_bias,other,MLP,KNN,0,0.5603668261562998,0.4985304169514696,0.061836409204830245,0.0,0.0
42,real_domain_rank,1,1145,AP_Breast_Colon,biology,LogisticRegression,LogisticRegression,1,0.9619047619047618,0.9619047619047618,0.0,1.0,1.0
42,real_domain_rank,1,1158,AP_Breast_Kidney,biology,LogisticRegression,LogisticRegression,1,0.9768319559228652,0.9768319559228652,0.0,1.0,1.0
42,real_domain_rank,1,947,arsenic-male-bladder,other,MLP,DecisionTree,0,0.978523166023166,0.960633848133848,0.017889317889318024,0.0,0.0
42,real_domain_rank,1,949,arsenic-female-bladder,other,SVM,LogisticRegression,0,0.8693854568854569,0.8586711711711713,0.010714285714285565,0.0,0.0
42,real_domain_rank,1,1137,AP_Colon_Kidney,biology,Perceptron,LogisticRegression,0,0.9798498748957464,0.979833194328607,1.668056713932664e-05,0.0,1.0
42,real_domain_rank,1,1165,AP_Breast_Ovary,biology,LogisticRegression,LogisticRegression,1,0.9741930003397894,0.9741930003397894,0.0,1.0,1.0
42,real_domain_rank,1,40690,threeOf9,other,SVM,MLP,0,0.9941366837997336,0.976584808680754,0.0175518751189796,0.0,0.0
42,real_domain_rank,1,1153,AP_Colon_Ovary,biology,Perceptron,LogisticRegression,0,0.9400987972508592,0.9318084192439862,0.008290378006873045,0.0,1.0
42,real_domain_rank,1,1150,AP_Breast_Lung,biology,Perceptron,LogisticRegression,0,0.948936170212766,0.9446808510638296,0.004255319148936398,0.0,1.0
42,real_domain_rank,1,1148,AP_Breast_Uterus,biology,Perceptron,LogisticRegression,0,0.96371539693434,0.9572409059711736,0.006474490963166435,0.0,1.0
42,real_domain_rank,1,1149,AP_Ovary_Kidney,biology,LogisticRegression,LogisticRegression,1,0.980315336837076,0.980315336837076,0.0,1.0,1.0
42,real_domain_rank,1,1127,AP_Breast_Omentum,biology,LogisticRegression,LogisticRegression,1,0.9667226890756302,0.9667226890756302,0.0,1.0,1.0
42,real_domain_rank,1,1122,AP_Breast_Prostate,biology,DecisionTree,LogisticRegression,0,0.9903320599471056,0.9903320599471056,0.0,1.0,1.0
42,real_domain_rank,1,1126,AP_Colon_Lung,biology,LogisticRegression,LogisticRegression,1,0.958830443726124,0.958830443726124,0.0,1.0,1.0
42,real_domain_rank,1,1160,AP_Colon_Uterus,biology,Perceptron,LogisticRegression,0,0.946341463414634,0.94390243902439,0.0024390243902440156,0.0,1.0
42,real_domain_rank,1,1123,AP_Endometrium_Breast,biology,LogisticRegression,LogisticRegression,1,0.9851851851851852,0.9851851851851852,0.0,1.0,1.0
42,real_domain_rank,1,40663,calendarDOW,other,DecisionTree,DecisionTree,1,0.6115189873417722,0.6115189873417722,0.0,1.0,1.0
42,real_domain_rank,1,1163,AP_Lung_Kidney,biology,LogisticRegression,LogisticRegression,1,0.9715617715617716,0.9715617715617716,0.0,1.0,1.0
42,real_domain_rank,1,1129,AP_Uterus_Kidney,biology,LogisticRegression,LogisticRegression,1,0.9791182501708816,0.9791182501708816,0.0,1.0,1.0
42,real_domain_rank,1,1010,dermatology,health,SVM,DecisionTree,0,1.0,0.9890781192151056,0.010921880784894422,0.0,0.0
42,real_domain_rank,1,984,analcatdata_draft,other,SVM,SVM,1,0.9125879303961496,0.9125879303961496,0.0,1.0,1.0
42,real_domain_rank,1,1143,AP_Colon_Omentum,biology,LogisticRegression,LogisticRegression,1,0.9313165905631658,0.9313165905631658,0.0,1.0,1.0
42,real_domain_rank,1,1135,AP_Colon_Prostate,biology,DecisionTree,LogisticRegression,0,0.9859154929577464,0.9830985915492958,0.0028169014084505895,0.0,1.0
42,real_domain_rank,1,59,ionosphere,sensor_signal,SVM,MLP,0,0.9372635814889336,0.9286116700201208,0.008651911468812834,0.0,1.0
42,real_domain_rank,1,337,SPECTF,health,DecisionTree,DecisionTree,1,0.8481987577639751,0.8481987577639751,0.0,1.0,1.0
42,real_domain_rank,1,1133,AP_Endometrium_Colon,biology,LogisticRegression,LogisticRegression,1,0.9739958592132504,0.9739958592132504,0.0,1.0,1.0
42,real_domain_rank,1,1147,AP_Omentum_Kidney,biology,Perceptron,LogisticRegression,0,0.9762510974539068,0.9762071992976296,4.389815627725557e-05,0.0,1.0
42,real_domain_rank,1,1011,ecoli,biology,KNN,DecisionTree,0,0.9702809482001756,0.9166812993854258,0.05359964881474988,0.0,0.0
42,real_domain_rank,1,1144,AP_Prostate_Kidney,biology,LogisticRegression,LogisticRegression,1,0.990909090909091,0.990909090909091,0.0,1.0,1.0
42,real_domain_rank,1,1140,AP_Ovary_Lung,biology,Perceptron,LogisticRegression,0,0.944471153846154,0.9414423076923076,0.003028846153846354,0.0,1.0
42,real_domain_rank,1,925,visualizing_galaxy,other,MLP,MLP,1,0.9628365384615384,0.9628365384615384,0.0,1.0,1.0
42,real_domain_rank,1,1162,AP_Ovary_Uterus,biology,LogisticRegression,LogisticRegression,1,0.8942307692307694,0.8942307692307694,0.0,1.0,1.0
42,real_domain_rank,1,1157,AP_Endometrium_Kidney,biology,LogisticRegression,LogisticRegression,1,0.9875480769230768,0.9875480769230768,0.0,1.0,1.0
42,real_domain_rank,1,915,plasma_retinol,other,LogisticRegression,LogisticRegression,1,0.6031746031746033,0.6031746031746033,0.0,1.0,1.0
42,real_domain_rank,1,1121,badges2,other,DecisionTree,LogisticRegression,0,1.0,1.0,0.0,1.0,1.0
42,real_domain_rank,1,13,breast-cancer,health,SVM,LogisticRegression,0,0.7448275862068966,0.7166969147005445,0.028130671506352067,0.0,0.0
42,real_domain_rank,1,844,breastTumor,other,SVM,SVM,1,0.6012704174228676,0.6012704174228676,0.0,1.0,1.0
42,real_domain_rank,1,1156,AP_Omentum_Ovary,biology,LogisticRegression,LogisticRegression,1,0.7854545454545455,0.7854545454545455,0.0,1.0,1.0
42,real_domain_rank,1,1152,AP_Prostate_Ovary,biology,LogisticRegression,LogisticRegression,1,0.9851851851851852,0.9851851851851852,0.0,1.0,1.0
42,real_domain_rank,1,811,rmftsa_ctoarrivals,other,KNN,KNN,1,0.928156748911466,0.928156748911466,0.0,1.0,1.0
42,real_domain_rank,1,1159,AP_Endometrium_Ovary,biology,LogisticRegression,LogisticRegression,1,0.9304675716440424,0.9304675716440424,0.0,1.0,1.0
42,real_domain_rank,1,1136,AP_Lung_Uterus,biology,DecisionTree,LogisticRegression,0,0.9399999999999998,0.932,0.007999999999999785,0.0,1.0
42,real_domain_rank,1,1412,lungcancer_GSE31210,biology,KNN,LogisticRegression,0,0.884927536231884,0.8583574879227054,0.02657004830917864,0.0,0.0
42,real_domain_rank,1,996,prnn_fglass,other,DecisionTree,LogisticRegression,0,0.765891472868217,0.6356589147286822,0.13023255813953483,0.0,0.0
42,real_domain_rank,1,1005,glass,other,KNN,LogisticRegression,0,0.7617940199335548,0.6490586932447397,0.11273532668881503,0.0,0.0
42,real_domain_rank,1,1132,AP_Omentum_Lung,biology,LogisticRegression,LogisticRegression,1,0.9110975609756096,0.9110975609756096,0.0,1.0,1.0
42,real_domain_rank,1,1124,AP_Omentum_Uterus,biology,LogisticRegression,LogisticRegression,1,0.9103658536585366,0.9103658536585366,0.0,1.0,1.0
42,real_domain_rank,1,46602,Predicting_Risk_Factors_of_Chronic_Kidney_Disease,health,DecisionTree,DecisionTree,1,1.0,1.0,0.0,1.0,1.0
42,real_domain_rank,2,46560,dataset_credit_score,finance,DecisionTree,LogisticRegression,0,0.65206,0.59228,0.059779999999999944,0.0,0.0
42,real_domain_rank,2,151,electricity,sensor_signal,DecisionTree,DecisionTree,1,0.886895354480918,0.886895354480918,0.0,1.0,1.0
42,real_domain_rank,2,41762,FOREX_audsgd-hour-Close,finance,LogisticRegression,LogisticRegression,1,0.5067883628066172,0.5067883628066172,0.0,1.0,1.0
42,real_domain_rank,2,41758,FOREX_eursgd-hour-Close,finance,LogisticRegression,LogisticRegression,1,0.5251568739304051,0.5251568739304051,0.0,1.0,1.0
42,real_domain_rank,2,41763,FOREX_audcad-hour-High,finance,LogisticRegression,LogisticRegression,1,0.6952880775812893,0.6952880775812893,0.0,1.0,1.0
42,real_domain_rank,2,41727,FOREX_usdcad-hour-Close,finance,LogisticRegression,LogisticRegression,1,0.503685111237878,0.503685111237878,0.0,1.0,1.0
42,real_domain_rank,2,41734,FOREX_eurpln-hour-Close,finance,LogisticRegression,LogisticRegression,1,0.5383456930975472,0.5383456930975472,0.0,1.0,1.0
42,real_domain_rank,2,41715,FOREX_eurhuf-hour-High,finance,LogisticRegression,LogisticRegression,1,0.6424643468339989,0.6424643468339989,0.0,1.0,1.0
42,real_domain_rank,2,41723,FOREX_cadchf-hour-High,finance,LogisticRegression,LogisticRegression,1,0.6481232173417,0.6481232173417,0.0,1.0,1.0
42,real_domain_rank,2,41709,FOREX_audchf-hour-High,finance,LogisticRegression,LogisticRegression,1,0.6634569309754708,0.6634569309754708,0.0,1.0,1.0
42,real_domain_rank,2,41718,FOREX_audjpy-hour-High,finance,LogisticRegression,LogisticRegression,1,0.6969537934968625,0.6969537934968625,0.0,1.0,1.0
42,real_domain_rank,2,41712,FOREX_eurcad-hour-High,finance,LogisticRegression,LogisticRegression,1,0.6989161437535654,0.6989161437535654,0.0,1.0,1.0
42,real_domain_rank,2,41804,FOREX_gbpusd-hour-Close,finance,LogisticRegression,LogisticRegression,1,0.5139304050199658,0.5139304050199658,0.0,1.0,1.0
42,real_domain_rank,2,41799,FOREX_eurhkd-hour-Close,finance,LogisticRegression,LogisticRegression,1,0.5182430119794639,0.5182430119794639,0.0,1.0,1.0
42,real_domain_rank,2,41777,FOREX_eurjpy-hour-High,finance,LogisticRegression,LogisticRegression,1,0.6801369081574444,0.6801369081574444,0.0,1.0,1.0
42,real_domain_rank,2,41779,FOREX_eursek-hour-High,finance,LogisticRegression,LogisticRegression,1,0.6780604677695379,0.6780604677695379,0.0,1.0,1.0
42,real_domain_rank,2,41768,FOREX_eurnok-hour-High,finance,LogisticRegression,LogisticRegression,1,0.6499714774671991,0.6499714774671991,0.0,1.0,1.0
42,real_domain_rank,2,41773,FOREX_eurtry-hour-Close,finance,LogisticRegression,LogisticRegression,1,0.5048260125499144,0.5048260125499144,0.0,1.0,1.0
42,real_domain_rank,2,41780,FOREX_usdchf-hour-High,finance,LogisticRegression,LogisticRegression,1,0.7027267541357672,0.7027267541357672,0.0,1.0,1.0
42,real_domain_rank,2,41824,FOREX_eurgbp-hour-Close,finance,LogisticRegression,LogisticRegression,1,0.5144095835710211,0.5144095835710211,0.0,1.0,1.0
42,real_domain_rank,2,41833,FOREX_cadjpy-hour-High,finance,LogisticRegression,LogisticRegression,1,0.6960638904734741,0.6960638904734741,0.0,1.0,1.0
42,real_domain_rank,2,41835,FOREX_euraud-hour-High,finance,LogisticRegression,LogisticRegression,1,0.6929606389047347,0.6929606389047347,0.0,1.0,1.0
42,real_domain_rank,2,41832,FOREX_nzdusd-hour-Close,finance,LogisticRegression,LogisticRegression,1,0.509184255561894,0.509184255561894,0.0,1.0,1.0
42,real_domain_rank,2,41856,FOREX_eurdkk-hour-High,finance,LogisticRegression,LogisticRegression,1,0.6451340559041643,0.6451340559041643,0.0,1.0,1.0
42,real_domain_rank,2,41782,FOREX_usdjpy-hour-Close,finance,LogisticRegression,LogisticRegression,1,0.5168739304050199,0.5168739304050199,0.0,1.0,1.0
42,real_domain_rank,2,41805,FOREX_eurrub-hour-High,finance,LogisticRegression,LogisticRegression,1,0.7108499714774672,0.7108499714774672,0.0,1.0,1.0
42,real_domain_rank,2,251,BNG(breast-w),other,LogisticRegression,DecisionTree,0,0.9792461130711668,0.9766295529542666,0.0026165601169002572,0.0,1.0
42,real_domain_rank,2,46371,Customer_Churn_Classification_Nominal,social,LogisticRegression,LogisticRegression,1,0.8343142857142857,0.8343142857142857,0.0,1.0,1.0
42,real_domain_rank,2,46548,dataset_default_of_credit_card_clients,finance,LogisticRegression,LogisticRegression,1,0.8109666666666667,0.8109666666666667,0.0,1.0,1.0
42,real_domain_rank,2,45037,BitcoinHeist_Ransomware,biology,DecisionTree,DecisionTree,1,0.8177158999192897,0.8177158999192897,0.0,1.0,1.0
42,real_domain_rank,2,821,house_16H,other,DecisionTree,LogisticRegression,0,0.8399755472723515,0.8269399912107357,0.013035556061615772,0.0,0.0
42,real_domain_rank,2,6,letter,image,DecisionTree,DecisionTree,1,0.87645,0.87645,0.0,1.0,1.0
42,real_domain_rank,2,1040,sylva_prior,education,LogisticRegression,DecisionTree,0,0.9947898575894408,0.9907606807919416,0.0040291767974992565,0.0,1.0
42,real_domain_rank,2,45060,online_shoppers,other,LogisticRegression,LogisticRegression,1,0.8832927818329279,0.8832927818329279,0.0,1.0,1.0
42,real_domain_rank,2,310,mammography,other,LogisticRegression,LogisticRegression,1,0.9837250486412048,0.9837250486412048,0.0,1.0,1.0
42,real_domain_rank,2,4534,PhishingWebsites,biology,DecisionTree,DecisionTree,1,0.9626413387607416,0.9626413387607416,0.0,1.0,1.0
42,real_domain_rank,2,46868,Phishing_Legitimate_full,finance,MLP,DecisionTree,0,0.9774,0.9658,0.011600000000000055,0.0,0.0
42,real_domain_rank,2,46911,Bank_Customer_Churn,social,MLP,LogisticRegression,0,0.8583000000000001,0.8084,0.049900000000000055,0.0,0.0
42,real_domain_rank,2,4538,GesturePhaseSegmentationProcessed,biology,KNN,LogisticRegression,0,0.5842205378784964,0.4746287561078834,0.10959178177061296,0.0,0.0
42,real_domain_rank,2,46281,insurance_company,finance,SVM,SVM,1,0.9403380440809896,0.9403380440809896,0.0,1.0,1.0
42,real_domain_rank,2,725,bank8FM,finance,SVM,SVM,1,0.945678631584672,0.945678631584672,0.0,1.0,1.0
42,real_domain_rank,2,816,puma8NH,other,MLP,MLP,1,0.8287358428298026,0.8287358428298026,0.0,1.0,1.0
42,real_domain_rank,2,60,waveform-5000,biology,LogisticRegression,DecisionTree,0,0.8652,0.7482,0.11699999999999999,0.0,0.0
42,real_domain_rank,2,46925,Employee,social,KNN,DecisionTree,0,0.8095815575805874,0.7986193594585541,0.010962198122033251,0.0,0.0
42,real_domain_rank,2,44095,spambase_reproduced,biology,MLP,SVM,0,0.9450129821082944,0.9321901996884292,0.01282278241986523,0.0,0.0
42,real_domain_rank,2,44,spambase,biology,MLP,SVM,0,0.9450129821082944,0.9321901996884292,0.01282278241986523,0.0,0.0
42,real_domain_rank,2,47153,spam,text,MLP,SVM,0,0.9450129821082944,0.9321901996884292,0.01282278241986523,0.0,0.0
42,real_domain_rank,2,43925,eucalyptus,other,DecisionTree,MLP,0,0.7878045661954498,0.6949841640228976,0.09282040217255216,0.0,0.0
42,real_domain_rank,2,41946,Sick_numeric,text,DecisionTree,LogisticRegression,0,0.9790598485780034,0.9551959527113671,0.023863895866636287,0.0,0.0
42,real_domain_rank,2,40708,allrep,other,DecisionTree,LogisticRegression,0,0.981973053208495,0.9668607163560348,0.015112336852460273,0.0,0.0
42,real_domain_rank,2,40713,dis,other,DecisionTree,LogisticRegression,0,0.9854192211077344,0.9846238164667028,0.0007954046410315607,0.0,1.0
42,real_domain_rank,2,46764,football-player-position,other,MLP,LogisticRegression,0,0.8363287012026681,0.8341122515833153,0.002216449619352856,0.0,1.0
42,real_domain_rank,2,953,splice,other,DecisionTree,MLP,0,0.9275862068965518,0.8789968652037619,0.048589341692789945,0.0,0.0
42,real_domain_rank,2,46737,agriculture_dataset_karnataka,biology,DecisionTree,MLP,0,0.7352644987863347,0.4521805853678108,0.2830839134185239,0.0,0.0
42,real_domain_rank,2,737,space_ga,other,LogisticRegression,MLP,0,0.8374631726651858,0.8139692747409789,0.023493897924206864,0.0,0.0
42,real_domain_rank,2,45059,sick,health,MLP,LogisticRegression,0,0.9323214378473844,0.9310321541738092,0.00128928367357517,0.0,1.0
42,real_domain_rank,2,42530,Midwest_Survey,social,KNN,LogisticRegression,0,0.3452245857176199,0.2758682022679898,0.06935638344963008,0.0,0.0
42,real_domain_rank,2,43980,wine,finance,DecisionTree,LogisticRegression,0,0.761153447680442,0.7400199531867542,0.021133494493687843,0.0,0.0
42,real_domain_rank,2,316,yeast_ml8,biology,SVM,SVM,1,0.9859333025340932,0.9859333025340932,0.0,1.0,1.0
42,real_domain_rank,2,46930,hazelnut-spread-contaminant-detection,biology,MLP,MLP,1,0.9158333333333336,0.9158333333333336,0.0,1.0,1.0
42,real_domain_rank,2,46863,Fetal_cardiotocography_dataset,health,DecisionTree,LogisticRegression,0,1.0,1.0,0.0,1.0,1.0
42,real_domain_rank,2,46597,Estimation_of_Obesity_Levels,health,DecisionTree,LogisticRegression,0,0.9355842380648268,0.8754081095313323,0.06017612853349452,0.0,0.0
42,real_domain_rank,2,44415,MiniBooNE_seed_3_nrows_2000_nclasses_10_ncols_100_stratify_True,biology,MLP,DecisionTree,0,0.9075,0.8365,0.07099999999999995,0.0,0.0
42,real_domain_rank,2,1020,mfeat-karhunen,image,MLP,KNN,0,0.9965,0.9835,0.013000000000000012,0.0,0.0
42,real_domain_rank,2,44433,electricity_seed_0_nrows_2000_nclasses_10_ncols_100_stratify_True,sensor_signal,MLP,MLP,1,0.7625,0.7625,0.0,1.0,1.0
42,real_domain_rank,2,18,mfeat-morphological,image,LogisticRegression,DecisionTree,0,0.7430000000000001,0.653,0.09000000000000008,0.0,0.0
42,real_domain_rank,2,995,mfeat-zernike,image,LogisticRegression,LogisticRegression,1,0.9955,0.9955,0.0,1.0,1.0
42,real_domain_rank,2,44668,GesturePhaseSegmentationProcessed_seed_0_nrows_2000_nclasses_10_ncols_100_stratify_True,biology,MLP,LogisticRegression,0,0.5025000000000001,0.477,0.025500000000000078,0.0,0.0
42,real_domain_rank,2,971,mfeat-fourier,image,SVM,MLP,0,0.9995,0.9975000000000002,0.0019999999999998908,0.0,1.0
42,real_domain_rank,2,44677,PhishingWebsites_seed_4_nrows_2000_nclasses_10_ncols_100_stratify_True,biology,MLP,DecisionTree,0,0.9365,0.9225,0.014000000000000012,0.0,0.0
42,real_domain_rank,2,44558,madeline_seed_0_nrows_2000_nclasses_10_ncols_100_stratify_True,biology,DecisionTree,DecisionTree,1,0.5885,0.5885,0.0,1.0,1.0
42,real_domain_rank,2,44518,fabert_seed_0_nrows_2000_nclasses_10_ncols_100_stratify_True,biology,LogisticRegression,SVM,0,0.298,0.2774999999999999,0.020500000000000074,0.0,0.0
42,real_domain_rank,2,44367,wine_seed_0_nrows_2000_nclasses_10_ncols_100_stratify_True,biology,DecisionTree,MLP,0,0.746,0.705,0.041000000000000036,0.0,0.0
42,real_domain_rank,2,47150,CanadaFiresD,other,MLP,LogisticRegression,0,0.9651231173262104,0.9235370698749747,0.04158604745123562,0.0,0.0
42,real_domain_rank,2,983,cmc,other,SVM,DecisionTree,0,0.7060071486221607,0.6537368845843423,0.052270264037818426,0.0,0.0
42,real_domain_rank,2,44614,cmc_seed_1_nrows_2000_nclasses_10_ncols_100_stratify_True,biology,SVM,KNN,0,0.555996771589992,0.4888112533148853,0.06718551827510666,0.0,0.0
42,real_domain_rank,2,897,colleges_aaup,other,MLP,LogisticRegression,0,0.9879347343495632,0.9836317892555868,0.00430294509397644,0.0,1.0
42,real_domain_rank,2,934,socmob,other,MLP,LogisticRegression,0,0.9325085833706525,0.923858038513211,0.008650544857441433,0.0,1.0
42,real_domain_rank,2,45077,qsar,biology,MLP,MLP,1,0.872037914691943,0.872037914691943,0.0,1.0,1.0
42,real_domain_rank,2,44098,credit-g_reproduced_1,finance,SVM,LogisticRegression,0,0.728,0.715,0.013000000000000012,0.0,0.0
42,real_domain_rank,2,44097,credit-g_copy,finance,SVM,LogisticRegression,0,0.728,0.715,0.013000000000000012,0.0,0.0
42,real_domain_rank,2,45557,Mammographic-Mass-Data-Set,health,LogisticRegression,LogisticRegression,1,0.790808506044905,0.790808506044905,0.0,1.0,1.0
42,real_domain_rank,2,46667,imdb_genre_prediction,text,LogisticRegression,SVM,0,0.7050000000000001,0.5125,0.19250000000000012,0.0,0.0
42,real_domain_rank,2,839,kdd_el_nino-small,other,DecisionTree,MLP,0,0.9232810713702436,0.8209374489629268,0.10234362240731687,0.0,0.0
42,real_domain_rank,2,46827,QSAR_Bioconcentration_classification,biology,SVM,LogisticRegression,0,0.6354011579818031,0.6289909015715467,0.0064102564102563875,0.0,1.0
42,real_domain_rank,2,45712,doa_bwin_balanced,other,MLP,DecisionTree,0,0.6666666666666667,0.6384277294975527,0.028238937169114076,0.0,0.0
42,real_domain_rank,2,15,breast-w,image,KNN,KNN,1,0.967070914696814,0.967070914696814,0.0,1.0,1.0
42,real_domain_rank,2,46584,Student_Performance_on_an_Entrance_Examination,education,SVM,LogisticRegression,0,0.5089664459656603,0.5045000561104254,0.0044663898552349535,0.0,1.0
42,real_domain_rank,2,334,monks-problems-2,education,DecisionTree,MLP,0,0.9916666666666666,0.9450550964187328,0.04661157024793383,0.0,0.0
42,real_domain_rank,2,377,synthetic_control,biology,LogisticRegression,DecisionTree,0,0.9883333333333332,0.9,0.08833333333333315,0.0,0.0
42,real_domain_rank,2,954,spectrometer,other,LogisticRegression,MLP,0,0.9774113912890142,0.943519661435373,0.033891729853641195,0.0,0.0
42,real_domain_rank,2,45717,bwin_amlb,finance,SVM,SVM,1,0.6735849056603773,0.6735849056603773,0.0,1.0,1.0
42,real_domain_rank,2,41701,CPMP-2015-classification,other,SVM,LogisticRegression,0,0.5730817610062893,0.4877088948787061,0.08537286612758316,0.0,0.0
42,real_domain_rank,2,46869,diabetes_risk_prediction_dataset,health,MLP,DecisionTree,0,0.9692307692307692,0.9673076923076922,0.0019230769230770273,0.0,1.0
42,real_domain_rank,2,451,irish,education,DecisionTree,LogisticRegression,0,0.976,0.766,0.20999999999999996,0.0,0.0
42,real_domain_rank,2,47048,Accidents_Prediction_Dataset,other,SVM,SVM,1,0.874,0.874,0.0,1.0,1.0
42,real_domain_rank,2,724,analcatdata_vineyard,other,KNN,LogisticRegression,0,0.8548158316174789,0.5747197437657287,0.2800960878517502,0.0,0.0
42,real_domain_rank,2,986,analcatdata_marketing,other,SVM,DecisionTree,0,0.6840563165905632,0.5961948249619483,0.0878614916286149,0.0,0.0
42,real_domain_rank,2,786,cleveland,health,SVM,KNN,0,0.8480874316939889,0.8150819672131148,0.03300546448087416,0.0,0.0
42,real_domain_rank,2,798,cholesterol,health,MLP,LogisticRegression,0,0.6338251366120219,0.6236612021857925,0.010163934426229426,0.0,0.0
42,real_domain_rank,2,44149,Heart_disease_prediction_20,health,SVM,KNN,0,0.8446327683615819,0.8244067796610169,0.020225988700564912,0.0,0.0
42,real_domain_rank,2,778,bodyfat,other,DecisionTree,LogisticRegression,0,0.996078431372549,0.9487058823529412,0.04737254901960786,0.0,0.0
42,real_domain_rank,2,464,prnn_synth,education,KNN,MLP,0,0.852,0.8400000000000001,0.0119999999999999,0.0,0.0
42,real_domain_rank,2,851,tecator,other,LogisticRegression,LogisticRegression,1,0.9416666666666668,0.9416666666666668,0.0,1.0,1.0
42,real_domain_rank,2,481,biomed,health,MLP,LogisticRegression,0,0.9045296167247386,0.8804878048780488,0.024041811846689853,0.0,0.0
42,real_domain_rank,2,40,sonar,biology,SVM,MLP,0,0.8605110336817654,0.851335656213705,0.009175377468060408,0.0,1.0
42,real_domain_rank,2,840,autoHorse,other,DecisionTree,MLP,0,0.9707317073170731,0.5853658536585367,0.3853658536585365,0.0,0.0
42,real_domain_rank,2,975,autos,other,DecisionTree,MLP,0,0.8487804878048781,0.8243902439024391,0.024390243902439046,0.0,0.0
42,real_domain_rank,3,40985,tamilnadu-electricity,health,LogisticRegression,DecisionTree,0,0.0611388929004269,0.0538651387549257,0.007273754145501202,0.0,1.0
42,real_domain_rank,3,1461,bank-marketing,finance,LogisticRegression,LogisticRegression,1,0.8911105271740711,0.8911105271740711,0.0,1.0,1.0
42,real_domain_rank,3,279,meta_stream_intervals.arff,other,DecisionTree,DecisionTree,1,0.9893499595077864,0.9893499595077864,0.0,1.0,1.0
42,real_domain_rank,3,46561,EDA-Home-Mortgage-NY-Sampled-Dataset,other,LogisticRegression,LogisticRegression,1,0.8246559763448198,0.8246559763448198,0.0,1.0,1.0
42,real_domain_rank,3,46822,Dynamically-Generated-Hate-Speech-Dataset,biology,DecisionTree,DecisionTree,1,1.0,1.0,0.0,1.0,1.0
42,real_domain_rank,3,43551,Employee-Turnover-at-TECHCO,text,LogisticRegression,LogisticRegression,1,0.985661211411616,0.985661211411616,0.0,1.0,1.0
42,real_domain_rank,3,1537,volcanoes-c1,image,LogisticRegression,LogisticRegression,1,0.9755117711747684,0.9755117711747684,0.0,1.0,1.0
42,real_domain_rank,3,1481,kr-vs-k,other,DecisionTree,DecisionTree,1,0.8401055011964204,0.8401055011964204,0.0,1.0,1.0
42,real_domain_rank,3,46682,CodeXGLUE,other,DecisionTree,LogisticRegression,0,0.607218298582049,0.5629987867268398,0.044219511855209226,0.0,0.0
42,real_domain_rank,3,42493,airlines,other,DecisionTree,LogisticRegression,0,0.578627570407567,0.5783676514984165,0.00025991890915044724,0.0,1.0
42,real_domain_rank,3,43890,law-school-admission-bianry,education,DecisionTree,DecisionTree,1,1.0,1.0,0.0,1.0,1.0
42,real_domain_rank,3,45578,California-Housing-Classification,image,DecisionTree,DecisionTree,1,0.8464147286821705,0.8464147286821705,0.0,1.0,1.0
42,real_domain_rank,3,1222,letter-challenge-unlabeled.arff,image,KNN,MLP,0,0.9707,0.9539,0.016800000000000037,0.0,0.0
42,real_domain_rank,3,46935,HR_Analytics_Job_Change_of_Data_Scientists,other,LogisticRegression,LogisticRegression,1,0.7680860838048467,0.7680860838048467,0.0,1.0,1.0
42,real_domain_rank,3,1120,MagicTelescope,biology,DecisionTree,LogisticRegression,0,0.8184016824395375,0.7905888538380652,0.027812828601472273,0.0,0.0
42,real_domain_rank,3,45558,Pulsar-Dataset-HTRU2,education,LogisticRegression,LogisticRegression,1,0.978600838847342,0.978600838847342,0.0,1.0,1.0
42,real_domain_rank,3,41526,test_dataset,other,LogisticRegression,DecisionTree,0,0.7990611222061456,0.7461252726499873,0.052935849556158265,0.0,0.0
42,real_domain_rank,3,1471,eeg-eye-state,education,DecisionTree,LogisticRegression,0,0.8301068090787715,0.5951935914552736,0.23491321762349793,0.0,0.0
42,real_domain_rank,3,4154,CreditCardSubset,finance,Perceptron,LogisticRegression,0,0.9990870786516854,0.9990168539325844,7.022471910100858e-05,0.0,1.0
42,real_domain_rank,3,1459,artificial-characters,image,DecisionTree,LogisticRegression,0,0.9142679456269462,0.3509494019481347,0.5633185436788115,0.0,0.0
42,real_domain_rank,3,43922,mushroom,biology,DecisionTree,DecisionTree,1,1.0,1.0,0.0,1.0,1.0
42,real_domain_rank,3,1507,twonorm,education,LogisticRegression,MLP,0,0.9772972972972972,0.9701351351351352,0.0071621621621620335,0.0,1.0
42,real_domain_rank,3,1496,ringnorm,education,SVM,DecisionTree,0,0.9777027027027028,0.8767567567567568,0.10094594594594597,0.0,0.0
42,real_domain_rank,3,182,satimage,image,MLP,LogisticRegression,0,0.908398133748056,0.8567651632970451,0.051632970451010896,0.0,0.0
42,real_domain_rank,3,1475,first-order-theorem-proving,biology,MLP,LogisticRegression,0,0.5568805145388763,0.477605160352503,0.07927535418637333,0.0,0.0
42,real_domain_rank,3,41145,philippine,biology,LogisticRegression,MLP,0,0.7217067115839975,0.6826142297985922,0.03909248178540525,0.0,0.0
42,real_domain_rank,3,40499,texture,image,LogisticRegression,MLP,0,0.9945454545454544,0.9943636363636364,0.00018181818181794984,0.0,1.0
42,real_domain_rank,3,1525,wall-robot-navigation,sensor_signal,DecisionTree,SVM,0,0.9998166819431712,0.9684743304358336,0.03134235150733755,0.0,0.0
42,real_domain_rank,3,1489,phoneme,sensor_signal,KNN,DecisionTree,0,0.8774999143454277,0.8721331414670914,0.005366772878336312,0.0,1.0
42,real_domain_rank,3,1460,banana,other,SVM,DecisionTree,0,0.9026415094339624,0.8664150943396226,0.03622641509433977,0.0,0.0
42,real_domain_rank,3,42193,compas-two-years,social,MLP,SVM,0,0.6788537627459428,0.6688133706735603,0.010040392072382498,0.0,0.0
42,real_domain_rank,3,44124,kdd_ipums_la_97-small,other,MLP,LogisticRegression,0,0.8706692456192181,0.8317287343251524,0.03894051129406573,0.0,0.0
42,real_domain_rank,3,41146,sylvine,health,MLP,LogisticRegression,0,0.9205684070121952,0.9115914634146344,0.00897694359756085,0.0,1.0
42,real_domain_rank,3,40900,Satellite,image,LogisticRegression,DecisionTree,0,0.994313725490196,0.9894117647058824,0.004901960784313597,0.0,1.0
42,real_domain_rank,3,44037,rl,biology,DecisionTree,MLP,0,0.7195171026156941,0.6629778672032194,0.05653923541247474,0.0,0.0
42,real_domain_rank,3,1039,hiva_agnostic,biology,LogisticRegression,LogisticRegression,1,0.95388951837397,0.95388951837397,0.0,1.0,1.0
42,real_domain_rank,3,720,abalone,other,MLP,DecisionTree,0,0.7962667965504397,0.7179781107641178,0.07828868578632198,0.0,0.0
42,real_domain_rank,3,41156,ada,biology,LogisticRegression,LogisticRegression,1,0.8483256064063249,0.8483256064063249,0.0,1.0,1.0
42,real_domain_rank,3,46578,tiniest-imagenet-200,biology,DecisionTree,LogisticRegression,0,0.005,0.005,0.0,1.0,1.0
42,real_domain_rank,3,40497,thyroid-ann,health,DecisionTree,DecisionTree,1,0.997614488731182,0.997614488731182,0.0,1.0,1.0
42,real_domain_rank,3,40978,Internet-Advertisements,image,DecisionTree,LogisticRegression,0,0.9673664122137404,0.9655371439210576,0.0018292682926828174,0.0,1.0
42,real_domain_rank,3,40677,led24,other,LogisticRegression,DecisionTree,0,0.7240624999999999,0.5696874999999999,0.15437500000000004,0.0,0.0
42,real_domain_rank,3,40670,dna,biology,SVM,SVM,1,0.9595094560611802,0.9595094560611802,0.0,1.0,1.0
42,real_domain_rank,3,40476,thyroid-allhypo,health,LogisticRegression,DecisionTree,0,0.7139285714285715,0.5907142857142856,0.12321428571428583,0.0,0.0
42,real_domain_rank,3,40478,thyroid-dis,health,LogisticRegression,DecisionTree,0,0.7139285714285715,0.5907142857142856,0.12321428571428583,0.0,0.0
42,real_domain_rank,3,40477,thyroid-allrep,health,LogisticRegression,DecisionTree,0,0.7139285714285715,0.5907142857142856,0.12321428571428583,0.0,0.0
42,real_domain_rank,3,40475,thyroid-allhyper,health,LogisticRegression,DecisionTree,0,0.7139285714285715,0.5907142857142856,0.12321428571428583,0.0,0.0
42,real_domain_rank,3,40474,thyroid-allbp,health,LogisticRegression,DecisionTree,0,0.7139285714285715,0.5907142857142856,0.12321428571428583,0.0,0.0
42,real_domain_rank,3,1487,ozone-level-8hr,sensor_signal,LogisticRegression,DecisionTree,0,0.9400145005496175,0.9088468944656236,0.031167606083993937,0.0,0.0
42,real_domain_rank,3,1560,cardiotocography,biology,LogisticRegression,DecisionTree,0,0.991530516431925,0.9825926539629936,0.008937862468931468,0.0,1.0
42,real_domain_rank,3,44431,jannis_seed_3_nrows_2000_nclasses_10_ncols_100_stratify_True,biology,SVM,LogisticRegression,0,0.7325000000000002,0.717,0.01550000000000018,0.0,0.0
42,real_domain_rank,3,44400,MagicTelescope_seed_3_nrows_2000_nclasses_10_ncols_100_stratify_True,biology,MLP,DecisionTree,0,0.8375,0.7795,0.05800000000000005,0.0,0.0
42,real_domain_rank,3,44693,Satellite_seed_0_nrows_2000_nclasses_10_ncols_100_stratify_True,biology,DecisionTree,DecisionTree,1,0.9935,0.9935,0.0,1.0,1.0
42,real_domain_rank,3,44678,sylvine_seed_0_nrows_2000_nclasses_10_ncols_100_stratify_True,biology,LogisticRegression,LogisticRegression,1,0.909,0.909,0.0,1.0,1.0
42,real_domain_rank,3,44568,ada_seed_0_nrows_2000_nclasses_10_ncols_100_stratify_True,biology,LogisticRegression,LogisticRegression,1,0.844,0.844,0.0,1.0,1.0
42,real_domain_rank,3,44638,dna_seed_0_nrows_2000_nclasses_10_ncols_100_stratify_True,biology,SVM,SVM,1,0.8790000000000001,0.8790000000000001,0.0,1.0,1.0
42,real_domain_rank,3,44528,airlines_seed_0_nrows_2000_nclasses_10_ncols_100_stratify_True,biology,LogisticRegression,DecisionTree,0,0.5885,0.5505,0.038000000000000034,0.0,0.0
42,real_domain_rank,3,46752,student_lifestyle_dataset,education,DecisionTree,LogisticRegression,0,1.0,0.8240000000000001,0.17599999999999993,0.0,0.0
42,real_domain_rank,3,44756,riccardo_seed_3_nrows_2000_nclasses_10_ncols_100_stratify_True,biology,MLP,SVM,0,0.908,0.8305,0.07750000000000001,0.0,0.0
42,real_domain_rank,3,44407,phoneme_seed_0_nrows_2000_nclasses_10_ncols_100_stratify_True,biology,MLP,MLP,1,0.8424999999999999,0.8424999999999999,0.0,1.0,1.0
42,real_domain_rank,3,44504,steel-plates-fault_seed_1_nrows_2000_nclasses_10_ncols_100_stratify_True,biology,MLP,DecisionTree,0,0.7460101237643442,0.7305766835396073,0.015433440224736916,0.0,0.0
42,real_domain_rank,3,40647,GAMETES_Epistasis_2-Way_20atts_0.4H_EDM-1_1,other,MLP,MLP,1,0.684375,0.684375,0.0,1.0,1.0
42,real_domain_rank,3,40649,GAMETES_Heterogeneity_20atts_1600_Het_0.4_0.2_50_EDM-2_001,biology,SVM,MLP,0,0.6356249999999999,0.625,0.010624999999999885,0.0,0.0
42,real_domain_rank,3,46876,depression_2020,text,SVM,LogisticRegression,0,0.8334511102932156,0.8334511102932156,0.0,1.0,1.0
42,real_domain_rank,3,46851,hepatitis_c_virus_hcv_for_egyptian_patients,biology,MLP,DecisionTree,0,0.2613718411552346,0.2476534296028881,0.013718411552346488,0.0,0.0
42,real_domain_rank,3,1462,banknote-authentication,image,SVM,LogisticRegression,0,1.0,0.9810510948905108,0.01894890510948921,0.0,0.0
42,real_domain_rank,3,41705,ASP-POTASSCO-classification,biology,KNN,LogisticRegression,0,0.4134386878572925,0.3903025949537577,0.0231360929035348,0.0,0.0
42,real_domain_rank,3,1552,autoUniv-au7-1100,biology,MLP,DecisionTree,0,0.3463636363636364,0.3309090909090909,0.015454545454545499,0.0,0.0
42,real_domain_rank,3,44602,qsar-biodeg_seed_4_nrows_2000_nclasses_10_ncols_100_stratify_True,biology,MLP,MLP,1,0.8739336492890996,0.8739336492890996,0.0,1.0,1.0
42,real_domain_rank,3,46842,maternal_health_risk,health,DecisionTree,DecisionTree,1,0.8481636833634102,0.8481636833634102,0.0,1.0,1.0
42,real_domain_rank,3,1555,autoUniv-au6-1000,biology,SVM,DecisionTree,0,0.24,0.232,0.00799999999999998,0.0,1.0
42,real_domain_rank,3,46502,Credit_Approval_Classification,finance,LogisticRegression,SVM,0,0.734,0.7310000000000001,0.0029999999999998916,0.0,1.0
42,real_domain_rank,3,1547,autoUniv-au1-1000,biology,SVM,MLP,0,0.762,0.7040000000000001,0.05799999999999994,0.0,0.0
42,real_domain_rank,3,40705,tokyo1,biology,SVM,DecisionTree,0,0.931184554973822,0.907209860383944,0.023974694589878,0.0,0.0
42,real_domain_rank,3,841,stock,finance,KNN,LogisticRegression,0,0.9557894736842104,0.8399999999999999,0.11578947368421055,0.0,0.0
42,real_domain_rank,3,1233,eating,other,LogisticRegression,LogisticRegression,1,0.6497354497354497,0.6497354497354497,0.0,1.0,1.0
42,real_domain_rank,3,311,oil_spill,other,MLP,LogisticRegression,0,0.9679827056547956,0.9636932529297988,0.004289452724996812,0.0,1.0
42,real_domain_rank,3,45939,132,other,DecisionTree,DecisionTree,1,1.0,1.0,0.0,1.0,1.0
42,real_domain_rank,3,46846,glioma_grading_clinical_and_mutation_features,health,SVM,LogisticRegression,0,0.8688694040490448,0.8688622754491018,7.1285999430070746e-06,0.0,1.0
42,real_domain_rank,3,469,analcatdata_dmft,other,SVM,MLP,0,0.2220990566037735,0.2169889937106918,0.0051100628930816905,0.0,1.0
42,real_domain_rank,3,1464,blood-transfusion-service-center,education,MLP,LogisticRegression,0,0.7927695749440715,0.7727069351230426,0.02006263982102896,0.0,0.0
42,real_domain_rank,3,44588,eucalyptus_seed_0_nrows_2000_nclasses_10_ncols_100_stratify_True,biology,LogisticRegression,LogisticRegression,1,0.6440706012134584,0.6440706012134584,0.0,1.0,1.0
42,real_domain_rank,3,43595,Loan-Predication,finance,LogisticRegression,LogisticRegression,1,0.8045981607357058,0.8045981607357058,0.0,1.0,1.0
42,real_domain_rank,3,41945,ilpd-numeric,health,LogisticRegression,DecisionTree,0,0.715281461833186,0.6397877984084881,0.07549366342469788,0.0,0.0
42,real_domain_rank,3,1480,ilpd,health,LogisticRegression,DecisionTree,0,0.715281461833186,0.6467285587975242,0.06855290303566175,0.0,0.0
42,real_domain_rank,3,1510,wdbc,image,LogisticRegression,LogisticRegression,1,0.9736686849868031,0.9736686849868031,0.0,1.0,1.0
42,real_domain_rank,3,1467,climate-model-simulation-crashes,other,SVM,SVM,1,0.9148148148148147,0.9148148148148147,0.0,1.0,1.0
42,real_domain_rank,3,717,rmftsa_ladata,other,LogisticRegression,LogisticRegression,1,0.8917297612114152,0.8917297612114152,0.0,1.0,1.0
42,real_domain_rank,3,779,fri_c1_500_25,other,DecisionTree,MLP,0,0.8300000000000001,0.646,0.18400000000000005,0.0,0.0
42,real_domain_rank,3,40496,LED-display-domain-7digit,image,LogisticRegression,LogisticRegression,1,0.73,0.73,0.0,1.0,1.0
42,real_domain_rank,3,1100,PopularKids,education,KNN,SVM,0,0.5417324561403509,0.5167324561403509,0.025000000000000022,0.0,0.0
42,real_domain_rank,3,1506,thoracic-surgery,health,SVM,SVM,1,0.851063829787234,0.851063829787234,0.0,1.0,1.0
42,real_domain_rank,3,1498,sa-heart,health,LogisticRegression,DecisionTree,0,0.7210378681626928,0.5780504908835905,0.14298737727910227,0.0,0.0
42,real_domain_rank,3,1511,wholesale-customers,social,MLP,DecisionTree,0,0.9181818181818182,0.8795454545454545,0.03863636363636369,0.0,0.0
42,real_domain_rank,3,1508,user-knowledge,education,MLP,LogisticRegression,0,0.9158024691358024,0.890925925925926,0.024876543209876423,0.0,0.0
42,real_domain_rank,3,475,analcatdata_germangss,education,LogisticRegression,MLP,0,0.3575,0.29,0.0675,0.0,0.0
42,real_domain_rank,3,46847,differentiated_thyroid_cancer_recurrence,health,MLP,DecisionTree,0,0.9346548188653452,0.9267942583732056,0.007860560492139568,0.0,1.0
42,real_domain_rank,3,860,vinnie,other,DecisionTree,DecisionTree,1,0.8473684210526315,0.8473684210526315,0.0,1.0,1.0
42,real_domain_rank,3,41496,DRSongsLyrics,text,LogisticRegression,DecisionTree,0,0.5028169014084508,0.5,0.0028169014084508115,0.0,1.0
42,real_domain_rank,3,1523,vertebra-column,health,LogisticRegression,DecisionTree,0,0.8516129032258064,0.7806451612903226,0.07096774193548383,0.0,0.0
42,real_domain_rank,3,40710,cleve,other,KNN,SVM,0,0.8214754098360656,0.8083060109289617,0.01316939890710389,0.0,0.0
42,real_domain_rank,3,961,analcatdata_broadwaymult,other,MLP,MLP,1,0.7859649122807018,0.7859649122807018,0.0,1.0,1.0
42,real_domain_rank,3,46590,heart-statlog-uci,health,MLP,SVM,0,0.8518518518518519,0.8407407407407407,0.011111111111111183,0.0,0.0
42,real_domain_rank,3,336,SPECT,health,SVM,DecisionTree,0,0.8389238294898673,0.7527603074772886,0.08616352201257871,0.0,0.0
42,real_domain_rank,3,1495,qualitative-bankruptcy,finance,DecisionTree,MLP,0,0.996,0.996,0.0,1.0,1.0
42,real_domain_rank,3,41538,conference_attendance,other,SVM,MLP,0,0.8740408163265305,0.8498775510204082,0.02416326530612234,0.0,0.0
42,real_domain_rank,3,1084,BurkittLymphoma,biology,LogisticRegression,LogisticRegression,1,0.8863636363636364,0.8863636363636364,0.0,1.0,1.0
42,real_domain_rank,3,1499,seeds,education,LogisticRegression,DecisionTree,0,0.9285714285714284,0.8952380952380953,0.033333333333333104,0.0,0.0
42,real_domain_rank,4,46070,Stylized_Meta_Album_TEX_DTD_STY_Extended,image,DecisionTree,LogisticRegression,0,0.15,0.0523958333333333,0.09760416666666669,0.0,0.0
42,real_domain_rank,4,46468,Give-Me-Some-Credit-Sampled,finance,LogisticRegression,LogisticRegression,1,0.9337777777777776,0.9337777777777776,0.0,1.0,1.0
42,real_domain_rank,4,41027,jungle_chess_2pcs_raw_endgame_complete,biology,DecisionTree,DecisionTree,1,0.7933689609865697,0.7933689609865697,0.0,1.0,1.0
42,real_domain_rank,4,727,2dplanes,other,DecisionTree,DecisionTree,1,0.9063971660944456,0.9063971660944456,0.0,1.0,1.0
42,real_domain_rank,4,901,fried,other,DecisionTree,DecisionTree,1,0.8733074896010897,0.8733074896010897,0.0,1.0,1.0
42,real_domain_rank,4,881,mv,other,LogisticRegression,DecisionTree,0,0.9981112270264356,0.9966149807064012,0.0014962463200344223,0.0,1.0
42,real_domain_rank,4,4135,Amazon_employee_access,social,LogisticRegression,LogisticRegression,1,0.9421099226089228,0.9421099226089228,0.0,1.0,1.0
42,real_domain_rank,4,46919,credit_card_clients_default,finance,LogisticRegression,LogisticRegression,1,0.8107,0.8107,0.0,1.0,1.0
42,real_domain_rank,4,41671,microaggregation2,other,LogisticRegression,DecisionTree,0,0.5697,0.5094,0.06030000000000002,0.0,0.0
42,real_domain_rank,4,40926,CIFAR_10_small,education,LogisticRegression,DecisionTree,0,0.31215,0.2476499999999999,0.06450000000000009,0.0,0.0
42,real_domain_rank,4,45024,credit,finance,LogisticRegression,DecisionTree,0,0.7243633498760238,0.6848753695074231,0.039487980368600684,0.0,0.0
42,real_domain_rank,4,44162,compass,finance,LogisticRegression,DecisionTree,0,0.6839709892090486,0.678083046421887,0.0058879427871616485,0.0,1.0
42,real_domain_rank,4,846,elevators,other,LogisticRegression,LogisticRegression,1,0.8977650402755948,0.8977650402755948,0.0,1.0,1.0
42,real_domain_rank,4,45936,IndoorScenes,biology,LogisticRegression,DecisionTree,0,0.0681818181818181,0.0389244558258642,0.029257362355953893,0.0,0.0
42,real_domain_rank,4,1046,mozilla4,other,DecisionTree,SVM,0,0.9284014152460598,,,,
42,real_domain_rank,4,46689,sst5,text,LogisticRegression,LogisticRegression,1,0.2625052720371151,0.2625052720371151,0.0,1.0,1.0
42,real_domain_rank,4,46924,E-CommereShippingData,social,LogisticRegression,DecisionTree,0,0.6390573401132746,0.6338739509694489,0.005183389143825767,0.0,1.0
42,real_domain_rank,4,46819,WBCAtt,health,DecisionTree,DecisionTree,1,0.988541331686133,0.988541331686133,0.0,1.0,1.0
42,real_domain_rank,4,46282,internet_usage,social,LogisticRegression,SVM,0,0.8710915701650965,,,,
42,real_domain_rank,4,43920,kdd_internet_usage,biology,LogisticRegression,SVM,0,0.8716851398593697,,,,
42,real_domain_rank,4,46916,coil2000_insurance_policies,finance,SVM,SVM,1,0.9403380440809896,0.9403380440809896,0.0,1.0,1.0
42,real_domain_rank,4,41082,USPS,image,MLP,LogisticRegression,0,0.967304424277129,0.9438583583496736,0.02344606592745546,0.0,0.0
42,real_domain_rank,4,807,kin8nm,other,MLP,MLP,1,0.9127194952698308,0.9127194952698308,0.0,1.0,1.0
42,real_domain_rank,4,43985,isolet,education,LogisticRegression,LogisticRegression,1,0.95985633459976,0.95985633459976,0.0,1.0,1.0
42,real_domain_rank,4,803,delta_ailerons,other,SVM,SVM,1,0.9422068354617258,0.9422068354617258,0.0,1.0,1.0
42,real_domain_rank,4,42178,telco-customer-churn,social,LogisticRegression,DecisionTree,0,0.8046264073488612,0.6886240644557713,0.11600234289308986,0.0,0.0
42,real_domain_rank,4,46280,blastchar,social,LogisticRegression,LogisticRegression,1,0.8034889347699853,0.8034889347699853,0.0,1.0,1.0
42,real_domain_rank,4,47152,aztrees4,other,MLP,MLP,1,0.9895909759437392,0.9895909759437392,0.0,1.0,1.0
42,real_domain_rank,4,47151,aztrees3,other,MLP,MLP,1,0.9895909759437392,0.9895909759437392,0.0,1.0,1.0
42,real_domain_rank,4,44186,KDDCup09_upselling,education,DecisionTree,MLP,0,0.7554652213188799,0.7258207578567013,0.02964446346217864,0.0,0.0
42,real_domain_rank,4,43607,WMO-Hurricane-Survival-Dataset,education,LogisticRegression,DecisionTree,0,0.519018453548988,0.4829727854750153,0.03604566807397269,0.0,0.0
42,real_domain_rank,4,46372,Multiclass_Classification_for_Corporate_Credit_Ratings,finance,MLP,MLP,1,0.7232000000000001,0.7232000000000001,0.0,1.0,1.0
42,real_domain_rank,4,46960,students_dropout_and_academic_success,education,LogisticRegression,MLP,0,0.7680819081217886,0.7407288391236547,0.027353068998133834,0.0,0.0
42,real_domain_rank,4,43051,art_daily_nojump4,other,DecisionTree,LogisticRegression,0,0.9675100931366672,0.9675100931366672,0.0,1.0,1.0
42,real_domain_rank,4,42810,PCam,other,DecisionTree,LogisticRegression,0,0.6307500000000001,0.53525,0.09550000000000014,0.0,0.0
42,real_domain_rank,4,46912,Bioresponse,biology,LogisticRegression,MLP,0,0.7392713715046604,,,,
42,real_domain_rank,4,1038,gina_agnostic,image,MLP,MLP,1,0.9207101895862704,0.9207101895862704,0.0,1.0,1.0
42,real_domain_rank,4,40678,led7,other,LogisticRegression,LogisticRegression,1,0.7278125,0.7278125,0.0,1.0,1.0
42,real_domain_rank,4,3,kr-vs-kp,biology,DecisionTree,SVM,0,0.9956196205007825,0.9724687010954616,0.02315091940532088,0.0,0.0
42,real_domain_rank,4,41144,madeline,biology,DecisionTree,DecisionTree,1,0.7442675159235669,0.7442675159235669,0.0,1.0,1.0
42,real_domain_rank,4,46956,seismic-bumps,sensor_signal,SVM,MLP,0,0.9342104868576911,0.92143778207608,0.012772704781611188,0.0,0.0
42,real_domain_rank,4,46951,Pumpkin_Seeds,biology,LogisticRegression,LogisticRegression,1,0.8784000000000001,0.8784000000000001,0.0,1.0,1.0
42,real_domain_rank,4,36,segment,image,MLP,LogisticRegression,0,0.971861471861472,0.932034632034632,0.03982683982683999,0.0,0.0
42,real_domain_rank,4,46940,Marketing_Campaign,other,LogisticRegression,DecisionTree,0,0.8816964285714285,0.8245535714285716,0.05714285714285694,0.0,0.0
42,real_domain_rank,4,40704,Titanic,other,DecisionTree,LogisticRegression,0,0.7905524634096063,0.7760152545866832,0.014537208822923087,0.0,0.0
42,real_domain_rank,4,44460,compass_seed_2_nrows_2000_nclasses_10_ncols_100_stratify_True,biology,SVM,LogisticRegression,0,0.681,0.6799999999999999,0.001000000000000112,0.0,1.0
42,real_domain_rank,4,44443,covertype_seed_0_nrows_2000_nclasses_10_ncols_100_stratify_True,biology,LogisticRegression,LogisticRegression,1,0.776,0.776,0.0,1.0,1.0
42,real_domain_rank,4,44699,Fashion-MNIST_seed_1_nrows_2000_nclasses_10_ncols_100_stratify_True,biology,SVM,LogisticRegression,0,0.797,0.7675,0.02950000000000008,0.0,0.0
42,real_domain_rank,4,44703,connect-4_seed_0_nrows_2000_nclasses_10_ncols_100_stratify_True,biology,SVM,SVM,1,0.659,0.659,0.0,1.0,1.0
42,real_domain_rank,4,44645,kr-vs-kp_seed_2_nrows_2000_nclasses_10_ncols_100_stratify_True,biology,DecisionTree,SVM,0,0.9915,0.9595,0.03200000000000003,0.0,0.0
42,real_domain_rank,4,44748,guillermo_seed_0_nrows_2000_nclasses_10_ncols_100_stratify_True,biology,SVM,SVM,1,0.578,0.578,0.0,1.0,1.0
42,real_domain_rank,4,44566,philippine_seed_3_nrows_2000_nclasses_10_ncols_100_stratify_True,biology,DecisionTree,LogisticRegression,0,0.6990000000000001,0.6900000000000001,0.009000000000000008,0.0,1.0
42,real_domain_rank,4,44633,segment_seed_0_nrows_2000_nclasses_10_ncols_100_stratify_True,biology,MLP,LogisticRegression,0,0.918,0.8615,0.056499999999999995,0.0,0.0
42,real_domain_rank,4,44513,dilbert_seed_0_nrows_2000_nclasses_10_ncols_100_stratify_True,biology,MLP,LogisticRegression,0,0.8879999999999999,0.8344999999999999,0.05349999999999999,0.0,0.0
42,real_domain_rank,4,44777,sf-police-incidents_seed_4_nrows_2000_nclasses_10_ncols_100_stratify_True,biology,SVM,SVM,1,0.8785000000000001,0.8785000000000001,0.0,1.0,1.0
42,real_domain_rank,4,44493,numerai28.6_seed_0_nrows_2000_nclasses_10_ncols_100_stratify_True,biology,LogisticRegression,SVM,0,0.5235000000000001,0.4955,0.02800000000000008,0.0,0.0
42,real_domain_rank,4,44347,credit_seed_0_nrows_2000_nclasses_10_ncols_100_stratify_True,finance,MLP,LogisticRegression,0,0.7425,0.652,0.09050000000000002,0.0,0.0
42,real_domain_rank,4,44227,South_Asian_Churn_dataset,social,LogisticRegression,MLP,0,0.7114999999999999,0.7035,0.007999999999999896,0.0,1.0
42,real_domain_rank,4,46944,Mobile_Price,other,LogisticRegression,LogisticRegression,1,0.963,0.963,0.0,1.0,1.0
42,real_domain_rank,4,44621,car_seed_3_nrows_2000_nclasses_10_ncols_100_stratify_True,biology,MLP,DecisionTree,0,0.9872681578286,0.9768501298483706,0.010418027980229394,0.0,0.0
42,real_domain_rank,4,991,car,other,DecisionTree,DecisionTree,1,0.9918974616737872,0.9918974616737872,0.0,1.0,1.0
42,real_domain_rank,4,1501,semeion,image,SVM,SVM,1,0.953539953865263,0.953539953865263,0.0,1.0,1.0
42,real_domain_rank,4,43896,ibm-employee-attrition,education,MLP,LogisticRegression,0,0.8741496598639454,0.8680272108843538,0.006122448979591688,0.0,1.0
42,real_domain_rank,4,46963,website_phishing,other,MLP,MLP,1,0.8891676916769168,0.8891676916769168,0.0,1.0,1.0
42,real_domain_rank,4,40680,mofn-3-7-10,other,DecisionTree,SVM,0,1.0,1.0,0.0,1.0,1.0
42,real_domain_rank,4,46422,Credit-Risk-Classification-Dataset,finance,SVM,MLP,0,0.8,0.7831111111111111,0.016888888888888953,0.0,0.0
42,real_domain_rank,4,40706,parity5_plus_5,other,MLP,DecisionTree,0,1.0,0.6335357142857143,0.3664642857142857,0.0,0.0
42,real_domain_rank,4,40687,solar-flare,other,LogisticRegression,LogisticRegression,1,0.7626606993988855,0.7626606993988855,0.0,1.0,1.0
42,real_domain_rank,4,42809,kits,other,DecisionTree,LogisticRegression,0,0.611,0.5740000000000001,0.03699999999999992,0.0,0.0
42,real_domain_rank,4,910,fri_c1_1000_10,other,MLP,MLP,1,0.885,0.885,0.0,1.0,1.0
42,real_domain_rank,4,45748,StudentsPerformance,education,LogisticRegression,MLP,0,0.892,0.89,0.0020000000000000018,0.0,1.0
42,real_domain_rank,4,46562,German-Credit-Data-Creditability-Preprocessed-Dataset,finance,SVM,LogisticRegression,0,0.7620000000000001,0.756,0.006000000000000116,0.0,1.0
42,real_domain_rank,4,46416,Creditability-German-Credit-Data,finance,SVM,SVM,1,0.761,0.761,0.0,1.0,1.0
42,real_domain_rank,4,43097,students_scores,education,LogisticRegression,MLP,0,0.892,0.89,0.0020000000000000018,0.0,1.0
42,real_domain_rank,4,43255,1StudentPerfromance,education,LogisticRegression,MLP,0,0.892,0.89,0.0020000000000000018,0.0,1.0
42,real_domain_rank,4,1016,vowel,sensor_signal,KNN,MLP,0,0.997979797979798,0.997979797979798,0.0,1.0,1.0
42,real_domain_rank,4,40693,xd6,other,SVM,SVM,1,1.0,1.0,0.0,1.0,1.0
42,real_domain_rank,4,47155,waveform,other,LogisticRegression,LogisticRegression,1,0.8475000000000001,0.8475000000000001,0.0,1.0,1.0
42,real_domain_rank,4,37,diabetes,health,LogisticRegression,LogisticRegression,1,0.7746965452847806,0.7746965452847806,0.0,1.0,1.0
42,real_domain_rank,4,40981,Australian,finance,LogisticRegression,LogisticRegression,1,0.8623188405797102,0.8623188405797102,0.0,1.0,1.0
42,real_domain_rank,4,44484,Australian_seed_1_nrows_2000_nclasses_10_ncols_100_stratify_True,biology,LogisticRegression,DecisionTree,0,0.8623188405797102,0.8231884057971014,0.0391304347826088,0.0,0.0
42,real_domain_rank,4,1023,soybean,other,MLP,SVM,0,0.969257191927866,0.960465865178188,0.008791326749677975,0.0,1.0
42,real_domain_rank,4,997,balance-scale,other,MLP,MLP,1,0.9904,0.9904,0.0,1.0,1.0
42,real_domain_rank,4,770,strikes,other,DecisionTree,LogisticRegression,0,0.9504,0.6432,0.30720000000000003,0.0,0.0
42,real_domain_rank,4,886,no2,other,MLP,SVM,0,0.646,0.558,0.08799999999999997,0.0,0.0
42,real_domain_rank,4,987,collins,other,DecisionTree,MLP,0,1.0,0.952,0.04800000000000004,0.0,0.0
42,real_domain_rank,4,750,pm10,other,MLP,DecisionTree,0,0.582,0.556,0.025999999999999912,0.0,0.0
42,real_domain_rank,4,43327,Birds,other,DecisionTree,DecisionTree,1,0.05,0.05,0.0,1.0,1.0
42,real_domain_rank,4,765,analcatdata_apnea2,other,KNN,SVM,0,0.9221052631578948,0.8652631578947367,0.05684210526315803,0.0,0.0
42,real_domain_rank,4,767,analcatdata_apnea1,other,KNN,SVM,0,0.9347368421052632,0.8715789473684211,0.06315789473684208,0.0,0.0
42,real_domain_rank,4,814,chscase_vine2,other,KNN,KNN,1,0.8739190116678106,0.8739190116678106,0.0,1.0,1.0
42,real_domain_rank,4,764,analcatdata_apnea3,other,KNN,SVM,0,0.917777777777778,0.8777777777777779,0.04000000000000015,0.0,0.0
42,real_domain_rank,4,907,chscase_census4,social,SVM,KNN,0,0.5225,0.485,0.03749999999999998,0.0,0.0
42,real_domain_rank,4,909,chscase_census2,social,KNN,LogisticRegression,0,0.5125,0.5025000000000001,0.009999999999999898,0.0,1.0
42,real_domain_rank,4,908,chscase_census3,social,MLP,DecisionTree,0,0.5349999999999999,0.4549999999999999,0.08000000000000002,0.0,0.0
42,real_domain_rank,4,900,chscase_census6,social,KNN,KNN,1,0.595,0.595,0.0,1.0,1.0
42,real_domain_rank,4,906,chscase_census5,social,SVM,DecisionTree,0,0.5175000000000001,0.5,0.01750000000000007,0.0,0.0
42,real_domain_rank,4,1048,jEdit_4.2_4.3,other,DecisionTree,MLP,0,0.6476119955572012,0.6124028137726769,0.03520918178452426,0.0,0.0
42,real_domain_rank,4,818,diggle_table_a2,other,DecisionTree,DecisionTree,1,1.0,1.0,0.0,1.0,1.0
42,real_domain_rank,4,43,haberman,health,LogisticRegression,LogisticRegression,1,0.7418297197250132,0.7418297197250132,0.0,1.0,1.0
42,real_domain_rank,4,880,mu284,other,DecisionTree,MLP,0,0.9929824561403509,0.982393483709273,0.010588972431077814,0.0,0.0
42,real_domain_rank,4,45098,Ovarian,health,LogisticRegression,LogisticRegression,1,0.996078431372549,0.996078431372549,0.0,1.0,1.0
42,real_domain_rank,4,911,fri_c2_250_5,other,DecisionTree,KNN,0,0.9,0.836,0.06400000000000006,0.0,0.0
42,real_domain_rank,4,820,chatfield_4,other,LogisticRegression,LogisticRegression,1,0.8893617021276595,0.8893617021276595,0.0,1.0,1.0
42,real_domain_rank,4,939,chscase_whale,other,LogisticRegression,DecisionTree,0,0.9868599033816424,0.9601932367149756,0.02666666666666684,0.0,0.0
42,real_domain_rank,4,895,chscase_geyser1,other,LogisticRegression,DecisionTree,0,0.9056565656565656,0.8696969696969697,0.03595959595959586,0.0,0.0
42,real_domain_rank,4,40682,thyroid-new,health,MLP,LogisticRegression,0,0.972093023255814,0.9581395348837208,0.013953488372093203,0.0,0.0
42,real_domain_rank,4,721,pwLinear,other,SVM,SVM,1,0.885,0.885,0.0,1.0,1.0
42,real_domain_rank,5,42141,SVHN_medium,image,DecisionTree,LogisticRegression,0,0.4190638241425483,,,,
42,real_domain_rank,5,45051,adult-test,social,LogisticRegression,DecisionTree,0,0.8250480824490447,0.8159984335949122,0.009049648854132508,0.0,1.0
42,real_domain_rank,5,41434,Click_prediction_small,other,LogisticRegression,DecisionTree,0,0.8323570503936029,0.6344239349130085,0.19793311548059433,0.0,0.0
42,real_domain_rank,5,1119,adult-census,social,LogisticRegression,DecisionTree,0,0.8247289252528773,0.8123214023663126,0.01240752288656477,0.0,0.0
42,real_domain_rank,5,184,kropt,other,DecisionTree,DecisionTree,1,0.8398203660892658,0.8398203660892658,0.0,1.0,1.0
42,real_domain_rank,5,46173,King-rook-vs-King,other,DecisionTree,DecisionTree,1,0.8398203660892658,0.8398203660892658,0.0,1.0,1.0
42,real_domain_rank,5,45067,okcupid_stem,education,LogisticRegression,LogisticRegression,1,0.7308918783344973,0.7308918783344973,0.0,1.0,1.0
42,real_domain_rank,5,843,house_8L,other,LogisticRegression,DecisionTree,0,0.8545911094336628,0.8394927735176883,0.015098335915974537,0.0,0.0
42,real_domain_rank,5,823,houses,other,DecisionTree,DecisionTree,1,0.9763565891472868,0.9763565891472868,0.0,1.0,1.0
42,real_domain_rank,5,44090,california,finance,DecisionTree,LogisticRegression,0,0.8388098028177351,0.831977022318884,0.006832780498851054,0.0,1.0
42,real_domain_rank,5,41159,guillermo,biology,LogisticRegression,DecisionTree,0,0.66905,,,,
42,real_domain_rank,5,44226,NewspaperChurn,social,LogisticRegression,DecisionTree,0,0.8143803216650898,0.7295490381583096,0.08483128350678015,0.0,0.0
42,real_domain_rank,5,959,nursery,other,DecisionTree,DecisionTree,1,1.0,1.0,0.0,1.0,1.0
42,real_domain_rank,5,46937,in_vehicle_coupon_recommendation,biology,DecisionTree,LogisticRegression,0,0.6843271630344093,0.6272466548706899,0.05708050816371946,0.0,0.0
42,real_domain_rank,5,1044,eye_movements,text,DecisionTree,LogisticRegression,0,0.594734340949386,0.5033825438501901,0.09135179709919594,0.0,0.0
42,real_domain_rank,5,1053,jm1,biology,LogisticRegression,LogisticRegression,1,0.8130454754248968,0.8130454754248968,0.0,1.0,1.0
42,real_domain_rank,5,41165,robert,biology,LogisticRegression,LogisticRegression,1,0.3263,0.3263,0.0,1.0,1.0
42,real_domain_rank,5,41163,dilbert,health,LogisticRegression,MLP,0,0.9392,,,,
42,real_domain_rank,5,375,JapaneseVowels,sensor_signal,MLP,DecisionTree,0,0.9855438311197624,0.8786253392899244,0.10691849182983804,0.0,0.0
42,real_domain_rank,5,42140,SVHN_small,image,DecisionTree,SVM,0,0.3302098061747091,,,,
42,real_domain_rank,5,819,delta_elevators,other,SVM,MLP,0,0.8832600670325934,0.880843659061102,0.002416407971491452,0.0,1.0
42,real_domain_rank,5,1056,mc1,education,KNN,LogisticRegression,0,0.9942953280328628,0.9940840232256783,0.00021130480718445366,0.0,1.0
42,real_domain_rank,5,41972,Indian_pines,image,LogisticRegression,LogisticRegression,1,0.8964352583528443,0.8964352583528443,0.0,1.0,1.0
42,real_domain_rank,5,373,UNIX_user_data,biology,DecisionTree,DecisionTree,1,0.4856043956043955,0.4856043956043955,0.0,1.0,1.0
42,real_domain_rank,5,761,cpu_act,other,SVM,MLP,0,0.9375009032727156,0.9374997113252148,1.1919475008115299e-06,0.0,1.0
42,real_domain_rank,5,735,cpu_small,other,MLP,MLP,1,0.9215085436561946,0.9215085436561946,0.0,1.0,1.0
42,real_domain_rank,5,752,puma32H,other,MLP,SVM,0,0.8509521798112403,0.6380604481275622,0.21289173168367803,0.0,0.0
42,real_domain_rank,5,833,bank32nh,finance,SVM,DecisionTree,0,0.82238700896419,0.7363294423697109,0.08605756659447916,0.0,0.0
42,real_domain_rank,5,46969,NATICUSdroid,biology,SVM,DecisionTree,0,0.9380604426092696,0.897878959804979,0.04018148280429057,0.0,0.0
42,real_domain_rank,5,46962,taiwanese_bankruptcy_prediction,finance,KNN,LogisticRegression,0,0.9696434680270148,0.9670032036455722,0.002640264381442603,0.0,1.0
42,real_domain_rank,5,40666,clean2,other,DecisionTree,MLP,0,1.0,1.0,0.0,1.0,1.0
42,real_domain_rank,5,1116,musk,other,DecisionTree,MLP,0,0.9996968548257404,0.9996968548257404,0.0,1.0,1.0
42,real_domain_rank,5,1069,pc2,education,SVM,LogisticRegression,0,0.9958848692270856,0.9949902546912812,0.0008946145358044166,0.0,1.0
42,real_domain_rank,5,41142,christine,health,LogisticRegression,LogisticRegression,1,0.6869691951767163,0.6869691951767163,0.0,1.0,1.0
42,real_domain_rank,5,46806,product_sentiment_machine_hack,text,MLP,SVM,0,0.8693773124003463,0.8656445029700908,0.003732809430255557,0.0,1.0
42,real_domain_rank,5,40701,churn,social,MLP,LogisticRegression,0,0.9238,0.8648,0.05899999999999994,0.0,0.0
42,real_domain_rank,5,43892,national-longitudinal-survey-binary,social,DecisionTree,MLP,0,1.0,0.9885909676937162,0.011409032306283762,0.0,0.0
42,real_domain_rank,5,1037,ada_prior,education,MLP,MLP,1,0.8388844853096596,0.8388844853096596,0.0,1.0,1.0
42,real_domain_rank,5,871,pollen,other,Perceptron,SVM,0,0.5036410923276984,0.4906415820850151,0.012999510242683254,0.0,0.0
42,real_domain_rank,5,42882,dgf_test,other,DecisionTree,LogisticRegression,0,0.9868228404099562,0.8585651537335286,0.12825768667642756,0.0,0.0
42,real_domain_rank,5,44232,UCI_churn,social,MLP,SVM,0,0.9153905029467247,0.8718892805849328,0.04350122236179199,0.0,0.0
42,real_domain_rank,5,312,scene,image,MLP,SVM,0,0.9788131572363936,0.9576263144727876,0.02118684276360605,0.0,0.0
42,real_domain_rank,5,772,quake,other,LogisticRegression,SVM,0,0.5587577770747654,0.5495792470737109,0.009178530001054508,0.0,1.0
42,real_domain_rank,5,1067,kc1,education,MLP,LogisticRegression,0,0.8567932365953327,0.8553815672456688,0.0014116693496638577,0.0,1.0
42,real_domain_rank,5,12,mfeat-factors,image,LogisticRegression,LogisticRegression,1,0.9795,0.9795,0.0,1.0,1.0
42,real_domain_rank,5,1022,mfeat-pixel,image,KNN,SVM,0,0.9965,0.996,0.000500000000000056,0.0,1.0
42,real_domain_rank,5,44723,adult_seed_0_nrows_2000_nclasses_10_ncols_100_stratify_True,biology,MLP,MLP,1,0.8320000000000001,0.8320000000000001,0.0,1.0,1.0
42,real_domain_rank,5,44685,christine_seed_2_nrows_2000_nclasses_10_ncols_100_stratify_True,biology,LogisticRegression,LogisticRegression,1,0.7024999999999999,0.7024999999999999,0.0,1.0,1.0
42,real_domain_rank,5,44661,churn_seed_3_nrows_2000_nclasses_10_ncols_100_stratify_True,biology,DecisionTree,SVM,0,0.9085,0.8879999999999999,0.020500000000000074,0.0,0.0
42,real_domain_rank,5,44657,Bioresponse_seed_4_nrows_2000_nclasses_10_ncols_100_stratify_True,biology,MLP,LogisticRegression,0,0.6915,0.651,0.04049999999999998,0.0,0.0
42,real_domain_rank,5,44629,kc1_seed_1_nrows_2000_nclasses_10_ncols_100_stratify_True,biology,MLP,LogisticRegression,0,0.8605,0.8590000000000002,0.0014999999999998348,0.0,1.0
42,real_domain_rank,5,44419,Higgs_seed_2_nrows_2000_nclasses_10_ncols_100_stratify_True,biology,SVM,SVM,1,0.6195,0.6195,0.0,1.0,1.0
42,real_domain_rank,5,44362,california_seed_0_nrows_2000_nclasses_10_ncols_100_stratify_True,biology,LogisticRegression,MLP,0,0.8404999999999999,0.7819999999999999,0.058499999999999996,0.0,0.0
42,real_domain_rank,5,40664,car-evaluation,other,MLP,DecisionTree,0,0.9959520817625868,0.9664321018681412,0.029519979894445547,0.0,0.0
42,real_domain_rank,5,46938,Is-this-a-good-customer,social,SVM,LogisticRegression,0,0.8862453656892484,0.8850825749915741,0.0011627906976743319,0.0,1.0
42,real_domain_rank,5,45648,MIC,other,LogisticRegression,LogisticRegression,1,0.8696232845169016,0.8696232845169016,0.0,1.0,1.0
42,real_domain_rank,5,1050,pc3,education,SVM,DecisionTree,0,0.8982735315802408,0.8521811255836814,0.046092405996559394,0.0,0.0
42,real_domain_rank,5,46758,PostPartum_Depression,health,DecisionTree,SVM,0,0.9807043189368772,0.9228217054263568,0.057882613510520375,0.0,0.0
42,real_domain_rank,5,44480,amazon-commerce-reviews_seed_2_nrows_2000_nclasses_10_ncols_100_stratify_True,biology,LogisticRegression,MLP,0,0.1953333333333333,0.1853333333333333,0.010000000000000009,0.0,0.0
42,real_domain_rank,5,46927,Fitness_Club,other,LogisticRegression,LogisticRegression,1,0.7773333333333333,0.7773333333333333,0.0,1.0,1.0
42,real_domain_rank,5,44609,pc4_seed_1_nrows_2000_nclasses_10_ncols_100_stratify_True,biology,LogisticRegression,LogisticRegression,1,0.91220872758085,0.91220872758085,0.0,1.0,1.0
42,real_domain_rank,5,1049,pc4,education,LogisticRegression,LogisticRegression,1,0.91220872758085,0.91220872758085,0.0,1.0,1.0
42,real_domain_rank,5,966,analcatdata_halloffame,other,LogisticRegression,LogisticRegression,1,0.95,0.95,0.0,1.0,1.0
42,real_domain_rank,5,185,baseball,social,LogisticRegression,LogisticRegression,1,0.9343283582089552,0.9343283582089552,0.0,1.0,1.0
42,real_domain_rank,5,1068,pc1,education,SVM,MLP,0,0.9323712853124618,0.9188373894256248,0.013533895886837066,0.0,0.0
42,real_domain_rank,5,44604,cnae-9_seed_1_nrows_2000_nclasses_10_ncols_100_stratify_True,biology,LogisticRegression,SVM,0,0.4592592592592592,0.4407407407407407,0.01851851851851849,0.0,0.0
42,real_domain_rank,5,1453,PieChart3,other,LogisticRegression,MLP,0,0.878380706287683,0.8653617571059431,0.013018949181739958,0.0,0.0
42,real_domain_rank,5,1444,PizzaCutter3,other,SVM,MLP,0,0.8782388663967613,0.8676711446448289,0.010567721751932435,0.0,0.0
42,real_domain_rank,5,679,rmftsa_sleepdata,health,KNN,DecisionTree,0,0.4951315160210425,0.4746484935437589,0.02048302247728362,0.0,0.0
42,real_domain_rank,5,45604,dummy,other,LogisticRegression,MLP,0,0.995,0.992,0.0030000000000000027,0.0,1.0
42,real_domain_rank,5,44555,vehicle_seed_2_nrows_2000_nclasses_10_ncols_100_stratify_True,biology,LogisticRegression,LogisticRegression,1,0.7872607030978072,0.7872607030978072,0.0,1.0,1.0
42,real_domain_rank,5,44153,vehicle_reproduced,education,LogisticRegression,LogisticRegression,1,0.7872607030978072,0.7872607030978072,0.0,1.0,1.0
42,real_domain_rank,5,54,vehicle,education,LogisticRegression,LogisticRegression,1,0.7872607030978072,0.7872607030978072,0.0,1.0,1.0
42,real_domain_rank,5,970,analcatdata_authorship,text,SVM,LogisticRegression,0,0.9988165680473372,0.9952521837137224,0.003564384333614834,0.0,1.0
42,real_domain_rank,5,46505,total_score,other,DecisionTree,DecisionTree,1,0.6953865578865578,0.6953865578865578,0.0,1.0,1.0
42,real_domain_rank,5,46382,company_quality_and_valuation_finance,finance,DecisionTree,DecisionTree,1,0.79001554001554,0.79001554001554,0.0,1.0,1.0
42,real_domain_rank,5,1451,PieChart1,other,SVM,MLP,0,0.9134751773049644,0.9049645390070924,0.00851063829787202,0.0,1.0
42,real_domain_rank,5,1443,PizzaCutter1,other,SVM,LogisticRegression,0,0.9258828890407838,0.9213146502620188,0.004568238778764999,0.0,1.0
42,real_domain_rank,5,826,sensory,sensor_signal,MLP,DecisionTree,0,0.675352323838081,0.6527886056971515,0.0225637181409295,0.0,0.0
42,real_domain_rank,5,46879,mental_health_detection,health,KNN,DecisionTree,0,0.4611111111111111,0.437037037037037,0.02407407407407408,0.0,0.0
42,real_domain_rank,5,940,water-treatment,sensor_signal,DecisionTree,LogisticRegression,0,0.9125426774483378,0.9051572327044024,0.007385444743935432,0.0,1.0
42,real_domain_rank,5,1063,kc2,education,LogisticRegression,MLP,0,0.8352930402930403,0.8333516483516483,0.001941391941391979,0.0,1.0
42,real_domain_rank,5,825,boston_corrected,other,LogisticRegression,DecisionTree,0,0.8695593088720637,0.8042516016307513,0.06530770724131241,0.0,0.0
42,real_domain_rank,5,853,boston,other,MLP,DecisionTree,0,0.8754222481071636,0.8142496602601437,0.061172587847019955,0.0,0.0
42,real_domain_rank,5,40665,clean1,other,DecisionTree,LogisticRegression,0,1.0,0.9957894736842106,0.004210526315789442,0.0,1.0
42,real_domain_rank,5,1065,kc3,education,LogisticRegression,LogisticRegression,1,0.9192307692307692,0.9192307692307692,0.0,1.0,1.0
42,real_domain_rank,5,46843,Cirrhosis_Patient_Survival_Prediction,health,SVM,DecisionTree,0,0.7296041308089501,0.6269936890418818,0.10261044176706835,0.0,0.0
42,real_domain_rank,5,957,braziltourism,other,LogisticRegression,SVM,0,0.803379371143109,0.7694093446958566,0.03397002644725233,0.0,0.0
42,real_domain_rank,5,455,cars,other,DecisionTree,LogisticRegression,0,0.8348690153568203,0.746311352002409,0.0885576633544114,0.0,0.0
42,real_domain_rank,5,1071,mw1,text,LogisticRegression,LogisticRegression,1,0.937962962962963,0.937962962962963,0.0,1.0,1.0
42,real_domain_rank,5,831,autoMpg,other,MLP,LogisticRegression,0,0.9094620253164556,0.8944303797468354,0.015031645569620222,0.0,0.0
42,real_domain_rank,5,40700,cars1,other,DecisionTree,LogisticRegression,0,0.7984420642648491,0.7628042843232716,0.03563777994157746,0.0,0.0
42,real_domain_rank,5,968,analcatdata_birthday,other,LogisticRegression,LogisticRegression,1,0.8931506849315068,0.8931506849315068,0.0,1.0,1.0
42,real_domain_rank,5,1514,micro-mass,health,LogisticRegression,LogisticRegression,1,0.9305555555555556,0.9305555555555556,0.0,1.0,1.0
42,real_domain_rank,5,42585,penguins,biology,KNN,LogisticRegression,0,0.9913043478260868,0.9855072463768118,0.005797101449275033,0.0,1.0
42,real_domain_rank,5,1447,CastMetal1,other,SVM,MLP,0,0.8716083916083915,0.8380885780885781,0.03351981351981348,0.0,0.0
42,real_domain_rank,5,1167,pc1_req,other,LogisticRegression,SVM,0,0.684375,0.665625,0.018749999999999933,0.0,0.0
42,real_domain_rank,5,1446,CostaMadre1,other,SVM,MLP,0,0.8682485875706215,0.8511864406779661,0.017062146892655394,0.0,0.0
42,real_domain_rank,5,41430,DiabeticMellitus,health,DecisionTree,MLP,0,0.9821428571428572,0.868233082706767,0.11390977443609018,0.0,0.0
42,real_domain_rank,5,42544,Touch2,other,LogisticRegression,MLP,0,0.7358490566037735,0.7245283018867925,0.011320754716981019,0.0,0.0
42,real_domain_rank,5,1442,MegaWatt1,other,MLP,LogisticRegression,0,0.8972549019607843,0.8894901960784314,0.007764705882352896,0.0,1.0
42,real_domain_rank,5,1449,MeanWhile1,other,MLP,LogisticRegression,0,0.8972549019607843,0.8894901960784314,0.007764705882352896,0.0,1.0
42,real_domain_rank,5,46279,algerian_forest_fires,other,DecisionTree,LogisticRegression,0,0.9672619047619048,0.9590986394557824,0.008163265306122325,0.0,1.0
42,real_domain_rank,5,796,cpu,other,MLP,MLP,1,0.9904761904761904,0.9904761904761904,0.0,1.0,1.0
42,real_domain_rank,5,733,machine_cpu,other,MLP,MLP,1,0.9427409988385598,0.9427409988385598,0.0,1.0,1.0
42,real_domain_rank,5,42172,regime_alimentaire,other,MLP,MLP,1,0.940609756097561,0.940609756097561,0.0,1.0,1.0
42,real_domain_rank,5,446,prnn_crabs,biology,LogisticRegression,LogisticRegression,1,0.985,0.985,0.0,1.0,1.0
42,real_domain_rank,5,1458,arcene,health,LogisticRegression,LogisticRegression,1,0.8899999999999999,0.8899999999999999,0.0,1.0,1.0
