target_scenario,feature_set,context_group,variant,shuffle_id,target_classifiers,datasets_used,n_statistical_features,target_classes,n_classes,n_repeats,n_splits,accuracy,f1_macro,f1_weighted,mean_regret,median_regret,p90_regret,mean_normalized_regret,zero_regret_rate,within_1pp_rate,within_5pp_rate
simple3_available,stats_only,none,real,,"DecisionTree, LogisticRegression, Perceptron",116,63,"DecisionTree, LogisticRegression, Perceptron",3,10,5,0.6793103448275862,0.4203656923936097,0.6374779874835103,0.01831015457427554,0.0,0.057620222412318546,0.023898845560989593,0.7043103448275863,0.8206896551724138,0.8896551724137931
simple3_available,domain_label_score,domain,real,,"DecisionTree, LogisticRegression, Perceptron",116,63,"DecisionTree, LogisticRegression, Perceptron",3,10,5,0.7008620689655173,0.4344226609213287,0.6594824355217975,0.01635180244967315,0.0,0.038461538461538214,0.02158103899000908,0.7241379310344828,0.8422413793103448,0.9103448275862069
simple3_available,semantic_tags_fixed_vocab,semantic,real,,"DecisionTree, LogisticRegression, Perceptron",116,63,"DecisionTree, LogisticRegression, Perceptron",3,10,5,0.6844827586206896,0.4177933177933178,0.6414094526163492,0.017151753937999243,0.0,0.047585601404740996,0.0219762696961919,0.7155172413793104,0.8327586206896552,0.9017241379310345
simple3_available,context_full,full,real,,"DecisionTree, LogisticRegression, Perceptron",116,63,"DecisionTree, LogisticRegression, Perceptron",3,10,5,0.7017241379310345,0.43614230183971214,0.6572452885649082,0.015663261411996324,0.0,0.03510355367400409,0.020673137736438703,0.7327586206896551,0.85,0.9146551724137931
simple3_available,domain_label_score_shuffled,domain,shuffled,0.0,"DecisionTree, LogisticRegression, Perceptron",116,63,"DecisionTree, LogisticRegression, Perceptron",3,10,5,0.6732758620689655,0.40371724905340794,0.6268856377430453,0.018504447963529323,0.0,0.05740000000000001,0.02379870156442454,0.6982758620689655,0.8146551724137931,0.8862068965517241
simple3_available,domain_label_score_shuffled,domain,shuffled,1.0,"DecisionTree, LogisticRegression, Perceptron",116,63,"DecisionTree, LogisticRegression, Perceptron",3,10,5,0.6732758620689655,0.4118158541345999,0.6289264663680069,0.0187339272299399,0.0,0.057620222412318546,0.024044487168277198,0.6982758620689655,0.8137931034482758,0.8896551724137931
simple3_available,domain_label_score_shuffled,domain,shuffled,2.0,"DecisionTree, LogisticRegression, Perceptron",116,63,"DecisionTree, LogisticRegression, Perceptron",3,10,5,0.6655172413793103,0.39847194595436924,0.6203730556371232,0.019408908109162504,0.0,0.06549546632124359,0.02529242589767955,0.6870689655172414,0.8077586206896552,0.875
simple3_available,domain_label_score_shuffled,domain,shuffled,3.0,"DecisionTree, LogisticRegression, Perceptron",116,63,"DecisionTree, LogisticRegression, Perceptron",3,10,5,0.6793103448275862,0.41412448141529473,0.6369026812167589,0.018588896368864436,0.0,0.05711245734734755,0.023803611451664344,0.7025862068965517,0.8181034482758621,0.8905172413793103
simple3_available,domain_label_score_shuffled,domain,shuffled,4.0,"DecisionTree, LogisticRegression, Perceptron",116,63,"DecisionTree, LogisticRegression, Perceptron",3,10,5,0.678448275862069,0.41268486531644427,0.635508272078145,0.01876984723009862,0.0,0.05960222412318239,0.024338687847204526,0.7017241379310345,0.8163793103448276,0.8870689655172413
simple3_available,domain_label_score_shuffled,domain,shuffled,5.0,"DecisionTree, LogisticRegression, Perceptron",116,63,"DecisionTree, LogisticRegression, Perceptron",3,10,5,0.6836206896551724,0.4199688013396274,0.6426468478919846,0.018252653837269858,0.0,0.05708050816371946,0.02399033658300617,0.7086206896551724,0.821551724137931,0.8905172413793103
simple3_available,domain_label_score_shuffled,domain,shuffled,6.0,"DecisionTree, LogisticRegression, Perceptron",116,63,"DecisionTree, LogisticRegression, Perceptron",3,10,5,0.6732758620689655,0.40895701721788674,0.6268057592083078,0.019444230579810227,0.0,0.07022871314411683,0.025299196680356406,0.6982758620689655,0.8155172413793104,0.8810344827586207
simple3_available,domain_label_score_shuffled,domain,shuffled,7.0,"DecisionTree, LogisticRegression, Perceptron",116,63,"DecisionTree, LogisticRegression, Perceptron",3,10,5,0.6706896551724137,0.41087480774152896,0.6274976731343862,0.018671235350206542,0.0,0.05820954663212547,0.024637775401431958,0.6956896551724138,0.8155172413793104,0.8896551724137931
simple3_available,domain_label_score_shuffled,domain,shuffled,8.0,"DecisionTree, LogisticRegression, Perceptron",116,63,"DecisionTree, LogisticRegression, Perceptron",3,10,5,0.6715517241379311,0.4177607335161459,0.6290015078409816,0.019239549963075427,0.0,0.06549546632124359,0.02500909591539421,0.6982758620689655,0.8146551724137931,0.8853448275862069
simple3_available,domain_label_score_shuffled,domain,shuffled,9.0,"DecisionTree, LogisticRegression, Perceptron",116,63,"DecisionTree, LogisticRegression, Perceptron",3,10,5,0.6810344827586207,0.4134763241093762,0.63697202118126,0.018511028751229675,0.0,0.05708050816371946,0.02402025561248639,0.7051724137931035,0.8224137931034483,0.8948275862068965
simple3_available,domain_label_score_shuffled,domain,shuffled,10.0,"DecisionTree, LogisticRegression, Perceptron",116,63,"DecisionTree, LogisticRegression, Perceptron",3,10,5,0.6767241379310345,0.416267218883223,0.6335764336761578,0.018548984290793498,0.0,0.05708050816371946,0.02394066210446413,0.7008620689655173,0.8155172413793104,0.8913793103448275
simple3_available,domain_label_score_shuffled,domain,shuffled,11.0,"DecisionTree, LogisticRegression, Perceptron",116,63,"DecisionTree, LogisticRegression, Perceptron",3,10,5,0.6844827586206896,0.41777252012102223,0.6373684505079991,0.01772048023645918,0.0,0.05708050816371946,0.02314924105113988,0.7094827586206897,0.8258620689655173,0.8956896551724138
simple3_available,domain_label_score_shuffled,domain,shuffled,12.0,"DecisionTree, LogisticRegression, Perceptron",116,63,"DecisionTree, LogisticRegression, Perceptron",3,10,5,0.6758620689655173,0.41061813693392635,0.6328974813548316,0.018576597792198953,0.0,0.05740000000000001,0.024285365424884974,0.7,0.8198275862068966,0.8896551724137931
simple3_available,domain_label_score_shuffled,domain,shuffled,13.0,"DecisionTree, LogisticRegression, Perceptron",116,63,"DecisionTree, LogisticRegression, Perceptron",3,10,5,0.6793103448275862,0.4195663738073992,0.6370751587964683,0.017931702977316093,0.0,0.05708050816371946,0.023325573216775725,0.7034482758620689,0.8232758620689655,0.8931034482758621
simple3_available,domain_label_score_shuffled,domain,shuffled,14.0,"DecisionTree, LogisticRegression, Perceptron",116,63,"DecisionTree, LogisticRegression, Perceptron",3,10,5,0.6870689655172414,0.43298211048637353,0.6457967433435784,0.018508013088377337,0.0,0.05708050816371946,0.023942457825859256,0.7146551724137931,0.8241379310344827,0.8896551724137931
simple3_available,domain_label_score_shuffled,domain,shuffled,15.0,"DecisionTree, LogisticRegression, Perceptron",116,63,"DecisionTree, LogisticRegression, Perceptron",3,10,5,0.6767241379310345,0.40839185772548414,0.6315329120144949,0.018896466448798017,0.0,0.05960222412318239,0.024608888204203164,0.7025862068965517,0.8172413793103448,0.8887931034482759
simple3_available,domain_label_score_shuffled,domain,shuffled,16.0,"DecisionTree, LogisticRegression, Perceptron",116,63,"DecisionTree, LogisticRegression, Perceptron",3,10,5,0.6818965517241379,0.4155747878870318,0.6387467115234315,0.018596840590235357,0.0,0.05740000000000001,0.02389299595221327,0.7068965517241379,0.821551724137931,0.8887931034482759
simple3_available,domain_label_score_shuffled,domain,shuffled,17.0,"DecisionTree, LogisticRegression, Perceptron",116,63,"DecisionTree, LogisticRegression, Perceptron",3,10,5,0.6793103448275862,0.42180881664277664,0.6385732078527258,0.017476828327492894,0.0,0.05708050816371946,0.022484652057770983,0.7043103448275863,0.8232758620689655,0.8922413793103449
simple3_available,domain_label_score_shuffled,domain,shuffled,18.0,"DecisionTree, LogisticRegression, Perceptron",116,63,"DecisionTree, LogisticRegression, Perceptron",3,10,5,0.675,0.4107065820952527,0.6326209392765239,0.018047538489814753,0.0,0.05820954663212547,0.023583849705062377,0.7008620689655173,0.8181034482758621,0.8879310344827587
simple3_available,domain_label_score_shuffled,domain,shuffled,19.0,"DecisionTree, LogisticRegression, Perceptron",116,63,"DecisionTree, LogisticRegression, Perceptron",3,10,5,0.6818965517241379,0.422178554230561,0.6395770774603545,0.01828380129614732,0.0,0.057620222412318546,0.02363010410997508,0.7068965517241379,0.8189655172413793,0.8896551724137931
simple3_available,domain_label_score_shuffled,domain,shuffled,20.0,"DecisionTree, LogisticRegression, Perceptron",116,63,"DecisionTree, LogisticRegression, Perceptron",3,10,5,0.6724137931034483,0.414912687617138,0.6311778436335252,0.01864478110706768,0.0,0.06549546632124359,0.02431713799850077,0.6974137931034483,0.8172413793103448,0.8870689655172413
simple3_available,domain_label_score_shuffled,domain,shuffled,21.0,"DecisionTree, LogisticRegression, Perceptron",116,63,"DecisionTree, LogisticRegression, Perceptron",3,10,5,0.6758620689655173,0.4193984962406015,0.6358115115374644,0.018853317395806483,0.0,0.06549546632124359,0.02460709444459316,0.7,0.8155172413793104,0.8870689655172413
simple3_available,domain_label_score_shuffled,domain,shuffled,22.0,"DecisionTree, LogisticRegression, Perceptron",116,63,"DecisionTree, LogisticRegression, Perceptron",3,10,5,0.6862068965517242,0.4197789186355501,0.643346606921236,0.017578786155624006,0.0,0.05708050816371946,0.022925715672276383,0.7112068965517241,0.8267241379310345,0.8939655172413793
simple3_available,domain_label_score_shuffled,domain,shuffled,23.0,"DecisionTree, LogisticRegression, Perceptron",116,63,"DecisionTree, LogisticRegression, Perceptron",3,10,5,0.6672413793103448,0.3979960002474074,0.6205773265357919,0.018967888625920085,0.0,0.06549546632124359,0.024821126262487843,0.6896551724137931,0.8077586206896552,0.8827586206896552
simple3_available,domain_label_score_shuffled,domain,shuffled,24.0,"DecisionTree, LogisticRegression, Perceptron",116,63,"DecisionTree, LogisticRegression, Perceptron",3,10,5,0.6646551724137931,0.4008713559314345,0.62177834174752,0.018849965690745294,0.0,0.06549546632124359,0.024563063617213114,0.6913793103448276,0.8094827586206896,0.8853448275862069
simple3_available,domain_label_score_shuffled,domain,shuffled,25.0,"DecisionTree, LogisticRegression, Perceptron",116,63,"DecisionTree, LogisticRegression, Perceptron",3,10,5,0.6879310344827586,0.4174912649138413,0.6423500836588666,0.017620861208211862,0.0,0.05708050816371946,0.02278662809935183,0.7137931034482758,0.8284482758620689,0.8974137931034483
simple3_available,domain_label_score_shuffled,domain,shuffled,26.0,"DecisionTree, LogisticRegression, Perceptron",116,63,"DecisionTree, LogisticRegression, Perceptron",3,10,5,0.6741379310344827,0.42271667908567423,0.6299294068947714,0.018749641911409373,0.0,0.057620222412318546,0.02439502589510655,0.6982758620689655,0.8155172413793104,0.8870689655172413
simple3_available,domain_label_score_shuffled,domain,shuffled,27.0,"DecisionTree, LogisticRegression, Perceptron",116,63,"DecisionTree, LogisticRegression, Perceptron",3,10,5,0.678448275862069,0.4202764900965319,0.6372394396261963,0.018048103673419028,0.0,0.05708050816371946,0.023331007311516664,0.7034482758620689,0.8241379310344827,0.8948275862068965
simple3_available,domain_label_score_shuffled,domain,shuffled,28.0,"DecisionTree, LogisticRegression, Perceptron",116,63,"DecisionTree, LogisticRegression, Perceptron",3,10,5,0.6732758620689655,0.4076722016339514,0.6299820285232756,0.018998013364553062,0.0,0.05711245734734755,0.024582063547113207,0.6982758620689655,0.8163793103448276,0.8887931034482759
simple3_available,domain_label_score_shuffled,domain,shuffled,29.0,"DecisionTree, LogisticRegression, Perceptron",116,63,"DecisionTree, LogisticRegression, Perceptron",3,10,5,0.6741379310344827,0.4202596475792435,0.6320020130862127,0.01839177336559579,0.0,0.05708050816371946,0.02351797904048413,0.7,0.8189655172413793,0.8948275862068965
simple3_available,semantic_tags_fixed_vocab_shuffled,semantic,shuffled,0.0,"DecisionTree, LogisticRegression, Perceptron",116,63,"DecisionTree, LogisticRegression, Perceptron",3,10,5,0.6741379310344827,0.4123095846916393,0.6298456942832678,0.01879014744960242,0.0,0.05711245734734755,0.02456465757106527,0.7025862068965517,0.8172413793103448,0.8905172413793103
simple3_available,semantic_tags_fixed_vocab_shuffled,semantic,shuffled,1.0,"DecisionTree, LogisticRegression, Perceptron",116,63,"DecisionTree, LogisticRegression, Perceptron",3,10,5,0.6793103448275862,0.41698298538274564,0.6393241141640748,0.018089941347637035,0.0,0.06549546632124359,0.02284532771435579,0.7025862068965517,0.8206896551724138,0.8836206896551724
simple3_available,semantic_tags_fixed_vocab_shuffled,semantic,shuffled,2.0,"DecisionTree, LogisticRegression, Perceptron",116,63,"DecisionTree, LogisticRegression, Perceptron",3,10,5,0.6612068965517242,0.39769898946259685,0.6141633339446939,0.020008157871459598,0.0,0.06549546632124359,0.02613121460723454,0.6870689655172414,0.7991379310344827,0.871551724137931
simple3_available,semantic_tags_fixed_vocab_shuffled,semantic,shuffled,3.0,"DecisionTree, LogisticRegression, Perceptron",116,63,"DecisionTree, LogisticRegression, Perceptron",3,10,5,0.6637931034482759,0.39229904196982285,0.615509743836165,0.018348711979016545,0.0,0.05711245734734755,0.023346922760639478,0.6931034482758621,0.8163793103448276,0.8922413793103449
simple3_available,semantic_tags_fixed_vocab_shuffled,semantic,shuffled,4.0,"DecisionTree, LogisticRegression, Perceptron",116,63,"DecisionTree, LogisticRegression, Perceptron",3,10,5,0.6801724137931034,0.4131724928991523,0.6366382624760297,0.017837268514348862,0.0,0.046071012022641376,0.02319603489074431,0.7043103448275863,0.825,0.9008620689655172
simple3_available,semantic_tags_fixed_vocab_shuffled,semantic,shuffled,5.0,"DecisionTree, LogisticRegression, Perceptron",116,63,"DecisionTree, LogisticRegression, Perceptron",3,10,5,0.6741379310344827,0.40783267952477537,0.6304482991251892,0.01840260381655115,0.0,0.05960222412318239,0.023478149057476035,0.6974137931034483,0.8086206896551724,0.881896551724138
simple3_available,semantic_tags_fixed_vocab_shuffled,semantic,shuffled,6.0,"DecisionTree, LogisticRegression, Perceptron",116,63,"DecisionTree, LogisticRegression, Perceptron",3,10,5,0.6689655172413793,0.3970935683172348,0.6166008561370159,0.01988654893970434,0.0,0.05740000000000001,0.025311302567024026,0.6982758620689655,0.8077586206896552,0.8844827586206897
simple3_available,semantic_tags_fixed_vocab_shuffled,semantic,shuffled,7.0,"DecisionTree, LogisticRegression, Perceptron",116,63,"DecisionTree, LogisticRegression, Perceptron",3,10,5,0.6862068965517242,0.4115890083632019,0.6374212087504635,0.01793590489360363,0.0,0.054993765102086575,0.023353580412722345,0.7120689655172414,0.8258620689655173,0.8982758620689655
simple3_available,semantic_tags_fixed_vocab_shuffled,semantic,shuffled,8.0,"DecisionTree, LogisticRegression, Perceptron",116,63,"DecisionTree, LogisticRegression, Perceptron",3,10,5,0.6758620689655173,0.40538078238881453,0.6292569704103771,0.01795824081229882,0.0,0.05708050816371946,0.023395114734896815,0.7068965517241379,0.8258620689655173,0.8931034482758621
simple3_available,semantic_tags_fixed_vocab_shuffled,semantic,shuffled,9.0,"DecisionTree, LogisticRegression, Perceptron",116,63,"DecisionTree, LogisticRegression, Perceptron",3,10,5,0.6681034482758621,0.3970130549265243,0.620346069981994,0.020267404047270843,0.0,0.07022871314411683,0.02580054634994417,0.6913793103448276,0.8120689655172414,0.8844827586206897
simple3_available,semantic_tags_fixed_vocab_shuffled,semantic,shuffled,10.0,"DecisionTree, LogisticRegression, Perceptron",116,63,"DecisionTree, LogisticRegression, Perceptron",3,10,5,0.6741379310344827,0.3973353305832017,0.6226080626792321,0.02054776448325238,0.0,0.06549546632124359,0.025798809534986908,0.7,0.8120689655172414,0.8862068965517241
simple3_available,semantic_tags_fixed_vocab_shuffled,semantic,shuffled,11.0,"DecisionTree, LogisticRegression, Perceptron",116,63,"DecisionTree, LogisticRegression, Perceptron",3,10,5,0.6913793103448276,0.42829823726443683,0.6476912393405511,0.0171994295809603,0.0,0.04590272431351894,0.02210651254036837,0.7189655172413794,0.8327586206896552,0.9008620689655172
simple3_available,semantic_tags_fixed_vocab_shuffled,semantic,shuffled,12.0,"DecisionTree, LogisticRegression, Perceptron",116,63,"DecisionTree, LogisticRegression, Perceptron",3,10,5,0.6681034482758621,0.40167437927837507,0.6200661161042447,0.018350510602635612,0.0,0.05708050816371946,0.023647602887246787,0.696551724137931,0.821551724137931,0.8939655172413793
simple3_available,semantic_tags_fixed_vocab_shuffled,semantic,shuffled,13.0,"DecisionTree, LogisticRegression, Perceptron",116,63,"DecisionTree, LogisticRegression, Perceptron",3,10,5,0.6948275862068966,0.4298004534299796,0.6510624047753245,0.016160850057096464,0.0,0.038461538461538214,0.020908926092077673,0.7172413793103448,0.843103448275862,0.9094827586206896
simple3_available,semantic_tags_fixed_vocab_shuffled,semantic,shuffled,14.0,"DecisionTree, LogisticRegression, Perceptron",116,63,"DecisionTree, LogisticRegression, Perceptron",3,10,5,0.6793103448275862,0.41114169074813084,0.6346491935675207,0.018263330848847504,0.0,0.05708050816371946,0.023997430530158948,0.7077586206896552,0.8241379310344827,0.8922413793103449
simple3_available,semantic_tags_fixed_vocab_shuffled,semantic,shuffled,15.0,"DecisionTree, LogisticRegression, Perceptron",116,63,"DecisionTree, LogisticRegression, Perceptron",3,10,5,0.6672413793103448,0.4059521926538961,0.6225930866069503,0.019517093764634515,0.0,0.06549546632124359,0.02519022781831496,0.6956896551724138,0.8086206896551724,0.881896551724138
simple3_available,semantic_tags_fixed_vocab_shuffled,semantic,shuffled,16.0,"DecisionTree, LogisticRegression, Perceptron",116,63,"DecisionTree, LogisticRegression, Perceptron",3,10,5,0.6672413793103448,0.40690167684624595,0.6235677693609791,0.019622678209609095,0.0,0.06549546632124359,0.02545857464942932,0.6905172413793104,0.8060344827586207,0.8827586206896552
simple3_available,semantic_tags_fixed_vocab_shuffled,semantic,shuffled,17.0,"DecisionTree, LogisticRegression, Perceptron",116,63,"DecisionTree, LogisticRegression, Perceptron",3,10,5,0.678448275862069,0.4147990419616663,0.6334150375269858,0.017978335151147787,0.0,0.05960222412318239,0.02344692836547822,0.6982758620689655,0.8146551724137931,0.8810344827586207
simple3_available,semantic_tags_fixed_vocab_shuffled,semantic,shuffled,18.0,"DecisionTree, LogisticRegression, Perceptron",116,63,"DecisionTree, LogisticRegression, Perceptron",3,10,5,0.6724137931034483,0.4230411791462765,0.6328147813108448,0.017759029095931297,0.0,0.05708050816371946,0.022566291010159303,0.6982758620689655,0.8137931034482758,0.8931034482758621
simple3_available,semantic_tags_fixed_vocab_shuffled,semantic,shuffled,19.0,"DecisionTree, LogisticRegression, Perceptron",116,63,"DecisionTree, LogisticRegression, Perceptron",3,10,5,0.6870689655172414,0.4206172011045696,0.6405165425660926,0.01711851574853476,0.0,0.04590272431351894,0.02170374328851603,0.7155172413793104,0.8258620689655173,0.9017241379310345
simple3_available,semantic_tags_fixed_vocab_shuffled,semantic,shuffled,20.0,"DecisionTree, LogisticRegression, Perceptron",116,63,"DecisionTree, LogisticRegression, Perceptron",3,10,5,0.6594827586206896,0.39660433269041445,0.6132433926756081,0.021127866853948397,0.0,0.07022871314411683,0.026800997291041868,0.6836206896551724,0.7982758620689655,0.8724137931034482
simple3_available,semantic_tags_fixed_vocab_shuffled,semantic,shuffled,21.0,"DecisionTree, LogisticRegression, Perceptron",116,63,"DecisionTree, LogisticRegression, Perceptron",3,10,5,0.6844827586206896,0.4457176727243743,0.6432790223060899,0.01796236777569416,0.0,0.05708050816371946,0.022794182350227222,0.7112068965517241,0.825,0.8948275862068965
simple3_available,semantic_tags_fixed_vocab_shuffled,semantic,shuffled,22.0,"DecisionTree, LogisticRegression, Perceptron",116,63,"DecisionTree, LogisticRegression, Perceptron",3,10,5,0.6853448275862069,0.4127331633871343,0.6378809173637302,0.017457027677467277,0.0,0.05708050816371946,0.022797145998005825,0.7112068965517241,0.8275862068965517,0.8991379310344828
simple3_available,semantic_tags_fixed_vocab_shuffled,semantic,shuffled,23.0,"DecisionTree, LogisticRegression, Perceptron",116,63,"DecisionTree, LogisticRegression, Perceptron",3,10,5,0.6603448275862069,0.3911109870148806,0.6132112258519835,0.020527316663010612,0.0,0.07022871314411683,0.0266606600726023,0.6793103448275862,0.8008620689655173,0.8724137931034482
simple3_available,semantic_tags_fixed_vocab_shuffled,semantic,shuffled,24.0,"DecisionTree, LogisticRegression, Perceptron",116,63,"DecisionTree, LogisticRegression, Perceptron",3,10,5,0.6715517241379311,0.4079256600137773,0.6254129325928454,0.01873157876016868,0.0,0.05740000000000001,0.024551034717540617,0.696551724137931,0.8120689655172414,0.8879310344827587
simple3_available,semantic_tags_fixed_vocab_shuffled,semantic,shuffled,25.0,"DecisionTree, LogisticRegression, Perceptron",116,63,"DecisionTree, LogisticRegression, Perceptron",3,10,5,0.7017241379310345,0.42462825512248115,0.6526347280153981,0.01661023674021625,0.0,0.04590272431351894,0.02121885017487622,0.728448275862069,0.8396551724137931,0.9043103448275862
simple3_available,semantic_tags_fixed_vocab_shuffled,semantic,shuffled,26.0,"DecisionTree, LogisticRegression, Perceptron",116,63,"DecisionTree, LogisticRegression, Perceptron",3,10,5,0.6551724137931034,0.3838112133592632,0.6059808447061543,0.02007672097987894,0.0,0.07022871314411683,0.025831705650306347,0.6853448275862069,0.8,0.8741379310344828
simple3_available,semantic_tags_fixed_vocab_shuffled,semantic,shuffled,27.0,"DecisionTree, LogisticRegression, Perceptron",116,63,"DecisionTree, LogisticRegression, Perceptron",3,10,5,0.6758620689655173,0.4163875362746545,0.6290721214757827,0.019226449827714584,0.0,0.07022871314411683,0.02530667067565398,0.7034482758620689,0.8172413793103448,0.8862068965517241
simple3_available,semantic_tags_fixed_vocab_shuffled,semantic,shuffled,28.0,"DecisionTree, LogisticRegression, Perceptron",116,63,"DecisionTree, LogisticRegression, Perceptron",3,10,5,0.6698275862068965,0.4009402379638504,0.623860915233766,0.020700783493440882,0.0,0.06549546632124359,0.026568555964141323,0.6931034482758621,0.8094827586206896,0.8793103448275862
simple3_available,semantic_tags_fixed_vocab_shuffled,semantic,shuffled,29.0,"DecisionTree, LogisticRegression, Perceptron",116,63,"DecisionTree, LogisticRegression, Perceptron",3,10,5,0.6724137931034483,0.40498425065899113,0.6236192932470227,0.019462478833219186,0.0,0.05820954663212547,0.024880356618218746,0.6974137931034483,0.821551724137931,0.8896551724137931
simple3_available,context_full_shuffled,full,shuffled,0.0,"DecisionTree, LogisticRegression, Perceptron",116,63,"DecisionTree, LogisticRegression, Perceptron",3,10,5,0.6603448275862069,0.39652425136504227,0.6132939618967448,0.019108347334579553,0.0,0.057620222412318546,0.024538846857777862,0.6913793103448276,0.8077586206896552,0.881896551724138
simple3_available,context_full_shuffled,full,shuffled,1.0,"DecisionTree, LogisticRegression, Perceptron",116,63,"DecisionTree, LogisticRegression, Perceptron",3,10,5,0.675,0.4251980852265947,0.6362655302057565,0.018483905749438218,0.0,0.06549546632124359,0.02346837442493716,0.6991379310344827,0.8137931034482758,0.881896551724138
simple3_available,context_full_shuffled,full,shuffled,2.0,"DecisionTree, LogisticRegression, Perceptron",116,63,"DecisionTree, LogisticRegression, Perceptron",3,10,5,0.6551724137931034,0.3875662591537212,0.6086346361702869,0.020735293607557933,0.0,0.07022871314411683,0.026974973241087614,0.6801724137931034,0.7956896551724137,0.8646551724137931
simple3_available,context_full_shuffled,full,shuffled,3.0,"DecisionTree, LogisticRegression, Perceptron",116,63,"DecisionTree, LogisticRegression, Perceptron",3,10,5,0.6655172413793103,0.39573410289457134,0.6186722379559608,0.019205449699955985,0.0,0.05740000000000001,0.024330773571347296,0.6948275862068966,0.8181034482758621,0.8879310344827587
simple3_available,context_full_shuffled,full,shuffled,4.0,"DecisionTree, LogisticRegression, Perceptron",116,63,"DecisionTree, LogisticRegression, Perceptron",3,10,5,0.678448275862069,0.4104687606017567,0.6339837207492071,0.018550230431865797,0.0,0.05708050816371946,0.024254911294079955,0.7008620689655173,0.8189655172413793,0.8922413793103449
simple3_available,context_full_shuffled,full,shuffled,5.0,"DecisionTree, LogisticRegression, Perceptron",116,63,"DecisionTree, LogisticRegression, Perceptron",3,10,5,0.6732758620689655,0.40545581773651945,0.6283480836566137,0.018686587104688294,0.0,0.05960222412318239,0.023869936311799986,0.6982758620689655,0.8103448275862069,0.8810344827586207
simple3_available,context_full_shuffled,full,shuffled,6.0,"DecisionTree, LogisticRegression, Perceptron",116,63,"DecisionTree, LogisticRegression, Perceptron",3,10,5,0.6672413793103448,0.390612361004309,0.6112011222979575,0.020047027918350894,0.0,0.05820954663212547,0.025845156442880043,0.6956896551724138,0.8094827586206896,0.8827586206896552
simple3_available,context_full_shuffled,full,shuffled,7.0,"DecisionTree, LogisticRegression, Perceptron",116,63,"DecisionTree, LogisticRegression, Perceptron",3,10,5,0.6758620689655173,0.39979555368276487,0.6250336012554155,0.018885219012297914,0.0,0.05708050816371946,0.024744876371324005,0.7008620689655173,0.8189655172413793,0.8922413793103449
simple3_available,context_full_shuffled,full,shuffled,8.0,"DecisionTree, LogisticRegression, Perceptron",116,63,"DecisionTree, LogisticRegression, Perceptron",3,10,5,0.6689655172413793,0.4037361752603615,0.6217329500750082,0.018972851229390547,0.0,0.06549546632124359,0.024677787729680826,0.7017241379310345,0.8163793103448276,0.8827586206896552
simple3_available,context_full_shuffled,full,shuffled,9.0,"DecisionTree, LogisticRegression, Perceptron",116,63,"DecisionTree, LogisticRegression, Perceptron",3,10,5,0.6724137931034483,0.398017537469795,0.6227556915208463,0.019872408274333665,0.0,0.05740000000000001,0.025245313692022233,0.696551724137931,0.8189655172413793,0.8905172413793103
simple3_available,context_full_shuffled,full,shuffled,10.0,"DecisionTree, LogisticRegression, Perceptron",116,63,"DecisionTree, LogisticRegression, Perceptron",3,10,5,0.6698275862068965,0.3972228971237925,0.6168576231771409,0.02113289665426028,0.0,0.06596879100353156,0.02651001824110995,0.696551724137931,0.8060344827586207,0.8836206896551724
simple3_available,context_full_shuffled,full,shuffled,11.0,"DecisionTree, LogisticRegression, Perceptron",116,63,"DecisionTree, LogisticRegression, Perceptron",3,10,5,0.678448275862069,0.4040304047254635,0.6291380327149707,0.01796820289609275,0.0,0.05708050816371946,0.023430777667527082,0.7077586206896552,0.8241379310344827,0.8931034482758621
simple3_available,context_full_shuffled,full,shuffled,12.0,"DecisionTree, LogisticRegression, Perceptron",116,63,"DecisionTree, LogisticRegression, Perceptron",3,10,5,0.6543103448275862,0.39310075449502957,0.6050807062137208,0.019473730996263268,0.0,0.06549546632124359,0.025008586733086244,0.6810344827586207,0.8086206896551724,0.8827586206896552
simple3_available,context_full_shuffled,full,shuffled,13.0,"DecisionTree, LogisticRegression, Perceptron",116,63,"DecisionTree, LogisticRegression, Perceptron",3,10,5,0.6887931034482758,0.42065573188729477,0.64604977816454,0.016371569290989877,0.0,0.038461538461538214,0.02099042812574565,0.7103448275862069,0.8379310344827586,0.9051724137931034
simple3_available,context_full_shuffled,full,shuffled,14.0,"DecisionTree, LogisticRegression, Perceptron",116,63,"DecisionTree, LogisticRegression, Perceptron",3,10,5,0.6922413793103448,0.42050742240215927,0.6461911210386709,0.0175859587279809,0.0,0.047585601404740996,0.022638568470444955,0.7206896551724138,0.8344827586206897,0.9008620689655172
simple3_available,context_full_shuffled,full,shuffled,15.0,"DecisionTree, LogisticRegression, Perceptron",116,63,"DecisionTree, LogisticRegression, Perceptron",3,10,5,0.6672413793103448,0.4041081268082145,0.6213506592030672,0.018687668230314775,0.0,0.05740000000000001,0.02408104694794542,0.696551724137931,0.8137931034482758,0.8887931034482759
simple3_available,context_full_shuffled,full,shuffled,16.0,"DecisionTree, LogisticRegression, Perceptron",116,63,"DecisionTree, LogisticRegression, Perceptron",3,10,5,0.656896551724138,0.3867644398252401,0.6088240740187675,0.02061220062947965,0.0,0.06549546632124359,0.02651720659442129,0.6810344827586207,0.8008620689655173,0.8775862068965518
simple3_available,context_full_shuffled,full,shuffled,17.0,"DecisionTree, LogisticRegression, Perceptron",116,63,"DecisionTree, LogisticRegression, Perceptron",3,10,5,0.6905172413793104,0.42045768498970465,0.6416239305868999,0.016586780696219546,0.0,0.05708050816371946,0.02137399056073303,0.7112068965517241,0.8275862068965517,0.8913793103448275
simple3_available,context_full_shuffled,full,shuffled,18.0,"DecisionTree, LogisticRegression, Perceptron",116,63,"DecisionTree, LogisticRegression, Perceptron",3,10,5,0.6767241379310345,0.4203742893931917,0.6363806981212463,0.01780503383930344,0.0,0.05711245734734755,0.02248853885914011,0.7034482758620689,0.8181034482758621,0.8913793103448275
simple3_available,context_full_shuffled,full,shuffled,19.0,"DecisionTree, LogisticRegression, Perceptron",116,63,"DecisionTree, LogisticRegression, Perceptron",3,10,5,0.696551724137931,0.43523517793060157,0.6505825627838102,0.016762327943150104,0.0,0.04590272431351894,0.021142041838219806,0.7224137931034482,0.8318965517241379,0.9043103448275862
simple3_available,context_full_shuffled,full,shuffled,20.0,"DecisionTree, LogisticRegression, Perceptron",116,63,"DecisionTree, LogisticRegression, Perceptron",3,10,5,0.6620689655172414,0.40470398744739106,0.6166963592320114,0.020901755871862496,0.0,0.07022871314411683,0.026621722890225963,0.6853448275862069,0.8017241379310345,0.8741379310344828
simple3_available,context_full_shuffled,full,shuffled,21.0,"DecisionTree, LogisticRegression, Perceptron",116,63,"DecisionTree, LogisticRegression, Perceptron",3,10,5,0.6758620689655173,0.43112640072388797,0.6325211961065483,0.018345196633000358,0.0,0.05711245734734755,0.023587036691628104,0.7043103448275863,0.8181034482758621,0.8913793103448275
simple3_available,context_full_shuffled,full,shuffled,22.0,"DecisionTree, LogisticRegression, Perceptron",116,63,"DecisionTree, LogisticRegression, Perceptron",3,10,5,0.6801724137931034,0.4087689549138764,0.6332412136852233,0.017509763297007014,0.0,0.05708050816371946,0.022591167952763506,0.7060344827586207,0.8258620689655173,0.8974137931034483
simple3_available,context_full_shuffled,full,shuffled,23.0,"DecisionTree, LogisticRegression, Perceptron",116,63,"DecisionTree, LogisticRegression, Perceptron",3,10,5,0.6586206896551724,0.3871467727366123,0.6096004971427128,0.020632531360101975,0.0,0.07022871314411683,0.026849724275909034,0.6793103448275862,0.7982758620689655,0.8706896551724138
simple3_available,context_full_shuffled,full,shuffled,24.0,"DecisionTree, LogisticRegression, Perceptron",116,63,"DecisionTree, LogisticRegression, Perceptron",3,10,5,0.6758620689655173,0.39852047922692657,0.6240352191620675,0.018611278706109527,0.0,0.05740000000000001,0.02400144489787501,0.7043103448275863,0.8163793103448276,0.8887931034482759
simple3_available,context_full_shuffled,full,shuffled,25.0,"DecisionTree, LogisticRegression, Perceptron",116,63,"DecisionTree, LogisticRegression, Perceptron",3,10,5,0.6948275862068966,0.41389674766105444,0.6422340789739288,0.01740467853400299,0.0,0.047585601404740996,0.022535961935135768,0.721551724137931,0.8353448275862069,0.9008620689655172
simple3_available,context_full_shuffled,full,shuffled,26.0,"DecisionTree, LogisticRegression, Perceptron",116,63,"DecisionTree, LogisticRegression, Perceptron",3,10,5,0.6672413793103448,0.4178292546049527,0.6204750933256323,0.019783420369361256,0.0,0.06549546632124359,0.02503047175336055,0.6896551724137931,0.803448275862069,0.878448275862069
simple3_available,context_full_shuffled,full,shuffled,27.0,"DecisionTree, LogisticRegression, Perceptron",116,63,"DecisionTree, LogisticRegression, Perceptron",3,10,5,0.6767241379310345,0.4220633606864204,0.6344590260519354,0.019413195441368932,0.0,0.07022871314411683,0.025503751292663596,0.6991379310344827,0.8172413793103448,0.8836206896551724
simple3_available,context_full_shuffled,full,shuffled,28.0,"DecisionTree, LogisticRegression, Perceptron",116,63,"DecisionTree, LogisticRegression, Perceptron",3,10,5,0.6629310344827586,0.3899172619152429,0.6132472348845855,0.0215099675538986,0.0,0.06596879100353156,0.027494907589187483,0.6887931034482758,0.8043103448275862,0.875
simple3_available,context_full_shuffled,full,shuffled,29.0,"DecisionTree, LogisticRegression, Perceptron",116,63,"DecisionTree, LogisticRegression, Perceptron",3,10,5,0.6818965517241379,0.41715909281321734,0.6324546832016806,0.01883069061157452,0.0,0.048535092080640135,0.024031827066435463,0.7068965517241379,0.8310344827586207,0.9
simple3_same107,stats_only,none,real,,"DecisionTree, LogisticRegression, Perceptron",107,63,"DecisionTree, LogisticRegression, Perceptron",3,10,5,0.6588785046728972,0.40666975572169345,0.6148882266812999,0.019444170344327313,0.0,0.07022871314411683,0.02493761300671743,0.6869158878504673,0.8186915887850468,0.888785046728972
simple3_same107,domain_label_score,domain,real,,"DecisionTree, LogisticRegression, Perceptron",107,63,"DecisionTree, LogisticRegression, Perceptron",3,10,5,0.6813084112149532,0.4266527179106882,0.6382549418156555,0.01754645906200758,0.0,0.038461538461538214,0.022145318622511026,0.7074766355140187,0.8401869158878504,0.9074766355140187
simple3_same107,semantic_tags_fixed_vocab,semantic,real,,"DecisionTree, LogisticRegression, Perceptron",107,63,"DecisionTree, LogisticRegression, Perceptron",3,10,5,0.6728971962616822,0.41692095091787845,0.6276800642261542,0.017001963627931115,0.0,0.04607101202264118,0.02152881571198704,0.7037383177570093,0.8355140186915888,0.9018691588785047
simple3_same107,context_full,full,real,,"DecisionTree, LogisticRegression, Perceptron",107,63,"DecisionTree, LogisticRegression, Perceptron",3,10,5,0.6831775700934579,0.43284632556822933,0.6433990242769153,0.016476377713421718,0.0,0.038461538461538214,0.020600453687568302,0.711214953271028,0.8448598130841122,0.9158878504672897
simple3_same107,domain_label_score_shuffled,domain,shuffled,0.0,"DecisionTree, LogisticRegression, Perceptron",107,63,"DecisionTree, LogisticRegression, Perceptron",3,10,5,0.6598130841121496,0.4078597134070536,0.6162166135361445,0.0184314091446328,0.0,0.06549546632124359,0.023468309888995214,0.688785046728972,0.8242990654205608,0.891588785046729
simple3_same107,domain_label_score_shuffled,domain,shuffled,1.0,"DecisionTree, LogisticRegression, Perceptron",107,63,"DecisionTree, LogisticRegression, Perceptron",3,10,5,0.6514018691588785,0.40175204408761084,0.6085827854645642,0.020021265491731315,0.0,0.07022871314411683,0.02526195951148598,0.6785046728971963,0.811214953271028,0.8841121495327103
simple3_same107,domain_label_score_shuffled,domain,shuffled,2.0,"DecisionTree, LogisticRegression, Perceptron",107,63,"DecisionTree, LogisticRegression, Perceptron",3,10,5,0.6626168224299065,0.404745172796291,0.6147855529002704,0.019159462599011648,0.0,0.07022871314411683,0.024339886628240676,0.6906542056074766,0.8177570093457944,0.888785046728972
simple3_same107,domain_label_score_shuffled,domain,shuffled,3.0,"DecisionTree, LogisticRegression, Perceptron",107,63,"DecisionTree, LogisticRegression, Perceptron",3,10,5,0.6607476635514019,0.40812509890236354,0.6167151414292036,0.0199171115124113,0.0,0.07022871314411683,0.02511595989273125,0.6878504672897197,0.8205607476635514,0.8906542056074767
simple3_same107,domain_label_score_shuffled,domain,shuffled,4.0,"DecisionTree, LogisticRegression, Perceptron",107,63,"DecisionTree, LogisticRegression, Perceptron",3,10,5,0.6495327102803738,0.40521703803838444,0.6066434080354411,0.02050812344884019,0.0,0.07054609362014333,0.026122399208723085,0.680373831775701,0.8046728971962617,0.8813084112149533
simple3_same107,domain_label_score_shuffled,domain,shuffled,5.0,"DecisionTree, LogisticRegression, Perceptron",107,63,"DecisionTree, LogisticRegression, Perceptron",3,10,5,0.6542056074766355,0.4005452827499565,0.6086890190282866,0.018748224923844512,0.0,0.06549546632124359,0.024008091789972343,0.6831775700934579,0.8168224299065421,0.8925233644859814
simple3_same107,domain_label_score_shuffled,domain,shuffled,6.0,"DecisionTree, LogisticRegression, Perceptron",107,63,"DecisionTree, LogisticRegression, Perceptron",3,10,5,0.6672897196261682,0.4127978152368396,0.6225287125674633,0.01786811115495133,0.0,0.05740000000000001,0.022589597257718703,0.6953271028037383,0.8242990654205608,0.8962616822429906
simple3_same107,domain_label_score_shuffled,domain,shuffled,7.0,"DecisionTree, LogisticRegression, Perceptron",107,63,"DecisionTree, LogisticRegression, Perceptron",3,10,5,0.6560747663551402,0.4110963822885209,0.6134507486664293,0.0191784209361897,0.0,0.07022871314411683,0.024253552375024107,0.6850467289719626,0.8158878504672897,0.8803738317757009
simple3_same107,domain_label_score_shuffled,domain,shuffled,8.0,"DecisionTree, LogisticRegression, Perceptron",107,63,"DecisionTree, LogisticRegression, Perceptron",3,10,5,0.6635514018691588,0.4117279319829958,0.620433145669595,0.018039703388672557,0.0,0.06549546632124359,0.02267070185587708,0.6925233644859813,0.8242990654205608,0.8953271028037383
simple3_same107,domain_label_score_shuffled,domain,shuffled,9.0,"DecisionTree, LogisticRegression, Perceptron",107,63,"DecisionTree, LogisticRegression, Perceptron",3,10,5,0.6588785046728972,0.406010749438217,0.6144954932704557,0.01870918499465259,0.0,0.06549546632124359,0.02423040252227187,0.6869158878504673,0.8186915887850468,0.891588785046729
simple3_same107,domain_label_score_shuffled,domain,shuffled,10.0,"DecisionTree, LogisticRegression, Perceptron",107,63,"DecisionTree, LogisticRegression, Perceptron",3,10,5,0.6626168224299065,0.4076872997322159,0.6170375336320973,0.019595573387822005,0.0,0.06549546632124359,0.02458139650957969,0.6906542056074766,0.8214953271028037,0.8925233644859814
simple3_same107,domain_label_score_shuffled,domain,shuffled,11.0,"DecisionTree, LogisticRegression, Perceptron",107,63,"DecisionTree, LogisticRegression, Perceptron",3,10,5,0.6542056074766355,0.4007833570364531,0.609002466289325,0.019426661733546593,0.0,0.07022871314411683,0.02507354804288286,0.6822429906542056,0.8205607476635514,0.8878504672897196
simple3_same107,domain_label_score_shuffled,domain,shuffled,12.0,"DecisionTree, LogisticRegression, Perceptron",107,63,"DecisionTree, LogisticRegression, Perceptron",3,10,5,0.6616822429906543,0.4148272156084656,0.6221935960910844,0.019035648914547978,0.0,0.06549546632124359,0.023965257373626574,0.685981308411215,0.8205607476635514,0.8953271028037383
simple3_same107,domain_label_score_shuffled,domain,shuffled,13.0,"DecisionTree, LogisticRegression, Perceptron",107,63,"DecisionTree, LogisticRegression, Perceptron",3,10,5,0.6570093457943925,0.4086204433480372,0.6159146766661502,0.018883966542587734,0.0,0.06549546632124359,0.02402360232635143,0.6841121495327103,0.8214953271028037,0.891588785046729
simple3_same107,domain_label_score_shuffled,domain,shuffled,14.0,"DecisionTree, LogisticRegression, Perceptron",107,63,"DecisionTree, LogisticRegression, Perceptron",3,10,5,0.6616822429906543,0.4080943127348102,0.6168491633098568,0.01974816088497343,0.0,0.07022871314411683,0.024963707243962695,0.6897196261682244,0.8130841121495327,0.8822429906542056
simple3_same107,domain_label_score_shuffled,domain,shuffled,15.0,"DecisionTree, LogisticRegression, Perceptron",107,63,"DecisionTree, LogisticRegression, Perceptron",3,10,5,0.6710280373831776,0.417617915144336,0.6235844738209445,0.01791987451902456,0.0,0.05740000000000001,0.023133974772389317,0.6990654205607477,0.8308411214953271,0.8943925233644859
simple3_same107,domain_label_score_shuffled,domain,shuffled,16.0,"DecisionTree, LogisticRegression, Perceptron",107,63,"DecisionTree, LogisticRegression, Perceptron",3,10,5,0.6710280373831776,0.4194799262118723,0.6290786596784148,0.018439403739746122,0.0,0.05820954663212455,0.023066168520781454,0.7,0.8327102803738318,0.897196261682243
simple3_same107,domain_label_score_shuffled,domain,shuffled,17.0,"DecisionTree, LogisticRegression, Perceptron",107,63,"DecisionTree, LogisticRegression, Perceptron",3,10,5,0.6588785046728972,0.411059375649506,0.614303016246054,0.01918650673172556,0.0,0.06549546632124359,0.024560886516429233,0.6869158878504673,0.8186915887850468,0.8859813084112149
simple3_same107,domain_label_score_shuffled,domain,shuffled,18.0,"DecisionTree, LogisticRegression, Perceptron",107,63,"DecisionTree, LogisticRegression, Perceptron",3,10,5,0.6579439252336449,0.40312267262474727,0.6120396085087596,0.018627851833139808,0.0,0.05740000000000001,0.02335906709523578,0.685981308411215,0.819626168224299,0.8962616822429906
simple3_same107,domain_label_score_shuffled,domain,shuffled,19.0,"DecisionTree, LogisticRegression, Perceptron",107,63,"DecisionTree, LogisticRegression, Perceptron",3,10,5,0.6663551401869159,0.4170909920902964,0.6213947330232783,0.019066495592233938,0.0,0.06596879100353102,0.0244871391111197,0.694392523364486,0.8186915887850468,0.8943925233644859
simple3_same107,domain_label_score_shuffled,domain,shuffled,20.0,"DecisionTree, LogisticRegression, Perceptron",107,63,"DecisionTree, LogisticRegression, Perceptron",3,10,5,0.677570093457944,0.41953649212417315,0.6313081814282857,0.018464636380164795,0.0,0.05740000000000001,0.023469891993481748,0.7037383177570093,0.8364485981308412,0.897196261682243
simple3_same107,domain_label_score_shuffled,domain,shuffled,21.0,"DecisionTree, LogisticRegression, Perceptron",107,63,"DecisionTree, LogisticRegression, Perceptron",3,10,5,0.6626168224299065,0.4064203268874191,0.6159981044839352,0.018186972358627172,0.0,0.05820954663212455,0.023276638269133128,0.6925233644859813,0.8233644859813084,0.8953271028037383
simple3_same107,domain_label_score_shuffled,domain,shuffled,22.0,"DecisionTree, LogisticRegression, Perceptron",107,63,"DecisionTree, LogisticRegression, Perceptron",3,10,5,0.6635514018691588,0.40695733469768985,0.6168347927566382,0.01874901865801976,0.0,0.05820954663212455,0.023952605557041127,0.6915887850467289,0.8242990654205608,0.8943925233644859
simple3_same107,domain_label_score_shuffled,domain,shuffled,23.0,"DecisionTree, LogisticRegression, Perceptron",107,63,"DecisionTree, LogisticRegression, Perceptron",3,10,5,0.6560747663551402,0.40239453885075066,0.6106690415082596,0.019667568698279504,0.0,0.07022871314411683,0.0252010578969136,0.6841121495327103,0.8158878504672897,0.8906542056074767
simple3_same107,domain_label_score_shuffled,domain,shuffled,24.0,"DecisionTree, LogisticRegression, Perceptron",107,63,"DecisionTree, LogisticRegression, Perceptron",3,10,5,0.6616822429906543,0.41446385449897954,0.6184604511659535,0.018485254533195845,0.0,0.04590272431351894,0.02368344442754698,0.6897196261682244,0.8289719626168224,0.9009345794392524
simple3_same107,domain_label_score_shuffled,domain,shuffled,25.0,"DecisionTree, LogisticRegression, Perceptron",107,63,"DecisionTree, LogisticRegression, Perceptron",3,10,5,0.6532710280373831,0.4050397042726803,0.6079837359897006,0.02007665491967766,0.0,0.07022871314411683,0.025890109570349384,0.6813084112149532,0.8158878504672897,0.8878504672897196
simple3_same107,domain_label_score_shuffled,domain,shuffled,26.0,"DecisionTree, LogisticRegression, Perceptron",107,63,"DecisionTree, LogisticRegression, Perceptron",3,10,5,0.6588785046728972,0.40448529076990125,0.613126857455892,0.01953037382418415,0.0,0.07022871314411683,0.025301923814839814,0.685981308411215,0.8149532710280374,0.888785046728972
simple3_same107,domain_label_score_shuffled,domain,shuffled,27.0,"DecisionTree, LogisticRegression, Perceptron",107,63,"DecisionTree, LogisticRegression, Perceptron",3,10,5,0.6626168224299065,0.4079986741557524,0.6173168976008777,0.018480867397945057,0.0,0.06549546632124359,0.02368219208402202,0.6915887850467289,0.8242990654205608,0.891588785046729
simple3_same107,domain_label_score_shuffled,domain,shuffled,28.0,"DecisionTree, LogisticRegression, Perceptron",107,63,"DecisionTree, LogisticRegression, Perceptron",3,10,5,0.6635514018691588,0.406336928160654,0.6162781663308865,0.018806337547534625,0.0,0.06459954663212446,0.02389456344563544,0.6915887850467289,0.8242990654205608,0.8925233644859814
simple3_same107,domain_label_score_shuffled,domain,shuffled,29.0,"DecisionTree, LogisticRegression, Perceptron",107,63,"DecisionTree, LogisticRegression, Perceptron",3,10,5,0.6570093457943925,0.408627133072649,0.6161218444314003,0.018801148648139313,0.0,0.06549546632124359,0.02402497591185631,0.6850467289719626,0.8271028037383178,0.8934579439252337
simple3_same107,semantic_tags_fixed_vocab_shuffled,semantic,shuffled,0.0,"DecisionTree, LogisticRegression, Perceptron",107,63,"DecisionTree, LogisticRegression, Perceptron",3,10,5,0.6411214953271028,0.3925518937613028,0.5940050246907161,0.020178222098355052,0.0,0.07022871314411683,0.025957326349307662,0.6728971962616822,0.8065420560747664,0.8785046728971962
simple3_same107,semantic_tags_fixed_vocab_shuffled,semantic,shuffled,1.0,"DecisionTree, LogisticRegression, Perceptron",107,63,"DecisionTree, LogisticRegression, Perceptron",3,10,5,0.6476635514018692,0.38953289821070364,0.5978935458768918,0.021023488705336196,0.0,0.07022871314411683,0.026305455639112987,0.6757009345794392,0.802803738317757,0.8794392523364486
simple3_same107,semantic_tags_fixed_vocab_shuffled,semantic,shuffled,2.0,"DecisionTree, LogisticRegression, Perceptron",107,63,"DecisionTree, LogisticRegression, Perceptron",3,10,5,0.6626168224299065,0.40270159804348554,0.6132402375445505,0.019096354246942643,0.0,0.06599199883119035,0.024475930802349326,0.6915887850467289,0.8205607476635514,0.8925233644859814
simple3_same107,semantic_tags_fixed_vocab_shuffled,semantic,shuffled,3.0,"DecisionTree, LogisticRegression, Perceptron",107,63,"DecisionTree, LogisticRegression, Perceptron",3,10,5,0.6616822429906543,0.40083107034162263,0.6114017412629602,0.02046245151267475,0.0,0.07060396095196227,0.026142210512698015,0.6897196261682244,0.8168224299065421,0.8859813084112149
simple3_same107,semantic_tags_fixed_vocab_shuffled,semantic,shuffled,4.0,"DecisionTree, LogisticRegression, Perceptron",107,63,"DecisionTree, LogisticRegression, Perceptron",3,10,5,0.6607476635514019,0.4375215252559328,0.6145179512087947,0.019846694618397907,0.0,0.07022871314411683,0.025679189310268212,0.688785046728972,0.8121495327102803,0.8850467289719626
simple3_same107,semantic_tags_fixed_vocab_shuffled,semantic,shuffled,5.0,"DecisionTree, LogisticRegression, Perceptron",107,63,"DecisionTree, LogisticRegression, Perceptron",3,10,5,0.6420560747663552,0.38282893905762183,0.5910886830935282,0.022581032519849543,0.0,0.07340251790438113,0.028692720032823037,0.6700934579439253,0.8,0.8757009345794392
simple3_same107,semantic_tags_fixed_vocab_shuffled,semantic,shuffled,6.0,"DecisionTree, LogisticRegression, Perceptron",107,63,"DecisionTree, LogisticRegression, Perceptron",3,10,5,0.6570093457943925,0.3973267726785452,0.6070712806414776,0.019354213532487376,0.0,0.06549546632124359,0.024838194609286223,0.6841121495327103,0.8074766355140187,0.8878504672897196
simple3_same107,semantic_tags_fixed_vocab_shuffled,semantic,shuffled,7.0,"DecisionTree, LogisticRegression, Perceptron",107,63,"DecisionTree, LogisticRegression, Perceptron",3,10,5,0.6392523364485981,0.38645017613449145,0.5892208421477678,0.020965533866464117,0.0,0.07398119122257041,0.026809317851669554,0.6663551401869159,0.8093457943925234,0.874766355140187
simple3_same107,semantic_tags_fixed_vocab_shuffled,semantic,shuffled,8.0,"DecisionTree, LogisticRegression, Perceptron",107,63,"DecisionTree, LogisticRegression, Perceptron",3,10,5,0.6532710280373831,0.39079549845375466,0.600769899678858,0.01977180781489204,0.0,0.07022871314411683,0.025192646129153867,0.6841121495327103,0.8121495327102803,0.888785046728972
simple3_same107,semantic_tags_fixed_vocab_shuffled,semantic,shuffled,9.0,"DecisionTree, LogisticRegression, Perceptron",107,63,"DecisionTree, LogisticRegression, Perceptron",3,10,5,0.6626168224299065,0.4063446363830241,0.6161240365699798,0.018813734466912924,0.0,0.058110000000000175,0.02401953737920963,0.6906542056074766,0.8214953271028037,0.8925233644859814
simple3_same107,semantic_tags_fixed_vocab_shuffled,semantic,shuffled,10.0,"DecisionTree, LogisticRegression, Perceptron",107,63,"DecisionTree, LogisticRegression, Perceptron",3,10,5,0.6542056074766355,0.39781028740965735,0.602597512265356,0.020495316267129766,0.0,0.07022871314411683,0.025742899826449242,0.6841121495327103,0.8074766355140187,0.8822429906542056
simple3_same107,semantic_tags_fixed_vocab_shuffled,semantic,shuffled,11.0,"DecisionTree, LogisticRegression, Perceptron",107,63,"DecisionTree, LogisticRegression, Perceptron",3,10,5,0.6457943925233645,0.38783605349425715,0.596054500583853,0.020442200152859243,0.0,0.07022871314411683,0.02603781013298402,0.6738317757009346,0.8084112149532711,0.8822429906542056
simple3_same107,semantic_tags_fixed_vocab_shuffled,semantic,shuffled,12.0,"DecisionTree, LogisticRegression, Perceptron",107,63,"DecisionTree, LogisticRegression, Perceptron",3,10,5,0.6682242990654206,0.4202190782051376,0.6220907157141568,0.019391384619216225,0.0,0.05740000000000001,0.024834033996857588,0.6953271028037383,0.8233644859813084,0.8962616822429906
simple3_same107,semantic_tags_fixed_vocab_shuffled,semantic,shuffled,13.0,"DecisionTree, LogisticRegression, Perceptron",107,63,"DecisionTree, LogisticRegression, Perceptron",3,10,5,0.6560747663551402,0.4068139701166312,0.6103205766017389,0.01996361780935385,0.0,0.07022871314411683,0.025724791047350502,0.6831775700934579,0.8168224299065421,0.8869158878504673
simple3_same107,semantic_tags_fixed_vocab_shuffled,semantic,shuffled,14.0,"DecisionTree, LogisticRegression, Perceptron",107,63,"DecisionTree, LogisticRegression, Perceptron",3,10,5,0.6607476635514019,0.403606166937553,0.6132485343704354,0.019683875738306066,0.0,0.06596879100353102,0.02531153795566793,0.6906542056074766,0.8158878504672897,0.8869158878504673
simple3_same107,semantic_tags_fixed_vocab_shuffled,semantic,shuffled,15.0,"DecisionTree, LogisticRegression, Perceptron",107,63,"DecisionTree, LogisticRegression, Perceptron",3,10,5,0.6579439252336449,0.4031124506365382,0.6079523646794572,0.01919478101291557,0.0,0.06549546632124359,0.024773171342001826,0.6850467289719626,0.8168224299065421,0.8897196261682243
simple3_same107,semantic_tags_fixed_vocab_shuffled,semantic,shuffled,16.0,"DecisionTree, LogisticRegression, Perceptron",107,63,"DecisionTree, LogisticRegression, Perceptron",3,10,5,0.6691588785046729,0.4075026350250727,0.6190520894681683,0.019778950939133715,0.0,0.06599199883119035,0.02544961717051517,0.697196261682243,0.8242990654205608,0.8906542056074767
simple3_same107,semantic_tags_fixed_vocab_shuffled,semantic,shuffled,17.0,"DecisionTree, LogisticRegression, Perceptron",107,63,"DecisionTree, LogisticRegression, Perceptron",3,10,5,0.6523364485981309,0.3999422688963216,0.6038605390036267,0.019362832975558273,0.0,0.058110000000000175,0.024644184823266677,0.6822429906542056,0.8177570093457944,0.891588785046729
simple3_same107,semantic_tags_fixed_vocab_shuffled,semantic,shuffled,18.0,"DecisionTree, LogisticRegression, Perceptron",107,63,"DecisionTree, LogisticRegression, Perceptron",3,10,5,0.6373831775700934,0.38590971924305256,0.5916691056877973,0.020470247889910486,0.0,0.07022871314411683,0.026116227573578055,0.6663551401869159,0.8018691588785046,0.883177570093458
simple3_same107,semantic_tags_fixed_vocab_shuffled,semantic,shuffled,19.0,"DecisionTree, LogisticRegression, Perceptron",107,63,"DecisionTree, LogisticRegression, Perceptron",3,10,5,0.6495327102803738,0.3907936864473253,0.5997007440488686,0.019349562110269027,0.0,0.06549546632124359,0.02473093015479409,0.6766355140186916,0.811214953271028,0.888785046728972
simple3_same107,semantic_tags_fixed_vocab_shuffled,semantic,shuffled,20.0,"DecisionTree, LogisticRegression, Perceptron",107,63,"DecisionTree, LogisticRegression, Perceptron",3,10,5,0.6663551401869159,0.4058621054089316,0.6171914961097847,0.018980673899563257,0.0,0.05740000000000001,0.024159395512933692,0.6934579439252336,0.8261682242990654,0.8953271028037383
simple3_same107,semantic_tags_fixed_vocab_shuffled,semantic,shuffled,21.0,"DecisionTree, LogisticRegression, Perceptron",107,63,"DecisionTree, LogisticRegression, Perceptron",3,10,5,0.6560747663551402,0.39886525434698195,0.6081941934862107,0.0193779197241561,0.0,0.06549546632124359,0.024662808757143544,0.6850467289719626,0.8158878504672897,0.8869158878504673
simple3_same107,semantic_tags_fixed_vocab_shuffled,semantic,shuffled,22.0,"DecisionTree, LogisticRegression, Perceptron",107,63,"DecisionTree, LogisticRegression, Perceptron",3,10,5,0.6560747663551402,0.40535879623816057,0.6092463028303645,0.019459862461043496,0.0,0.06549546632124359,0.024481000229880368,0.685981308411215,0.8168224299065421,0.8878504672897196
simple3_same107,semantic_tags_fixed_vocab_shuffled,semantic,shuffled,23.0,"DecisionTree, LogisticRegression, Perceptron",107,63,"DecisionTree, LogisticRegression, Perceptron",3,10,5,0.6504672897196262,0.39117457397919625,0.6003398854430788,0.021043276299372166,0.0,0.07398119122257041,0.02694571303692435,0.6813084112149532,0.8121495327102803,0.8822429906542056
simple3_same107,semantic_tags_fixed_vocab_shuffled,semantic,shuffled,24.0,"DecisionTree, LogisticRegression, Perceptron",107,63,"DecisionTree, LogisticRegression, Perceptron",3,10,5,0.6626168224299065,0.4095524882527057,0.6095496564513454,0.019395326671887463,0.0,0.05740000000000001,0.02492287666584658,0.6897196261682244,0.8130841121495327,0.891588785046729
simple3_same107,semantic_tags_fixed_vocab_shuffled,semantic,shuffled,25.0,"DecisionTree, LogisticRegression, Perceptron",107,63,"DecisionTree, LogisticRegression, Perceptron",3,10,5,0.6579439252336449,0.39736662017515706,0.6075578962756174,0.01891049710624338,0.0,0.04705245188216731,0.024381475637041662,0.6850467289719626,0.8214953271028037,0.9
simple3_same107,semantic_tags_fixed_vocab_shuffled,semantic,shuffled,26.0,"DecisionTree, LogisticRegression, Perceptron",107,63,"DecisionTree, LogisticRegression, Perceptron",3,10,5,0.6429906542056075,0.3858035968010392,0.5933509527337957,0.020578522115165556,0.0,0.07210315907589929,0.026525409176023054,0.6710280373831776,0.8018691588785046,0.8766355140186916
simple3_same107,semantic_tags_fixed_vocab_shuffled,semantic,shuffled,27.0,"DecisionTree, LogisticRegression, Perceptron",107,63,"DecisionTree, LogisticRegression, Perceptron",3,10,5,0.6616822429906543,0.4135312788024874,0.6134166029250857,0.01992092240491597,0.0,0.0654980449687613,0.0248935942034337,0.688785046728972,0.8168224299065421,0.8859813084112149
simple3_same107,semantic_tags_fixed_vocab_shuffled,semantic,shuffled,28.0,"DecisionTree, LogisticRegression, Perceptron",107,63,"DecisionTree, LogisticRegression, Perceptron",3,10,5,0.6682242990654206,0.41366497582852363,0.623372682327132,0.01895661694768189,0.0,0.05740000000000001,0.024237655272884934,0.6953271028037383,0.8214953271028037,0.8990654205607477
simple3_same107,semantic_tags_fixed_vocab_shuffled,semantic,shuffled,29.0,"DecisionTree, LogisticRegression, Perceptron",107,63,"DecisionTree, LogisticRegression, Perceptron",3,10,5,0.6355140186915887,0.3868971862435469,0.5917092816766951,0.021691938254233767,0.0,0.07398119122257041,0.027612192119848715,0.6635514018691588,0.794392523364486,0.8738317757009346
simple3_same107,context_full_shuffled,full,shuffled,0.0,"DecisionTree, LogisticRegression, Perceptron",107,63,"DecisionTree, LogisticRegression, Perceptron",3,10,5,0.6429906542056075,0.4131741768504216,0.6001952169594278,0.02083510869588932,0.0,0.07398119122257041,0.026639829980679163,0.6747663551401869,0.805607476635514,0.8757009345794392
simple3_same107,context_full_shuffled,full,shuffled,1.0,"DecisionTree, LogisticRegression, Perceptron",107,63,"DecisionTree, LogisticRegression, Perceptron",3,10,5,0.6383177570093458,0.38200703142754017,0.5889506816856687,0.021540826069854666,0.0,0.07060396095196227,0.02716287946899386,0.6663551401869159,0.7962616822429907,0.8719626168224299
simple3_same107,context_full_shuffled,full,shuffled,2.0,"DecisionTree, LogisticRegression, Perceptron",107,63,"DecisionTree, LogisticRegression, Perceptron",3,10,5,0.6579439252336449,0.404398256788468,0.6089507834112934,0.019643705527774467,0.0,0.07022871314411683,0.025108106292432854,0.6878504672897197,0.8149532710280374,0.8869158878504673
simple3_same107,context_full_shuffled,full,shuffled,3.0,"DecisionTree, LogisticRegression, Perceptron",107,63,"DecisionTree, LogisticRegression, Perceptron",3,10,5,0.6560747663551402,0.3964258951552471,0.6062982487711436,0.02197208223070435,0.0,0.07398119122257041,0.02766427190628827,0.6822429906542056,0.8177570093457944,0.8850467289719626
simple3_same107,context_full_shuffled,full,shuffled,4.0,"DecisionTree, LogisticRegression, Perceptron",107,63,"DecisionTree, LogisticRegression, Perceptron",3,10,5,0.6607476635514019,0.45601703940362087,0.6155086441133438,0.020559586160264702,0.0,0.07022871314411683,0.02610967148878954,0.688785046728972,0.805607476635514,0.8794392523364486
simple3_same107,context_full_shuffled,full,shuffled,5.0,"DecisionTree, LogisticRegression, Perceptron",107,63,"DecisionTree, LogisticRegression, Perceptron",3,10,5,0.6373831775700934,0.3804056413170014,0.587617159013289,0.022309871595579733,0.0,0.07398119122257041,0.028086094229943757,0.6654205607476635,0.7981308411214953,0.8728971962616823
simple3_same107,context_full_shuffled,full,shuffled,6.0,"DecisionTree, LogisticRegression, Perceptron",107,63,"DecisionTree, LogisticRegression, Perceptron",3,10,5,0.6607476635514019,0.40078392944634983,0.6111993845787524,0.018547487061271718,0.0,0.05740000000000001,0.02391324045447761,0.6906542056074766,0.8158878504672897,0.8953271028037383
simple3_same107,context_full_shuffled,full,shuffled,7.0,"DecisionTree, LogisticRegression, Perceptron",107,63,"DecisionTree, LogisticRegression, Perceptron",3,10,5,0.6383177570093458,0.38067072820689457,0.5881151259746772,0.021092153159657876,0.0,0.07398119122257041,0.027080245053456152,0.6654205607476635,0.8065420560747664,0.8672897196261682
simple3_same107,context_full_shuffled,full,shuffled,8.0,"DecisionTree, LogisticRegression, Perceptron",107,63,"DecisionTree, LogisticRegression, Perceptron",3,10,5,0.6542056074766355,0.3948644447296738,0.6046046820538595,0.018001937997355125,0.0,0.05740000000000001,0.022850464393278255,0.6850467289719626,0.8158878504672897,0.8953271028037383
simple3_same107,context_full_shuffled,full,shuffled,9.0,"DecisionTree, LogisticRegression, Perceptron",107,63,"DecisionTree, LogisticRegression, Perceptron",3,10,5,0.6523364485981309,0.3911136846586502,0.6007989944619949,0.019845401253047738,0.0,0.06549546632124359,0.02550400588457986,0.6822429906542056,0.8130841121495327,0.8850467289719626
simple3_same107,context_full_shuffled,full,shuffled,10.0,"DecisionTree, LogisticRegression, Perceptron",107,63,"DecisionTree, LogisticRegression, Perceptron",3,10,5,0.6345794392523364,0.3705541770057899,0.578666233776273,0.02311371310175605,0.0,0.07398119122257041,0.028770088873387518,0.6644859813084112,0.7869158878504673,0.8682242990654205
simple3_same107,context_full_shuffled,full,shuffled,11.0,"DecisionTree, LogisticRegression, Perceptron",107,63,"DecisionTree, LogisticRegression, Perceptron",3,10,5,0.6504672897196262,0.39143396915480394,0.5965359610692024,0.020587646589758837,0.0,0.0654980449687613,0.02561083677776082,0.6785046728971963,0.8130841121495327,0.8850467289719626
simple3_same107,context_full_shuffled,full,shuffled,12.0,"DecisionTree, LogisticRegression, Perceptron",107,63,"DecisionTree, LogisticRegression, Perceptron",3,10,5,0.6672897196261682,0.42096681382094064,0.6226458411851256,0.02018757779458924,0.0,0.05740000000000001,0.025212306102675094,0.6934579439252336,0.8214953271028037,0.8981308411214953
simple3_same107,context_full_shuffled,full,shuffled,13.0,"DecisionTree, LogisticRegression, Perceptron",107,63,"DecisionTree, LogisticRegression, Perceptron",3,10,5,0.6495327102803738,0.39877815765037433,0.6018917891990195,0.02012871314318788,0.0,0.07022871314411683,0.025643779552507684,0.680373831775701,0.8121495327102803,0.8859813084112149
simple3_same107,context_full_shuffled,full,shuffled,14.0,"DecisionTree, LogisticRegression, Perceptron",107,63,"DecisionTree, LogisticRegression, Perceptron",3,10,5,0.6654205607476635,0.4130399554719481,0.6179307256398653,0.019729456518425812,0.0,0.06549546632124359,0.025050060144507877,0.6934579439252336,0.8121495327102803,0.8850467289719626
simple3_same107,context_full_shuffled,full,shuffled,15.0,"DecisionTree, LogisticRegression, Perceptron",107,63,"DecisionTree, LogisticRegression, Perceptron",3,10,5,0.6616822429906543,0.4105159921999845,0.6109926211465677,0.019191300359491004,0.0,0.06549546632124359,0.024645779908128752,0.6906542056074766,0.8214953271028037,0.888785046728972
simple3_same107,context_full_shuffled,full,shuffled,16.0,"DecisionTree, LogisticRegression, Perceptron",107,63,"DecisionTree, LogisticRegression, Perceptron",3,10,5,0.6663551401869159,0.400609755000153,0.6127597738108952,0.020532924408147094,0.0,0.07022871314411683,0.026021242965827047,0.6953271028037383,0.8242990654205608,0.8897196261682243
simple3_same107,context_full_shuffled,full,shuffled,17.0,"DecisionTree, LogisticRegression, Perceptron",107,63,"DecisionTree, LogisticRegression, Perceptron",3,10,5,0.6392523364485981,0.3822845362756811,0.5859460638172799,0.021438974840205897,0.0,0.06596879100353102,0.027367883824348394,0.6672897196261682,0.8102803738317756,0.8813084112149533
simple3_same107,context_full_shuffled,full,shuffled,18.0,"DecisionTree, LogisticRegression, Perceptron",107,63,"DecisionTree, LogisticRegression, Perceptron",3,10,5,0.6439252336448598,0.38375254375254375,0.5922764255474535,0.020509699679987205,0.0,0.06549546632124359,0.025797865677335934,0.6719626168224299,0.8084112149532711,0.8897196261682243
simple3_same107,context_full_shuffled,full,shuffled,19.0,"DecisionTree, LogisticRegression, Perceptron",107,63,"DecisionTree, LogisticRegression, Perceptron",3,10,5,0.6542056074766355,0.393986621550694,0.603755488294196,0.019257780984774372,0.0,0.07022871314411683,0.024840548470855008,0.680373831775701,0.8121495327102803,0.888785046728972
simple3_same107,context_full_shuffled,full,shuffled,20.0,"DecisionTree, LogisticRegression, Perceptron",107,63,"DecisionTree, LogisticRegression, Perceptron",3,10,5,0.6728971962616822,0.40998470683841076,0.622571673127374,0.01852719245769326,0.0,0.05740000000000001,0.023089882922373847,0.7,0.8317757009345794,0.8990654205607477
simple3_same107,context_full_shuffled,full,shuffled,21.0,"DecisionTree, LogisticRegression, Perceptron",107,63,"DecisionTree, LogisticRegression, Perceptron",3,10,5,0.6504672897196262,0.391468661893102,0.600603740020041,0.020072134719289477,0.0,0.06549546632124359,0.025840747128029085,0.6794392523364486,0.814018691588785,0.8841121495327103
simple3_same107,context_full_shuffled,full,shuffled,22.0,"DecisionTree, LogisticRegression, Perceptron",107,63,"DecisionTree, LogisticRegression, Perceptron",3,10,5,0.6542056074766355,0.4018692686452546,0.606084506043293,0.020570228102318074,0.0,0.06596879100353102,0.02597635500085321,0.6841121495327103,0.8149532710280374,0.8850467289719626
simple3_same107,context_full_shuffled,full,shuffled,23.0,"DecisionTree, LogisticRegression, Perceptron",107,63,"DecisionTree, LogisticRegression, Perceptron",3,10,5,0.6616822429906543,0.40515026920415775,0.6147946747382451,0.019587838435436152,0.0,0.06549546632124359,0.025086831034185447,0.688785046728972,0.8149532710280374,0.891588785046729
simple3_same107,context_full_shuffled,full,shuffled,24.0,"DecisionTree, LogisticRegression, Perceptron",107,63,"DecisionTree, LogisticRegression, Perceptron",3,10,5,0.6644859813084112,0.42940179081309787,0.617821134604748,0.01811062522071649,0.0,0.05740000000000001,0.023260733261921348,0.6915887850467289,0.8168224299065421,0.8953271028037383
simple3_same107,context_full_shuffled,full,shuffled,25.0,"DecisionTree, LogisticRegression, Perceptron",107,63,"DecisionTree, LogisticRegression, Perceptron",3,10,5,0.6532710280373831,0.39269683329384825,0.6023780518856541,0.019732579682450284,0.0,0.05740000000000001,0.025374064750736707,0.6813084112149532,0.8168224299065421,0.897196261682243
simple3_same107,context_full_shuffled,full,shuffled,26.0,"DecisionTree, LogisticRegression, Perceptron",107,63,"DecisionTree, LogisticRegression, Perceptron",3,10,5,0.6560747663551402,0.4044561234046015,0.6082416395450686,0.019486611130469896,0.0,0.06599199883119035,0.02528727689210116,0.6850467289719626,0.8158878504672897,0.8878504672897196
simple3_same107,context_full_shuffled,full,shuffled,27.0,"DecisionTree, LogisticRegression, Perceptron",107,63,"DecisionTree, LogisticRegression, Perceptron",3,10,5,0.6616822429906543,0.4025032162080188,0.6090193335344481,0.020281605246110272,0.0,0.06596879100353102,0.025280309287197166,0.688785046728972,0.819626168224299,0.8878504672897196
simple3_same107,context_full_shuffled,full,shuffled,28.0,"DecisionTree, LogisticRegression, Perceptron",107,63,"DecisionTree, LogisticRegression, Perceptron",3,10,5,0.6635514018691588,0.4050605988697586,0.6152294533349728,0.019468562448902143,0.0,0.058110000000000175,0.024995857885769194,0.6906542056074766,0.819626168224299,0.8934579439252337
simple3_same107,context_full_shuffled,full,shuffled,29.0,"DecisionTree, LogisticRegression, Perceptron",107,63,"DecisionTree, LogisticRegression, Perceptron",3,10,5,0.6392523364485981,0.3810488232944165,0.58855692985853,0.021917864574591113,0.0,0.07398119122257041,0.027823634787964537,0.6672897196261682,0.8,0.8766355140186916
heavy3_same107,stats_only,none,real,,"SVM, KNN, MLP",107,63,"KNN, MLP, SVM",3,10,5,0.5654205607476636,0.4663884674397371,0.5424221890981064,0.015138273193118442,0.0,0.04259259259259257,0.01975876671760403,0.5841121495327103,0.7523364485981309,0.9074766355140187
heavy3_same107,domain_label_score,domain,real,,"SVM, KNN, MLP",107,63,"KNN, MLP, SVM",3,10,5,0.5794392523364486,0.4827973984092478,0.5564870425589735,0.013897947525586249,0.0,0.042553191489361764,0.018409953991277324,0.5990654205607476,0.7626168224299066,0.9158878504672897
heavy3_same107,semantic_tags_fixed_vocab,semantic,real,,"SVM, KNN, MLP",107,63,"KNN, MLP, SVM",3,10,5,0.5654205607476636,0.4722811171793775,0.5424346204938839,0.014971209645721075,0.0,0.042553191489361764,0.019946920588347152,0.5822429906542056,0.7504672897196262,0.9168224299065421
heavy3_same107,context_full,full,real,,"SVM, KNN, MLP",107,63,"KNN, MLP, SVM",3,10,5,0.5831775700934579,0.4817452910936367,0.5577173171754267,0.013564275167933751,0.0,0.03980676328502408,0.01793807721290647,0.6009345794392523,0.7682242990654206,0.9289719626168225
heavy3_same107,domain_label_score_shuffled,domain,shuffled,0.0,"SVM, KNN, MLP",107,63,"KNN, MLP, SVM",3,10,5,0.5504672897196262,0.4529027633899824,0.527266843009651,0.016645791044687615,0.0,0.05058621488502324,0.021702816625319005,0.5682242990654206,0.7364485981308411,0.8981308411214953
heavy3_same107,domain_label_score_shuffled,domain,shuffled,1.0,"SVM, KNN, MLP",107,63,"KNN, MLP, SVM",3,10,5,0.5560747663551402,0.45913782126177355,0.5332736120110035,0.016300602959758867,0.0,0.049427417182871025,0.021494737418475646,0.5747663551401869,0.7448598130841122,0.902803738317757
heavy3_same107,domain_label_score_shuffled,domain,shuffled,2.0,"SVM, KNN, MLP",107,63,"KNN, MLP, SVM",3,10,5,0.5579439252336449,0.4605378294580553,0.5340523916142393,0.015004164699314601,0.0,0.04259259259259257,0.020062537624300308,0.5766355140186916,0.7485981308411215,0.9102803738317757
heavy3_same107,domain_label_score_shuffled,domain,shuffled,3.0,"SVM, KNN, MLP",107,63,"KNN, MLP, SVM",3,10,5,0.569158878504673,0.47149990968148003,0.5445046491197798,0.014886741566549323,0.0,0.042553191489361764,0.019358840691496983,0.5878504672897197,0.7579439252336448,0.914018691588785
heavy3_same107,domain_label_score_shuffled,domain,shuffled,4.0,"SVM, KNN, MLP",107,63,"KNN, MLP, SVM",3,10,5,0.5607476635514018,0.45644535890051485,0.5345362531739631,0.015916044296768204,0.0,0.049427417182871025,0.02100496162151793,0.5794392523364486,0.7485981308411215,0.9009345794392524
heavy3_same107,domain_label_score_shuffled,domain,shuffled,5.0,"SVM, KNN, MLP",107,63,"KNN, MLP, SVM",3,10,5,0.5439252336448598,0.44173173523607984,0.5181388602029127,0.016914729731511795,0.0,0.04409384184390003,0.022015974622543014,0.5626168224299065,0.7439252336448599,0.9037383177570093
heavy3_same107,domain_label_score_shuffled,domain,shuffled,6.0,"SVM, KNN, MLP",107,63,"KNN, MLP, SVM",3,10,5,0.5598130841121496,0.4658741210419662,0.538408679091421,0.015554628282988097,0.0,0.04259259259259257,0.020359977197134203,0.577570093457944,0.7383177570093458,0.9074766355140187
heavy3_same107,domain_label_score_shuffled,domain,shuffled,7.0,"SVM, KNN, MLP",107,63,"KNN, MLP, SVM",3,10,5,0.5616822429906542,0.46544907340361275,0.5394833165060964,0.01651513334653969,0.0,0.049427417182871025,0.021091292900078575,0.5803738317757009,0.7429906542056075,0.9009345794392524
heavy3_same107,domain_label_score_shuffled,domain,shuffled,8.0,"SVM, KNN, MLP",107,63,"KNN, MLP, SVM",3,10,5,0.5495327102803739,0.45024020184182123,0.525077289115227,0.017621811458156573,0.0,0.051364012124552105,0.022513847334211454,0.5672897196261683,0.7355140186915888,0.8925233644859814
heavy3_same107,domain_label_score_shuffled,domain,shuffled,9.0,"SVM, KNN, MLP",107,63,"KNN, MLP, SVM",3,10,5,0.5635514018691589,0.46878567559914935,0.5400830442836362,0.015343162231160102,0.0,0.042683455569512536,0.020089927664130282,0.5803738317757009,0.7457943925233644,0.905607476635514
heavy3_same107,domain_label_score_shuffled,domain,shuffled,10.0,"SVM, KNN, MLP",107,63,"KNN, MLP, SVM",3,10,5,0.5504672897196262,0.4466241861830061,0.5243675975207293,0.017172409582815813,0.0,0.05058621488502324,0.02242999049159251,0.5682242990654206,0.7411214953271028,0.8990654205607477
heavy3_same107,domain_label_score_shuffled,domain,shuffled,11.0,"SVM, KNN, MLP",107,63,"KNN, MLP, SVM",3,10,5,0.5570093457943925,0.4561079066669181,0.5330900625566893,0.016667034650753663,0.0,0.05058621488502324,0.02170861716013201,0.5757009345794393,0.7429906542056075,0.8990654205607477
heavy3_same107,domain_label_score_shuffled,domain,shuffled,12.0,"SVM, KNN, MLP",107,63,"KNN, MLP, SVM",3,10,5,0.5570093457943925,0.462213350417737,0.5336532635253417,0.01630890361646645,0.0,0.049427417182871025,0.021294418523216046,0.5738317757009346,0.7401869158878505,0.9018691588785047
heavy3_same107,domain_label_score_shuffled,domain,shuffled,13.0,"SVM, KNN, MLP",107,63,"KNN, MLP, SVM",3,10,5,0.5644859813084112,0.46744006898213736,0.5413092048433359,0.015400888111399263,0.0,0.042683455569512536,0.020153682785841422,0.5831775700934579,0.7439252336448599,0.9093457943925234
heavy3_same107,domain_label_score_shuffled,domain,shuffled,14.0,"SVM, KNN, MLP",107,63,"KNN, MLP, SVM",3,10,5,0.5607476635514018,0.46472559612807035,0.5368512493683898,0.015007697238334313,0.0,0.04259259259259257,0.019729477419966935,0.5794392523364486,0.7514018691588785,0.9065420560747663
heavy3_same107,domain_label_score_shuffled,domain,shuffled,15.0,"SVM, KNN, MLP",107,63,"KNN, MLP, SVM",3,10,5,0.5700934579439252,0.47161203596610296,0.5462570533737192,0.01711975024677423,0.0,0.049427417182871025,0.02214540345538803,0.5878504672897197,0.7457943925233644,0.9009345794392524
heavy3_same107,domain_label_score_shuffled,domain,shuffled,16.0,"SVM, KNN, MLP",107,63,"KNN, MLP, SVM",3,10,5,0.5766355140186916,0.48769507678530655,0.5579129396930926,0.017334146114902266,0.0,0.05058621488502324,0.022863474621126593,0.5962616822429907,0.7467289719626168,0.8953271028037383
heavy3_same107,domain_label_score_shuffled,domain,shuffled,17.0,"SVM, KNN, MLP",107,63,"KNN, MLP, SVM",3,10,5,0.5682242990654206,0.4661324508930647,0.5439336863924135,0.015281251425899386,0.0,0.04350122236179199,0.02004036833160131,0.5850467289719626,0.7485981308411215,0.9046728971962616
heavy3_same107,domain_label_score_shuffled,domain,shuffled,18.0,"SVM, KNN, MLP",107,63,"KNN, MLP, SVM",3,10,5,0.5635514018691589,0.466669351145317,0.5409949281968255,0.015477028445809286,0.0,0.04259259259259257,0.020324309742248477,0.5813084112149532,0.7504672897196262,0.9093457943925234
heavy3_same107,domain_label_score_shuffled,domain,shuffled,19.0,"SVM, KNN, MLP",107,63,"KNN, MLP, SVM",3,10,5,0.5626168224299065,0.46217068065485395,0.5385062546929231,0.016568159731982092,0.0,0.049427417182871025,0.02160230792807991,0.5813084112149532,0.7495327102803738,0.9018691588785047
heavy3_same107,domain_label_score_shuffled,domain,shuffled,20.0,"SVM, KNN, MLP",107,63,"KNN, MLP, SVM",3,10,5,0.5635514018691589,0.4801025684616147,0.5441556909488907,0.018276742389121647,0.0,0.051364012124552105,0.023172617327591558,0.5794392523364486,0.7401869158878505,0.897196261682243
heavy3_same107,domain_label_score_shuffled,domain,shuffled,21.0,"SVM, KNN, MLP",107,63,"KNN, MLP, SVM",3,10,5,0.5654205607476636,0.46821222101271825,0.5419833544315513,0.01559734276035031,0.0,0.04259259259259257,0.020396208266953313,0.5841121495327103,0.7504672897196262,0.9065420560747663
heavy3_same107,domain_label_score_shuffled,domain,shuffled,22.0,"SVM, KNN, MLP",107,63,"KNN, MLP, SVM",3,10,5,0.5570093457943925,0.4558002062503608,0.5326931778302592,0.016192442400442472,0.0,0.049427417182871025,0.021212896974946487,0.5738317757009346,0.7420560747663552,0.9018691588785047
heavy3_same107,domain_label_score_shuffled,domain,shuffled,23.0,"SVM, KNN, MLP",107,63,"KNN, MLP, SVM",3,10,5,0.5626168224299065,0.4681286396571445,0.539621169368111,0.016484996891924498,0.0,0.049427417182871025,0.021514934536113042,0.5803738317757009,0.7429906542056075,0.9018691588785047
heavy3_same107,domain_label_score_shuffled,domain,shuffled,24.0,"SVM, KNN, MLP",107,63,"KNN, MLP, SVM",3,10,5,0.5654205607476636,0.46814489975787116,0.5420057207387202,0.01665849123182933,0.0,0.05058621488502324,0.021340897586335124,0.5831775700934579,0.7392523364485981,0.8990654205607477
heavy3_same107,domain_label_score_shuffled,domain,shuffled,25.0,"SVM, KNN, MLP",107,63,"KNN, MLP, SVM",3,10,5,0.5616822429906542,0.47685593128427156,0.5421330660808217,0.016717583863609144,0.0,0.05058621488502324,0.02179056788918185,0.5803738317757009,0.7327102803738318,0.8934579439252337
heavy3_same107,domain_label_score_shuffled,domain,shuffled,26.0,"SVM, KNN, MLP",107,63,"KNN, MLP, SVM",3,10,5,0.5654205607476636,0.46407952844793693,0.5410115827367361,0.016156023560785406,0.0,0.04350122236179199,0.020947907727019727,0.5841121495327103,0.7457943925233644,0.9074766355140187
heavy3_same107,domain_label_score_shuffled,domain,shuffled,27.0,"SVM, KNN, MLP",107,63,"KNN, MLP, SVM",3,10,5,0.569158878504673,0.470847839459337,0.5458244667125894,0.015246666831511404,0.0,0.042683455569512536,0.019706909249663503,0.5869158878504673,0.7532710280373832,0.9046728971962616
heavy3_same107,domain_label_score_shuffled,domain,shuffled,28.0,"SVM, KNN, MLP",107,63,"KNN, MLP, SVM",3,10,5,0.5551401869158878,0.4727447965540243,0.5343382211619994,0.016474775616488718,0.0,0.05058621488502324,0.021336681823060397,0.5738317757009346,0.7420560747663552,0.8981308411214953
heavy3_same107,domain_label_score_shuffled,domain,shuffled,29.0,"SVM, KNN, MLP",107,63,"KNN, MLP, SVM",3,10,5,0.5635514018691589,0.4685573175488105,0.5416087353253988,0.015821371033223106,0.0,0.04259259259259257,0.02064891085529625,0.5822429906542056,0.7420560747663552,0.905607476635514
heavy3_same107,semantic_tags_fixed_vocab_shuffled,semantic,shuffled,0.0,"SVM, KNN, MLP",107,63,"KNN, MLP, SVM",3,10,5,0.5439252336448598,0.4421292292667654,0.5189060338677742,0.018426488783730127,0.0,0.051682156366642445,0.023757769144342515,0.5626168224299065,0.7289719626168224,0.8869158878504673
heavy3_same107,semantic_tags_fixed_vocab_shuffled,semantic,shuffled,1.0,"SVM, KNN, MLP",107,63,"KNN, MLP, SVM",3,10,5,0.5485981308411215,0.4473686346438767,0.5214419128639473,0.01842406869443622,0.0,0.054545454545454786,0.02345680504343062,0.5672897196261683,0.7336448598130841,0.8859813084112149
heavy3_same107,semantic_tags_fixed_vocab_shuffled,semantic,shuffled,2.0,"SVM, KNN, MLP",107,63,"KNN, MLP, SVM",3,10,5,0.5504672897196262,0.45073651609176285,0.5245530133375758,0.017407253887527264,0.0,0.049427417182871025,0.022626215173761857,0.569158878504673,0.7252336448598131,0.9018691588785047
heavy3_same107,semantic_tags_fixed_vocab_shuffled,semantic,shuffled,3.0,"SVM, KNN, MLP",107,63,"KNN, MLP, SVM",3,10,5,0.5308411214953271,0.4253791592211685,0.5024972528091781,0.018392512548423143,0.0,0.050663994608976144,0.023623958597029933,0.5485981308411215,0.7299065420560747,0.8925233644859814
heavy3_same107,semantic_tags_fixed_vocab_shuffled,semantic,shuffled,4.0,"SVM, KNN, MLP",107,63,"KNN, MLP, SVM",3,10,5,0.5420560747663551,0.43594231338941,0.5140177683014386,0.019567081903652552,0.0,0.054545454545454786,0.02484131807628575,0.5598130841121496,0.72803738317757,0.8850467289719626
heavy3_same107,semantic_tags_fixed_vocab_shuffled,semantic,shuffled,5.0,"SVM, KNN, MLP",107,63,"KNN, MLP, SVM",3,10,5,0.5542056074766355,0.4557276832124582,0.5295845052441243,0.019611608699380306,0.0,0.051364012124552105,0.02511019075732897,0.5738317757009346,0.7261682242990655,0.888785046728972
heavy3_same107,semantic_tags_fixed_vocab_shuffled,semantic,shuffled,6.0,"SVM, KNN, MLP",107,63,"KNN, MLP, SVM",3,10,5,0.5373831775700935,0.4367549551466156,0.5117029374153541,0.01707290003510726,0.0,0.04954329695308627,0.02209282865184287,0.5542056074766355,0.7233644859813084,0.9
heavy3_same107,semantic_tags_fixed_vocab_shuffled,semantic,shuffled,7.0,"SVM, KNN, MLP",107,63,"KNN, MLP, SVM",3,10,5,0.5327102803738317,0.4224457253383292,0.5037015790319308,0.017216046305378218,0.0,0.05058621488502324,0.02177276322736439,0.5514018691588785,0.7299065420560747,0.8981308411214953
heavy3_same107,semantic_tags_fixed_vocab_shuffled,semantic,shuffled,8.0,"SVM, KNN, MLP",107,63,"KNN, MLP, SVM",3,10,5,0.5766355140186916,0.4572075335958816,0.5443089917182354,0.018593774752841068,0.0,0.054545454545454786,0.023699489714473256,0.594392523364486,0.7364485981308411,0.8813084112149533
heavy3_same107,semantic_tags_fixed_vocab_shuffled,semantic,shuffled,9.0,"SVM, KNN, MLP",107,63,"KNN, MLP, SVM",3,10,5,0.5607476635514018,0.4564765985759112,0.533087465869605,0.016921549387429954,0.0,0.05058621488502324,0.021394865354353164,0.5794392523364486,0.7467289719626168,0.8981308411214953
heavy3_same107,semantic_tags_fixed_vocab_shuffled,semantic,shuffled,10.0,"SVM, KNN, MLP",107,63,"KNN, MLP, SVM",3,10,5,0.5598130841121496,0.4414604595481899,0.5255954844639549,0.017716929929705676,0.0,0.0472077835532454,0.022602006914631316,0.5785046728971963,0.7420560747663552,0.9046728971962616
heavy3_same107,semantic_tags_fixed_vocab_shuffled,semantic,shuffled,11.0,"SVM, KNN, MLP",107,63,"KNN, MLP, SVM",3,10,5,0.5355140186915888,0.43532499252838236,0.5091307479237149,0.018537080930529134,0.0,0.051364012124552105,0.023554346641418693,0.5523364485981308,0.7214953271028037,0.8878504672897196
heavy3_same107,semantic_tags_fixed_vocab_shuffled,semantic,shuffled,12.0,"SVM, KNN, MLP",107,63,"KNN, MLP, SVM",3,10,5,0.5457943925233645,0.4625716018682488,0.5258111576846002,0.016287621214906147,0.0,0.049427417182871025,0.020864188881041665,0.5626168224299065,0.7411214953271028,0.9009345794392524
heavy3_same107,semantic_tags_fixed_vocab_shuffled,semantic,shuffled,13.0,"SVM, KNN, MLP",107,63,"KNN, MLP, SVM",3,10,5,0.5514018691588785,0.4535080042169038,0.5279195083076379,0.0175219908505281,0.0,0.051364012124552105,0.0227471196484775,0.5654205607476636,0.7299065420560747,0.8934579439252337
heavy3_same107,semantic_tags_fixed_vocab_shuffled,semantic,shuffled,14.0,"SVM, KNN, MLP",107,63,"KNN, MLP, SVM",3,10,5,0.5523364485981308,0.4540621004718977,0.5284423618554339,0.01721366655508261,0.0,0.05058621488502324,0.022650574549787205,0.569158878504673,0.7327102803738318,0.897196261682243
heavy3_same107,semantic_tags_fixed_vocab_shuffled,semantic,shuffled,15.0,"SVM, KNN, MLP",107,63,"KNN, MLP, SVM",3,10,5,0.5420560747663551,0.4380046194420572,0.5151964729973684,0.018451451388270316,0.0,0.05058621488502324,0.02396805384259668,0.5607476635514018,0.7327102803738318,0.8981308411214953
heavy3_same107,semantic_tags_fixed_vocab_shuffled,semantic,shuffled,16.0,"SVM, KNN, MLP",107,63,"KNN, MLP, SVM",3,10,5,0.5598130841121496,0.4824650266018389,0.5430338396908037,0.020106773803221876,0.0,0.054845355447765365,0.026189975957642452,0.5785046728971963,0.7336448598130841,0.8766355140186916
heavy3_same107,semantic_tags_fixed_vocab_shuffled,semantic,shuffled,17.0,"SVM, KNN, MLP",107,63,"KNN, MLP, SVM",3,10,5,0.5523364485981308,0.4600250579242924,0.5294833581659789,0.018521946732734426,0.0,0.050663994608976144,0.023422256594999274,0.5700934579439252,0.7233644859813084,0.8981308411214953
heavy3_same107,semantic_tags_fixed_vocab_shuffled,semantic,shuffled,18.0,"SVM, KNN, MLP",107,63,"KNN, MLP, SVM",3,10,5,0.5607476635514018,0.4414360841661284,0.5293367331508562,0.017629716958572683,0.0,0.051364012124552105,0.02324704121162598,0.5794392523364486,0.7271028037383177,0.8934579439252337
heavy3_same107,semantic_tags_fixed_vocab_shuffled,semantic,shuffled,19.0,"SVM, KNN, MLP",107,63,"KNN, MLP, SVM",3,10,5,0.5551401869158878,0.4584951545580629,0.5320429456092941,0.01664005987015536,0.0,0.049427417182871025,0.02145990019788275,0.5738317757009346,0.7420560747663552,0.9009345794392524
heavy3_same107,semantic_tags_fixed_vocab_shuffled,semantic,shuffled,20.0,"SVM, KNN, MLP",107,63,"KNN, MLP, SVM",3,10,5,0.5439252336448598,0.47331226477316884,0.5273188756003238,0.019125080713688073,0.0,0.05058621488502324,0.023570987166342396,0.569158878504673,0.72803738317757,0.8925233644859814
heavy3_same107,semantic_tags_fixed_vocab_shuffled,semantic,shuffled,21.0,"SVM, KNN, MLP",107,63,"KNN, MLP, SVM",3,10,5,0.5467289719626168,0.4524209091616977,0.5215888795457557,0.01851716707988312,0.0,0.050663994608976144,0.023920328250260216,0.5654205607476636,0.7373831775700934,0.8906542056074767
heavy3_same107,semantic_tags_fixed_vocab_shuffled,semantic,shuffled,22.0,"SVM, KNN, MLP",107,63,"KNN, MLP, SVM",3,10,5,0.5317757009345795,0.4255562970185612,0.5020319525918187,0.01874126127266133,0.0,0.051364012124552105,0.023802180624431585,0.5485981308411215,0.7336448598130841,0.8906542056074767
heavy3_same107,semantic_tags_fixed_vocab_shuffled,semantic,shuffled,23.0,"SVM, KNN, MLP",107,63,"KNN, MLP, SVM",3,10,5,0.5728971962616822,0.46366198071231235,0.545272456111098,0.017489223767748602,0.0,0.05058621488502324,0.023092140884691054,0.591588785046729,0.7532710280373832,0.8962616822429906
heavy3_same107,semantic_tags_fixed_vocab_shuffled,semantic,shuffled,24.0,"SVM, KNN, MLP",107,63,"KNN, MLP, SVM",3,10,5,0.5289719626168224,0.419806717644082,0.5004183133506955,0.02017149150682618,0.0,0.054545454545454786,0.025704437014755162,0.5476635514018692,0.7205607476635514,0.8785046728971962
heavy3_same107,semantic_tags_fixed_vocab_shuffled,semantic,shuffled,25.0,"SVM, KNN, MLP",107,63,"KNN, MLP, SVM",3,10,5,0.5429906542056074,0.449331679977852,0.520946468494602,0.01813239461662642,0.0,0.051364012124552105,0.023901358464550083,0.5607476635514018,0.7252336448598131,0.888785046728972
heavy3_same107,semantic_tags_fixed_vocab_shuffled,semantic,shuffled,26.0,"SVM, KNN, MLP",107,63,"KNN, MLP, SVM",3,10,5,0.5485981308411215,0.4493013714947618,0.5218515090315249,0.017951913674066993,0.0,0.051364012124552105,0.023232638113877314,0.5654205607476636,0.7327102803738318,0.8906542056074767
heavy3_same107,semantic_tags_fixed_vocab_shuffled,semantic,shuffled,27.0,"SVM, KNN, MLP",107,63,"KNN, MLP, SVM",3,10,5,0.5373831775700935,0.4413738412960158,0.5147237227792629,0.019276551591822236,0.0,0.05760841274505684,0.024672474386551978,0.5551401869158878,0.7271028037383177,0.8841121495327103
heavy3_same107,semantic_tags_fixed_vocab_shuffled,semantic,shuffled,28.0,"SVM, KNN, MLP",107,63,"KNN, MLP, SVM",3,10,5,0.5532710280373832,0.47417117912637724,0.5326821279919779,0.01782863187764964,0.0,0.051364012124552105,0.02301293457079164,0.5719626168224299,0.7420560747663552,0.8878504672897196
heavy3_same107,semantic_tags_fixed_vocab_shuffled,semantic,shuffled,29.0,"SVM, KNN, MLP",107,63,"KNN, MLP, SVM",3,10,5,0.5710280373831775,0.46587703008509945,0.543892499065986,0.02025739074427683,0.0,0.051364012124552105,0.02652209915056916,0.5887850467289719,0.7299065420560747,0.8859813084112149
heavy3_same107,context_full_shuffled,full,shuffled,0.0,"SVM, KNN, MLP",107,63,"KNN, MLP, SVM",3,10,5,0.5271028037383177,0.4250985562434222,0.5009891475446913,0.020421332100845204,0.0,0.05760841274505684,0.026380265786532717,0.5457943925233645,0.7140186915887851,0.8738317757009346
heavy3_same107,context_full_shuffled,full,shuffled,1.0,"SVM, KNN, MLP",107,63,"KNN, MLP, SVM",3,10,5,0.5439252336448598,0.44166724959514986,0.5165261077696885,0.019215837500870556,0.0,0.054545454545454786,0.02431664322649555,0.5626168224299065,0.7242990654205608,0.8803738317757009
heavy3_same107,context_full_shuffled,full,shuffled,2.0,"SVM, KNN, MLP",107,63,"KNN, MLP, SVM",3,10,5,0.5429906542056074,0.4410651450860881,0.5178013106590156,0.017263233652225884,0.0,0.049427417182871025,0.022528529894896947,0.5616822429906542,0.7261682242990655,0.902803738317757
heavy3_same107,context_full_shuffled,full,shuffled,3.0,"SVM, KNN, MLP",107,63,"KNN, MLP, SVM",3,10,5,0.5439252336448598,0.44229976281700417,0.5174838737729489,0.018009493780896984,0.0,0.05058621488502324,0.02296008336208018,0.5616822429906542,0.7299065420560747,0.8962616822429906
heavy3_same107,context_full_shuffled,full,shuffled,4.0,"SVM, KNN, MLP",107,63,"KNN, MLP, SVM",3,10,5,0.5448598130841121,0.4355627297137654,0.5151018368123795,0.020136658320635777,0.0,0.051364012124552105,0.025612841046016726,0.5635514018691589,0.7308411214953271,0.888785046728972
heavy3_same107,context_full_shuffled,full,shuffled,5.0,"SVM, KNN, MLP",107,63,"KNN, MLP, SVM",3,10,5,0.5401869158878505,0.43874718980012545,0.513324015916608,0.019525468184539492,0.0,0.050663994608976144,0.024754031821357325,0.5588785046728972,0.7242990654205608,0.8925233644859814
heavy3_same107,context_full_shuffled,full,shuffled,6.0,"SVM, KNN, MLP",107,63,"KNN, MLP, SVM",3,10,5,0.5355140186915888,0.4311827867069035,0.5082019987963968,0.017591726430909848,0.0,0.05058621488502324,0.022819820207786716,0.5504672897196262,0.7168224299065421,0.8990654205607477
heavy3_same107,context_full_shuffled,full,shuffled,7.0,"SVM, KNN, MLP",107,63,"KNN, MLP, SVM",3,10,5,0.5280373831775701,0.4165718979177617,0.4980145467245984,0.0181153993165639,0.0,0.051364012124552105,0.02302076489551793,0.5467289719626168,0.7168224299065421,0.8906542056074767
heavy3_same107,context_full_shuffled,full,shuffled,8.0,"SVM, KNN, MLP",107,63,"KNN, MLP, SVM",3,10,5,0.5616822429906542,0.4504998153175073,0.53221542663464,0.01824799562186002,0.0,0.054545454545454786,0.022822477859738656,0.5803738317757009,0.7308411214953271,0.8850467289719626
heavy3_same107,context_full_shuffled,full,shuffled,9.0,"SVM, KNN, MLP",107,63,"KNN, MLP, SVM",3,10,5,0.569158878504673,0.47122479942116446,0.5433647381068011,0.017102805127167768,0.0,0.04409384184390003,0.02143623063938359,0.585981308411215,0.7523364485981309,0.9018691588785047
heavy3_same107,context_full_shuffled,full,shuffled,10.0,"SVM, KNN, MLP",107,63,"KNN, MLP, SVM",3,10,5,0.5504672897196262,0.43216062835820557,0.5162979358954622,0.017601346182094073,0.0,0.04350122236179199,0.022195641896180264,0.5682242990654206,0.7336448598130841,0.9037383177570093
heavy3_same107,context_full_shuffled,full,shuffled,11.0,"SVM, KNN, MLP",107,63,"KNN, MLP, SVM",3,10,5,0.5242990654205607,0.42262927415829243,0.4976653541235695,0.019484678573268365,0.0,0.051682156366642445,0.024880135811662044,0.5429906542056074,0.7121495327102804,0.8850467289719626
heavy3_same107,context_full_shuffled,full,shuffled,12.0,"SVM, KNN, MLP",107,63,"KNN, MLP, SVM",3,10,5,0.5392523364485982,0.4520257158822785,0.5181044403190576,0.016507864737460697,0.0,0.05058621488502324,0.021367043165533537,0.5560747663551402,0.7355140186915888,0.8962616822429906
heavy3_same107,context_full_shuffled,full,shuffled,13.0,"SVM, KNN, MLP",107,63,"KNN, MLP, SVM",3,10,5,0.5542056074766355,0.4513518522468097,0.5283090706074701,0.01573714633870053,0.0,0.049427417182871025,0.020395285199620642,0.5710280373831775,0.7373831775700934,0.9009345794392524
heavy3_same107,context_full_shuffled,full,shuffled,14.0,"SVM, KNN, MLP",107,63,"KNN, MLP, SVM",3,10,5,0.5457943925233645,0.44919398938030675,0.5224132875811542,0.017343966483503042,0.0,0.05058621488502324,0.02268207447325986,0.5626168224299065,0.7308411214953271,0.8981308411214953
heavy3_same107,context_full_shuffled,full,shuffled,15.0,"SVM, KNN, MLP",107,63,"KNN, MLP, SVM",3,10,5,0.5616822429906542,0.4612085642771584,0.5373127842832436,0.017934540746081924,0.0,0.049427417182871025,0.02295120380527256,0.577570093457944,0.7401869158878505,0.902803738317757
heavy3_same107,context_full_shuffled,full,shuffled,16.0,"SVM, KNN, MLP",107,63,"KNN, MLP, SVM",3,10,5,0.5635514018691589,0.4896734085970699,0.5488997922942438,0.020597189997223212,0.0,0.054845355447765365,0.02688247633508546,0.5831775700934579,0.7383177570093458,0.8766355140186916
heavy3_same107,context_full_shuffled,full,shuffled,17.0,"SVM, KNN, MLP",107,63,"KNN, MLP, SVM",3,10,5,0.5457943925233645,0.44916399533888,0.5221856928330189,0.019283419272877786,0.0,0.051364012124552105,0.02444367889773589,0.5607476635514018,0.711214953271028,0.891588785046729
heavy3_same107,context_full_shuffled,full,shuffled,18.0,"SVM, KNN, MLP",107,63,"KNN, MLP, SVM",3,10,5,0.5570093457943925,0.4406995947348235,0.526419306459086,0.017916347238950664,0.0,0.05058621488502324,0.02334778113043518,0.5757009345794393,0.7299065420560747,0.8953271028037383
heavy3_same107,context_full_shuffled,full,shuffled,19.0,"SVM, KNN, MLP",107,63,"KNN, MLP, SVM",3,10,5,0.5485981308411215,0.44114185993981386,0.5210431039959926,0.018450407966461885,0.0,0.051364012124552105,0.023429560495776512,0.5672897196261683,0.7364485981308411,0.8906542056074767
heavy3_same107,context_full_shuffled,full,shuffled,20.0,"SVM, KNN, MLP",107,63,"KNN, MLP, SVM",3,10,5,0.5439252336448598,0.47628554491687397,0.5286421285216092,0.02082350548616682,0.0,0.051364012124552105,0.02487100846699093,0.5672897196261683,0.7242990654205608,0.8878504672897196
heavy3_same107,context_full_shuffled,full,shuffled,21.0,"SVM, KNN, MLP",107,63,"KNN, MLP, SVM",3,10,5,0.5532710280373832,0.45308054461472924,0.5263412146796451,0.018449718476036145,0.0,0.051364012124552105,0.023427263190514462,0.5719626168224299,0.7373831775700934,0.8906542056074767
heavy3_same107,context_full_shuffled,full,shuffled,22.0,"SVM, KNN, MLP",107,63,"KNN, MLP, SVM",3,10,5,0.516822429906542,0.41231994945979933,0.4880243875459468,0.01909202520994353,0.0,0.051364012124552105,0.024205521991637675,0.5355140186915888,0.7252336448598131,0.8906542056074767
heavy3_same107,context_full_shuffled,full,shuffled,23.0,"SVM, KNN, MLP",107,63,"KNN, MLP, SVM",3,10,5,0.5757009345794393,0.4762189544941877,0.5495137361345808,0.016998308390940402,0.0,0.049427417182871025,0.02243099588637849,0.594392523364486,0.7579439252336448,0.9009345794392524
heavy3_same107,context_full_shuffled,full,shuffled,24.0,"SVM, KNN, MLP",107,63,"KNN, MLP, SVM",3,10,5,0.5205607476635514,0.4112853129630491,0.4919371068139186,0.021066597390106166,0.0,0.054545454545454786,0.02658520704538836,0.5364485981308411,0.7074766355140187,0.874766355140187
heavy3_same107,context_full_shuffled,full,shuffled,25.0,"SVM, KNN, MLP",107,63,"KNN, MLP, SVM",3,10,5,0.5392523364485982,0.4522192884252128,0.5191086022107207,0.01889876661644226,0.0,0.051364012124552105,0.024850628594527087,0.5579439252336449,0.7186915887850467,0.883177570093458
heavy3_same107,context_full_shuffled,full,shuffled,26.0,"SVM, KNN, MLP",107,63,"KNN, MLP, SVM",3,10,5,0.5439252336448598,0.4457538676367913,0.5181461512862703,0.01752506148855977,0.0,0.05058621488502324,0.02273754547065975,0.5635514018691589,0.7336448598130841,0.8953271028037383
heavy3_same107,context_full_shuffled,full,shuffled,27.0,"SVM, KNN, MLP",107,63,"KNN, MLP, SVM",3,10,5,0.5392523364485982,0.4426332416641285,0.5149931481573596,0.01966338839882004,0.0,0.05754446356855991,0.02485231442033289,0.5588785046728972,0.7224299065420561,0.8803738317757009
heavy3_same107,context_full_shuffled,full,shuffled,28.0,"SVM, KNN, MLP",107,63,"KNN, MLP, SVM",3,10,5,0.5467289719626168,0.47215402933825845,0.5279824285554942,0.01738665573795025,0.0,0.051364012124552105,0.02258013291970218,0.5644859813084112,0.7383177570093458,0.8850467289719626
heavy3_same107,context_full_shuffled,full,shuffled,29.0,"SVM, KNN, MLP",107,63,"KNN, MLP, SVM",3,10,5,0.5644859813084112,0.4546804207594481,0.535730433644816,0.021394929146519234,0.0,0.05760841274505684,0.02752502268816057,0.5803738317757009,0.7242990654205608,0.8785046728971962
all6_same107,stats_only,none,real,,"DecisionTree, LogisticRegression, Perceptron, SVM, KNN, MLP",107,63,"DecisionTree, KNN, LogisticRegression, MLP, Perceptron, SVM",6,10,5,0.4009345794392523,0.2705438989786731,0.37262934779450957,0.020794757251641434,0.0014038527009984647,0.0676,0.027128608488147687,0.44485981308411215,0.6794392523364486,0.8691588785046729
all6_same107,domain_label_score,domain,real,,"DecisionTree, LogisticRegression, Perceptron, SVM, KNN, MLP",107,63,"DecisionTree, KNN, LogisticRegression, MLP, Perceptron, SVM",6,10,5,0.3990654205607477,0.2637658436702507,0.3684624006782164,0.01924663236692058,0.0012568928373784538,0.052759147680362384,0.02437520372909071,0.4411214953271028,0.6897196261682244,0.8878504672897196
all6_same107,semantic_tags_fixed_vocab,semantic,real,,"DecisionTree, LogisticRegression, Perceptron, SVM, KNN, MLP",107,63,"DecisionTree, KNN, LogisticRegression, MLP, Perceptron, SVM",6,10,5,0.4074766355140187,0.27237681056905116,0.37963924706953195,0.020032141494518808,0.0012854035708310119,0.06635071090047406,0.02620233609682557,0.44766355140186914,0.6700934579439253,0.8738317757009346
all6_same107,context_full,full,real,,"DecisionTree, LogisticRegression, Perceptron, SVM, KNN, MLP",107,63,"DecisionTree, KNN, LogisticRegression, MLP, Perceptron, SVM",6,10,5,0.402803738317757,0.2688118786366716,0.3775023563090341,0.019285958690157777,0.0014080164439876919,0.05359964881474988,0.024903261481326548,0.44299065420560746,0.6850467289719626,0.8859813084112149
all6_same107,domain_label_score_shuffled,domain,shuffled,0.0,"DecisionTree, LogisticRegression, Perceptron, SVM, KNN, MLP",107,63,"DecisionTree, KNN, LogisticRegression, MLP, Perceptron, SVM",6,10,5,0.4093457943925234,0.2737062615792302,0.3776747984787577,0.01991335386639801,0.0010296027350064074,0.05833956384382846,0.02577448206924937,0.4514018691588785,0.6700934579439253,0.883177570093458
all6_same107,domain_label_score_shuffled,domain,shuffled,1.0,"DecisionTree, LogisticRegression, Perceptron, SVM, KNN, MLP",107,63,"DecisionTree, KNN, LogisticRegression, MLP, Perceptron, SVM",6,10,5,0.39532710280373834,0.2688665032626349,0.3669720965320007,0.020620436378316637,0.0015000000000001679,0.06549546632124359,0.026721169499260674,0.4411214953271028,0.6719626168224299,0.8794392523364486
all6_same107,domain_label_score_shuffled,domain,shuffled,2.0,"DecisionTree, LogisticRegression, Perceptron, SVM, KNN, MLP",107,63,"DecisionTree, KNN, LogisticRegression, MLP, Perceptron, SVM",6,10,5,0.3794392523364486,0.25015623447696395,0.35059612864051626,0.02013001032592311,0.0019062659348556554,0.05754446356855991,0.026248098918226596,0.42149532710280374,0.6635514018691588,0.8785046728971962
all6_same107,domain_label_score_shuffled,domain,shuffled,3.0,"DecisionTree, LogisticRegression, Perceptron, SVM, KNN, MLP",107,63,"DecisionTree, KNN, LogisticRegression, MLP, Perceptron, SVM",6,10,5,0.3878504672897196,0.25130410925586927,0.35605849775946463,0.020835490001626156,0.0019062659348556554,0.06549546632124359,0.027267466400743453,0.4327102803738318,0.6635514018691588,0.8728971962616823
all6_same107,domain_label_score_shuffled,domain,shuffled,4.0,"DecisionTree, LogisticRegression, Perceptron, SVM, KNN, MLP",107,63,"DecisionTree, KNN, LogisticRegression, MLP, Perceptron, SVM",6,10,5,0.3981308411214953,0.26584284824800053,0.36568221719880756,0.02041105127740144,0.0013996889580092375,0.06549546632124359,0.026092129654021582,0.44205607476635517,0.6654205607476635,0.8728971962616823
all6_same107,domain_label_score_shuffled,domain,shuffled,5.0,"DecisionTree, LogisticRegression, Perceptron, SVM, KNN, MLP",107,63,"DecisionTree, KNN, LogisticRegression, MLP, Perceptron, SVM",6,10,5,0.40654205607476634,0.27165081176031175,0.3773414360906978,0.019678241342644096,0.0012195224185576614,0.05359964881474988,0.025476476060374502,0.44766355140186914,0.6682242990654206,0.8841121495327103
all6_same107,domain_label_score_shuffled,domain,shuffled,6.0,"DecisionTree, LogisticRegression, Perceptron, SVM, KNN, MLP",107,63,"DecisionTree, KNN, LogisticRegression, MLP, Perceptron, SVM",6,10,5,0.3981308411214953,0.2669319149593622,0.3679498470928494,0.01934178332834332,0.001431756503638859,0.05754446356855991,0.024956816222456386,0.4439252336448598,0.6663551401869159,0.8794392523364486
all6_same107,domain_label_score_shuffled,domain,shuffled,7.0,"DecisionTree, LogisticRegression, Perceptron, SVM, KNN, MLP",107,63,"DecisionTree, KNN, LogisticRegression, MLP, Perceptron, SVM",6,10,5,0.39345794392523364,0.26698409210496654,0.3656338148919441,0.021576715438941914,0.0017031329674279116,0.06647563981042669,0.027774329582558856,0.43457943925233644,0.6626168224299065,0.8672897196261682
all6_same107,domain_label_score_shuffled,domain,shuffled,8.0,"DecisionTree, LogisticRegression, Perceptron, SVM, KNN, MLP",107,63,"DecisionTree, KNN, LogisticRegression, MLP, Perceptron, SVM",6,10,5,0.3850467289719626,0.25799954897461075,0.35674852590412465,0.021176759527434932,0.0022321428571426827,0.06549546632124359,0.027650517594584773,0.4280373831775701,0.6579439252336449,0.8785046728971962
all6_same107,domain_label_score_shuffled,domain,shuffled,9.0,"DecisionTree, LogisticRegression, Perceptron, SVM, KNN, MLP",107,63,"DecisionTree, KNN, LogisticRegression, MLP, Perceptron, SVM",6,10,5,0.4046728971962617,0.28467705426835016,0.3781530258779993,0.020598501788571595,0.0010296027350064074,0.06549546632124359,0.026963701419774198,0.44953271028037384,0.6719626168224299,0.8728971962616823
all6_same107,domain_label_score_shuffled,domain,shuffled,10.0,"DecisionTree, LogisticRegression, Perceptron, SVM, KNN, MLP",107,63,"DecisionTree, KNN, LogisticRegression, MLP, Perceptron, SVM",6,10,5,0.3981308411214953,0.2613790849499382,0.36574255750322454,0.02103696073013985,0.0014080164439876919,0.06558099077916665,0.026945945609432455,0.44485981308411215,0.6766355140186916,0.8785046728971962
all6_same107,domain_label_score_shuffled,domain,shuffled,11.0,"DecisionTree, LogisticRegression, Perceptron, SVM, KNN, MLP",107,63,"DecisionTree, KNN, LogisticRegression, MLP, Perceptron, SVM",6,10,5,0.3794392523364486,0.2550483368986698,0.3518718256273292,0.022454609922346765,0.002388861807809617,0.06549546632124359,0.029052607021779635,0.42429906542056073,0.6514018691588785,0.8738317757009346
all6_same107,domain_label_score_shuffled,domain,shuffled,12.0,"DecisionTree, LogisticRegression, Perceptron, SVM, KNN, MLP",107,63,"DecisionTree, KNN, LogisticRegression, MLP, Perceptron, SVM",6,10,5,0.39158878504672895,0.26252150676360503,0.361858943952999,0.020117008857682608,0.0015000000000001679,0.05399413029013097,0.026745275756463086,0.4355140186915888,0.6700934579439253,0.8775700934579439
all6_same107,domain_label_score_shuffled,domain,shuffled,13.0,"DecisionTree, LogisticRegression, Perceptron, SVM, KNN, MLP",107,63,"DecisionTree, KNN, LogisticRegression, MLP, Perceptron, SVM",6,10,5,0.3925233644859813,0.25855107559104584,0.36215352191625494,0.021653333546036997,0.001862069426823043,0.0676,0.02813344283035069,0.4336448598130841,0.6560747663551402,0.8719626168224299
all6_same107,domain_label_score_shuffled,domain,shuffled,14.0,"DecisionTree, LogisticRegression, Perceptron, SVM, KNN, MLP",107,63,"DecisionTree, KNN, LogisticRegression, MLP, Perceptron, SVM",6,10,5,0.4009345794392523,0.26523859964073315,0.3679700522724354,0.020667948429960975,0.0015000000000001679,0.05476190476190479,0.026539083385465838,0.4411214953271028,0.6607476635514019,0.8803738317757009
all6_same107,domain_label_score_shuffled,domain,shuffled,15.0,"DecisionTree, LogisticRegression, Perceptron, SVM, KNN, MLP",107,63,"DecisionTree, KNN, LogisticRegression, MLP, Perceptron, SVM",6,10,5,0.40373831775700936,0.26908112609686247,0.3748857633735635,0.020861246592844676,0.0010296027350064074,0.06558099077916665,0.02720274691110805,0.4457943925233645,0.6682242990654206,0.8738317757009346
all6_same107,domain_label_score_shuffled,domain,shuffled,16.0,"DecisionTree, LogisticRegression, Perceptron, SVM, KNN, MLP",107,63,"DecisionTree, KNN, LogisticRegression, MLP, Perceptron, SVM",6,10,5,0.41682242990654206,0.2879847013573509,0.38655142921675384,0.021648930729509873,0.0006472491909383926,0.06786287131441174,0.028428986609357464,0.46074766355140184,0.6635514018691588,0.8682242990654205
all6_same107,domain_label_score_shuffled,domain,shuffled,17.0,"DecisionTree, LogisticRegression, Perceptron, SVM, KNN, MLP",107,63,"DecisionTree, KNN, LogisticRegression, MLP, Perceptron, SVM",6,10,5,0.39532710280373834,0.27994680214514905,0.3693132159147143,0.020874730554014027,0.0015000000000001679,0.0676,0.027292750811989768,0.4355140186915888,0.6766355140186916,0.8719626168224299
all6_same107,domain_label_score_shuffled,domain,shuffled,18.0,"DecisionTree, LogisticRegression, Perceptron, SVM, KNN, MLP",107,63,"DecisionTree, KNN, LogisticRegression, MLP, Perceptron, SVM",6,10,5,0.40841121495327104,0.28044377851725205,0.3831340090187332,0.02029767033419707,0.0010296027350064074,0.06647563981042669,0.02615275322517084,0.4532710280373832,0.6794392523364486,0.8775700934579439
all6_same107,domain_label_score_shuffled,domain,shuffled,19.0,"DecisionTree, LogisticRegression, Perceptron, SVM, KNN, MLP",107,63,"DecisionTree, KNN, LogisticRegression, MLP, Perceptron, SVM",6,10,5,0.3897196261682243,0.2637694230225421,0.3626037405174359,0.021845602214636505,0.0022321428571426827,0.0676,0.027920764939019325,0.43177570093457945,0.6570093457943925,0.8719626168224299
all6_same107,domain_label_score_shuffled,domain,shuffled,20.0,"DecisionTree, LogisticRegression, Perceptron, SVM, KNN, MLP",107,63,"DecisionTree, KNN, LogisticRegression, MLP, Perceptron, SVM",6,10,5,0.4177570093457944,0.29051002684829214,0.3903073619351883,0.018685735477508535,0.0010296027350064074,0.05253313385075357,0.02390765494799613,0.45607476635514016,0.688785046728972,0.891588785046729
all6_same107,domain_label_score_shuffled,domain,shuffled,21.0,"DecisionTree, LogisticRegression, Perceptron, SVM, KNN, MLP",107,63,"DecisionTree, KNN, LogisticRegression, MLP, Perceptron, SVM",6,10,5,0.39532710280373834,0.2638756751115719,0.3662329476829598,0.020592890074819088,0.0015000000000001679,0.06549546632124359,0.026727183291177924,0.4383177570093458,0.6644859813084112,0.8785046728971962
all6_same107,domain_label_score_shuffled,domain,shuffled,22.0,"DecisionTree, LogisticRegression, Perceptron, SVM, KNN, MLP",107,63,"DecisionTree, KNN, LogisticRegression, MLP, Perceptron, SVM",6,10,5,0.4102803738317757,0.276587545323036,0.37950868135124305,0.020860109128260355,0.0010296027350064074,0.05833956384382846,0.027065982009916358,0.4523364485981308,0.677570093457944,0.8803738317757009
all6_same107,domain_label_score_shuffled,domain,shuffled,23.0,"DecisionTree, LogisticRegression, Perceptron, SVM, KNN, MLP",107,63,"DecisionTree, KNN, LogisticRegression, MLP, Perceptron, SVM",6,10,5,0.40186915887850466,0.266375360465588,0.37114097261626805,0.01971662770534542,0.0010725625549376505,0.053715874409465396,0.025572815006081103,0.44485981308411215,0.677570093457944,0.8794392523364486
all6_same107,domain_label_score_shuffled,domain,shuffled,24.0,"DecisionTree, LogisticRegression, Perceptron, SVM, KNN, MLP",107,63,"DecisionTree, KNN, LogisticRegression, MLP, Perceptron, SVM",6,10,5,0.4009345794392523,0.26353196556972164,0.36614871493056966,0.02168134556306006,0.0010676859828878116,0.06647563981042669,0.028584749191223908,0.44299065420560746,0.6757009345794392,0.8794392523364486
all6_same107,domain_label_score_shuffled,domain,shuffled,25.0,"DecisionTree, LogisticRegression, Perceptron, SVM, KNN, MLP",107,63,"DecisionTree, KNN, LogisticRegression, MLP, Perceptron, SVM",6,10,5,0.385981308411215,0.2559949965777631,0.3577355516527767,0.020826573489900215,0.0019146714289663413,0.05833956384382846,0.027067476953672846,0.42710280373831777,0.6626168224299065,0.8775700934579439
all6_same107,domain_label_score_shuffled,domain,shuffled,26.0,"DecisionTree, LogisticRegression, Perceptron, SVM, KNN, MLP",107,63,"DecisionTree, KNN, LogisticRegression, MLP, Perceptron, SVM",6,10,5,0.4102803738317757,0.2761513528278296,0.3804794462190627,0.01957070559303278,0.0010296027350064074,0.05754446356855991,0.025415610493613534,0.4542056074766355,0.6757009345794392,0.8813084112149533
all6_same107,domain_label_score_shuffled,domain,shuffled,27.0,"DecisionTree, LogisticRegression, Perceptron, SVM, KNN, MLP",107,63,"DecisionTree, KNN, LogisticRegression, MLP, Perceptron, SVM",6,10,5,0.39626168224299063,0.26731411113127096,0.3649950177144195,0.018588073310917722,0.0015000000000001679,0.052414632188087285,0.02390829207710924,0.4383177570093458,0.6850467289719626,0.8953271028037383
all6_same107,domain_label_score_shuffled,domain,shuffled,28.0,"DecisionTree, LogisticRegression, Perceptron, SVM, KNN, MLP",107,63,"DecisionTree, KNN, LogisticRegression, MLP, Perceptron, SVM",6,10,5,0.4121495327102804,0.2735550456155242,0.3784595943839986,0.019744234771145987,0.0008384259629724,0.05754446356855991,0.025643275736489397,0.4532710280373832,0.6747663551401869,0.8794392523364486
all6_same107,domain_label_score_shuffled,domain,shuffled,29.0,"DecisionTree, LogisticRegression, Perceptron, SVM, KNN, MLP",107,63,"DecisionTree, KNN, LogisticRegression, MLP, Perceptron, SVM",6,10,5,0.4,0.2760475865237945,0.3738097011835798,0.02059697955961134,0.001431756503638859,0.05833956384382846,0.02677937861172742,0.44205607476635517,0.6757009345794392,0.8822429906542056
all6_same107,semantic_tags_fixed_vocab_shuffled,semantic,shuffled,0.0,"DecisionTree, LogisticRegression, Perceptron, SVM, KNN, MLP",107,63,"DecisionTree, KNN, LogisticRegression, MLP, Perceptron, SVM",6,10,5,0.4009345794392523,0.25827633803218847,0.3667015481170163,0.020292304976561825,0.0014554965632900263,0.05769001721170395,0.0265719303600439,0.44299065420560746,0.6672897196261682,0.8813084112149533
all6_same107,semantic_tags_fixed_vocab_shuffled,semantic,shuffled,1.0,"DecisionTree, LogisticRegression, Perceptron, SVM, KNN, MLP",107,63,"DecisionTree, KNN, LogisticRegression, MLP, Perceptron, SVM",6,10,5,0.3822429906542056,0.2577770170600924,0.35570835286146424,0.021908723795851525,0.0022321428571426827,0.06558099077916665,0.02803193076212283,0.4252336448598131,0.6429906542056075,0.8635514018691589
all6_same107,semantic_tags_fixed_vocab_shuffled,semantic,shuffled,2.0,"DecisionTree, LogisticRegression, Perceptron, SVM, KNN, MLP",107,63,"DecisionTree, KNN, LogisticRegression, MLP, Perceptron, SVM",6,10,5,0.385981308411215,0.2486990405444809,0.35030862078929853,0.019960559140457815,0.0015000000000001679,0.05359964881474988,0.026248937094695956,0.4280373831775701,0.6691588785046729,0.8794392523364486
all6_same107,semantic_tags_fixed_vocab_shuffled,semantic,shuffled,3.0,"DecisionTree, LogisticRegression, Perceptron, SVM, KNN, MLP",107,63,"DecisionTree, KNN, LogisticRegression, MLP, Perceptron, SVM",6,10,5,0.3878504672897196,0.2537555161321338,0.3575321081160409,0.022059162209944378,0.0022321428571426827,0.06635071090047406,0.028306673791579046,0.4336448598130841,0.6523364485981309,0.8757009345794392
all6_same107,semantic_tags_fixed_vocab_shuffled,semantic,shuffled,4.0,"DecisionTree, LogisticRegression, Perceptron, SVM, KNN, MLP",107,63,"DecisionTree, KNN, LogisticRegression, MLP, Perceptron, SVM",6,10,5,0.405607476635514,0.2632533230557719,0.36870501681940665,0.020735069628604923,0.0010296027350064074,0.05754446356855991,0.02685407672721584,0.4514018691588785,0.6616822429906543,0.874766355140187
all6_same107,semantic_tags_fixed_vocab_shuffled,semantic,shuffled,5.0,"DecisionTree, LogisticRegression, Perceptron, SVM, KNN, MLP",107,63,"DecisionTree, KNN, LogisticRegression, MLP, Perceptron, SVM",6,10,5,0.394392523364486,0.2534459474639433,0.35924910149496725,0.023259598209520803,0.0015000000000001679,0.07022871314411683,0.029688286719523938,0.4373831775700935,0.6383177570093458,0.8579439252336448
all6_same107,semantic_tags_fixed_vocab_shuffled,semantic,shuffled,6.0,"DecisionTree, LogisticRegression, Perceptron, SVM, KNN, MLP",107,63,"DecisionTree, KNN, LogisticRegression, MLP, Perceptron, SVM",6,10,5,0.40373831775700936,0.2680002401952853,0.3730101763453595,0.0220088328195507,0.0010296027350064074,0.06635071090047406,0.027998545291690304,0.44953271028037384,0.6560747663551402,0.8635514018691589
all6_same107,semantic_tags_fixed_vocab_shuffled,semantic,shuffled,7.0,"DecisionTree, LogisticRegression, Perceptron, SVM, KNN, MLP",107,63,"DecisionTree, KNN, LogisticRegression, MLP, Perceptron, SVM",6,10,5,0.3775700934579439,0.27503149110083486,0.3561279613169062,0.02299258525262034,0.0022321428571426827,0.07294796706561413,0.03023419525196226,0.41869158878504675,0.6598130841121496,0.8579439252336448
all6_same107,semantic_tags_fixed_vocab_shuffled,semantic,shuffled,8.0,"DecisionTree, LogisticRegression, Perceptron, SVM, KNN, MLP",107,63,"DecisionTree, KNN, LogisticRegression, MLP, Perceptron, SVM",6,10,5,0.394392523364486,0.2601716712614055,0.36172889956361587,0.021396755094070786,0.001477748281645097,0.06549546632124359,0.02727414224547343,0.44018691588785047,0.6672897196261682,0.8785046728971962
all6_same107,semantic_tags_fixed_vocab_shuffled,semantic,shuffled,9.0,"DecisionTree, LogisticRegression, Perceptron, SVM, KNN, MLP",107,63,"DecisionTree, KNN, LogisticRegression, MLP, Perceptron, SVM",6,10,5,0.3990654205607477,0.2738791796925681,0.3689339982057248,0.02139996831174253,0.0010296027350064074,0.0676,0.028349711242957116,0.44205607476635517,0.6738317757009346,0.8738317757009346
all6_same107,semantic_tags_fixed_vocab_shuffled,semantic,shuffled,10.0,"DecisionTree, LogisticRegression, Perceptron, SVM, KNN, MLP",107,63,"DecisionTree, KNN, LogisticRegression, MLP, Perceptron, SVM",6,10,5,0.4009345794392523,0.2609289217571564,0.3673210688998728,0.021568295718665788,0.0014080164439876919,0.06549546632124359,0.02673689048421706,0.4457943925233645,0.6607476635514019,0.8757009345794392
all6_same107,semantic_tags_fixed_vocab_shuffled,semantic,shuffled,11.0,"DecisionTree, LogisticRegression, Perceptron, SVM, KNN, MLP",107,63,"DecisionTree, KNN, LogisticRegression, MLP, Perceptron, SVM",6,10,5,0.40186915887850466,0.2609885737324011,0.3669899644077208,0.02200368874349667,0.0010296027350064074,0.06549546632124359,0.028961238523842383,0.44672897196261685,0.6579439252336449,0.8785046728971962
all6_same107,semantic_tags_fixed_vocab_shuffled,semantic,shuffled,12.0,"DecisionTree, LogisticRegression, Perceptron, SVM, KNN, MLP",107,63,"DecisionTree, KNN, LogisticRegression, MLP, Perceptron, SVM",6,10,5,0.3766355140186916,0.2459237355785114,0.3457646339762102,0.021116454185388864,0.002564102564102444,0.06549546632124359,0.027027469193272043,0.4177570093457944,0.6691588785046729,0.883177570093458
all6_same107,semantic_tags_fixed_vocab_shuffled,semantic,shuffled,13.0,"DecisionTree, LogisticRegression, Perceptron, SVM, KNN, MLP",107,63,"DecisionTree, KNN, LogisticRegression, MLP, Perceptron, SVM",6,10,5,0.39626168224299063,0.2627956643252302,0.36826493553317696,0.02160151720075582,0.0014554965632900263,0.06647563981042669,0.027637227195480358,0.4392523364485981,0.6682242990654206,0.8785046728971962
all6_same107,semantic_tags_fixed_vocab_shuffled,semantic,shuffled,14.0,"DecisionTree, LogisticRegression, Perceptron, SVM, KNN, MLP",107,63,"DecisionTree, KNN, LogisticRegression, MLP, Perceptron, SVM",6,10,5,0.3878504672897196,0.25768462496443595,0.35880586520144364,0.02006043657577036,0.0015000000000001679,0.06019796408293735,0.026096291254876034,0.42990654205607476,0.6635514018691588,0.8841121495327103
all6_same107,semantic_tags_fixed_vocab_shuffled,semantic,shuffled,15.0,"DecisionTree, LogisticRegression, Perceptron, SVM, KNN, MLP",107,63,"DecisionTree, KNN, LogisticRegression, MLP, Perceptron, SVM",6,10,5,0.37850467289719625,0.2511352161900306,0.3484461806645278,0.022992987990789627,0.0022321428571426827,0.0676,0.029756344828715642,0.41869158878504675,0.6355140186915887,0.8551401869158879
all6_same107,semantic_tags_fixed_vocab_shuffled,semantic,shuffled,16.0,"DecisionTree, LogisticRegression, Perceptron, SVM, KNN, MLP",107,63,"DecisionTree, KNN, LogisticRegression, MLP, Perceptron, SVM",6,10,5,0.40654205607476634,0.30380299512412545,0.38161285034463,0.026058761161131858,0.0010296027350064074,0.08023301688657823,0.03370763435176576,0.4523364485981308,0.6710280373831776,0.8495327102803738
all6_same107,semantic_tags_fixed_vocab_shuffled,semantic,shuffled,17.0,"DecisionTree, LogisticRegression, Perceptron, SVM, KNN, MLP",107,63,"DecisionTree, KNN, LogisticRegression, MLP, Perceptron, SVM",6,10,5,0.37570093457943926,0.2582476649423773,0.34956507998566155,0.0224416007013442,0.0019062659348556554,0.0676,0.02902416500425879,0.4177570093457944,0.6532710280373831,0.8738317757009346
all6_same107,semantic_tags_fixed_vocab_shuffled,semantic,shuffled,18.0,"DecisionTree, LogisticRegression, Perceptron, SVM, KNN, MLP",107,63,"DecisionTree, KNN, LogisticRegression, MLP, Perceptron, SVM",6,10,5,0.4523364485981308,0.3092327852481605,0.4252262166991805,0.0210685921972773,1.668056713932664e-05,0.0676,0.027309424749718963,0.49626168224299066,0.694392523364486,0.8644859813084113
all6_same107,semantic_tags_fixed_vocab_shuffled,semantic,shuffled,19.0,"DecisionTree, LogisticRegression, Perceptron, SVM, KNN, MLP",107,63,"DecisionTree, KNN, LogisticRegression, MLP, Perceptron, SVM",6,10,5,0.3925233644859813,0.26308183573298943,0.3625304881875955,0.02100205604050051,0.0019062659348556554,0.06549546632124359,0.02711064662284419,0.43644859813084114,0.6560747663551402,0.8710280373831776
all6_same107,semantic_tags_fixed_vocab_shuffled,semantic,shuffled,20.0,"DecisionTree, LogisticRegression, Perceptron, SVM, KNN, MLP",107,63,"DecisionTree, KNN, LogisticRegression, MLP, Perceptron, SVM",6,10,5,0.3747663551401869,0.24181321002905723,0.33952296530992093,0.022346178609046016,0.002564102564102444,0.06635071090047406,0.028132917022326277,0.4121495327102804,0.6504672897196262,0.883177570093458
all6_same107,semantic_tags_fixed_vocab_shuffled,semantic,shuffled,21.0,"DecisionTree, LogisticRegression, Perceptron, SVM, KNN, MLP",107,63,"DecisionTree, KNN, LogisticRegression, MLP, Perceptron, SVM",6,10,5,0.38691588785046727,0.2508264830518837,0.3546427124539308,0.022453598078325674,0.0023105023324761498,0.0676,0.028965928478369308,0.4336448598130841,0.6514018691588785,0.8598130841121495
all6_same107,semantic_tags_fixed_vocab_shuffled,semantic,shuffled,22.0,"DecisionTree, LogisticRegression, Perceptron, SVM, KNN, MLP",107,63,"DecisionTree, KNN, LogisticRegression, MLP, Perceptron, SVM",6,10,5,0.39065420560747666,0.26221732199219483,0.3606969597479514,0.02017916622791123,0.0013996889580092375,0.05359964881474988,0.026083774152820028,0.44018691588785047,0.6682242990654206,0.891588785046729
all6_same107,semantic_tags_fixed_vocab_shuffled,semantic,shuffled,23.0,"DecisionTree, LogisticRegression, Perceptron, SVM, KNN, MLP",107,63,"DecisionTree, KNN, LogisticRegression, MLP, Perceptron, SVM",6,10,5,0.41682242990654206,0.27626898139553907,0.3839966887281919,0.0220775851267681,0.0010296027350064074,0.06647563981042669,0.028536120925823954,0.4514018691588785,0.6626168224299065,0.8757009345794392
all6_same107,semantic_tags_fixed_vocab_shuffled,semantic,shuffled,24.0,"DecisionTree, LogisticRegression, Perceptron, SVM, KNN, MLP",107,63,"DecisionTree, KNN, LogisticRegression, MLP, Perceptron, SVM",6,10,5,0.40186915887850466,0.25650404838686386,0.36204945133593175,0.02074979984361297,0.0010296027350064074,0.05492445628051479,0.027014447311985056,0.4485981308411215,0.6700934579439253,0.883177570093458
all6_same107,semantic_tags_fixed_vocab_shuffled,semantic,shuffled,25.0,"DecisionTree, LogisticRegression, Perceptron, SVM, KNN, MLP",107,63,"DecisionTree, KNN, LogisticRegression, MLP, Perceptron, SVM",6,10,5,0.3822429906542056,0.26015764380023604,0.35669255146513085,0.022685120642663783,0.0024764821859560304,0.07022871314411683,0.029527274230234785,0.42336448598130844,0.6542056074766355,0.8644859813084113
all6_same107,semantic_tags_fixed_vocab_shuffled,semantic,shuffled,26.0,"DecisionTree, LogisticRegression, Perceptron, SVM, KNN, MLP",107,63,"DecisionTree, KNN, LogisticRegression, MLP, Perceptron, SVM",6,10,5,0.38878504672897196,0.2613394200299023,0.357887065489984,0.021266819795642565,0.0019062659348556554,0.05754446356855991,0.027580020934019824,0.4280373831775701,0.6514018691588785,0.8728971962616823
all6_same107,semantic_tags_fixed_vocab_shuffled,semantic,shuffled,27.0,"DecisionTree, LogisticRegression, Perceptron, SVM, KNN, MLP",107,63,"DecisionTree, KNN, LogisticRegression, MLP, Perceptron, SVM",6,10,5,0.39158878504672895,0.26595672069733056,0.3629324810668598,0.021125950798197755,0.0019062659348556554,0.07022871314411683,0.027434661209814123,0.4336448598130841,0.6644859813084112,0.8710280373831776
all6_same107,semantic_tags_fixed_vocab_shuffled,semantic,shuffled,28.0,"DecisionTree, LogisticRegression, Perceptron, SVM, KNN, MLP",107,63,"DecisionTree, KNN, LogisticRegression, MLP, Perceptron, SVM",6,10,5,0.4093457943925234,0.26654684177846133,0.37493264217080396,0.019802296625524147,0.0006472491909383926,0.05754446356855991,0.025548331947469666,0.4523364485981308,0.6691588785046729,0.8803738317757009
all6_same107,semantic_tags_fixed_vocab_shuffled,semantic,shuffled,29.0,"DecisionTree, LogisticRegression, Perceptron, SVM, KNN, MLP",107,63,"DecisionTree, KNN, LogisticRegression, MLP, Perceptron, SVM",6,10,5,0.4046728971962617,0.27843300872305515,0.3775018243339274,0.020994848443412116,0.001309143630482179,0.06558099077916665,0.02736059536566061,0.4457943925233645,0.6644859813084112,0.8682242990654205
all6_same107,context_full_shuffled,full,shuffled,0.0,"DecisionTree, LogisticRegression, Perceptron, SVM, KNN, MLP",107,63,"DecisionTree, KNN, LogisticRegression, MLP, Perceptron, SVM",6,10,5,0.3990654205607477,0.2629133093952544,0.3648705561056889,0.020388758600482296,0.0015000000000001679,0.05359964881474988,0.026590243147770698,0.4439252336448598,0.6523364485981309,0.8869158878504673
all6_same107,context_full_shuffled,full,shuffled,1.0,"DecisionTree, LogisticRegression, Perceptron, SVM, KNN, MLP",107,63,"DecisionTree, KNN, LogisticRegression, MLP, Perceptron, SVM",6,10,5,0.3775700934579439,0.25606391107879184,0.3500760751057964,0.023569178916589637,0.002564102564102444,0.07022871314411683,0.029857919737357023,0.41962616822429905,0.6364485981308411,0.8551401869158879
all6_same107,context_full_shuffled,full,shuffled,2.0,"DecisionTree, LogisticRegression, Perceptron, SVM, KNN, MLP",107,63,"DecisionTree, KNN, LogisticRegression, MLP, Perceptron, SVM",6,10,5,0.38317757009345793,0.24759410373197033,0.349143247881664,0.021510187134361557,0.0018178729187904308,0.05754446356855991,0.02796091109566723,0.42336448598130844,0.6476635514018692,0.8738317757009346
all6_same107,context_full_shuffled,full,shuffled,3.0,"DecisionTree, LogisticRegression, Perceptron, SVM, KNN, MLP",107,63,"DecisionTree, KNN, LogisticRegression, MLP, Perceptron, SVM",6,10,5,0.37009345794392523,0.2443856694457882,0.3401007457351575,0.022134461877615638,0.0029999999999998916,0.06549546632124359,0.028241947985666812,0.41682242990654206,0.6467289719626168,0.8710280373831776
all6_same107,context_full_shuffled,full,shuffled,4.0,"DecisionTree, LogisticRegression, Perceptron, SVM, KNN, MLP",107,63,"DecisionTree, KNN, LogisticRegression, MLP, Perceptron, SVM",6,10,5,0.4102803738317757,0.2652255472650074,0.37123503499041477,0.021313708707346606,0.0008384259629724,0.06549546632124359,0.027307314437918093,0.4570093457943925,0.6616822429906543,0.8719626168224299
all6_same107,context_full_shuffled,full,shuffled,5.0,"DecisionTree, LogisticRegression, Perceptron, SVM, KNN, MLP",107,63,"DecisionTree, KNN, LogisticRegression, MLP, Perceptron, SVM",6,10,5,0.40186915887850466,0.256639252428293,0.3646699343307176,0.022897348781162924,0.0014080164439876919,0.06786287131441174,0.02950904128740812,0.4439252336448598,0.6401869158878505,0.8579439252336448
all6_same107,context_full_shuffled,full,shuffled,6.0,"DecisionTree, LogisticRegression, Perceptron, SVM, KNN, MLP",107,63,"DecisionTree, KNN, LogisticRegression, MLP, Perceptron, SVM",6,10,5,0.405607476635514,0.26965634031672825,0.37666187487113284,0.020486258069444332,0.0010296027350064074,0.06549546632124359,0.02629142562797645,0.4514018691588785,0.6626168224299065,0.8766355140186916
all6_same107,context_full_shuffled,full,shuffled,7.0,"DecisionTree, LogisticRegression, Perceptron, SVM, KNN, MLP",107,63,"DecisionTree, KNN, LogisticRegression, MLP, Perceptron, SVM",6,10,5,0.38037383177570094,0.2754291096554116,0.3594791156659335,0.02195483443034555,0.0022321428571426827,0.07022871314411683,0.028248106475624816,0.4205607476635514,0.6700934579439253,0.8626168224299066
all6_same107,context_full_shuffled,full,shuffled,8.0,"DecisionTree, LogisticRegression, Perceptron, SVM, KNN, MLP",107,63,"DecisionTree, KNN, LogisticRegression, MLP, Perceptron, SVM",6,10,5,0.39065420560747666,0.26431900610698494,0.3604191644455078,0.021826978817066016,0.0015000000000001679,0.0676,0.02806294164646879,0.4336448598130841,0.6672897196261682,0.8728971962616823
all6_same107,context_full_shuffled,full,shuffled,9.0,"DecisionTree, LogisticRegression, Perceptron, SVM, KNN, MLP",107,63,"DecisionTree, KNN, LogisticRegression, MLP, Perceptron, SVM",6,10,5,0.3850467289719626,0.2646664620531977,0.3562158951951341,0.02274445604580536,0.0015000000000001679,0.07022871314411683,0.030140546905622352,0.4289719626168224,0.6635514018691588,0.8626168224299066
all6_same107,context_full_shuffled,full,shuffled,10.0,"DecisionTree, LogisticRegression, Perceptron, SVM, KNN, MLP",107,63,"DecisionTree, KNN, LogisticRegression, MLP, Perceptron, SVM",6,10,5,0.40186915887850466,0.2674549032598032,0.37085546002399067,0.021844719892207782,0.0010296027350064074,0.06549546632124359,0.027476695247283828,0.4485981308411215,0.6700934579439253,0.8775700934579439
all6_same107,context_full_shuffled,full,shuffled,11.0,"DecisionTree, LogisticRegression, Perceptron, SVM, KNN, MLP",107,63,"DecisionTree, KNN, LogisticRegression, MLP, Perceptron, SVM",6,10,5,0.3822429906542056,0.24207274343468868,0.3453540940067399,0.023939047978282647,0.0022321428571426827,0.0676,0.030913475683291464,0.4224299065420561,0.6401869158878505,0.8719626168224299
all6_same107,context_full_shuffled,full,shuffled,12.0,"DecisionTree, LogisticRegression, Perceptron, SVM, KNN, MLP",107,63,"DecisionTree, KNN, LogisticRegression, MLP, Perceptron, SVM",6,10,5,0.3794392523364486,0.2500942809726392,0.34986324213125475,0.02052572449836728,0.0022321428571426827,0.05399413029013097,0.026595743479284492,0.4205607476635514,0.6626168224299065,0.8869158878504673
all6_same107,context_full_shuffled,full,shuffled,13.0,"DecisionTree, LogisticRegression, Perceptron, SVM, KNN, MLP",107,63,"DecisionTree, KNN, LogisticRegression, MLP, Perceptron, SVM",6,10,5,0.385981308411215,0.25858252872097953,0.3591041914826926,0.02099644070016497,0.0015000000000001679,0.0676,0.02741485274395968,0.4289719626168224,0.6616822429906543,0.8775700934579439
all6_same107,context_full_shuffled,full,shuffled,14.0,"DecisionTree, LogisticRegression, Perceptron, SVM, KNN, MLP",107,63,"DecisionTree, KNN, LogisticRegression, MLP, Perceptron, SVM",6,10,5,0.385981308411215,0.2554658912313644,0.3531525691045979,0.021405644892078652,0.0019290313018665017,0.06635071090047406,0.027399339503102884,0.4252336448598131,0.6485981308411215,0.8775700934579439
all6_same107,context_full_shuffled,full,shuffled,15.0,"DecisionTree, LogisticRegression, Perceptron, SVM, KNN, MLP",107,63,"DecisionTree, KNN, LogisticRegression, MLP, Perceptron, SVM",6,10,5,0.3775700934579439,0.24197122808335902,0.34382197884430044,0.022722166745007853,0.0022321428571426827,0.06635071090047406,0.028924921672303917,0.41869158878504675,0.6383177570093458,0.8616822429906542
all6_same107,context_full_shuffled,full,shuffled,16.0,"DecisionTree, LogisticRegression, Perceptron, SVM, KNN, MLP",107,63,"DecisionTree, KNN, LogisticRegression, MLP, Perceptron, SVM",6,10,5,0.411214953271028,0.3014127705885293,0.3822174903061699,0.025561185115837624,0.0006472491909383926,0.07824743798749588,0.03335899767495473,0.4570093457943925,0.6710280373831776,0.8448598130841122
all6_same107,context_full_shuffled,full,shuffled,17.0,"DecisionTree, LogisticRegression, Perceptron, SVM, KNN, MLP",107,63,"DecisionTree, KNN, LogisticRegression, MLP, Perceptron, SVM",6,10,5,0.36355140186915885,0.24922749535439495,0.3381427021900729,0.024624746060498307,0.002388861807809617,0.07294796706561413,0.031572039784417916,0.40654205607476634,0.6485981308411215,0.8588785046728972
all6_same107,context_full_shuffled,full,shuffled,18.0,"DecisionTree, LogisticRegression, Perceptron, SVM, KNN, MLP",107,63,"DecisionTree, KNN, LogisticRegression, MLP, Perceptron, SVM",6,10,5,0.45514018691588787,0.3147830419723903,0.4301133215003411,0.019845855060306068,1.668056713932664e-05,0.06635071090047406,0.025581350925649303,0.49626168224299066,0.6915887850467289,0.8682242990654205
all6_same107,context_full_shuffled,full,shuffled,19.0,"DecisionTree, LogisticRegression, Perceptron, SVM, KNN, MLP",107,63,"DecisionTree, KNN, LogisticRegression, MLP, Perceptron, SVM",6,10,5,0.3794392523364486,0.2494449194647926,0.3506315461474293,0.021878527803521827,0.0019230769230770273,0.0676,0.02831128728508244,0.42710280373831777,0.6588785046728972,0.8738317757009346
all6_same107,context_full_shuffled,full,shuffled,20.0,"DecisionTree, LogisticRegression, Perceptron, SVM, KNN, MLP",107,63,"DecisionTree, KNN, LogisticRegression, MLP, Perceptron, SVM",6,10,5,0.37850467289719625,0.25293150987566815,0.3499897672992098,0.02058346195267449,0.002564102564102444,0.052414632188087285,0.025589855749699845,0.41401869158878507,0.6579439252336449,0.897196261682243
all6_same107,context_full_shuffled,full,shuffled,21.0,"DecisionTree, LogisticRegression, Perceptron, SVM, KNN, MLP",107,63,"DecisionTree, KNN, LogisticRegression, MLP, Perceptron, SVM",6,10,5,0.39158878504672895,0.2596716615994456,0.3620082716399538,0.021378666587644847,0.0015000000000001679,0.06635071090047406,0.02778188246418165,0.4373831775700935,0.6551401869158878,0.8654205607476636
all6_same107,context_full_shuffled,full,shuffled,22.0,"DecisionTree, LogisticRegression, Perceptron, SVM, KNN, MLP",107,63,"DecisionTree, KNN, LogisticRegression, MLP, Perceptron, SVM",6,10,5,0.39065420560747666,0.254269853247018,0.3578280610192417,0.019367555488117652,0.0013996889580092375,0.052414632188087285,0.024926350286844076,0.4392523364485981,0.6766355140186916,0.8962616822429906
all6_same107,context_full_shuffled,full,shuffled,23.0,"DecisionTree, LogisticRegression, Perceptron, SVM, KNN, MLP",107,63,"DecisionTree, KNN, LogisticRegression, MLP, Perceptron, SVM",6,10,5,0.411214953271028,0.27119952818083226,0.37763675664311736,0.021403452053323203,0.0010296027350064074,0.05629268882681511,0.028120202844649465,0.44953271028037384,0.6644859813084112,0.8766355140186916
all6_same107,context_full_shuffled,full,shuffled,24.0,"DecisionTree, LogisticRegression, Perceptron, SVM, KNN, MLP",107,63,"DecisionTree, KNN, LogisticRegression, MLP, Perceptron, SVM",6,10,5,0.41401869158878507,0.2747189074673495,0.37742869126501516,0.02094377411984524,0.0006472491909383926,0.06635071090047406,0.02773470219364191,0.4588785046728972,0.6766355140186916,0.8775700934579439
all6_same107,context_full_shuffled,full,shuffled,25.0,"DecisionTree, LogisticRegression, Perceptron, SVM, KNN, MLP",107,63,"DecisionTree, KNN, LogisticRegression, MLP, Perceptron, SVM",6,10,5,0.38317757009345793,0.25016249650326133,0.3514707493082853,0.021638736352512046,0.0022321428571426827,0.05775095248401651,0.027857337074591846,0.42429906542056073,0.6598130841121496,0.8738317757009346
all6_same107,context_full_shuffled,full,shuffled,26.0,"DecisionTree, LogisticRegression, Perceptron, SVM, KNN, MLP",107,63,"DecisionTree, KNN, LogisticRegression, MLP, Perceptron, SVM",6,10,5,0.38878504672897196,0.2637606844744097,0.3571364158673666,0.020760255084755676,0.0015000000000001679,0.05833956384382846,0.02648882146507816,0.4280373831775701,0.6542056074766355,0.874766355140187
all6_same107,context_full_shuffled,full,shuffled,27.0,"DecisionTree, LogisticRegression, Perceptron, SVM, KNN, MLP",107,63,"DecisionTree, KNN, LogisticRegression, MLP, Perceptron, SVM",6,10,5,0.402803738317757,0.28199800642441114,0.3729851615458833,0.019560809445568074,0.0012188095894970497,0.0676,0.025063763012550366,0.4439252336448598,0.6878504672897197,0.8850467289719626
all6_same107,context_full_shuffled,full,shuffled,28.0,"DecisionTree, LogisticRegression, Perceptron, SVM, KNN, MLP",107,63,"DecisionTree, KNN, LogisticRegression, MLP, Perceptron, SVM",6,10,5,0.41401869158878507,0.27068438341205486,0.3798198362016818,0.018602865511868842,0.0006472491909383926,0.0524490837373148,0.023775765167791185,0.4588785046728972,0.6785046728971963,0.8906542056074767
all6_same107,context_full_shuffled,full,shuffled,29.0,"DecisionTree, LogisticRegression, Perceptron, SVM, KNN, MLP",107,63,"DecisionTree, KNN, LogisticRegression, MLP, Perceptron, SVM",6,10,5,0.4046728971962617,0.2879684621085573,0.3811452092424249,0.02054201584424258,0.0015000000000001679,0.06549546632124359,0.026194128411838012,0.44299065420560746,0.6654205607476635,0.8728971962616823
