nr_inst,nr_attr,nr_class,attr_to_inst,inst_to_attr,class_entropy,minority_class_ratio,majority_class_ratio,pymfe_failed,can_cor.mean,can_cor.sd,cat_to_num,cor.mean,cor.sd,cov.mean,cov.sd,eigenvalues.mean,eigenvalues.sd,freq_class.mean,freq_class.sd,g_mean.mean,g_mean.sd,gravity,h_mean.mean,h_mean.sd,iq_range.mean,iq_range.sd,kurtosis.mean,kurtosis.sd,lh_trace,mad.mean,mad.sd,max.mean,max.sd,mean.mean,mean.sd,median.mean,median.sd,min.mean,min.sd,nr_bin,nr_cat,nr_cor_attr,nr_disc,nr_norm,nr_num,nr_outliers,num_to_cat,p_trace,range.mean,range.sd,roy_root,sd.mean,sd.sd,sd_ratio,skewness.mean,skewness.sd,sparsity.mean,sparsity.sd,t_mean.mean,t_mean.sd,var.mean,var.sd,w_lambda,did,name
50000,27,3,0.00054,1851.851851851852,1.4459441981886196,0.17828,0.53174,0,0.35778275525523057,0.18841070079060754,0.0,0.027048518044022418,0.060204883447652145,340132.9448210507,2826456.9790661805,97350968.11940902,261679259.5435794,0.3333333333333333,0.1806740892694172,,,6512.99292505349,,,7237.2664030620845,15619.766548383757,16.070612803743778,38.255646238848456,0.3707827096137308,5339.136585930839,11586.431504555834,17793.097530864197,32561.421218949534,7272.293716263281,15573.076842850878,7191.551734003779,15670.605727281916,11.838719135802467,58.455883020284354,0,0,0.0,2,0.0,27,10,,0.2915155920884563,17781.258811728396,32562.710463392843,0.31767943032062707,4516.161165383158,8939.52314183338,,1.7785643920963992,3.679385122348393,0.03495599259594308,0.08338000928506192,7216.432477195565,15657.381898427277,97350968.11940897,261261988.37006417,0.7206414999499914,46560,dataset_credit_score
49644,1000,10,0.020143421158649585,49.644,3.2215954513182634,0.06298847796309726,0.19095963258399806,0,0.1956812206217042,0.03570867696772813,0.0,0.5970409382349493,0.11414342128785582,1665.5418161227506,364.24659939258527,2782.0570592426243,53914.259948878986,0.09999999999999999,0.04137565621866071,1.4892914985701724,12.076170604214724,60.90350677418148,1.2279910483616159,9.965186416880652,75.784,5.16338111168491,-0.41633814821840204,0.1553652099256456,0.37147072950439985,55.9614783,3.9330886245707504,255.0,0.0,115.72877779792121,3.628737982329115,112.058,3.4441978018834085,0.015,0.121613279660528,0,0,0.7801781781781781,9,0.0,1000,165,,0.3548211378222852,254.985,0.12161327966052798,0.0767814335509272,52.707975873559825,1.982490560805609,,0.3460411008597354,0.07205286611377311,0.0038871195562404045,3.7959320810930548e-06,112.69549439371559,3.5886404531426193,2782.0570592426247,206.3129408312742,0.6955853781064697,42141,SVHN_medium
49053,2,315,4.077222595967627e-05,24526.5,8.283172149382146,0.0025278780094999285,0.005280003261778077,0,0.03949528196818694,0.055854763409160915,0.0,,,0.0,,100260244.25,141789397.18518913,0.0031746031746031746,0.0004859456336726987,0.0,0.0,576.6291568065753,0.0,0.0,12263.0,17342.500915381264,,,0.006278685104402757,9090.561899999999,12855.99592857213,24526.0,34685.00183076253,12263.0,17342.500915381264,12263.0,17342.500915381264,0.0,0.0,0,0,0.0,2,1.0,2,0,,0.006239509190986526,24526.0,34685.00183076253,0.006278685104402757,7080.262857055521,10013.003757614397,,,,0.5,0.7071067811865476,12263.0,17342.500915381264,100260244.25,141789397.18518913,0.9937604908090135,46770,Meta_Album_BRD_Extended
48842,14,2,0.00028663854878997584,3488.714285714286,0.7938438393615401,0.23928176569346055,0.7607182343065395,0,0.5098040548691389,,0.0,0.06197644375929333,0.08605936917030249,37570.16953085277,306178.0185813392,800564686.32639,2979445477.718237,0.5,0.3687112629142745,11434.80119503398,42760.98434498137,4201.67510995202,9024.378133354856,33744.26715787423,8581.035714285714,32094.919835522673,14.586036798905663,40.32869344551053,0.35116907930173424,6387.72915,23890.87969495306,113932.21428571429,397064.54258202616,13641.730123956546,50663.5246714239,12735.607142857143,47607.956626605126,878.8571428571429,3282.91682823353,1,0,0.01098901098901099,1,0.0,14,10,,0.25990017436101603,113053.35714285714,393789.0770238862,0.35116907930173424,8107.652445609988,28131.052120205288,,0.7757422424511387,3.749406545723707,0.09980578039270091,0.1325143654144995,12682.289258172388,47408.36144670075,800564686.3263901,2979445256.5749564,0.740099825638984,45051,adult-test
48000,6,20,0.000125,8000.0,4.321928094858508,0.05,0.05,0,0.166481695950461,0.407795206591817,0.0,0.40949788305657886,0.4984014324683181,1334267.1408487677,3349129.4069131655,32178453.634450708,78766439.57470256,0.05000000000000001,7.119154932824459e-18,0.0,0.0,2405.9925186916107,0.0,0.0,4534.5,9547.803412303796,-1.2010788527203549,0.002454846620408907,449.77190270942873,3361.7955,7077.786669540804,9069.0,19095.606824607592,4534.5,9547.803412303796,4534.5,9547.803412303796,0.0,0.0,0,0,0.4,6,0.0,6,0,,0.9977815831155639,9069.0,19095.606824607592,449.77190270942873,2618.3094607193952,5512.4850152022755,,-6.525474576184885e-19,1.5984083041157284e-18,0.008871712605123717,0.02014503752763332,4534.5,9547.803412303796,32178453.63445072,78298512.44349778,0.0022184168844361363,46070,Stylized_Meta_Album_TEX_DTD_STY_Extended
45781,2,20,4.368624538564033e-05,22890.5,4.245430965667849,0.03051484240186977,0.0634761145453354,0,0.018789067876591715,0.002541785876842902,0.0,0.00447579822177392,,0.00037377018513684384,,0.0835093745609885,0.0005902919636757507,0.05,0.0161783051145876,0.36697972022377434,0.0019392035282957225,0.017787900502579623,0.06574380309083888,0.00470237073417319,0.49949350000000003,3.535533905916647e-06,-1.2001490798805836,0.00015973651201318356,0.0007127818837680002,0.37031048460000004,0.00010483565137876468,0.9999830000000001,1.838477631082937e-05,0.5003109766387803,0.0009498384016109614,0.5005885000000001,0.00032739043968936526,1.15e-05,9.192388155425117e-06,0,0,0.0,2,0.0,2,0,,0.0007125188187860593,0.9999715,2.7577164466204802e-05,0.00042397880184056886,0.2889797072887784,0.0004546125393587837,,-0.00470660236638478,0.0049180488322802295,4.895327463420031e-07,3.5267510438041523e-10,0.5006940672394334,0.0013581081698001796,0.0835093745609885,0.00026274759710741746,0.9992876035403682,40985,tamilnadu-electricity
45312,8,2,0.00017655367231638418,5664.0,0.9835093906028243,0.4245453742937853,0.5754546257062146,0,0.44871519616632866,,0.0,0.16866964916247348,0.17988534194833253,0.00560047997672454,0.007250697114888975,0.5330007514223665,1.3996222726834857,0.5,0.10670895501751436,0.0,0.0,0.254069864707323,0.0,0.0,0.7379468749999999,1.347612633588456,900.2287635351781,2484.1672397948337,0.2521056147865339,0.5405048103000001,1.0024846992214074,1.625,1.7677669529663689,0.6765565286541093,0.9614017582453345,0.6612459374999999,0.964403425815834,0.0,0.0,0,0,0.07142857142857142,1,3.0,8,5,,0.2013453272705868,1.625,1.7677669529663689,0.2521056147865339,0.39020303747220136,0.6596469540333861,1.15698869067826,11.039969169534952,27.512602586655166,0.020771375668561014,0.04983672355354063,0.6760137925601368,0.9621240937731804,0.5330007514223658,1.3993877314954704,0.7986546727294133,151,electricity
45211,16,2,0.00035389617570945125,2825.6875,0.5206312212509311,0.11698480458295547,0.8830151954170445,0,0.45952489464017504,,0.0,0.064539546483407,0.11464415260445501,191.31811287297867,1568.3418607705653,584197.8177854284,2316441.3032992063,0.5,0.5416652839537657,,,592.89519330391,,,101.125,338.8448760126085,297.39482998703284,1122.933380072027,0.2676892225781078,51.983662499999994,166.77105583259493,6775.9375,25456.297296788864,108.5568362787817,340.3418775403618,43.75,116.71189599465286,-500.0,2005.0717027910332,3,0,0.008333333333333333,1,5.0,16,9,,0.21116312879406396,7275.9375,27459.23855333878,0.2676892225781078,214.83028996107532,757.5720968467056,1.0199508066311496,4.323983169999341,10.403950751932573,0.18287980987278413,0.19632495097149974,53.59519804991336,151.03996903498563,584197.8177854293,2316432.752921836,0.788836871205936,1461,bank-marketing
45164,74,11,0.0016384731201842175,610.3243243243244,2.331572915233586,0.0016163315915330794,0.5097201310778496,0,0.6629587500376558,0.2595089547652295,0.0,0.2772204128296776,0.2523446621103032,32688553.39552444,1698314250.9758952,2385510385.808688,20520809851.763412,0.09090909090909091,0.14580934239467266,,,705169.5352960052,,,13680.776034243245,82445.81146723419,52.620344432167606,347.6349301911481,17.38661118290047,10141.708540489248,61241.215356460976,39437.46860767567,237621.6883974391,13539.848993058871,81664.640649535,13398.45002418919,80898.77656891938,-140.3267622027027,1138.8207926753057,0,0,0.19289152165864495,10,0.0,74,50,,5.001247120944988,39577.795369878375,237349.34892641575,4.91000450371513,8054.879773031211,48501.73955730118,,0.7748471896277715,4.9409149795400245,0.015000361135855888,0.02964015847172836,13426.330573797792,80996.7908829918,2385510385.8086905,14410673481.689718,0.00021140861222515415,279,meta_stream_intervals.arff
45000,13,2,0.0002888888888888889,3461.5384615384614,0.764204506505735,0.2222222222222222,0.7777777777777778,0,0.6734421487700843,,0.0,0.09417853628821736,0.183353344879604,1582854.7512898704,13931989.94320263,500589132.9906137,1793654678.2305782,0.5,0.3928371006591931,5844.9563495478205,18695.425126573802,26321.841950635655,4963.766382846476,16035.040294060129,4301.924615384616,13454.627470209902,187.186873894553,664.4006605825588,0.8299076258317849,3075.845297538461,9504.91314750413,556688.4353846154,1996320.1681215619,6968.618023726496,22196.259254235643,5826.317692307692,18525.988597468582,685.9553846153847,2203.8901422734884,2,0,0.05128205128205128,1,0.0,13,8,,0.4535243277400684,556002.48,1994121.9741498185,0.8299076258317849,6677.886210312799,22225.988155358176,,3.2629005341514263,9.335256236721456,0.13100190582724205,0.18463994512913023,6026.323491253562,19128.255618613955,500589132.99061394,1792951081.2477574,0.5464756722599317,46565,Loan_Approval_Status
45000,10,2,0.00022222222222222223,4500.0,0.35403583201906974,0.06684444444444444,0.9331555555555555,0,0.22008903955126347,,0.0,0.11407346086450233,0.24743811326413848,12133.558398906798,71688.117148925,25464133.326348126,79193944.68405549,0.5,0.6125744612839192,0.0,0.0,853.9457466682612,0.0,0.0,348.948561951675,1092.1666718977533,6683.385484530039,10777.918952727086,0.050904981146608776,250.024666399528,782.6449062084887,338639.3,943689.3634570707,686.0904659150149,2024.5608146977052,546.1519653606,1705.5448613064532,0.0,0.0,0,0,0.06666666666666667,1,0.0,10,10,,0.048439185330597614,338639.3,943689.3634570707,0.050904981146608776,1810.2532224923348,4965.113470428134,,45.55612034316868,58.07138754685369,0.04101767115034719,0.03940955744249512,554.7428537460562,1732.6987726490343,25464133.3263481,79193618.13030638,0.9515608146694023,46468,Give-Me-Some-Credit-Sampled
45000,13,2,0.0002888888888888889,3461.5384615384614,0.764204506505735,0.2222222222222222,0.7777777777777778,0,0.6734421487700841,,0.0,0.09417853628821736,0.183353344879604,1582854.7512898704,13931989.943202633,500589132.99061304,1793654678.2305753,0.5,0.3928371006591931,5844.956349547821,18695.425126573802,26321.841950635655,4963.766382846476,16035.040294060129,4301.924615384615,13454.6274702099,187.18687389455297,664.4006605825588,0.8299076258317839,3075.8452975384616,9504.91314750413,556688.4353846154,1996320.1681215616,6968.618023726496,22196.259254235643,5826.317692307693,18525.988597468582,685.9553846153847,2203.8901422734884,2,0,0.05128205128205128,1,0.0,13,8,,0.4535243277400681,556002.48,1994121.9741498188,0.8299076258317839,6677.8862103127985,22225.988155358176,,3.2629005341514263,9.335256236721456,0.13100190582724205,0.18463994512913023,6026.323491253562,19128.255618613955,500589132.99061394,1792951081.2477574,0.5464756722599319,46553,Loan_Status
44819,6,3,0.00013387179544389658,7469.833333333333,1.3491090889048194,0.09672237220821527,0.5145585577545237,0,0.4161550128869813,0.17451677103575186,0.0,0.00419296533101103,0.008658917276379012,0.02742648979126618,0.05914712280151117,6.457387885350847,1.5905359447050744,0.3333333333333333,0.21435357323975235,0.0,0.0,3.190425987738364,0.0,0.0,5.333333333333333,1.0327955589886444,-1.3345371112603683,0.07798460183587487,0.5044175934200184,3.4594,0.7656113478782822,7.0,0.8944271909999159,3.7195794938158664,0.5619223688284748,4.0,0.8944271909999159,0.0,0.0,0,0,0.0,2,1.0,6,0,,0.3768260928746722,7.0,0.8944271909999159,0.41067950188213415,2.523533407940241,0.32710920077619915,,-0.20973282038390018,0.32492472481704476,0.15130381524241132,0.04029043642945833,3.8659378524770998,0.7220989875430434,6.457387885350858,1.5829404212999854,0.6481243029876382,41027,jungle_chess_2pcs_raw_endgame_complete
43965,100,6,0.002274536563175253,439.65,1.9863415573689722,0.03225292846582509,0.5187080632321165,0,0.5189641741260501,0.41771356765943335,0.0,0.05419998384500142,0.11044651327031796,37560.27824188341,1859265.0242916418,454906399.0282381,4521335004.391558,0.16666666666666666,0.1818655890864077,940.3447310372027,7731.506891916896,36321.645419129156,808.506125628293,7545.535388095143,1110.626699998665,9218.381000953606,241.94420698221936,1198.3826047992036,2153297.8808036456,261.9238255692043,1928.8460298415741,14760.446099853516,121382.70617363369,1918.8599608565742,12960.563609718467,923.5695000076294,7242.640558526262,572.246500004232,5719.975202580103,89,0,0.01595959595959596,5,10.0,100,84,,2.044557568558754,14188.199599849284,121068.40717048684,2153294.6761642317,2360.649117612095,21304.282653152375,,4.963557972991307,14.391141992917301,0.4481923101270286,0.15002653441668184,1084.1340651126402,7762.632919481118,454906399.0282376,4521296767.96951,8.564625306260635e-08,46561,EDA-Home-Mortgage-NY-Sampled-Dataset
43825,11,2,0.00025099828864803196,3984.090909090909,0.9999521323666956,0.49592698231602966,0.5040730176839703,0,0.07982686667291097,,0.0,0.7154142880196828,0.37526845540481724,197406.6275731547,838651.8269493611,15078596.361831121,48181012.18378501,0.5,0.005760116848456264,0.8042278482163994,0.516525060868182,12.086225170557212,0.8008817324456756,0.5143759827207314,2361.4888563636364,6534.888216238008,0.41775435924339505,2.751662516952017,0.006413195633039093,1737.2784428847272,4845.144744456588,8289.303579090909,15119.024422330516,2455.6737623787794,6532.716976693197,2388.7707963636362,6533.409074785599,0.6976127272727273,0.4480502090188311,0,0,0.6727272727272727,1,0.0,11,2,,0.006372328642814704,8288.605966363637,15119.445082030496,0.006413195633039093,1460.0457197680453,3773.7977083860665,,0.8357480152553639,0.4573341673324034,2.0215152091281686e-05,1.2467641617230433e-05,2403.343946829677,6532.96691778224,15078596.361831104,48097663.4934941,0.9936276713571853,41762,FOREX_audsgd-hour-Close
43825,11,2,0.00025099828864803196,3984.090909090909,0.9999578502923178,0.4961779806046777,0.5038220193953223,0,0.07023297756293584,,0.0,0.6670606312973764,0.3607804176205785,677391.1230590179,2945892.9518470448,15993709.052788915,48905964.37211255,0.5,0.00540515166451783,1.1580382175015074,0.7437638670732797,130.5972111882356,1.1569758287845102,0.7430815388188298,2639.471501818182,6548.725650851893,0.06278901004939375,1.5128970570372773,0.004957122994877002,1925.3356738598181,4850.222938036868,9494.985592727273,16630.05932634857,2723.622846983436,6563.671733228868,2603.2399863636365,6542.999884252182,1.0452036363636363,0.6712951403112155,0,0,0.5272727272727272,1,0.0,11,2,,0.004932671137355849,9493.940389090909,16630.715643411608,0.004957122994877002,1662.4111177012494,3814.853622537228,,0.49722872162968995,0.45213977541146294,1.956900508694462e-05,1.223451771013403e-05,2633.229592407163,6547.1324748140405,15993709.052788911,47885492.834806815,0.9950673288626442,41758,FOREX_eursgd-hour-Close
43825,11,2,0.00025099828864803196,3984.090909090909,0.9993778140068927,0.4853166001140901,0.5146833998859098,0,0.43226924462174254,,0.0,0.6093710078283328,0.4423392942440014,1064663.0480675884,5515459.738894151,21740615.328255948,51933394.950647056,0.5,0.02076546326040128,0.720248039995715,0.4625879586172597,417.24895436997593,0.7198472881505127,0.46233057261395755,2837.034129090909,6593.926752997747,8.357030688847557,20.005735503499757,0.22979553519094278,2063.2965301352724,4876.861164186246,30044.086624545453,57513.01667329985,3193.877366212,6747.048914332862,2932.209639090909,6625.440102333462,0.6627363636363636,0.4256504237815987,0,0,0.5636363636363636,1,0.0,11,2,,0.1868566998458519,30043.423888181813,57513.397485731584,0.22979553519094278,2292.8576127844008,4258.1405830864505,,1.1591044870463834,2.0418581265865554,3.947263565572627e-05,2.5119754381728375e-05,2969.4430859399818,6639.758468857279,21740615.32825594,48539362.70096725,0.813143300154148,41763,FOREX_audcad-hour-High
43825,11,2,0.00025099828864803196,3984.090909090909,0.9999989449969222,0.49939532230462064,0.5006046776953793,0,0.05966236465342728,,0.0,0.7273463462773071,0.35714274824167563,843314.5537262473,3973606.6764595937,19449952.5753657,49691475.383450165,0.5,0.0008551433976699631,0.8600002234248624,0.552345363835603,13.492747781736236,0.8542471420911224,0.5486503737329028,2768.8729745454543,6574.938195981818,6.379936774296009,18.46610252982114,0.003572313756068496,2000.275172112,4862.255427354285,28152.416653636366,57582.62071189819,2933.4380388055592,6625.731025013538,2693.6876045454546,6557.677803978033,0.7013363636363636,0.4504418211994248,0,0,0.6727272727272727,1,0.0,11,2,,0.003559597756038529,28151.71531727273,57582.997868110586,0.003572313756068496,2094.039484990942,4070.804138217783,,0.6465825343789009,1.944535162251549,1.5208431275720666e-05,9.487080225499352e-06,2737.6835781643244,6566.990363416193,19449952.5753657,47863269.96533811,0.9964404022439615,41727,FOREX_usdcad-hour-Close
43825,11,2,0.00025099828864803196,3984.090909090909,0.99989726595395,0.4940330861380491,0.5059669138619509,0,0.10862117616350143,,0.0,0.6383474452568197,0.393400061308217,215362.2262261839,918409.1156895508,15105726.30274,48190061.81000896,0.5,0.00843849050908301,3.077445501419172,1.9765265306340818,93.39677679409218,3.076740950350399,1.9760740212143666,2355.164897272727,6535.260857505085,3.709560355423756,8.639589026546883,0.011939427967319602,1685.9060711907273,4850.040302478086,10430.468746363635,17987.864446079977,2278.219011619727,6541.353050425126,2172.238729090909,6558.430481317711,2.8884990909090913,1.8551742242520217,0,0,0.5272727272727272,1,0.0,11,10,,0.011798559911142412,10427.580247272726,17989.706070410684,0.011939427967319602,1467.8933497699693,3774.4028611272006,,0.8154654468298993,1.052190078184218,1.7327073277740892e-05,9.473340822019091e-06,2199.9019265268544,6553.158816056229,15105726.302739989,48090147.995179884,0.9882014400888576,41734,FOREX_eurpln-hour-Close
43825,11,2,0.00025099828864803196,3984.090909090909,0.9624220801241142,0.38637763833428407,0.6136223616657159,0,0.3015533611693789,,0.0,0.725757024087743,0.33541435917185686,168280.83785582194,706599.8292247579,14728512.393255299,48260464.12401357,0.5,0.16068628485651631,222.62568447873716,142.98410684825075,197.9210533799263,222.4891978073495,142.8964456239659,2121.5704545454546,6568.845677440875,6.380307728350075,14.431549349127648,0.10003066070997893,1550.367354709091,4875.347250844069,7796.456309090908,14302.441293770136,2320.0292017590623,6498.837140916197,2262.8036363636365,6516.938772172657,199.94581818181817,128.41783519030227,0,0,0.6727272727272727,1,0.0,11,10,,0.09093442963254988,7596.510490909091,14417.366551325595,0.10003066070997893,1337.577219672579,3772.709839377408,,0.31294788707679744,2.029853462820781,2.6445600625475467e-05,1.1136445432646232e-05,2267.9545642915177,6515.19827529257,14728512.393255305,48201334.367208,0.9090655703674501,41715,FOREX_eurhuf-hour-High
43825,11,2,0.00025099828864803196,3984.090909090909,0.9996175969001058,0.4884883057615516,0.5115116942384483,0,0.3826510265725602,,0.0,0.6618261112010397,0.44236066855936246,253581.7166986783,1331649.6352537824,16303824.845951969,48040182.46684656,0.5,0.016279994117905892,0.587489347812173,0.3773221450434608,443.97477771828454,0.5850274954612874,0.3757409963039335,2652.272082727273,6550.754412143961,1.579381623469127,6.626231140481211,0.17153883444170853,1931.1525525256363,4850.962166154036,16097.16786818182,30505.801636308544,2737.007857864295,6567.031053629693,2597.3758645454545,6542.603596954494,0.4956445454545454,0.31833613082286577,0,0,0.6727272727272727,1,0.0,11,2,,0.1464218081370342,16096.672223636364,30506.08931242499,0.17153883444170853,1714.777125090592,3834.0188683599113,,0.8444470166318649,0.6375412348498442,2.5126830932900685e-05,1.577299639441406e-05,2624.6653392257085,6546.219776345926,16303824.845951969,47833045.59380321,0.8535781918629658,41723,FOREX_cadchf-hour-High
43825,11,2,0.00025099828864803196,3984.090909090909,0.9995144093046338,0.4870279520821449,0.5129720479178551,0,0.4074939099897151,,0.0,0.664433501674777,0.4359757004903058,233228.70906613956,1431261.7872656763,16520865.944853436,48039725.51613122,0.5,0.018345246097184367,0.5818212362993848,0.37368178446912165,541.7861139218362,0.5782158438708235,0.3713661870657423,2707.9088254545454,6561.1513843457,0.8700809199434929,3.607237500155588,0.19911450671515302,1978.7416161049086,4858.286364144825,13897.244058181817,23980.325426543037,2896.0478546209824,6612.654497213598,2758.7179327272725,6572.225171805646,0.48205181818181814,0.30963962294312986,0,0,0.6727272727272727,1,0.0,11,2,,0.166051286678706,13896.762006363635,23980.632701906936,0.19911450671515302,1748.5900039932576,3848.328057360382,,0.9330164363596049,0.5104512669641125,2.193340765635322e-05,1.3815374518260768e-05,2788.174430893672,6579.722067833044,16520865.944853438,47802645.998389594,0.8339487133212939,41709,FOREX_audchf-hour-High
43825,11,2,0.00025099828864803196,3984.090909090909,0.9993484651785673,0.48497432972047916,0.5150256702795208,0,0.4293460876564785,,0.0,0.619266715762532,0.41072746688700645,436101.6552241022,2452132.0120683867,18060116.81402056,48423391.23242871,0.5,0.02124950669304471,63.49814368362197,40.78246479387563,673.8220559929406,63.3364854945781,40.67863823801848,2814.1123545454548,6581.409865596422,99.62473985124664,291.71883162488353,0.2259981183635194,2066.341658449091,4873.686822421588,54259.17191818182,117588.35791823047,3300.30747172079,6738.753245120831,3156.9206272727274,6663.5298308186675,53.703909090909086,34.5001631922359,0,0,0.5272727272727272,1,0.0,11,2,,0.18433806298592453,54205.46800909091,117615.56573488908,0.2259981183635194,1953.1670620695716,3958.507391155636,,2.0127280999183075,4.410195009349923,2.1564641011157022e-05,1.3618100036449589e-05,3181.178562048782,6675.038919280422,18060116.81402057,47726228.76457433,0.8156619370140754,41718,FOREX_audjpy-hour-High
43825,11,2,0.00025099828864803196,3984.090909090909,0.9989434918368201,0.48086708499714775,0.5191329150028523,0,0.41151097224551325,,0.0,0.6665977117962106,0.4184320418790779,719190.164941888,3307250.5118770124,18562633.614018142,49030515.1096346,0.5,0.027058027884765353,1.037115372047784,0.6660997726510993,438.8526770052012,1.035217599201688,0.6648809036404312,2986.7369927272725,6647.280140212394,3.6510479365175303,10.88807651862778,0.20386384475108257,2178.375323486727,4913.580953541951,24059.280221818186,45776.75334816228,3201.5118567583468,6750.880752844982,3021.1159190909093,6660.937580755871,0.8825827272727274,0.5668491696402299,0,0,0.6727272727272727,1,0.0,11,2,,0.16934128027844758,24058.39763909091,45777.263567798924,0.20386384475108257,2004.252477231582,4000.020772906328,,0.1774138964591074,1.2669762865119487,1.526380025352975e-05,9.579915011625289e-06,3056.4072342517934,6676.732104928734,18562633.614018142,47751151.276670955,0.8306587197215524,41712,FOREX_eurcad-hour-High
43825,11,2,0.00025099828864803196,3984.090909090909,0.9999419914998072,0.4955162578436965,0.5044837421563034,0,0.06220111921815992,,0.0,0.7031050739300129,0.3724533968185894,829675.9451403512,4196785.018959504,20654982.004901778,50172480.89880385,0.5,0.006340968967628332,1.0657872803258543,0.6845145737475994,100.35714807556914,1.0607386486373356,0.6812720394664771,3066.1284672727274,6682.080868319768,153.68090467901118,504.98547097626766,0.0038840063719818648,2194.696533673636,4919.819463124849,69250.58163272728,170632.3738200483,3210.8924168994868,6756.159842556754,2940.6199636363635,6628.228542018306,0.8724536363636362,0.5603538451955644,0,0,0.6727272727272727,1,0.0,11,2,,0.0038689792319917433,69249.7091790909,170632.76330151138,0.0038840063719818648,2202.8419760891684,4169.258466035596,,1.8833991488282613,6.029104413685577,1.1162168573665436e-05,6.9528348460128835e-06,3006.0047060727757,6654.437137119247,20654982.004901785,48161036.1919003,0.9961310207680083,41804,FOREX_gbpusd-hour-Close
43825,11,2,0.00025099828864803196,3984.090909090909,0.9999598393937477,0.4962692527096406,0.5037307472903594,0,0.05467868555987799,,0.0,0.6547692382429028,0.403835779540396,231602.5190875326,1003104.2107717142,15613258.356065117,48082611.50417351,0.5,0.005276073415812913,6.817505322598239,4.378624071166828,126.38547302985478,6.794261774827356,4.36369567130076,2480.931372727273,6533.2374240565205,1.0472815118752705,5.288503129633539,0.0029987241159342495,1804.94696613,4842.531349839824,9639.945943636363,16818.191253425946,2496.707416162257,6531.184785623021,2378.08256,6531.724730354438,5.847448181818183,3.7556077678980757,0,0,0.6727272727272727,1,0.0,11,2,,0.0029897586545560096,9634.098495454544,16821.873964494567,0.0029987241159342495,1590.2493711936588,3793.7846305281514,,0.5291735989152813,0.939887554574203,3.0925733737719097e-06,1.4088905242317447e-06,2402.506218718595,6530.722225859574,15613258.356065119,47963322.831546426,0.997010241345444,41799,FOREX_eurhkd-hour-Close
43825,11,2,0.00025099828864803196,3984.090909090909,0.9982809250059512,0.4755961209355391,0.524403879064461,0,0.4174166177016907,,0.0,0.6216104908956727,0.40308941715361957,1152172.633852218,5016660.690130602,21045644.974115178,51159962.12445552,0.5,0.034512296747473484,91.43407996389314,58.724643846132686,918.7604340296463,90.94912752617499,58.41317820089366,3106.4081909090905,6691.675767219017,129.6552290289054,323.71594562108703,0.21100068087337645,2295.4501277399995,4957.372942294887,84293.34586363636,179467.7290168428,3745.2832704413213,7021.131416538603,3604.9318454545455,6905.43869824182,68.51018181818182,44.00148502452657,0,0,0.5272727272727272,1,0.0,11,10,,0.17423663273351941,84224.8356818182,179503.0641342301,0.21100068087337645,2245.0469606764914,4195.944474170227,,1.5289525928706909,5.374461900917558,1.2281550903569428e-05,7.708271640593335e-06,3616.3679213801447,6915.138481268348,21045644.974115178,48279776.84944916,0.8257633672664806,41777,FOREX_eurjpy-hour-High
43825,11,2,0.00025099828864803196,3984.090909090909,0.9992221419532503,0.4835824301197946,0.5164175698802054,0,0.385156782921057,,0.0,0.7107919218212999,0.3948602235633775,235466.67432187864,988530.7819716549,15433741.57866624,48121317.36052552,0.5,0.02321794998579447,6.7599378664674985,4.341650469028698,330.643743216034,6.748446601300194,4.334270075734881,2518.368350909091,6535.288020628578,6.361522454051364,15.44688919647276,0.17418541266301296,1839.5349957447272,4843.263055098447,15125.938572727273,26304.85312583679,2466.332371574589,6530.327620997422,2376.4488681818184,6531.798410924888,5.947819090909092,3.8200588822332424,0,0,0.6727272727272727,1,0.0,11,10,,0.1483457474300982,15119.990753636364,26308.612624225058,0.17418541266301296,1551.2390893332852,3785.5169730209564,,0.7939004260855129,1.1296522475972046,3.969988495727039e-06,2.0748107590665753e-06,2395.793787052568,6530.971544749238,15433741.578666234,48005183.14573914,0.8516542525699018,41779,FOREX_eursek-hour-High
43825,11,2,0.00025099828864803196,3984.090909090909,0.9980621083306581,0.4740901312036509,0.5259098687963492,0,0.3557024749023226,,0.0,0.7055993587970102,0.4056316472064743,175193.61296122582,749596.5189653545,15328071.95268654,48097998.961000174,0.5,0.0366420878511044,6.292468334536029,4.041413161027121,239.62359763459227,6.264487140681488,4.023441882822581,2483.269420909091,6533.3536562747695,1.5880125346813536,6.389651349357918,0.14485147497916007,1817.2878724445452,4842.635734499091,11949.28070909091,20457.10025737559,2441.461807036208,6530.305748654447,2355.3724681818185,6533.124809962397,5.2777236363636355,3.3896819076346167,0,0,0.6727272727272727,1,0.0,11,2,,0.12652425065163744,11944.002985454545,20460.488477324045,0.14485147497916007,1526.686719889388,3781.141305637746,,0.14347862506252324,1.0157867554785835,3.199996696113053e-06,1.5532272198472612e-06,2372.1927358291414,6532.148904457799,15328071.952686543,48031358.69267786,0.8734757493483626,41768,FOREX_eurnok-hour-High
43825,11,2,0.00025099828864803196,3984.090909090909,0.9998817943356177,0.49359954363947517,0.5064004563605248,0,0.0494583501405147,,0.0,0.7170128382035664,0.3620624542471002,311405.9396172266,1312081.6793801857,16223917.650966967,48096860.502702765,0.5,0.009051612190431315,2.375330598341462,1.5255859538252328,194.59534255124404,2.284615842393511,1.4673230427012904,2511.7842854545456,6534.719250163678,585.7342835643441,1936.4770027756713,0.0024521266151721396,1816.2268794065455,4842.629644059027,45555.36258454546,130492.89832908753,2405.320531286107,6532.287325243398,2290.7681845454545,6540.12471955495,1.589908181818182,1.0211397164523393,0,0,0.6727272727272727,1,0.0,11,10,,0.0024461283986217507,45553.77267636364,130493.50876846713,0.0024521266151721396,1682.709575216817,3838.1827405798,,7.01589654346717,18.709245130174796,3.388530262511864e-06,1.1368326496683984e-06,2314.4065089662745,6537.692184202215,16223917.650966965,47892049.9661957,0.9975538716013782,41773,FOREX_eurtry-hour-Close
43825,11,2,0.00025099828864803196,3984.090909090909,0.9991693730944964,0.4830347974900171,0.5169652025099829,0,0.39069136132654586,,0.0,0.6306577277165135,0.43456023128721394,472819.0955671995,2282623.7296201373,17441433.81910504,48337065.86783314,0.5,0.023992419478023896,0.6947137889686865,0.44618823590806495,653.1297081228747,0.6942059521642595,0.44586207209561207,2781.0278954545456,6578.167101314247,4.404357292173544,13.472909008361519,0.18013558929692866,2030.604772876909,4868.799206775905,22480.89439818182,45125.81803922016,2885.2536797526113,6608.7986774929705,2716.7262645454543,6562.500834758905,0.5928936363636363,0.38355650968984284,0,0,0.6727272727272727,1,0.0,11,8,,0.1526397398151896,22480.301504545452,45126.14293092951,0.18013558929692866,1875.1294648150836,3913.8032194038683,,0.3039538469285516,1.299497961772939,3.74644458565648e-05,2.3784025226275338e-05,2742.990507111929,6568.33125924908,17441433.819105048,47725682.730158076,0.8473602601848104,41780,FOREX_usdchf-hour-High
43825,11,2,0.00025099828864803196,3984.090909090909,0.9999755778689952,0.4970907016543069,0.5029092983456931,0,0.06584991699501215,,0.0,0.6387414805760501,0.38553272201888955,707965.7194368044,3087758.6225550496,18431295.982655574,48885356.21505706,0.5,0.004114369177468776,0.5984789928238716,0.3843802586439945,225.99756175317557,0.5971008773989738,0.38349514959072284,2934.527891818182,6626.831974829676,203.92060997913268,674.2528747171835,0.004355096186715668,2134.158069696545,4897.919808922037,55103.60962727272,148006.28258451336,3048.2734811796504,6673.441716241447,2873.95296,6605.109086533175,0.5046645454545455,0.3241267807930606,0,0,0.5272727272727272,1,0.0,11,2,,0.00433621156824999,55103.104962727266,148006.48925976883,0.004355096186715668,1987.7548998326029,3991.0072769830617,,2.063314005020961,7.62521191915626,2.7258518726652953e-05,1.726487724236811e-05,2918.6877466496912,6620.545663074646,18431295.982655566,47762901.3613451,0.99566378843175,41824,FOREX_eurgbp-hour-Close
43825,11,2,0.00025099828864803196,3984.090909090909,0.9990846264264429,0.4821905305191101,0.5178094694808899,0,0.42441271269081204,,0.0,0.6101865429339012,0.41473484095879604,581010.8002295152,2848965.735801207,18255913.09172732,48678860.295028746,0.5,0.02518639327854423,64.11743377111785,41.180204079830176,619.9077343900178,63.9265228092603,41.05758952065611,2791.5962363636363,6575.044930782186,7.915557837014045,21.732966136888255,0.21969983656138295,2041.368717092727,4867.09890285862,27794.516072727274,56344.54654019085,3171.8640618953486,6669.490585682583,2994.2711636363633,6594.399770142194,54.22454545454545,34.82643354799236,0,0,0.5272727272727272,1,0.0,11,2,,0.18012615069357377,27740.291527272726,56373.860592426034,0.21969983656138295,1975.8696037399634,3973.290530633039,,0.8150653618994558,1.5981999364796333,1.9393740451791548e-05,1.2209116769214074e-05,3025.414608580615,6605.5872503320215,18255913.091727316,47731109.229981236,0.8198738493064263,41833,FOREX_cadjpy-hour-High
43825,11,2,0.00025099828864803196,3984.090909090909,0.9986251078401914,0.4781745579007416,0.5218254420992584,0,0.4214461231019304,,0.0,0.6471829854443975,0.4485939314714153,553905.1112078831,2752905.805490175,18138087.794507183,48611088.64849517,0.5,0.030865836221559955,1.0472231030365893,0.6725916788656813,507.3592934137995,1.0437367273658944,0.6703525074094456,2968.3724627272727,6639.8575235594035,7.857364398706026,24.88922300989622,0.21597819868798793,2181.8716002414544,4914.900553851753,29292.667321818182,61797.690509434724,3346.2925025258514,6839.246214798468,3203.5360063636367,6751.989544930781,0.8445672727272726,0.5424334565103983,0,0,0.6727272727272727,1,0.0,11,10,,0.1776168346776475,29291.822754545454,61798.13085139872,0.21597819868798793,1957.787723450496,3966.821211859073,,-0.023353040373212328,1.3848882898387163,1.391246826992943e-05,8.721074458015254e-06,3231.849659922661,6768.197555349648,18138087.79450719,47726463.560159974,0.8223831653223526,41835,FOREX_euraud-hour-High
43825,11,2,0.00025099828864803196,3984.090909090909,0.9999413995721832,0.4954934398174558,0.5045065601825443,0,0.06890674733147754,,0.0,0.6435246567944919,0.4499018327644741,229383.6089866714,1000536.5891490763,15641542.283622794,48075645.98145077,0.5,0.006373238529804611,0.5445386791430757,0.3497366152578059,218.25177772707903,0.5424179369246123,0.34837454577647897,2471.888872727273,6533.38162216651,1.46205153550385,6.641005751472573,0.004770792216336654,1816.0254412401816,4842.875216936785,13774.722790909089,24413.33708067592,2712.651898462936,6561.744792950606,2615.179316363636,6544.922630235442,0.4512381818181818,0.2898813843908636,0,0,0.6727272727272727,1,0.0,11,2,,0.004748139827804088,13774.271552727272,24413.617124876528,0.004770792216336654,1595.5358826079485,3795.443094557814,,0.47685966167487803,0.8203290606134908,2.2361599149531212e-05,1.3994513962875049e-05,2633.998295366143,6547.609173311057,15641542.28362279,47957036.58336023,0.9952518601721959,41832,FOREX_nzdusd-hour-Close
43825,11,2,0.00025099828864803196,3984.090909090909,0.9939974286259252,0.4544209925841415,0.5455790074158585,0,0.25720074698389495,,0.0,0.5571880418139614,0.469936498154281,13443.340864133672,58981.73785520495,14615044.4946989,48237994.26529078,0.5,0.06445845044701098,5.418404894151478,3.480033569466011,214.3731026922565,5.418399492113029,3.4800300999490936,2056.916040909091,6586.733999845593,24.625996090332038,57.843675933049774,0.07083833786066382,1515.887416069091,4885.313396983059,7250.00711090909,14105.101661109877,2065.712999254784,6583.91600077394,2037.6246399999998,6592.138691177289,5.402291818181818,3.469685635883511,0,0,0.5272727272727272,1,0.0,11,2,,0.06615222424907355,7244.604819090909,14108.15305751704,0.07083833786066382,1258.4017283551655,3786.1083639072986,,1.482224174278758,3.608728180569353,0.00017102121548724303,0.0001048408037261724,2042.6593420717038,6590.622008891915,14615044.494698904,48237584.21863966,0.9338477757509265,41856,FOREX_eurdkk-hour-High
43825,11,2,0.00025099828864803196,3984.090909090909,0.9996950835336681,0.48972047917855105,0.5102795208214489,0,0.06339697009031796,,0.0,0.6653509839042995,0.40181935394858515,1222676.069730689,5242810.833437505,20423434.122246135,51234119.89202941,0.5,0.014537437760389686,75.81960568012946,48.6960500040083,93.321583040781,75.15730836966651,48.27068152620252,2838.1408545454547,6586.665869864336,11.34138407862901,28.225633481863316,0.0040353947777339045,2074.8220091454546,4874.529228169233,40770.76055454545,82402.9906859175,3231.1303882644816,6687.077035917308,3002.507463636364,6584.502926723134,55.32454545454546,35.53284299169892,0,0,0.6727272727272727,1,0.0,11,10,,0.00401917581663267,40715.43600909091,82433.01042970682,0.0040353947777339045,2192.741302412586,4144.496552445677,,0.2899865596642055,2.2357868721642014,1.4767224232252088e-05,9.252778040902605e-06,3032.0705570288164,6596.218213647821,20423434.12224613,48079417.94493945,0.9959808241833673,41782,FOREX_usdjpy-hour-Close
43825,11,2,0.00025099828864803196,3984.090909090909,0.8769102588560214,0.29645179691956647,0.7035482030804335,0,0.3640196280869203,,0.0,0.7236726722152078,0.3580421047895085,381040.97993979696,1494787.4999228965,15934831.423659885,48165043.34854707,0.5,0.2878606293930221,41.81394531075703,26.855527503994118,2802.8343033875344,40.46273799150639,25.987693579135346,2738.237573636364,6554.029839205509,-0.0562207340558104,3.210778494665873,0.1527514252317871,1585.8611167941817,4865.57494497118,12743.826595454546,22362.412620252962,2407.698534890152,6517.662446509315,2102.323725454545,6571.162103181009,27.879183636363635,17.905756675783504,0,0,0.6727272727272727,1,0.0,11,2,,0.13251028963253977,12715.94741181818,22379.762490202666,0.1527514252317871,1661.8764934948413,3806.6123703934045,,0.22232482114491378,0.7348616591309207,1.3797963317365113e-05,5.720813935354207e-06,2259.6656017193036,6534.806247663502,15934831.423659883,47897211.58710485,0.8674897103674603,41805,FOREX_eurrub-hour-High
41144,8,2,0.00019443904335990667,5143.0,0.9956157138396373,0.4610392766867587,0.5389607233132413,0,0.5239016829231603,,0.0,0.18618160353342908,0.20874667833964736,743478.7306657274,3896119.965485145,35318506.387117006,66317458.11467999,0.5,0.05509878330945147,1899.6915915824236,5372.261227009708,1616.5059865719218,463.8853534893823,1311.306917071664,5149.875,9523.376579876638,-0.5571382595525223,1.3761439489892746,0.3783084065724096,3816.0270749999995,7060.87840019566,10354.0,19035.39222456047,5183.745032690064,9510.666191069986,5187.125,9505.91069038477,0.25,0.4629100498862757,1,0,0.07142857142857142,1,0.0,8,2,,0.2744729733697196,10353.75,19035.237998061835,0.3783084065724096,2983.937790772069,5494.373397048427,,-0.12949875566475416,0.7408463644488972,0.1360049868493838,0.1722986840972592,5187.030951271873,9507.143183450076,35318506.38711698,65394818.075884886,0.7255270266302805,46822,Dynamically-Generated-Hate-Speech-Dataset
40768,10,2,0.0002452904238618524,4076.8,0.9999977500570498,0.4991169544740973,0.5008830455259027,0,0.7161331909126655,,0.0,0.004075959937289981,0.00258875700486428,0.0028103248566490897,0.0017371010527994866,0.7001563372508751,0.10586995053180778,0.5,0.0012488149589244544,,,1.3618937017969652,,,2.0,0.0,-1.5503368772438155,0.15797664181239224,1.0527421178078384,1.3343399999999999,0.46883928589656393,1.0,0.0,0.0020064756671899528,0.003915331725206537,0.1,0.31622776601683794,-1.0,0.0,1,0,0.0,1,0.0,10,0,,0.5128467471267562,2.0,0.0,1.0527421178078384,0.8349423976267193,0.057999328503973324,,-0.003820658668328391,0.007423358043115104,0.34998405573135133,0.05270592049523081,0.0033439620636088628,0.006525232759922334,0.7001563372508756,0.10535635968913827,0.48715325287324385,727,2dplanes
40768,10,2,0.0002452904238618524,4076.8,0.9999967900124676,0.498945251177394,0.5010547488226059,0,0.6902383131711829,,0.0,0.0072165879074946575,0.00887257719088872,0.000600267507161451,0.0007388327216299154,0.08314564450661155,0.0030090128822852103,0.5,0.0014916400898263879,0.0,0.0,0.40299761516660004,0.0,0.0,0.4986999999999999,0.0025841396591085764,-1.1966638376750784,0.004508423498892309,0.909960376595282,0.36976043999999997,0.0018753571435862564,1.0,0.0,0.4997044422095761,0.0016840103160198024,0.4993,0.002983286778035262,0.0,0.0,0,0,0.0,1,0.0,10,0,,0.4764289289694,1.0,0.0,0.909960376595282,0.28834933179988975,0.0005843868283567825,,0.0015461243862603087,0.006216335203069747,0.0009744958600650704,1.142849436385645e-19,0.49960250592756117,0.002073079327282383,0.08314564450661154,0.00033692002834282526,0.5235710710306001,901,fried
40768,10,2,0.0002452904238618524,4076.8,0.9729212144235952,0.4034291601255887,0.5965708398744113,0,0.7907865997455852,,0.0,0.04884110287586194,0.15205471182936187,1.1386875333494535,3.756779244050633,1679.5056500551236,4212.778839465552,0.5,0.13657179148015292,,,14.185330860225228,,,33.328136025000006,65.61704426698645,-1.0741480424281231,0.2653271306047434,1.669111190565166,24.183229749,48.88071017173653,171.4879008,393.871174666793,137.32856361995437,351.4794773256042,137.3763669,351.70769437794877,103.41590920000002,317.0621862841815,2,0,0.044444444444444446,1,0.0,10,1,,0.6253434463371843,68.0719916,131.80889119647316,1.669111190565166,19.383120920881016,38.0613579693168,,0.10447269432151299,0.629294544331284,0.13382582179931207,0.2190907178671013,137.31772908566757,351.48991680765994,1679.5056500551232,4212.760922074952,0.3746565536628157,881,mv
39948,11,2,0.00027535796535496144,3631.6363636363635,0.6540751823904023,0.16841894462801643,0.8315810553719836,0,0.16070983832132643,,0.0,0.04291740157829971,0.0878069001896448,4.81870857361214e+21,3.5169451886467952e+22,2.2606565516609902e+36,7.497749561718193e+36,0.5,0.46892642553304337,6.782556479186222e+17,2.2495194960854664e+18,9.22565674657239e+16,1.8721520342003616e+17,6.209225847943209e+17,8.065147805681394e+17,2.674906915019271e+18,2465.5238480618905,8178.933143546184,0.02651240531495779,5.379036567596896e+17,1.7840246028319368e+18,1.6764493790548406e+18,5.560153570340453e+18,8.764864017408127e+17,2.906976528421921e+18,9.40860786524166e+17,3.1204822088592727e+18,43857900959394.18,145460201574877.62,0,0,0.01818181818181818,1,0.0,11,2,,0.025827652133266883,1.676405521153881e+18,5.560008110138878e+18,0.02651240531495779,4.533367754436711e+17,1.5035479878143094e+18,,14.812155779743494,47.84291628700565,0.06155187771413063,0.13439738359065947,9.118816982864265e+17,3.0243694464078705e+18,2.260656551660991e+36,7.497749561718197e+36,0.9741723478667331,41434,Click_prediction_small
39366,9,2,0.00022862368541380886,4374.0,0.9286919590814524,0.344104049179495,0.655895950820505,0,0.9182640592060156,,0.0,0.5252422191076731,0.1441580786836961,4.145373915170335,1.8388929569237262,7.832415095542,13.892319166177105,0.5,0.22047016796940722,,,12.791589254587143,,,2.90593925,1.4655823355327697,1.6358091363089082,4.11638599164831,5.377912317325084,0.4618295705333334,0.941721569963549,12.304476666666666,1.2844623417684342,3.1286446768700573,0.7361705844413744,1.6666666666666667,1.1180339887498947,0.771111,0.3702142659460869,0,0,0.6944444444444444,1,0.0,9,8,,0.843208882429509,11.533365666666667,1.3686863257108073,5.377912317325084,2.748795923916369,0.5577661447489498,1.33228814714502,1.4710187561714196,0.8288316671143074,8.001764758155113e-05,8.896503347699902e-05,2.2127053482877037,0.841059083187015,7.8324150955420055,2.9582163222629783,0.15679111757049102,251,BNG(breast-w)
39366,9,2,0.00022862368541380886,4374.0,0.9314528308594082,0.3471015597215872,0.6528984402784128,0,0.24327892016268618,,0.0,0.05468762037388823,0.05981118775086334,0.0336540172072122,0.03700131783160712,0.6112310229189325,0.15205712399095056,0.5,0.21623104790742412,0.0,0.0,0.42692138513548145,0.0,0.0,1.4444444444444444,0.5270462766947299,-1.2762411925521056,0.1397821255118342,0.06290780855755408,1.4826,0.0,2.0,0.0,1.1913185094864716,0.06792167941000558,1.0,0.0,0.0,0.0,0,0,0.0,1,0.0,9,0,,0.05918463299552264,2.0,0.0,0.06290780855755408,0.7815884157108296,0.019859324353166355,1.0156697721106904,-0.34990130376762507,0.12468485396350683,0.33331639781531813,0.0,1.3129174898861604,0.10216030442300307,0.611231022918933,0.03079658710941488,0.9408153670044773,137,BNG(tic-tac-toe)
35300,5,10,0.00014164305949008498,7060.0,3.273642841524935,0.0626628895184136,0.1558356940509915,0,0.4955686445850881,0.46693937569540767,0.0,0.29813774554662503,0.36601876203476386,3783287.7977162516,9124952.801119147,86544360.9490002,146437304.79528746,0.1,0.027396750786990387,3605.0740770576367,6663.949810056522,1173.6247712171187,597.1031290865873,1139.783922869999,12025.75,15773.061172454762,-1.219404683213688,0.10294223558541393,11890.777731533934,4441.721339999999,4712.318869128852,18868.0,20064.422717835667,10902.664532577905,12195.630066706688,12928.1,16493.082445376913,522.8,1167.898411678002,0,0,0.2,5,0.0,5,0,,2.100070929778775,18345.2,20619.309777487706,11618.501674601926,6236.232664586632,7717.979261288455,,-0.05371720035815995,0.5174394570922264,0.02066300485908517,0.04435820980693885,11676.706156751654,13822.905771878735,86544360.94900024,144905577.76222512,2.829248880802528e-07,45714,PriceRunner
35000,24,2,0.0006857142857142857,1458.3333333333333,0.74404173358225,0.21134285714285714,0.7886571428571428,0,0.47561756919202036,,0.0,0.0505762256700192,0.14922618644475955,956272.8655868517,10385016.963338984,473777061.6873874,1321785605.298228,0.5,0.4082228463044394,,,21100.426798065924,,,8556.690418176178,29164.487376568017,965.9174099642399,3241.5680175031184,0.2923437598013468,2600.811333358783,12479.627241074928,333057.1631997203,1533373.3021755544,7176.153675355185,25075.66743255896,5004.328815789474,23974.34212137955,15.811469557898628,71.31059564291606,7,0,0.03260869565217391,1,0.0,24,15,,0.22621207212412628,333041.35173016234,1533376.813337981,0.2923437598013468,7685.142777060694,20802.566117215603,,10.098557953062523,29.817730505647443,0.1694809776058833,0.22568631511769027,6825.172330864992,24901.33932715623,473777061.68738794,1320801367.226667,0.7737879278758737,46371,Customer_Churn_Classification_Nominal
34465,118,2,0.003423763238067605,292.0762711864407,0.8629999927846912,0.2856230958943856,0.7143769041056144,0,0.8406370578814778,,0.0,0.16752341924194503,0.19954095575469583,0.01282793135391707,0.03237123299685114,0.11620703777965005,0.4171645320941967,0.5,0.3031747252457163,0.12179216691503074,0.2934722791801661,2.298745691075937,0.10294827176738836,0.2625989184270684,0.2849453898305085,0.4526331708636731,232.40555479188188,946.4307962396953,2.409137355685279,0.06830897316101694,0.19473339529656558,1.228813559322034,0.4218602869374116,0.8306207821238446,0.35470826044273535,0.8011649576271186,0.452729788354293,0.00758827966101695,0.025864974082504752,2,0,0.060987976242213526,1,0.0,118,85,,0.706670663083627,1.2212252796610168,0.4267755633815897,2.409137355685279,0.2721482220378256,0.20616152485169212,,-5.09013978727863,14.344591599369814,0.13056495610940005,0.1529050316202347,0.8301473041134829,0.41581951062782607,0.11620703777965012,0.17599647403331461,0.293329336916373,1486,nomao
34452,9,2,0.00026123301985370953,3828.0,0.10834726665556327,0.014338790200859167,0.9856612097991408,0,0.09014467500712582,,0.0,0.09148996215337989,0.1291043108525533,5.174836147423388,15.877430971725852,170.57667342441084,407.9044047413913,0.5,0.68682866961647,,,3.3306515545860407,,,15.067208633333337,22.213376044714863,-0.5731246222075733,1.5317960793409466,0.008192636306248733,9.980821110633334,15.81670485025826,33.62978977777778,38.85093241942811,20.231458863634106,27.658954187743962,18.588442722222222,26.609728961550392,4.921468111111111,16.9767283574986,1,0,0.027777777777777776,1,0.0,9,2,,0.008126062432140336,28.70832166666667,30.90395336087697,0.008192636306248733,8.088253088947763,10.876646533639411,1.0009243004462622,-0.01116465704620078,0.7076185582944675,0.07469302697858499,0.1610043988102519,20.212785662454852,28.083704918657844,170.576673424411,404.894036656831,0.9918739375678597,43551,Employee-Turnover-at-TECHCO
32769,9,2,0.00027464982147761604,3641.0,0.31901174779952757,0.05789007903811529,0.9421099209618847,0,0.07385427862084444,,0.0,0.10994210568146312,0.14097607105484902,8348.553700964738,22154.04981268833,708434.5932974387,1381423.3526666788,0.5,0.6252378462839945,0.0,0.0,244.3469652802717,0.0,0.0,883.0,1313.9875379926555,0.6481197866865666,2.221385396517427,0.0054843687100342145,576.4019333333332,926.5513942232562,1735.2222222222222,2584.62834745045,752.732680955239,1207.6425919961077,689.8888888888889,1167.0968730620057,0.0,0.0,0,0,0.027777777777777776,1,0.0,9,4,,0.00545445447060532,1735.2222222222222,2584.62834745045,0.0054843687100342145,495.4281414597218,721.7054410842455,1.0010570549112476,0.8234830034465302,0.8844313078076782,0.004107214307227244,0.00479410483432402,716.6239524883171,1184.9819418086538,708434.5932974389,1379640.7783642868,0.9945455455293947,4135,Amazon_employee_access
32561,14,2,0.00042996222474739717,2325.785714285714,0.7963839551993278,0.2408095574460244,0.7591904425539756,0,0.5123196579611186,,0.0,0.062399071978172294,0.08627258476806143,12077.440014073392,59055.54511379205,799678794.8251839,2976414267.065195,0.5,0.3665506390973169,11444.174067464164,42796.05555523564,4511.757248559217,9029.94669857331,33765.09254319384,8519.07142857143,31863.070711222288,14.747448275119114,40.88077812416258,0.35587968154434263,6345.104400000001,23731.819195521464,113525.42857142857,395545.91399223934,13649.76862767465,50694.086669575176,12750.642857142857,47664.50294362291,878.8571428571429,3282.91682823353,1,0,0.01098901098901099,1,0.0,14,10,,0.2624714319333975,112646.57142857143,392270.5059258734,0.35587968154434263,8099.016364195129,28116.770526075135,,0.784829869868175,3.760641777574497,0.09990083317354059,0.1324398723631706,12692.563359632639,47446.81867541709,799678794.8251847,2976414258.6101665,0.7375285680666025,1119,adult-census
30000,23,2,0.0007666666666666667,1304.3478260869565,0.7623526222912813,0.2212,0.7788,0,0.35215852713027845,,0.0,0.2010834742877003,0.2341393394535425,336717823.80990744,985029828.4256352,1974937540.13022,6260674919.488949,0.5,0.3942827411896189,,,48675.90820281009,,,23664.771739130436,43560.52595076718,145.10920947337644,359.1877900720426,0.14157287758463472,13900.631986956521,28856.60017490528,540136.3478260869,555408.9718889879,20392.903740579713,37485.93772604101,11667.239130434782,29251.001928010766,-42328.17391304348,87061.7441295399,1,0,0.11462450592885375,1,0.0,23,21,,0.12401562823056707,582464.5217391305,601847.4472105844,0.14157287758463472,27588.775249476963,35622.59973947431,,5.285822917874434,7.553777596098611,0.06465542160587112,0.11485496543698565,13159.477888888889,30239.80594572622,1974937540.1302178,3789461304.7050643,0.8759843717694329,46548,dataset_default_of_credit_card_clients
30000,13,6,0.0004333333333333333,2307.6923076923076,2.5849625007125,0.16666666666666666,0.16666666666666666,0,0.9084555312406952,0.10725807161605638,0.0,0.305701305293911,0.25400757841854793,59.48553231744676,258.6187610717967,5254.642014595617,18868.00674147256,0.16666666666666666,0.0,94.3442772828515,282.7187525971846,390.1197184962741,91.72536580909534,274.83863468787166,33.089988913024456,100.87027613079965,-0.26209505435026387,0.9544221017428421,461.91426035167086,18.841864204678487,54.12570735318891,157.001609010008,479.5972344443122,97.15883296540211,290.9606119199926,92.45368043423817,276.00665068182894,60.65205696270879,180.0764976901473,0,0,0.23076923076923075,5,0.0,13,2,,4.172474436916249,96.34955204729924,299.6532209932117,304.90863431072535,23.404628551338586,71.40801186410116,650.5456687004347,0.48661023073103515,0.4633184924990905,0.025639316182334282,0.09244386916323988,95.33443777399445,285.4257650784102,5254.642014595621,18844.026564823747,3.093858468077617e-07,46871,Advanced_IoT_Dataset
30000,23,2,0.0007666666666666667,1304.3478260869565,0.7623526222912813,0.2212,0.7788,0,0.35215852713027845,,0.0,0.20108347428770024,0.23413933945354246,336717823.8099073,985029828.425635,1974937540.1302185,6260674919.488944,0.5,0.3942827411896189,,,48675.90820281009,,,23664.771739130436,43560.52595076718,145.10920947337644,359.1877900720427,0.14157287758463472,13900.631986956521,28856.60017490528,540136.304347826,555409.016093499,20392.86026231884,37485.96245261217,11667.195652173914,29251.020055927158,-42328.217391304344,87061.72202991524,1,0,0.11462450592885375,1,0.0,23,21,,0.12401562823056707,582464.5217391305,601847.4472105845,0.14157287758463472,27588.77524947697,35622.59973947431,,5.285822917874434,7.553777596098609,0.0646554216058711,0.11485496543698569,13159.434410628017,30239.825724410977,1974937540.1302176,3789461304.705065,0.8759843717694329,46919,credit_card_clients_default
28626,3,5,0.00010479983232026829,9542.0,0.2165863943876704,0.0024802626982463496,0.9744637741912946,0,0.1449599829361052,0.2346838995320475,0.0,0.012399317069589036,0.009335513432934144,278.41739229515787,481.83226734021923,54138.3862177488,46909.92703566696,0.19999999999999998,0.43295472180389905,260.479546993254,225.58892440910122,39.24874061883924,152.23509410486494,131.84078373404546,327.3557324166667,283.5036841712234,1.358286334224801,4.393415710745742,0.20937574662146813,242.17281240949998,209.73649056776773,672.262895,581.5137238460869,338.70165213538974,292.9832292998838,339.79825266666666,293.93587590486385,10.666666666666666,9.237604307034013,0,0,0.0,3,0.0,3,1,,0.1731932553576441,661.5962283333333,572.276119539053,0.20916647998264618,189.99379111062285,164.5026392971939,,0.5114311617591726,0.8879338728943655,0.0006494232850462389,0.000558979116388451,338.87572640929204,293.1444651140566,54138.38621774877,46902.49866575231,0.8268429434944738,1537,volcanoes-c1
28056,6,18,0.000213857998289136,4676.0,3.5041590205087707,0.000962360992301112,0.16228257770173937,0,0.26962085576773037,0.2105646512502415,0.0,0.07202546691260957,0.11637366602793371,0.14075803244102897,0.13991633945690468,3.7701517266576032,2.3001619847115333,0.05555555555555555,0.05357692658225767,1.5263427116787414,1.841639602773428,5.397548697571558,1.2256708661450497,1.4461679292531175,2.8333333333333335,1.1690451944500122,-0.9703292070320009,0.3533478521389674,0.9414205999003252,2.4709999999999996,0.7656113478782821,6.166666666666667,2.1369760566432805,3.416595380667237,1.1672124644818938,3.5,1.224744871391589,0.5,0.5477225575051661,0,0,0.0,6,0.0,6,1,,0.6578597969702187,5.666666666666667,2.0655911179772892,0.6424554310889149,1.8338125253032098,0.6990994338707514,,-0.05681461766656588,0.48488435123503704,0.16663696310818035,0.0645520232645371,3.4579026573205023,1.2147227531787428,3.770151726657607,2.249942077980848,0.4591963755034162,1481,kr-vs-k
28056,6,18,0.000213857998289136,4676.0,3.5041590205087707,0.000962360992301112,0.16228257770173937,0,0.2696208593665554,0.21056465710695052,0.0,0.07202546691260957,0.11637366602793371,0.14075803244102894,0.1399163394569047,3.7701517266576032,2.3001619847115338,0.05555555555555555,0.05357692658225766,0.0,0.0,5.397548697571558,0.0,0.0,2.8333333333333335,1.1690451944500122,-0.9703292070320008,0.3533478521389673,0.9414206480458499,2.4709999999999996,0.7656113478782821,5.666666666666667,2.0655911179772892,2.916595380667237,1.197919493731063,3.0,1.2649110640673518,0.0,0.0,0,0,0.0,6,0.0,6,1,,0.6578598209461975,5.666666666666667,2.0655911179772892,0.6424554670368561,1.8338125253032098,0.6990994338707514,,-0.056814617666565766,0.48488435123503704,0.16663696310818035,0.0645520232645371,2.9579026573205023,1.2944446721443645,3.770151726657607,2.249942077980848,0.4591963601967343,184,kropt
28056,6,18,0.000213857998289136,4676.0,3.5041590205087707,0.000962360992301112,0.16228257770173937,0,0.2696208593665554,0.21056465710695052,0.0,0.07202546691260957,0.11637366602793371,0.14075803244102894,0.1399163394569047,3.7701517266576032,2.3001619847115338,0.05555555555555555,0.05357692658225766,0.0,0.0,5.397548697571558,0.0,0.0,2.8333333333333335,1.1690451944500122,-0.9703292070320008,0.3533478521389673,0.9414206480458499,2.4709999999999996,0.7656113478782821,5.666666666666667,2.0655911179772892,2.916595380667237,1.197919493731063,3.0,1.2649110640673518,0.0,0.0,0,0,0.0,6,0.0,6,1,,0.6578598209461975,5.666666666666667,2.0655911179772892,0.6424554670368561,1.8338125253032098,0.6990994338707514,,-0.056814617666565766,0.48488435123503704,0.16663696310818035,0.0645520232645371,2.9579026573205023,1.2944446721443645,3.770151726657607,2.249942077980848,0.4591963601967343,46173,King-rook-vs-King
27901,16,2,0.0005734561485251425,1743.8125,0.9788036932671205,0.41450127235582956,0.5854987276441704,0,0.7172702395433954,,0.0,0.03276220002037165,0.0796089407406521,0.13788489005778432,0.4639260290405345,23.07112913931349,66.65102422022473,0.5,0.12091346020002929,1.755360928313493,6.329132456623326,3.457246849333995,1.6981877471819171,6.2083007296322466,4.476875,7.524353100654788,1228.3863584970227,3268.4988122836803,1.0596329504667128,3.175543875,5.667733001643624,12.875,17.73085822325962,6.4197720567811185,8.494664559382015,6.298125,8.02791315245334,1.1875,4.490267252625394,3,0,0.008333333333333333,1,0.0,16,6,,0.5144765965346398,11.6875,14.996527375807151,1.0596329504667128,2.6230917016436663,4.155705355494669,1.034682847575209,8.891830916456776,34.23794627028296,0.2032456424485513,0.17351489790014019,6.429697869377575,8.4668566730226,23.071129139313495,66.62311830688452,0.48552340346536016,46874,student_depression_dataset
27522,27,5,0.0009810333551340746,1019.3333333333334,0.4661207218614017,0.0037424605769929512,0.9271128551704091,0,0.4717909188795837,0.3788171782850232,0.0,0.09814116239010907,0.18836749755092194,1413739294171.0393,15703143067284.65,1722278831636029.8,7089674850430745.0,0.2,0.40696601571172686,271137.53472699306,1312386.9011420289,34647382.83606546,48614.50099778398,219383.43904475757,4729009.723703703,17148000.387476247,1283.1210771924027,2911.8350769207755,68.98234523636833,1502321.02629,7081671.307680987,476933911.3674074,1956731836.522249,4167820.2797438414,15101328.020962175,1184349.5190740742,5508964.158230076,69.75259259259259,334.08859774469994,6,0,0.06267806267806268,4,0.0,27,26,,1.3208540482404487,476933841.6148148,1956731758.370324,68.55718227695681,10953090.035847068,40791370.48547804,,17.405472471389967,28.585055566056866,0.20410492391163373,0.20241795731892662,1806147.0558600335,6693338.222830257,1722278831636030.2,7089202817979282.0,0.009870833676356806,46541,dataset_china
27318,5,2,0.0001830295043561022,5463.6,0.9944344997300378,0.4561095248554067,0.5438904751445933,0,0.08512037840430499,,0.0,0.02605869956510628,0.06235099644234957,75924.19292447838,177095.56551891877,27276292.35144358,32140936.405233577,0.5,0.062070505208483104,0.0,0.0,301.9280995096559,0.0,0.0,6639.0,6832.923395224038,-0.6440641492982015,1.49085313492656,0.007298358924699492,4923.12156,5065.399925509349,13378.4,13655.7115816057,6701.17985211216,6826.0073793240035,6705.7,6825.153007442397,0.0,0.0,1,0,0.0,1,1.0,5,1,,0.007245478819692071,13378.4,13655.7115816057,0.007298358924699492,3851.925683692173,3943.184131947836,1.0006118477086339,-0.12550558294268394,0.26238163254439045,0.16666705927794193,0.2356835788101259,6706.835309907272,6825.606866415789,27276292.35144358,32138292.391055007,0.9927545211803079,46682,CodeXGLUE
26969,7,2,0.0002595572694575253,3852.714285714286,0.9916487643563601,0.446253105417331,0.553746894582669,0,0.18033988760208206,,0.0,0.04559966246538521,0.048361642882378264,1664.0718658607557,3245.9634847036464,472869.8071944177,1209982.345924176,0.5,0.07600958725424754,123.75762892430755,279.4304609764862,128.3771153632666,111.47110119231662,252.10998782357458,585.4285714285714,1202.3200984129055,-0.6092409731520495,1.5092589446542723,0.03361574219758715,423.6,861.1416413035895,1219.857142857143,2103.03855001689,561.4361727486056,983.2383980812941,531.1428571428571,907.596538220853,5.714285714285714,10.177004891982147,0,0,0.0,1,0.0,7,1,,0.03252247506033159,1214.142857142857,2103.921610435413,0.03361574219758715,328.9849667218012,652.2360119949305,,0.2009417648279538,0.594263891341812,0.029830670842820057,0.05367136416551325,546.2973578976174,950.9229429734919,472869.80719441717,1209945.309360022,0.9674775249396684,42493,airlines
26677,13,3,0.0004873111669228174,2052.076923076923,1.1229269574947902,0.10548412490160063,0.7200584773400307,0,0.3732630293732037,0.17774876464596723,0.0,0.05561886002815348,0.08947340780755042,2.9893852105079417,10.785172129742776,402.0249147434405,1013.9232090620815,0.3333333333333333,0.33668469054501743,7.665451563051201,20.14528254583427,20.867991219532296,7.565353375648867,19.99281933851173,11.0,17.52141546793523,2.982777335721153,5.705685517582951,0.39676785866393155,2.9652000000000003,5.0640430685372335,45.61538461538461,59.52105854448835,29.344246412207575,43.78953321460133,33.30769230769231,54.53192431255996,1.6153846153846154,4.9923017660270625,1,0,0.01282051282051282,2,0.0,13,11,,0.3102452015268897,44.0,58.93075032046795,0.33147191410040566,10.576026809934566,17.73002028473837,1.0237449099492266,-0.3607845307500156,1.954568819886897,0.14790584237405152,0.1593817142973202,31.743650614394667,50.353923476624125,402.0249147434399,1013.1294723911617,0.7050139596811253,45067,okcupid_stem
24780,7,2,0.0002824858757062147,3540.0,0.9999999999971146,0.5,0.5,0,0.2950577030909834,,0.0,0.15040415429323548,0.22073351093843024,26461458557.625103,81547616396.11397,5.300389465098582e+19,1.4023512376437414e+20,0.5,0.0,37285993.98648235,98649404.44621493,2291756635.904701,16989158.521537367,44949053.086356334,74745612.45679869,197758080.26463994,1759.956201349475,2270.3879678101234,0.09536109424955265,31250809.78439996,82681820.95884466,220644150048.19327,583769536004.5508,263927112.00862125,698285082.4612812,28571451.785714287,75592884.36532798,4285714.714285715,11338934.00129459,0,0,0.14285714285714285,1,0.0,7,5,,0.0870590481533269,220639864333.47897,583758197070.5494,0.09536109424955265,2751724313.0832105,7280377230.272341,,25.819415936523082,29.256591553242163,0.005011611749673788,0.007482137785660197,37702818.100215055,99752171.43979205,5.300389465098579e+19,1.4023512376437411e+20,0.9129409518466731,45037,BitcoinHeist_Ransomware
22784,8,2,0.00035112359550561797,2848.0,0.8763427177101937,0.29599719101123595,0.704002808988764,0,0.5674144009578961,,0.0,0.0957796829342527,0.07471104058649697,37.17507448761517,90.05373496605073,77812065.14621261,220085755.3942636,0.5,0.28850353923411803,68.69719213611573,193.82416916554445,4318.012031057417,19.18339885092777,53.782898954924654,190.211495625,537.3157700282429,973.4407251197184,2655.868739468279,0.474837290141139,78.17506653599999,220.61722703868836,352427.1118055,996807.9802064094,367.97185023862147,1037.587733687738,64.2260910625,178.51474179858815,0.16419725000000002,0.3475035261731681,0,0,0.0,1,0.0,8,7,,0.32195910241440806,352426.94760825,996807.64249116,0.474837290141139,3118.9298718514306,8821.036000100501,1.2032185204967194,11.486984489983694,25.734057396542877,9.67116835541442e-05,0.00011947290448589129,88.44332289095416,247.00660590598986,77812065.14621261,220085755.39409634,0.6780408975855919,843,house_8L
22784,16,2,0.0007022471910112359,1424.0,0.8763427177101937,0.29599719101123595,0.704002808988764,0,0.5580280032621616,,0.0,0.14880052062509214,0.1769900428292987,34.18909802977589,114.3507509940016,271198511.78520346,1084794047.079997,0.5,0.28850353923411803,90.84698067916368,362.5900832944633,11742.518705320826,24.660980006673178,97.8712954968883,255.78732525,1022.7900534458392,468.6762679593557,1794.9535824450168,0.4522118871838426,104.25675548478748,416.7805280082739,457661.068840125,1830640.781642649,488.32277900583466,1952.0924033608933,84.36431499999999,336.30300974806556,0.1510071875,0.49721453279662137,0,0,0.058333333333333334,1,0.0,16,15,,0.3113952524247551,457660.9178329375,1830640.2885778989,0.4522118871838426,4117.1189990745615,16468.081221811284,1.0921421290443774,6.1368471148388295,18.018107529557664,6.242654783063233e-05,8.754297424222208e-05,117.03388343636172,466.97600154787597,271198511.7852034,1084794047.0798924,0.6886047475752449,821,house_16H
21992,124,11,0.005638413968715897,177.3548387096774,3.4591793783611586,0.08871407784648963,0.09389778101127683,0,0.01574751601138285,0.014822560774859968,0.0,,,558757972479.3887,19911930934465.79,22906933902854.22,255080800459348.6,0.09090909090909091,0.0017852354898204622,32360405.193782188,177927600.63172284,2539956.087267746,32349028.616607353,177865245.67442638,1726613.3870995897,9493203.979385342,,,0.00446379313185923,5639.140839447982,29413.971044298323,33315962.056552913,183180225.7072602,32371813.47283501,177990180.5077507,31588910.66129756,173684437.56137767,31584281.000005286,173662480.75199735,0,0,0.0023603461841070024,10,108.0,124,4,,0.004457217376607348,1731681.0565476287,9517746.108161477,0.0022818425893014853,859872.0104715378,4727343.656320471,,,,0.870992038030693,0.33653225562563266,32319573.092406027,177702730.42650956,22906933902854.21,125975427667913.31,0.9955494301678007,45504,timing-attack-dataset-20-micro-seconds-delay-2022-09-20
20800,11,2,0.0005288461538461538,1890.909090909091,0.9063571154269807,0.32182692307692307,0.6781730769230769,0,0.7997541471880956,,0.0,0.12664042642060905,0.14549436801095927,0.4542297716337223,1.204572602478234,6.9049160186476835,11.83118051054102,0.5,0.2519747818343601,9.81588276191886,19.43256581014995,2.8619577664338363,9.51746286720366,19.31742158553797,2.5,2.692582403567252,1.7408712813028673,3.94978333631262,1.7747463361476952,1.5230345454545455,1.8447392031198537,14.090909090909092,22.695614314023512,10.726759615384617,19.160768659629216,11.118181818181817,19.58605719290221,1.5454545454545454,3.266914028977083,4,0,0.01818181818181818,1,0.0,11,7,,0.639606695944558,12.545454545454545,20.53467134562244,1.7747463361476952,1.8491079755775741,1.9581336227728172,,-0.4322301629729658,1.5590989332036989,0.23905609735647115,0.2146532422822633,10.893083479020978,19.49459184776456,6.904916018647683,11.047013762237203,0.360393304055442,43890,law-school-admission-bianry
20640,8,2,0.0003875968992248062,2580.0,0.9865690330302969,0.4318798449612403,0.5681201550387597,0,0.9079353750252583,,0.0,0.31003036343962825,0.35129662702521336,1693738.2716502135,6357703.03334227,1665314233.87556,4707683652.746106,0.5,0.09633644712677186,22654.67871816616,62438.95979554694,11524.472904863831,19086.639676485647,52963.742437843364,18558.151231249998,51144.09114191434,19.18385248147296,25.408530067050926,4.69303103413717,12965.947497614998,35739.053960712794,73454.8687625,173095.29126362604,26502.829555895714,72879.20475815737,22987.97435,63325.414104463336,1880.0049875000002,5300.88572218025,0,0,0.25,1,0.0,8,6,,0.8243466452222565,71574.863775,167818.2068151322,4.69303103413717,14941.236529783033,40596.60344464635,1.0401682824224006,2.386830007656272,1.8287577568183215,0.002729692708922385,0.006656903815773707,23800.973405419292,65561.97729684669,1665314233.875561,4707648097.502366,0.17565335477774346,823,houses
20640,8,2,0.0003875968992248062,2580.0,0.9999999390395421,0.4998546511627907,0.5001453488372093,0,0.661376206862706,,0.0,0.31370778512703945,0.36634116501403335,168820.9295521911,445481.13611484057,795713.9979185815,2124588.4375047414,0.5,0.00020555429685653918,,,562.8848154497334,,,417.99998125,609.7804748017367,18.97666993580331,25.59036080044897,0.7775201937844151,289.954713615,423.9216609991178,10940.455012499999,16648.74762144206,630.9062292242006,952.4528874772487,510.6631,771.8293398430733,-10.4137625,47.314226801488346,0,0,0.25,1,0.0,8,5,,0.4374184870041009,10950.868774999999,16639.15625946108,0.7775201937844151,517.0349869467369,777.0926182648974,1.0959200070084956,2.2274076219017127,2.0152384952155042,0.0028452674359269706,0.006614838307946965,530.0735736807574,800.4424446157578,795713.9979185815,1659802.826023719,0.5625815129958991,45578,California-Housing-Classification
20634,8,2,0.0003877096055054764,2579.25,0.9999999999971146,0.5,0.5,0,0.6382224702653696,,0.0,0.13245652128556115,0.22746021599204472,207.15099138310322,803.5717570117066,160252.4881025695,453153.2847574949,0.5,0.0,,,2.8093207317595903,,,121.16338848195782,330.1076019436156,1654.4091192142262,3681.338376547347,0.6872736819625879,84.20104281948552,229.31531276536316,4636.993648863637,12551.4733073192,172.9459565017418,508.34734007282196,140.4251071847103,417.11694538421574,-10.679788141025641,47.23931077804913,0,0,0.07142857142857142,1,0.0,8,5,,0.4073279215516306,4647.6734370046615,12545.644024906966,0.6872736819625879,145.51210574516568,398.68170646222416,1.136980239101921,19.55499362988831,33.60613541439729,0.0027123277974874203,0.006673133606443888,145.75357750259428,432.2807903720535,160252.48810256945,453147.40964423824,0.5926720784483694,44090,california
20284,17,6,0.0008380989942812069,1193.1764705882354,2.424841830486723,0.06438572273713272,0.25384539538552553,0,0.2947206428698922,0.1501116376900546,0.0,0.13253230609232017,0.2170777003055533,167.7470548806654,1355.7070529063074,2010433.8695195278,8228941.181573157,0.16666666666666666,0.08057264557599186,,,647.2689939125175,,,624.3975220495411,2446.6036663080963,3591.9771485668152,7950.327157834459,0.6392821941464439,460.00969675800116,1813.9798396103922,1818.6303589040738,5080.108655925456,629.7098124011729,2441.7144508537795,621.6473890136191,2444.2176855110556,0.03767825311941177,0.26280748659326253,0,0,0.07352941176470588,5,0.0,17,16,,0.5244353017481735,1818.5926806509542,5080.122874376463,0.33872935378041,373.8481920814776,1409.8185561347057,,26.220774912206284,55.464619353423316,0.009703502229164121,0.024320904204874184,623.271497144281,2442.4951808398714,2010433.8695195273,8228939.267983547,0.5614968247545276,46808,news_channel
20000,16,26,0.0008,1250.0,4.69981072653565,0.0367,0.04065,0,0.46783509838487325,0.27791880105209,0.0,0.18289592284889153,0.20883400417882106,0.9493679248545761,1.1508098987470188,5.344023546021051,6.297241336632577,0.03846153846153846,0.0011587327295202881,0.0,0.0,4.932417448237124,0.0,0.0,2.625,0.7187952884282609,0.6968937761577464,0.6926791152022074,11.901269185025033,2.038575,0.7413,15.0,0.0,5.925465625,1.821919546588044,5.75,1.9148542155126762,0.0,0.0,0,0,0.125,16,0.0,16,15,,4.660497768166013,15.0,0.0,3.730154304519705,2.2737711454464016,0.43079872999677876,1.842830622222104,0.29025349099817976,0.47008955142812014,0.06245312265613281,0.0,5.841932291666668,1.917117566097495,5.344023546021051,2.0545617938591416,0.0009799904126736694,6,letter
20000,20,5,0.001,1000.0,1.7528232143883182,0.03715,0.5581,0,0.1970766558522168,0.12122848575303206,0.0,0.17690919479523085,0.2377017526443203,1.7572139071323525,4.130039465470335,9.26393791362284,23.48499405360633,0.2,0.21202684676710165,2.3798338142471644,1.2708180544466587,4.762272767015739,2.065925667863995,1.2256773882746574,1.04236875,1.3852490480789432,18.423297243579988,16.145430103358063,0.21791416049164555,0.58299279045,0.8604830790453714,22.208949999999998,17.65701766698174,2.9713915450800004,1.3774420378481502,2.3259255000000003,1.4309678845488683,0.6047154,0.4126354075443663,0,0,0.07894736842105263,4,10.0,20,20,,0.1994458704014917,21.6042346,18.06200827928003,0.11623650629767476,2.3914744923387,1.9316716693105604,,2.1010574809911637,3.2186456292880625,0.09998515760835675,0.10257202200664492,2.4139317196250003,1.4155512123241576,9.263937913622838,12.265394781046972,0.8118996694031299,41671,microaggregation2
20000,1000,10,0.05,20.0,3.321786146893823,0.09685,0.1016,0,0.4005444994208714,0.14246548617257979,0.0,0.2509650680633097,0.18483574069863723,1032.7309805253751,832.5781242051793,4031.9387594430236,41953.84093643721,0.09999999999999999,0.0014755413319260911,0.0,0.0,395.63500900766525,0.0,0.0,96.2595,12.685615262358565,-0.760312416316255,0.1914960395558819,2.2749202777003448,70.74448290000001,9.130132129855856,255.0,0.0,121.10536755,9.444482387718578,117.21,11.708308352810173,0.0,0.0,0,0,0.1123123123123123,9,0.0,1000,0,,1.6062943821499642,255.0,0.0,0.8617084539712019,63.31761816583294,4.779208101650969,,0.20117059442148258,0.15344429833984946,0.003856442822141107,0.0,118.41692875,11.137310003088555,4031.9387594430245,637.6096285227704,0.15134188733622683,40926,CIFAR_10_small
20000,1000,2,0.05,20.0,0.971038271203378,0.40015,0.59985,0,0.3490890826768216,,0.0,,,0.04952371301956399,0.06905516282289119,0.6532250572381294,2.7378147433903623,0.5,0.14120922420295354,,,0.22322729208742897,,,0.5783371221,0.5417643768685787,,,0.13877471702525673,0.17859801695945998,0.3196413556745025,6.47525856,2.107230258689131,0.44080184668123706,0.3185287771466522,0.11672092415,0.23956678301588535,-0.04761257000000001,0.22530247236403875,0,0,0.0004204204204204204,1,4.0,1000,995,,0.12186318764414478,6.5228711299999995,1.994801177387443,0.13877471702525673,0.752575797657312,0.2948587249621016,,,,0.005183057034266511,0.06307903444894426,0.1980758754832828,0.2599037492079025,0.6532250572381295,0.5238563277877781,0.8781368123558553,41159,guillermo
10000,16,2,0.0016,625.0,0.8499431123401864,0.276,0.724,0,0.5404902910855618,,0.0,0.18317835890696624,0.20772122690813222,0.9464370647064707,1.139877709152862,5.32282415179018,6.245997886368499,0.5,0.3167838379715733,0.9882585429730337,2.7023478024023904,3.2514553602221588,0.9545930375860849,2.6117403181633474,2.5625,0.7274384280931732,0.7269166736761501,0.6823022761400643,0.4126882811097446,2.038575,0.7413,15.0,0.0,5.930031250000001,1.8187193310014422,5.75,1.9148542155126762,0.125,0.3415650255319866,0,0,0.125,1,0.0,16,15,,0.2921297547577553,14.875,0.3415650255319866,0.4126882811097446,2.2704536417180594,0.42314935122169295,1.116327211081185,0.30183168450111686,0.46858391248992975,0.06292712604593793,0.0014233299393772135,5.8474375,1.9128853839500237,5.322824151790179,2.0161109775297015,0.7078702452422446,1222,letter-challenge-unlabeled.arff
19158,12,2,0.0006263701847792045,1596.5,0.8102423468903108,0.24934753105752167,0.7506524689424784,0,0.40769758432115466,,0.0,0.08089262546559468,0.09000244978417805,0.9350982648988252,2.8026786528338867,410.72497744115464,1069.0347414832179,0.5,0.3544761210207539,3.654501053097597,12.404033653311865,5.67293245480815,2.127481128935693,7.1194643993817985,12.681666666666667,23.32017535928662,0.8543590215760776,2.950914250811256,0.19935328989251375,9.021991649999999,18.194552285491497,43.16241666666667,98.20292999281764,12.029939929359365,20.752288134168655,10.741916666666667,17.586539596874204,0.12066666666666666,0.3054026651468318,1,0,0.0,1,0.0,12,5,,0.166217320261305,43.04175,97.94949723025174,0.19935328989251375,9.469845243327965,18.714515761599895,1.0088593366606573,-0.0953042779704681,1.4082849994252546,0.147858511904051,0.1401726278800781,10.50233152835769,16.797163590170502,410.72497744115464,1068.986414172109,0.833782679738695,46935,HR_Analytics_Job_Change_of_Data_Scientists
19020,10,2,0.0005257623554153522,1902.0,0.9355152445438508,0.3516298633017876,0.6483701366982124,0,0.5722954688938598,,0.0,0.2787805964759968,0.27287739282098306,152.2162467221324,305.8270796560457,1493.8018711416576,2166.198090467735,0.5,0.20982705956976205,,,49.78054595719078,,,31.3244825,30.793050627058093,4.270956301627324,5.63740982800956,0.48703772350956187,21.395830553999996,22.470444835484315,217.64242,204.79778839540884,30.677838007360673,59.98536444713867,28.710214999999998,58.508542980562765,-98.807,171.4491438330264,0,0,0.22222222222222224,1,0.0,10,8,,0.3275221037164429,316.44942000000003,327.7551203232878,0.48703772350956187,29.334586025262205,26.526379613679943,,0.6462430119061876,1.3275007134972407,3.7458295454659706e-05,6.163993798343159e-05,29.27010219418156,58.62862169507372,1493.801871141658,1883.1353569122077,0.672477896283557,1120,MagicTelescope
17898,8,2,0.00044697731590121804,2237.25,0.4417034977345175,0.09157447759526204,0.908425522404738,0,0.8264875733102155,,0.0,0.43223223801988303,0.2783779075684916,170.51127170043827,307.1889670834954,1669.6855647064747,4043.925850886375,0.5,0.5776009130040968,,,125.97771550367507,,,20.39603093390625,34.95622534196253,10.167752551477328,9.984868113829764,2.1553874543743996,14.488796742313426,25.736424268636117,240.89278427949998,390.8139264614351,38.997476918145594,45.13290123545826,34.401097551125005,43.58761456003603,3.673005281375,9.368441824101161,0,0,0.39285714285714285,1,0.0,8,8,,0.6830817088362088,237.219778998125,392.83964512845864,2.1553874543743996,24.96152232604069,34.58501686937439,1.1239036539427942,2.0402488781614574,2.187467074374933,1.443109661811175e-05,2.6706927734869875e-05,34.760616302509895,43.62051111229012,1669.6855647064754,3923.363925435867,0.3169182911637912,45558,Pulsar-Dataset-HTRU2
16714,10,2,0.0005983008256551394,1671.4,0.9999999999971146,0.5,0.5,0,0.3184565954639799,,0.0,0.13048842306685904,0.24884215816028202,4789.833244763323,27880.614246152003,3574672.808843342,11108879.265526941,0.5,0.0,4.679120905517271,14.796679508744102,974.7964255673388,4.476199610392135,14.154986030397453,447.67216951065,1404.3552253879345,1374.3750881259516,2797.6231406393085,0.11286028412551788,309.949429767917,972.561694192391,33359.55,78591.38470399709,621.590305073726,1931.35218525902,505.7765379858,1579.1794717661369,2.1,6.640783086353596,0,0,0.06666666666666667,1,0.0,10,10,,0.10141460319450896,33357.45,78592.37240571335,0.11286028412551788,689.8826584054375,1855.5426658991123,,20.171190542970578,28.190165633731052,0.03959074210207464,0.038963041982240626,520.8874000675954,1626.735040306066,3574672.80884334,11108526.840415068,0.8985853968054911,45024,credit
16644,17,2,0.0010213890891612593,979.0588235294117,0.9999999999971146,0.5,0.5,0,0.4212740221495523,,0.0,,,34.99997838465991,206.07750502385508,11221.654261494803,31375.709521698627,0.5,0.0,,,185.19705312638615,,,34.64705882352941,131.83082965322953,,,0.21576379036374946,24.942564705882347,97.14740784056553,703.1764705882352,2292.62091380406,42.17435359147264,147.5337109713219,39.23529411764706,149.57461742043864,-34.05882352941177,145.13203927296487,1,0,0.014705882352941176,1,1.0,17,8,,0.17747180173806146,737.2352941176471,2303.246446035784,0.21576379036374946,41.99146994151755,100.2472886578399,,,,0.1913992531939704,0.25475977082604856,39.574736742915036,149.92837813121523,11221.65426149481,31363.95505290565,0.8225281982619386,44162,compass
16599,18,2,0.0010844026748599313,922.1666666666666,0.8920793291276063,0.30905476233508045,0.6909452376649196,0,0.6493687413889904,,0.0,0.2073120248256378,0.2745015863565019,6.077770686870479,46.46676185911458,4324.213994203098,18153.73945429055,0.5,0.27003734477628316,,,74.93708253470945,,,23.957122222222225,88.46934386418539,1004.7917439598714,3017.058734673136,0.7291457825600938,17.644504966666666,65.05791138074267,62.346533333333326,228.51357321000845,-1.9945264513926542,4.525026700158214,-2.9974722222222225,7.927225567758508,-65.79014444444445,232.84491185542672,0,0,0.11764705882352941,1,1.0,18,18,,0.42167976229312143,128.13667777777778,461.31450758281983,0.7291457825600938,17.78038300591835,65.14476889232576,,9.736487973390169,30.327046474201698,0.05960802249181284,0.10194857156005403,-2.492175696326785,5.968927388838124,4324.213994203096,18152.657667859778,0.5783202377068786,846,elevators
15855,18,2,0.0011352885525070956,880.8333333333334,0.704699393823752,0.19154840744244717,0.8084515925575528,0,0.2703297796056952,,0.0,,,22568359.463435356,186455366.76745766,30857185270742.145,130915944434074.19,0.5,0.43621642553047124,9030219.614828277,38288915.863701075,2751874.762882824,8909947.525280628,37778646.42417448,1692330.0,7177907.891182722,,,0.0788396485365865,81192.44746666665,342963.1135889678,10092412.222222222,42791198.92206823,9137409.010511931,38741681.58505276,10024111.444444444,42503575.737051584,6116203.777777778,25926251.985552557,2,0,0.013071895424836602,1,1.0,18,7,,0.07307818974166375,3976208.4444444445,16864950.48928276,0.0788396485365865,1309607.2445602545,5554849.785882783,,,,0.15108450962435507,0.2637202336942857,9590545.566499641,40664110.58373507,30857185270742.14,130915944431664.78,0.9269218102583362,44226,NewspaperChurn
15620,2,67,0.00012804097311139564,7810.0,5.753918241178855,0.00646606914212548,0.0469910371318822,0,0.97145947289353,0.04036237193471588,0.0,0.9968553954977113,,93294.72098085667,,10166882.882890556,14378139.834793787,0.014925373134328358,0.010855979039619993,0.0,0.0,2594.5377719354947,0.0,0.0,3924.75,5493.866136428881,-1.25518939160332,0.07772364352323503,24744325.742367707,2908.8612,4073.9134125769633,7842.5,10997.631767794373,3920.6352112676054,5499.685326460533,3921.75,5498.108777116,0.0,0.0,0,0,1.0,2,0.0,2,0,,1.8890961360173466,7842.5,10997.631767794373,24744317.725546032,2265.0024176951333,3173.8452800115383,,-0.00026735797360348583,0.0003781012722786376,0.007431152069857512,0.010509236041249391,3920.5656209987196,5499.783741962601,10166882.882890556,14377534.46523284,4.481991393638132e-09,45936,IndoorScenes
15547,60,2,0.0038592654531420852,259.1166666666667,0.9995621827860592,0.4876825110953882,0.5123174889046118,0,0.6222649876461048,,0.0,0.056997328031869535,0.0577815090214422,9.75037614307516e-05,0.00013100835442473186,0.002003290162252241,0.0019807746446900533,0.5,0.017419559863282152,0.0,0.0,0.08601628052058383,0.0,0.0,0.050907966666666665,0.027333734253257153,12.403921921035295,22.943672233379644,0.6318903086343622,0.03719238005,0.024169781272839277,0.4889909333333333,0.20057628215574042,0.049999312733431965,0.02269907290187403,0.04256611666666667,0.025511365607423876,0.0,0.0,0,0,0.0005649717514124294,1,0.0,60,60,,0.387213714850207,0.4889909333333333,0.20057628215574042,0.6318903086343622,0.041360119121387415,0.01725081305429165,,1.8851522864814003,1.3806350809120165,0.0575339680612554,0.045712861126233226,0.04307730447350556,0.02293690790019531,0.002003290162252241,0.001524414527196683,0.6127862851497929,41526,test_dataset
15545,5,2,0.000321646831778707,3109.0,0.9134838311377949,0.3285944033451271,0.671405596654873,0,0.5289561776631455,,0.0,0.15054041794700795,0.22338164497699797,23036992346.414856,72798303992.9171,121134480488.22282,234111523206.0421,0.5,0.24240411945597373,65187.717943987445,144799.59367564734,574684.52553057,606.793917196672,1027.4599374253567,328466.4,454744.5675082881,9.970217520567811,24.38286003425081,0.3884928557981161,182465.95416000002,266910.4972327092,786937.0,1070068.0668602348,221598.5630363461,314709.48644687154,142656.6,217998.1645216308,0.6,0.5477225575051662,1,0,0.1,1,0.0,5,2,,0.2797946378880052,786936.4,1070068.1552860548,0.3884928557981161,220055.54406718738,301475.61678665876,1.1814008693394147,1.47118798437771,2.536750061460203,0.10013335397845868,0.22351432695421403,169541.676208856,253212.17085883938,121134480488.22287,168245420225.65167,0.7202053621119948,1046,mozilla4
15000,48,2,0.0032,312.5,0.9210049486222902,0.3360666666666667,0.6639333333333334,0,0.648605045359662,,0.0,,,6.0582244067295585,24.509668473701545,110.57964828182992,277.1445764989098,0.5,0.2318367433250294,17.131014564937008,36.4907257886937,24.883622964829282,16.80129552531707,36.030541080634904,3.7708333333333335,9.172668892417795,,,0.7261870485906841,1.0810625,5.041578307946785,73.52083333333333,68.41891911531343,19.432526388888892,36.20299511775271,16.979166666666668,35.96421956128733,15.4375,34.644643594461094,0,0,0.008865248226950354,1,22.0,48,26,,0.4206885048660092,58.083333333333336,59.92613656804208,0.7261870485906841,6.520232012197096,8.33753202663102,,,,0.4654285905616316,0.4969543746362866,17.516377314814815,36.01227700625985,110.5796482818299,215.03077519364317,0.5793114951339908,722,pol
14980,14,2,0.0009345794392523365,1070.0,0.9924223733847237,0.4487983978638184,0.5512016021361815,0,0.29310084430968614,,0.0,0.30603877402807095,0.2558729626244785,716516.925415716,3176922.61748727,7420472.11390954,16795382.498206683,0.5,0.07241000015621918,4302.501896556459,194.89223521289907,162.4833493284075,4300.3537570743265,192.6855242507572,22.78428571428565,5.764973432837068,8900.56072988043,6196.4625757172225,0.09398191297708293,16.888932000000047,3.9480561854856204,218879.11357142855,262760.2748169859,4316.882028546157,194.21578510360365,4299.120000000001,194.98797083212787,2073.186192857143,1111.9695824263972,0,0,0.2417582417582418,1,0.0,14,14,,0.08590810493505087,216805.92737857142,262994.5758962282,0.09398191297708293,1767.2884824189466,2151.212350020766,,71.72290023965098,53.917950932763006,0.0026828973468187296,0.0006477201608949075,4299.399391331299,195.18342645328823,7420472.113909542,11625418.012141727,0.9140918950649491,1471,eeg-eye-state
14395,108,2,0.007502605071205279,133.28703703703704,0.3335640121451797,0.06154914901007294,0.9384508509899271,0,0.8249288085443611,,0.0,,,73.6860091833869,867.9169133288023,5153.913255831388,18007.98010286942,0.5,0.6200631399039799,40.66578416392598,161.29330783262265,589.9515191909073,38.97320619946337,157.35852495012858,38.601851851851855,99.07666622838657,,,2.129964310866435,26.906444444444443,66.30940702545558,180.58333333333334,379.06069656750617,84.19905895822879,204.2765364207369,80.53703703703704,202.52224642661074,7.814814814814815,45.20031183172316,87,0,0.0031152647975077885,1,5.0,108,101,,0.6805075391664193,172.7685185185185,364.4870062035719,2.129964310866435,28.35224154276884,66.26249660138834,,,,0.4129039190790359,0.20128425192353103,82.00836946127556,203.8242460577964,5153.913255831388,15567.941821921202,0.31949246083358074,1040,sylva_prior
14240,30,2,0.002106741573033708,474.6666666666667,0.017307546651389158,0.0016151685393258426,0.9983848314606741,0,0.6975920444836622,,0.0,0.02611426620742253,0.05537368974090905,421.0665084467859,3001.4037208415966,75200149.1399483,411875283.0431587,0.5,0.7048225879327146,,,24403.273927623406,,,2829.9024143166657,15481.165860992263,60.02841399105177,99.06298451999595,0.9479304953200702,2100.70973294903,11496.463559690223,6108.703041033333,31536.306862119127,3154.2742740711547,17259.411412004036,2814.0864415833335,15409.214011022053,-12.924042933333334,11.568759431847127,0,0,0.0022988505747126436,1,0.0,30,29,,0.48663466052689575,6121.627083966667,31531.07885848962,0.9479304953200702,1592.8393499501165,8669.98460475896,,-0.2726293549282236,3.3026954515208997,6.237615169136285e-06,2.038286647532023e-05,3152.975491452111,17263.61515923003,75200149.13994835,411875282.70938027,0.5133653394731043,4154,CreditCardSubset
13910,128,6,0.009202012940330698,108.671875,2.54569583262737,0.1179726815240834,0.21631919482386772,0,0.8718620865223243,0.10482535643901372,0.0,0.4903394165563958,0.2703054858502821,4861265.326606182,91944195.13528238,119418976.10111918,1219434352.8345845,0.16666666666666666,0.04250233393211509,,,223222.03887984337,,,2860.4305952734367,10119.57845671027,1036.625982480671,2836.2973583751113,25.1907678566939,1827.8873145020082,6285.787471903886,23039.138300343748,95178.16420067726,2791.463331668445,9436.356962718271,1994.50487459375,6269.512576929182,-1411.21005003125,4336.711709603384,0,0,0.5036909448818897,5,0.0,128,128,,3.8446709109855703,24450.348350375,97612.39182457079,9.057955762527312,2729.3079146825207,10623.158984260925,5.268732581905125,4.619312634565262,29.144867948602943,7.575610555629571e-08,7.864920644844615e-08,2127.142152244217,6699.3609357651285,119418976.10111901,634074368.5429741,0.00026119312884135713,1476,gas-drift
13750,40,2,0.002909090909090909,343.75,0.9832048570312522,0.42385454545454543,0.5761454545454545,0,0.7565209728649203,,0.0,0.22539841208807537,0.3502777289799359,0.8571529501982914,10.157901294729198,1712.5614829092603,10703.647665366336,0.5,0.10768593453124585,,,35.32179446601601,,,9.8018,53.18673893291398,916.396077672967,2080.582681320197,1.3382185551938313,7.210217385,39.19543073961213,28.497475,154.69296895910938,-0.8504005054545454,3.107633455679291,-1.1077750000000002,4.186992932866235,-29.3243,154.4628781544415,0,0,0.18076923076923077,1,1.0,40,39,,0.5723239823844855,57.82177500000002,309.11490203113357,1.3382185551938313,7.591278589244387,41.19912834887924,,-4.556913388971334,16.99118165719825,0.06899940776396733,0.09031580949086838,-0.9741328000000001,3.5807015366735833,1712.5614829092597,10703.453738347269,0.42767601761551455,734,ailerons
12960,8,2,0.0006172839506172839,1620.0,0.9182958340516041,0.3333333333333333,0.6666666666666666,0,0.866025403784438,,0.0,0.0,0.0,0.0,0.0,0.927154873061193,0.5463818914743251,0.5,0.23570226039551584,0.0,0.0,1.5,0.0,0.0,1.75,0.3779644730092272,-1.502731086763284,0.216810787241933,2.999999999999984,1.3899374999999998,0.26208912844679383,2.375,0.9161253813129043,1.1875,0.45806269065645216,1.1875,0.45806269065645216,0.0,0.0,1,0,0.0,1,0.0,8,0,,0.749999999999999,2.375,0.9161253813129043,2.999999999999984,0.9270692501985203,0.2781520209167158,,0.0,0.0,0.316613936260514,0.09042048901362021,1.1875,0.45806269065645216,0.927154873061193,0.5463818914743251,0.250000000000001,959,nursery
12684,24,2,0.001892147587511826,528.5,0.9864451251277606,0.4315673289183223,0.5684326710816777,0,0.28563889350397564,,0.0,0.055231823758379324,0.1024828191022142,0.19745251651661255,0.5848430948179061,20.562990289055634,75.10203945232377,0.5,0.09677841155312573,3.016912947626325,12.350011053954393,2.5060898750408898,2.794969320511818,11.468652741808636,3.5,5.7180112079212515,7.094641778669402,37.95897227755868,0.08883781747434608,1.6061500000000002,2.391286856939985,8.25,16.379334806262804,5.2134086250394205,12.914405345978043,5.916666666666667,16.282603858283757,1.5416666666666667,6.227422990406969,7,0,0.007246376811594203,1,0.0,24,7,,0.08158957748217555,6.708333333333333,10.560299595003537,0.08883781747434608,2.290029015234557,3.9980983390615124,,-0.3725162198465333,2.8777353075664847,0.28297587759643267,0.15706017495884556,5.378404711858469,13.890989723579054,20.562990289055644,75.04133113177535,0.9184104225178245,46937,in_vehicle_coupon_recommendation
12330,17,2,0.00137875101378751,725.2941176470588,0.6215872133494313,0.15474452554744525,0.8452554744525548,0,0.5223634771016578,,0.0,0.0833823574367584,0.12603166683743847,2571.334406521402,21060.779085539685,574486.5959444838,2041972.6649037744,0.5,0.4882649744543606,0.0,0.0,656.8822419182661,0.0,0.0,422.50308981438235,1280.018944957756,6.001248611245754,15.861353135671695,0.37525779625246936,239.35419569474598,905.5071562993621,877.3037495235294,2385.4043592383973,336.57861579487945,1093.2107539590925,282.6193099335294,1080.141738000688,0.0,0.0,1,0,0.022058823529411763,1,0.0,17,12,,0.2728636022097341,877.3037495235294,2385.4043592383973,0.37525779625246936,262.79275070925115,732.8135687209916,1.0893447677655372,1.2467343536096633,1.9941135611372427,0.09195123682645852,0.13606120327685162,309.792482600464,1084.6343524052108,574486.5959444835,2040111.504248907,0.727136397790266,45060,online_shoppers
11855,1,5,8.435259384226065e-05,11855.0,2.2656027709352484,0.12737241670181357,0.26486714466469846,0,0.08152217644167965,,0.0,,,,,,,0.2,0.06207634556071668,0.0,,173.94969629223488,0.0,,5919.0,,-1.2001387313063623,,0.006690328271974118,4388.496,,11840.0,,5920.479207085618,,5920.0,,0.0,,0,0,,1,0.0,1,0,,0.006645865251788349,11840.0,,0.006690328271974118,3418.6052159409437,,,-9.278435559160111e-05,,9.974123277058386e-08,,5920.535076620273,,11686861.622458627,,0.9933541347482117,46689,sst5
11183,6,2,0.0005365286595725655,1863.8333333333333,0.15931642036711233,0.023249575248144506,0.9767504247518555,0,0.5131704811691342,,0.0,0.2439725949596502,0.22459662500726324,0.24397259521159984,0.22459662507877537,1.0000000014681956,0.7997625708093902,0.5,0.6742269165512077,,,3.8427058715957516,,,0.9909381283333333,0.7483970687803032,62.71298181212095,71.20918634268311,0.35748561373956905,0.242345455002,0.34600988711723546,16.8715624,12.90927252420479,-1.997382621687708e-11,1.5057718428269404e-09,-0.48628191833333334,0.3401016015035022,-0.6715638566666667,0.22646656079597793,0,0,0.06666666666666667,1,0.0,6,5,,0.26334394274336076,17.543126256666664,12.842553956531741,0.35748561373956905,1.0000000007340977,1.7862270390596255e-09,,4.442083731043279,3.4890142660524166,0.0016302015442312588,0.002298174844112754,-0.23127776644752898,0.0945119106759724,1.0000000014681953,3.572454136992685e-09,0.7366560572566392,310,mammography
11055,30,2,0.0027137042062415195,368.5,0.9906239227385445,0.44305744007236547,0.5569425599276345,0,0.838461905410074,,0.0,0.11810822881085527,0.1747420342122629,0.023673169973418205,0.03563064192969637,0.266241589504108,0.3210538207593426,0.5,0.08052894052590348,0.0,0.0,1.9445081612877604,0.0,0.0,0.4666666666666667,0.6288102248298565,1.2899681126858202,3.815622533955627,2.367211599267511,0.14826,0.452383627710696,1.2666666666666666,0.4497764451088036,0.762686567164179,0.3094613737201233,0.8666666666666667,0.5074162634049248,0.0,0.0,22,0,0.059770114942528735,1,0.0,30,18,,0.703018366823892,1.2666666666666666,0.4497764451088036,2.367211599267511,0.48002292128935586,0.19249608470968843,,-0.8170885298567184,1.6033131839490389,0.45550630239430673,0.07496952235507244,0.8053821800090457,0.42168420950219826,0.26624158950410814,0.21969128763316995,0.29698163317610804,4534,PhishingWebsites
10999,10,2,0.0009091735612328394,1099.9,0.9728535767887354,0.40330939176288755,0.5966906082371125,0,0.42679142760080135,,0.0,0.04833442880934192,0.09004045118175037,477.4839277052504,2122.198350118453,267704.051584289,845675.0945024942,0.5,0.13674116952302817,339.90238551578983,999.0715234661327,896.1533388300509,289.93673880097026,844.8428847677133,330.95,1012.083232468775,-0.2316449633093375,1.84635982416991,0.22271948177648776,204.59879999999998,622.2600134901165,825.2,2468.708380239891,387.3891535594145,1142.5985728460278,438.6,1305.390294977798,110.3,314.3893728766572,1,0,0.0,1,0.0,10,2,,0.18215092267353006,714.9,2154.922708075113,0.22271948177648776,170.71030621348876,514.8484598369007,,0.15973695360366152,0.9246128847747772,0.18778785626117095,0.16431926288516807,397.2779427359491,1175.2322909923614,267704.05158428906,845647.7098191552,0.8178490773264699,46924,E-CommereShippingData
10992,16,2,0.001455604075691412,687.0,0.48178366626668734,0.10407569141193596,0.895924308588064,0,0.7303209688245986,,0.0,0.27119521248701656,0.20431555993895234,240.3058755452804,207.71931419234264,929.6726760355243,1327.6716974659953,0.5,0.5599215268784307,0.0,0.0,111.68877944642833,0.0,0.0,48.5625,19.28719350588191,-0.501815461875773,1.1469822233810407,1.1430196335165368,31.922231249999996,12.665803438535788,100.0,0.0,50.711045533115,16.762180915296888,49.84375,22.765265025179627,0.0,0.0,0,0,0.125,1,0.0,16,3,,0.5333687175049003,100.0,0.0,1.1430196335165368,29.774238237334707,6.785664373031173,1.925739368846636,-0.03918538514845782,0.6761329705788066,0.009862085056310607,0.00014513108070225144,50.021452395391144,20.73912732295538,929.6726760355245,392.62892713363277,0.46663128249509966,1019,pendigits
10936,27,3,0.002468910021945867,405.037037037037,1.5662478252983836,0.26243599122165323,0.3897220190197513,0,0.31120725588992837,0.23393819156165332,0.0,0.09865273823981917,0.1427674568494599,4849.4261750672,30787.412456022597,534949.9708838937,2025064.5262351679,0.3333333333333333,0.06487148103445976,,,587.7366781125321,,,273.07090185185183,1041.5602090426037,20.90801830950657,30.396067707488516,0.31566609209073127,185.66510843999998,774.2783051304912,2715.2599259259264,7136.142808524729,310.67698665366174,1038.8268332680198,268.10891296296296,1042.1615700593477,3.005977777777778,7.343494165813256,3,0,0.03418803418803419,2,0.0,27,22,,0.2484269897082155,2712.253948148148,7136.6683788023265,0.293950410661634,269.68222913778357,692.8197564085917,,2.734308009385306,2.6941200497775597,0.08591396191480391,0.15780868259920738,274.60066169133165,1040.8634768852307,534949.9708838933,2018596.5278359368,0.7564013724925049,1044,eye_movements
10885,21,2,0.0019292604501607716,518.3333333333334,0.708689211527669,0.1934772622875517,0.8065227377124483,0,0.31932860137450914,,0.0,0.5886921140830195,0.2448938601762693,54499695.880498275,724531470.2083598,9012456447.280529,41299941741.64642,0.5,0.43348861284867535,1.712226219655512,5.086089600056025,94751.68195488463,1.0579848953965645,3.0806812165636064,610.3776190476191,2445.1901899441377,586.2738851877081,761.9812601762778,0.11354948215552371,176.10464,653.470532262088,1567411.5785714285,6772549.409521493,1902.7806467178514,8017.330436574644,121.91190476190476,440.33822724831697,0.23809523809523808,0.4364357804719847,0,0,0.6571428571428573,1,0.0,21,21,,0.10197075565580016,1567411.3404761904,6772549.4673413355,0.11354948215552371,21963.749834889237,94639.06512373457,1.1891391350109948,15.832737864505708,11.232602977483879,0.007119444641705898,0.008196147831605565,212.2428266655001,814.303263522563,9012456447.280525,41166144403.09996,0.8980292443441998,1053,jm1
10459,23,2,0.002199063007935749,454.7391304347826,0.9986102743308491,0.4780571756382063,0.5219428243617936,0,0.47898372459697786,,0.0,0.3997513920290349,0.22458167330225798,88.00025831790289,235.62517934346135,853.9226543311028,2761.5718484253953,0.5,0.031031839809219332,,,50.81959861823158,,,21.195652173913043,31.72135039915932,9.530899121112666,20.39465276399439,0.2977329007967855,14.632617391304347,23.515602798444892,140.65217391304347,194.7045801150722,28.25596843991238,43.432355090291225,28.08695652173913,43.942020729260406,-9.0,0.0,0,0,0.3438735177865612,1,0.0,23,23,,0.22942540842879353,149.65217391304347,194.7045801150722,0.2977329007967855,18.125143467269947,23.436802894656577,,-0.40841508695334916,2.0029973742164167,0.03257781960639525,0.031441796059812524,28.129589737551175,43.68078548603597,853.9226543311023,2485.210464406197,0.7705745915712064,46932,heloc
10299,561,6,0.05447130789397029,18.358288770053477,2.5759228762856208,0.13651810855422858,0.1887561899213516,0,0.9358197781405455,0.07671004092704697,0.0,0.4177873992242384,0.2982072018353668,0.036808728130389164,0.04784650798952029,0.09666858572019221,1.4331197537223366,0.16666666666666666,0.020252238394931007,,,13.344075013368883,,,0.398269453654189,0.29980081605392095,13.65250779927875,36.99606385120995,234.10371321008768,0.16090363394224597,0.19444786722461813,1.0,0.0,-0.5086202175851141,0.42883154887909863,-0.6090027967914439,0.49863216802678384,-1.0,0.0,0,0,0.41303157626687037,5,6.0,561,507,,4.402331007311216,2.0,0.0,169.82605044557405,0.2792315145321125,0.13686393578176093,,1.6366207466561489,2.2839037418393016,0.0007082697065852226,0.004596089176387918,-0.5485784137283453,0.4618685876534133,0.0966685857201922,0.0972655615281553,5.101680872095768e-07,1478,har
10298,11,5,0.0010681685764226062,936.1818181818181,2.1705628064298605,0.11788696834336765,0.3232666537191688,0,0.9635172026106622,0.06083053484165978,0.0,0.2749180849542593,0.21162751145745676,0.10243073141065125,0.16601615818139906,0.5352515648676458,0.9528406513764627,0.2,0.10370256137494695,0.0,0.0,3.5122063603651847,0.0,0.0,0.8181818181818182,1.0787197799411874,1.147484934616015,3.346043747932715,373.0671048289486,0.40434545454545456,0.6925215207683243,1.8181818181818181,1.3280197150781925,0.8960698458659228,0.7335500407200551,0.8181818181818182,0.7507571935295483,0.0,0.0,7,0,0.12727272727272726,4,0.0,11,6,,3.7245626608140703,1.8181818181818181,1.3280197150781925,235.10080002440966,0.6175768747835403,0.41138231058258395,,0.26342759720693115,1.6873847497932788,0.40903352256173464,0.1315345573252099,0.9000294204177699,0.7599805815119952,0.5352515648676461,0.7034415151311652,2.390877811937761e-07,46819,WBCAtt
10218,7,10,0.0006850655705617538,1459.7142857142858,3.2848260110484966,0.058719906048150326,0.13857897827363477,0,0.30362705210663826,0.21807633344689514,0.0,0.2564508002225445,0.16084041157752743,24.699359227078503,28.692798164721417,104.81687874040729,119.5293018514355,0.1,0.023517747511023496,,,28.234297795709576,,,14.592857142857143,7.053898955626631,-0.04036907056914231,0.6281411728530546,1.373464546456596,9.442044,6.886792322500511,51.131428571428565,21.870899561267425,15.677500209713951,12.62872522011241,13.745714285714286,13.620057338526951,1.8414285714285714,5.3881983029934,0,0,0.047619047619047616,7,0.0,7,7,,0.9306694306546189,49.29,19.98161738532027,0.7794518885514518,9.504522285963189,4.110282715180207,,0.6736742468323282,0.39810891035216467,0.029053553537740803,0.04301534590765365,14.29627364644488,13.09850229124683,104.81687874040735,67.29290057168565,0.3275960107279351,1459,artificial-characters
10108,68,2,0.006727344677483181,148.64705882352942,0.8394472850797682,0.2685991294024535,0.7314008705975465,0,0.6910177992226707,,0.0,0.042456580405303236,0.06291751102427001,0.1284663123521409,1.2565698963434302,28.412636143822123,172.00737676153506,0.5,0.32725024954399184,0.4857147505837196,4.005306441154426,5.6210597245864715,0.4422073480637807,3.6465352089824834,2.1911764705882355,8.080301001008614,12.341580172431982,31.205977026535997,0.9138961064171175,1.373585294117647,5.831751018508082,7.588235294117647,23.04132257690656,3.1044935287134248,9.477418483942019,3.0441176470588234,9.46073397097364,0.07352941176470588,0.6063390625908325,48,0,0.001755926251097454,1,0.0,68,48,,0.47750559884254323,7.514705882352941,22.813646509849814,0.9138961064171175,1.7179745279060776,5.083425771144893,1.0424385521714281,2.162621892480631,3.0766117909297575,0.39242062193004135,0.17389541212315274,3.0343961521304865,9.345376697567344,28.412636143822102,171.69185400566948,0.5224944011574568,46282,internet_usage
10108,70,2,0.006925207756232687,144.4,0.8394472850797682,0.2685991294024535,0.7314008705975465,0,0.6926333678681112,,0.0,0.04318374806543172,0.06184090249490084,0.14034498728510744,1.465875803261092,28.80056818647405,171.06403876214137,0.5,0.32725024954399184,0.0,0.0,6.343455242574636,0.0,0.0,2.2,8.030016153177394,11.943115210211365,30.839233882589564,0.92211949422951,1.3555199999999998,5.748976231522329,7.4,22.529465408531173,2.908724348465148,8.979975563064503,2.842857142857143,8.9339536572735,0.0,0.0,48,0,0.0016563146997929607,1,0.0,70,46,,0.4797409822843223,7.4,22.529465408531173,0.92211949422951,1.746766461885011,5.111022839274696,,2.115534641446104,3.0450854659314475,0.38858640615699475,0.17383773176376696,2.821600489849748,8.812401135423213,28.800568186474027,170.61996788305512,0.5202590177156777,43920,kdd_internet_usage
10000,48,2,0.0048,208.33333333333334,0.9999999999971146,0.5,0.5,0,0.8320443133530715,,0.0,,,1.8448666176781805,23.638968435215872,51.95030362802991,257.0553192762464,0.5,0.0,,,8.383077516627058,,,2.0649771805489583,6.757178080988317,,,2.2498948756353423,1.3071262544670705,4.702119232592731,22.583333333333332,54.12547806612451,3.254760459389653,11.467828158025204,2.610811246773958,10.069843610831025,0.22916666666666666,1.870710222773333,23,0,0.025709219858156027,1,2.0,48,39,,0.6922977393831843,22.354166666666668,52.82507849913445,2.2498948756353423,2.55648796301843,6.810355538415799,,,,0.3202492912439041,0.23497027182872804,2.7028067917858096,10.387528491148586,51.95030362802991,197.7761526929088,0.3077022606168157,46868,Phishing_Legitimate_full
10000,10,2,0.001,1000.0,0.7292666572138828,0.2037,0.7963,0,0.36943172711261896,,0.0,0.021342377327120198,0.04595294954853697,1022508.1382990506,6845630.3183323415,720090242.2072818,1524504804.006465,0.5,0.4190314785311481,7442.474347892488,23296.347342391105,18444.302396613304,2034.4967340195842,6200.289014187713,22618.53775,48139.74989417645,-0.8800800807089615,1.0957488835790692,0.158050502067067,14238.881504399998,30000.944666150725,45185.157,95760.45958423318,17727.463536899995,37603.106368142806,19809.0455,41583.677950406505,38.058,109.78513497838505,3,0,0.0,1,0.0,10,3,,0.13647980099741255,45147.099,95777.43995633262,0.158050502067067,12002.079405275614,25299.106970553123,,0.09120476774556315,0.5396026739418326,0.21901777700421943,0.2241390478734104,17699.55851133333,37551.68139361554,720090242.2072818,1524351084.7532864,0.8635201990025875,46911,Bank_Customer_Churn
10000,1000,10,0.1,10.0,3.3214312580521743,0.0958,0.1043,0,0.4927549014571613,0.1286060759410699,0.0,0.0761373038309161,0.11223893083361879,2819.660784327081,4644.4174627074935,38202.030436605586,172455.00404171998,0.1,0.002769677077045465,262.49380465228177,210.1067618651616,2180.6990914844882,235.7112999180101,189.79737346483893,280.742,84.25459942058667,-0.3231516539656819,0.6379851513597199,3.6779392390478685,180.11366099999998,52.63322022860041,882.072,24.995191048991316,414.3758966,101.34702143001995,386.85,142.4589697353524,41.787,45.25321518394559,0,0,0.015875875875875876,9,0.0,1000,437,,2.3175827183421926,840.285,59.54127087943234,1.2815617041287415,191.44968096586706,39.37766746988281,,0.3130304468404272,0.6154584952210602,0.001554860140809236,0.0008889939088188346,399.00455583333337,124.24207389883931,38202.03043660558,14821.305504808102,0.057211458147769165,41165,robert
10000,1000,5,0.1,10.0,2.321483634085424,0.1913,0.2049,0,0.8585325059081755,0.06989583458789192,0.0,0.24165412241745732,0.2535836028909625,0.005780614936696232,0.014184114084987286,0.051756073585196065,0.49082539479319226,0.2,0.005533082323623969,0.18586324223336498,0.14348843203633088,4.222187412652714,0.14080071686296772,0.09745469961193806,0.19670716057499998,0.1997651182382894,5.410753881964738,7.365240908961546,15.312164065868561,0.12752348262969002,0.13440019982574963,1.1900887064,0.7903996447392985,0.24076530230868,0.19199521900635852,0.19366819285,0.16561704020828347,0.0129850088,0.004007728280863835,0,0,0.15324524524524524,4,0.0,1000,994,,2.9629685378821002,1.1771036976,0.7876899105599346,8.09648497797149,0.17339113232736605,0.1473543420383243,,1.6561384742671714,0.9959267919607657,9.827099664235437e-07,4.826813556395799e-07,0.20450109710508335,0.17212786365653396,0.05175607358519607,0.07940635700350802,0.0030083724672857774,41163,dilbert
10000,12,2,0.0012,833.3333333333334,0.9443308259530947,0.362,0.638,0,0.6368765401539209,,0.0,0.03572812645986225,0.11959942873617845,0.021277311148464255,0.04471306398537615,2.6262915959291475,3.621850617687974,0.5,0.19516147160748712,,,2.744900158809018,,,2.0177087112171086,2.025007882800865,-1.1328632125140234,0.23381656848892898,0.6824019687049199,1.495825691906,1.5012015907124387,4.030183790237454,4.711654800401956,1.925000168235355,2.7901614239837147,1.92506700225724,2.790182845318301,-0.18456935043475045,1.1719082809538632,0,0,0.045454545454545456,1,0.0,12,1,,0.4056117273984288,4.214753140672205,4.0050695821050875,0.6824019687049199,1.1765405978212078,1.1640261560358656,,-0.0010563456034715418,0.0036624567679647497,0.0,0.0,1.925141966654299,2.7902634259921126,2.6262915959291484,3.6178365929917047,0.5943882726015712,46298,electrical_grid_stability_simulated_classification
9961,14,9,0.0014054813773717498,711.5,3.1320692484349997,0.07850617407890774,0.16203192450557172,0,0.6592568870224593,0.25585636560542474,0.0,0.23241366424941706,0.16111184653283742,0.20548569678960782,0.6421891969777426,19.99735460791059,67.2461200779017,0.1111111111111111,0.02759953598668882,,,20.78235440860276,,,2.149122857142857,5.001086027900153,-0.038364119020330545,1.1332203110420114,14.715533196944849,1.5921395711999995,3.707671409771518,8.958254642857142,23.97251721602376,2.0532722924190057,5.769328408909394,1.8363657857142854,5.130139736864938,-0.5036832142857143,0.7321640874274625,0,0,0.06593406593406594,8,0.0,14,12,,3.935194503438067,9.461937857142857,23.420838157387546,5.511944564061146,1.7055517441171655,4.289865247880913,,0.10980362188338422,0.5231775957516585,0.0032613337559988516,0.009447680034686944,1.8462844274480752,5.119487773467023,19.99735460791059,67.19925054677852,0.0011636274022693177,375,JapaneseVowels
9927,1000,10,0.10073536818777072,9.927,3.2215128062829352,0.06295960511735671,0.1909942580840133,0,0.3461445038218788,0.027069301551506813,0.0,0.5938069282361341,0.11509333717156453,1648.4962192205576,365.9881698779802,2768.3454711953173,53399.72432064574,0.1,0.04139143834051376,24.003501311064714,43.0125918487413,82.92484415087927,19.751149725373615,35.4506576636496,75.389,5.291992458817774,-0.40095428356242707,0.16257225721976837,1.237001936277632,55.702764599999995,4.037567978599078,255.0,0.0,115.07290339478192,3.5557278657736275,111.27,3.3699341917100485,0.463,1.0018156689903759,0,0,0.7662022022022021,9,0.0,1000,191,,1.084206134426743,254.537,1.0018156689903759,0.18469590030518054,52.57663758282194,2.011640717993891,,0.3607706860458678,0.07171992218953246,0.0038372309630955253,2.5854172484558388e-05,111.90592714453585,3.489201271451704,2768.3454711953173,209.0464271468036,0.3143769225956775,42140,SVHN_small
9873,32,5,0.0032411627671427123,308.53125,2.193423736126335,0.10108376380026335,0.2987946925959688,0,0.26041414201047963,0.1749267446874247,0.0,0.08952981292421491,0.16665897834487675,3.2877773700996e-06,1.1937864706107357e-05,4.4121217700960686e-05,8.711250196085487e-05,0.2,0.09193286566028068,,,0.018779812607161567,,,0.0028590771874999997,0.0035932688599175436,47.7871960957257,52.05485307871127,0.4418099702314011,0.0017711311025625,0.002024241103161505,0.06248516687500001,0.03723506120101542,0.001309779307676238,0.003025336592416799,0.000663994375,0.001607885102840088,-0.0405160496875,0.0354305087586799,0,0,0.04435483870967742,4,0.0,32,32,,0.3630601994570354,0.1030012165625,0.05609584977049272,0.2889551649446174,0.005340125416350268,0.004013432701909837,1.3473089945825614,0.9532138726567861,2.3053352342937403,3.930126945301064e-06,4.960906485154705e-06,0.0008235431179324893,0.0019428361580683074,4.412121770096067e-05,5.187943098380699e-05,0.6706962780232127,4538,GesturePhaseSegmentationProcessed
9871,23,2,0.0023300577449093304,429.17391304347825,0.9988092228236689,0.4796879748758991,0.5203120251241009,0,0.5064485547482402,,0.0,0.1582855862751692,0.17128069224863773,39.95295772939756,158.67439820642923,703.2823990322701,2294.3139454080997,0.5,0.02872554140976655,,,52.675749849224474,,,20.26086956521739,30.707146623464393,20.659254591502673,40.102374827069276,0.3449720735726232,14.052469565217388,21.45173005785176,140.52173913043478,194.7977668261993,30.38826514207186,46.06903978870153,29.304347826086957,44.78172799318195,-3.347826086956522,4.344366212298552,0,0,0.06719367588932806,1,0.0,23,23,,0.2564901386065813,143.8695652173913,195.4940836928148,0.3449720735726232,15.389472415105729,22.082768240695888,,1.2946567808164964,2.719750288989853,0.034762856239849815,0.035386629804912625,29.23208714737684,45.18527821061229,703.2823990322701,2156.471161324649,0.7435098613934187,45553,FICO-HELOC-cleaned
9822,85,2,0.008654041946650377,115.55294117647058,0.32610165527904955,0.059661983302789656,0.9403380166972104,0,0.25401357975068867,,0.0,0.06706610984442926,0.12747528697162303,0.16013525660047292,0.4641551937363515,2.987192866654266,13.541872194280213,0.5,0.6227319952416653,0.04265447718314351,0.29913903830797617,3.100548851823842,0.04075603875296161,0.2842874564148165,1.4,2.030716505032035,145.09914746077496,332.9936117912859,0.06897325290799712,0.9070023529411765,1.3552409455408982,6.847058823529411,4.51058512293699,1.6875202127277302,2.9179730982394068,1.6588235294117648,3.1379130962217188,0.023529411764705882,0.15247721049352903,5,0,0.019327731092436972,1,0.0,85,71,,0.06452289869775947,6.823529411764706,4.507075048209879,0.06897325290799712,1.0939869036768124,1.345993920709138,,6.623136027886258,9.14024657524893,0.172530132509169,0.10831408258541346,1.6286532665322657,3.0715148037903113,2.9871928666542664,12.763046179786572,0.9354771013022405,46281,insurance_company
9822,85,2,0.008654041946650377,115.55294117647058,0.32610165527904955,0.059661983302789656,0.9403380166972104,0,0.25072667280487604,,0.0,0.06620490524501008,0.1264184276538699,0.16457252638199688,0.506945800249746,2.958812824541018,12.591220245961683,0.5,0.6227319952416653,0.08628501024510565,0.4975196166639002,4.184306290925195,0.07686858990505567,0.43438530782225054,1.4588235294117646,2.168788015593648,141.56592340194948,327.66934519103575,0.06708082430232849,0.9070023529411764,1.3552409455408982,7.141176470588236,4.362046650414476,1.6601902092541356,2.49956299766802,1.576470588235294,2.357240469925209,0.03529411764705882,0.18561729852738681,5,0,0.019047619047619046,1,0.0,85,71,,0.06286386445580336,7.105882352941176,4.358963205177309,0.06708082430232849,1.1330187834438783,1.301930376205489,,6.54536882834788,9.05118256004784,0.17253767475519186,0.10830370213451648,1.5633884907882387,2.4468071342957676,2.9588128245410177,11.593028185833605,0.9371361355441966,46916,coil2000_insurance_policies
9517,6,2,0.0006304507723021961,1586.1666666666667,0.9999776283279278,0.49721550908899864,0.5027844909110014,0,0.7601353197857661,,0.0,0.12790008308220627,0.12634386174823237,0.5645000954686574,1.6331671094710083,112.36993707523887,263.6216374808111,0.5,0.003937864810642774,,,8.218661577587314,,,6.271516666666667,11.990070715457298,0.5765521294411621,1.6386636657820626,1.3685777150191967,5.8846865,11.845490295740268,17.6479,35.94388096213318,-2.098847795173549,5.000975911922722,-1.8163166666666666,4.025319033525997,-19.31745,39.96663812650496,0,0,0.0,1,0.0,6,6,,0.5778057043858089,36.96535,75.90737996884756,1.3685777150191967,5.102080959976471,10.178725280883723,,-0.015901005409444776,0.127511986313365,0.04923343723495719,0.06278361546989557,-2.1635243185665094,5.072728471463609,112.36993707523892,263.5896797505468,0.4221942956141911,819,delta_elevators
9466,38,2,0.004014367208958377,249.10526315789474,0.061481432631241145,0.007183604479188675,0.9928163955208114,0,0.3582425364329759,,0.0,0.46099746950456605,0.29123920235628864,17050552.57411517,436495765.7807512,5497766074.478889,33890465643.081425,0.5,0.6969476303053548,0.4141092402714142,1.0121156847176893,73483.95240957437,0.30010816959257525,0.6989533289786486,18.58967105263158,79.24536247444665,825.9139691791617,1161.823092854648,0.14723330021864034,2.609766157894737,9.210329081666805,867015.8078947369,5054746.677700773,360.55809570540544,2050.687486302846,3.081578947368421,8.437209903342357,0.21052631578947367,0.4740791778345997,4,0,0.411095305832148,1,0.0,38,34,,0.12833771490993204,867015.5973684211,5054746.714766525,0.14723330021864034,12709.178607947562,74030.16704977055,,17.764435863943135,17.09564891253555,0.06957658360664723,0.150608804889975,7.0220211267605634,25.77398892243813,5497766074.478884,33783469743.350567,0.8716622850900679,1056,mc1
9298,256,10,0.027532802753280277,36.3203125,3.272802610111532,0.07614540761454076,0.16702516670251666,0,0.7908209400935545,0.12483606374878707,0.0,0.20746088835551585,0.19038649215093406,0.05413878812112451,0.06194261965448277,0.2653248164348919,1.3235905785528492,0.1,0.02902725001868486,,,8.33485298507921,,,0.7159524892578125,0.472823521281351,4.761561449272273,13.831195376110829,25.9396701995044,0.39097222985624996,0.3543623133338075,0.8399554609375,0.25412781637165566,-0.4977167051344207,0.31374581604764196,-0.63275634765625,0.3768695876902407,-0.99999972265625,3.6500381914472685e-06,0,0,0.08734681372549019,9,0.0,256,106,,5.75325217611241,1.8399551835937502,0.2541276411464065,9.113130735796801,0.4863613143777217,0.1699715894113092,,1.4652033469980825,1.7839891096259544,4.989197748050109e-05,7.65234187654235e-05,-0.587831790641801,0.3543770429407901,0.2653248164348918,0.13907050945406382,2.6420651901201414e-05,41082,USPS
9144,220,8,0.024059492563429572,41.56363636363636,2.0821911618553517,0.0021872265966754157,0.44291338582677164,0,0.674234037300495,0.28468730430212363,0.0,0.5986674739494718,0.3336954369133651,57923.79382704611,107501.78636181349,163584.41547216394,1828832.4643352327,0.125,0.15710588228642558,2574.9854465914805,1527.6577691428638,6626.096062863117,2552.95506720588,1508.6689952984955,345.15,343.2125719150566,-0.2399817209236684,0.4630675185099433,32.59840939578372,232.6435268181818,239.26212917618858,3435.3454545454547,2362.5396633576647,2596.073697605981,1546.8429055797505,2622.913636363636,1531.744004624667,1903.7818181818182,985.2416144973366,0,0,0.5853051058530511,7,0.0,220,161,,3.668421926766537,1531.5636363636363,1472.9989787388556,20.353442653971996,292.12865487826775,280.3614609461001,,-0.3464842367107938,0.6100710093512225,0.0038082699300665645,0.006060856002715111,2611.4290965412133,1529.2694624048295,163584.41547216394,253254.28118365686,0.00035192504190815186,41972,Indian_pines
9100,2,9,0.00021978021978021978,4550.0,2.9284533279624334,0.05318681318681319,0.2664835164835165,0,0.4060808657822917,0.35365191059290046,0.0,0.024580616270984682,,33110.19694278685,,1765522.295077825,1614772.1520942806,0.1111111111111111,0.07254870744008496,0.0,0.0,1398.354589921665,0.0,0.0,1852.125,1218.8753140703113,-0.06941214821799446,1.4089460857150033,0.7809762870248681,1326.5563499999998,1013.236570575305,4690.5,1799.5867581197635,1985.5933516483515,1556.2278781540567,1857.5,1740.1897885000935,0.0,0.0,0,0,0.0,2,0.0,2,1,,0.45487301297500005,4690.5,1799.5867581197635,0.7560296022838695,1247.5028338671677,646.929632295833,,0.5786410447006536,0.9410743028576068,0.0001428238074653032,0.0001202574579972317,1914.5015567765568,1718.02328597726,1765522.295077825,1614093.0992033929,0.5556059554459564,373,UNIX_user_data
8641,4,2,0.0004629093854877908,2160.25,0.9927593693558596,0.44994792269413264,0.5500520773058674,0,0.81836840372113,,0.0,0.08662662285190703,0.13410343082466286,0.9323933533837773,1.7215503582042349,207.90478493441958,414.76366600354544,0.5,0.07078432655090423,,,1.5617157325524231,,,11.0218,20.281072096744133,-0.7281342457643324,0.5700091389478096,2.027796787193394,7.7228634,14.137637188648485,43.093999999999994,81.95297023700036,13.449692309917836,24.985797546973195,12.593325,23.50294701966472,0.219,0.4473522102326086,1,0,0.0,1,0.0,4,2,,0.6697268442090704,42.875,81.50574591606001,2.027796787193394,7.693656042424547,14.081308728726599,,0.4935948038854552,0.5268820987467411,0.12501925249503465,0.2499485851148025,12.754433408871746,23.72923836147258,207.9047849344197,414.74756429478026,0.3302731557909296,923,visualizing_soil
8237,800,7,0.09712273886123589,10.29625,2.704628358283817,0.06094451863542552,0.23394439723200194,0,0.73193401508615,0.1897503209475777,0.0,,,2.788906798230219e-05,6.948033532776875e-05,0.0034832782342670565,0.003044873566210864,0.14285714285714288,0.05756719047971762,0.0,0.0,0.2834892299193125,0.0,0.0,0.0,0.0,,,14.933423144152195,0.0,0.0,0.981415487,0.11107769151543,0.005029448735477116,0.0028285084484904093,0.0,0.0,0.0,0.0,12,0,0.0002972465581977472,6,7.0,800,795,,3.3943903361393377,0.981415487,0.11107769151543,6.177084690183246,0.055780138950625974,0.019295588422788314,,,,0.049958480606031835,0.10388145835402011,0.0,0.0,0.0034832782342670565,0.002187924457096838,0.002059921401603197,41164,fabert
8192,21,2,0.0025634765625,390.0952380952381,0.8841664897409794,0.3023681640625,0.6976318359375,0,0.7757437736029581,,0.0,0.23980213784003906,0.20993429889520737,258043775.08229977,2137876702.89538,12155853831.268057,41374396240.07767,0.5,0.27949362273950695,48312.55667835083,191480.27293282072,411067.51237585774,1993.9775459252592,6391.32303343315,48074.98880952381,155895.90810649577,82.62187645630402,148.20368738391116,1.5111646523817173,29491.039413000002,95633.98256421855,315095.78619047615,793002.8759261415,77423.0389258975,290349.54026912677,69705.0142857143,280889.7290099538,93.15238095238095,328.1813029699401,0,0,0.11904761904761905,1,0.0,21,21,,0.6017784022837576,315002.6338095238,792826.9204063355,1.5111646523817173,38448.585308642025,105884.07871339176,1.457493180937844,5.3963801496633295,5.08502857984634,0.0015836386504005076,0.0016379791567804535,72672.65765517844,289951.7514736414,12155853831.268057,40186049131.39832,0.39822159771624244,761,cpu_act
8192,12,2,0.00146484375,682.6666666666666,0.8841664897409794,0.3023681640625,0.6976318359375,0,0.7504568166938677,,0.0,0.23051903102859075,0.19635234441525326,819758015.0459425,3772100233.8263774,21272739482.82893,53859681859.21222,0.5,0.27949362273950695,84538.06575891179,251640.04560308973,411067.37996265804,3484.9326420403554,8283.252869837685,84099.93333333333,202199.79596059342,77.0020043706183,105.97142848858329,1.289300946443818,51591.749545,124038.40917745791,551006.3066666666,1000852.5275634186,135460.4337241618,380399.7395388676,121967.875,369459.2359898995,163.0,428.25820588646155,0,0,0.12121212121212122,1,0.0,12,12,,0.5631854337222932,550843.3066666666,1000640.9541783523,1.289300946443818,67245.7483771679,135179.6735985389,1.6095593819231881,5.0724465098365235,4.477000726748076,0.0018445486787795307,0.0019273098091631856,127158.54316347982,381184.3287237275,21272739482.828934,52198117333.06463,0.43681456627770676,735,cpu_small
8192,8,2,0.0009765625,1024.0,0.9730662661308618,0.4036865234375,0.5963134765625,0,0.7611426142123936,,0.0,0.008528735281698547,0.00648221424043185,0.008914025060622291,0.01677296741409053,2.5897933320881434,4.308236395029567,0.5,0.1362078247939907,,,4.7374506299705015,,,1.491432375,1.421651380499541,0.6948980859983573,3.4339868778815497,1.377205899756986,0.9378300274875,0.8468758651530964,8.796524875000001,13.150188094810664,1.654425210586548,2.380243434980652,1.480731875,2.4155630004798607,0.38000912500000006,1.883986344468667,0,0,0.0,1,0.0,8,2,,0.5793380791700766,8.41651575,13.151147288496574,1.377205899756986,1.0827400496945214,1.2727775327439919,1.09587984233914,0.4692364234755676,0.987347698133662,0.031238880029775158,0.08835584338779562,1.4707607019680635,2.2776723261423957,2.5897933320881426,4.307910732353222,0.4206619208299234,725,bank8FM
8192,32,2,0.00390625,256.0,0.9999559719906115,0.49609375,0.50390625,0,0.29862446981038043,,0.0,0.008512023459613067,0.00670568703476116,0.340323868950853,2.0594839395002347,294.4555959803696,692.8650500608991,0.5,0.005524271728019903,,,25.471356202614956,,,13.106559257812503,27.013727993965063,-1.1972908461104357,0.01450046008980052,0.09790764205327723,9.710204284462499,20.011827727595232,13.77166903125,26.764322887979326,0.6606090161552429,0.6972194151701834,0.690903359375,0.7083059688978645,-12.481346812500002,27.35139922498111,0,0,0.0,1,0.0,32,0,,0.08917657396953081,26.25301584375,54.100971393120126,0.09790764205327723,7.586923543998418,15.637644806345905,1.00189725906333,-0.002686314643917048,0.013202991011402649,1.4134091795205266e-07,9.057557456088877e-08,0.6697136207981591,0.7038304469009032,294.4555959803696,692.7646193459447,0.9108234260304692,752,puma32H
8192,32,2,0.00390625,256.0,0.8936632139628706,0.3104248046875,0.6895751953125,0,0.6253792182698903,,0.0,0.012213363403997304,0.03592019796671868,0.017106643921426388,0.08619003089856553,1.5649122937343236,2.827600462099905,0.5,0.26809981230046587,,,4.046952973404555,,,1.2769602265625002,0.8089860558551961,0.9355699328303249,3.3895806353340023,0.6423035496407482,0.8966991128156249,0.5233237189005321,6.17851978125,8.474093275999358,1.2014580029029847,1.705686181496792,1.0542842343749999,1.6338710923330457,-0.030351562499999984,1.2759066294075208,0,0,0.0,1,0.0,32,9,,0.3910991666438591,6.20887134375,8.22656913155202,0.6423035496407482,0.9675910714133945,0.8055804157246658,1.0133429869057264,0.6203400276887143,0.9056649166709244,0.019630226168209947,0.053510537014222176,1.0690233564508747,1.6141357189092254,1.5649122937343232,2.7836523072136847,0.608900833356141,833,bank32nh
8192,8,2,0.0009765625,1024.0,0.9997770990017212,0.4912109375,0.5087890625,0,0.5349483497478202,,0.0,0.008967306396379536,0.006644117324966746,0.0073548001106595205,0.005452896672721957,0.8195542358110912,0.02713685681894143,0.5,0.01242961138804478,,,0.9616876161645306,,,1.56008965625,0.014630558277685213,-1.1912900109470739,0.007730330562789949,0.4008932538868718,1.1567718705374999,0.01097049185136494,1.57053375,0.00021832659022665704,0.002472783554077148,0.011989348086665812,0.0025046875,0.01769209982881282,-1.570340125,0.0006054826734574027,0,0,0.0,1,0.0,8,0,,0.2861697368979162,3.140873875,0.0007695338918554454,0.4008932538868718,0.9052814137850995,0.0047566694642335395,1.0144520816826326,-0.0024228063778874366,0.0146926840611357,1.735047398705136e-07,3.990667420875591e-08,0.0033402797243694015,0.014884390609937582,0.8195542358110913,0.008618997373121372,0.7138302631020838,807,kin8nm
8192,8,2,0.0009765625,1024.0,0.9999860693575566,0.497802734375,0.502197265625,0,0.5601213904774004,,0.0,0.006737053219724433,0.00477570283889021,0.005525277871737274,0.004988942372571944,0.9161039468249732,0.49235683556045345,0.5,0.003107402847011195,,,1.2265315119143982,,,1.55764271875,0.5914307908457107,-1.1950360713857107,0.00672852645542393,0.4571651132827434,1.1558370912374998,0.4387705438143062,1.563298875,0.5946022488740897,0.002657160049438477,0.010552748204584747,0.006816499999999999,0.019403708452620228,-1.5633335000000002,0.5946234955943611,0,0,0.0,1,0.0,8,0,,0.31373597207033643,3.126632375,1.1892256957163272,0.4571651132827434,0.9016094775370518,0.3434352454503314,1.0013873359685486,-0.005738214934025709,0.014217542467633397,2.0163671642277267e-07,1.2649948823161467e-07,0.003992924455858434,0.014678284805325867,0.9161039468249736,0.4919136295016697,0.6862640279296636,816,puma8NH
8124,22,2,0.0027080256031511572,369.27272727272725,0.9990678968695752,0.48202855736090594,0.517971442639094,0,0.8621392744053915,,0.0,,,0.25280367930220976,0.5004936866149379,2.327051409783828,3.9960516368028682,0.5,0.025415457915616908,0.0,0.0,4.556392870397129,0.0,0.0,1.7727272727272727,1.7163587753985023,,,2.895357127897421,1.0782545454545456,1.3864164112756834,4.318181818181818,3.168090361210762,2.319972248332662,1.835666406396832,2.409090909090909,2.1304837570282102,0.0,0.0,5,0,0.03463203463203463,1,3.0,22,9,,0.743284128472255,4.318181818181818,3.168090361210762,2.895357127897421,1.2199571913379088,0.9373881887332463,,,,0.2879715179973705,0.21910340786135452,2.348161682452084,1.9816965253810275,2.3270514097838304,3.0125413483247176,0.256715871527745,43922,mushroom
7797,613,26,0.07861998204437604,12.719412724306688,4.7004382798390205,0.03821982813902783,0.038476337052712584,0,0.7756920245747607,0.1547984284359009,0.0,0.17410687725377655,0.16161422414289617,0.03360535635458587,0.04087342481303683,0.18347429600672782,1.313755722655147,0.038461538461538464,5.53360904583831e-05,,,8.904930752934249,,,0.564800326264274,0.2716046994162498,3.617573370371608,15.412397810808272,117.36545733497556,0.387428775269168,0.1906165358228631,0.9827422512234911,0.0959034822175903,0.06805509334434688,0.45404807529146873,0.05891353996737358,0.5286102787746126,-0.9343810766721043,0.11501564102563716,0,0,0.0530392689974304,25,0.0,613,380,,15.617554207431676,1.917123327895595,0.14248014123986033,32.831625461603956,0.4117396412266709,0.118184387340737,,0.43641241445354284,1.8126053452735107,0.001548415094333551,0.007041767393455125,0.0605586211969973,0.5104349169550443,0.18347429600672785,0.09790822537282656,1.5910414723338068e-14,43985,isolet
7491,86,2,0.011480443198504872,87.1046511627907,0.9343241194449983,0.35028701107996263,0.6497129889200374,0,0.8238550301249934,,0.0,0.08367966754578372,0.14737103527702033,0.00591581426919509,0.010755903322723479,0.07661628932622506,0.13474051244522478,0.5,0.21172613939412976,0.0,0.0,1.3056570391132234,0.0,0.0,0.12790697674418605,0.33594508052243144,35.803819120639126,116.383723171272,2.1127155771443364,0.0,0.0,1.0,0.0,0.14136964357228674,0.21284973179040528,0.08139534883720931,0.27504507776297615,0.0,0.0,86,0,0.036388508891928864,1,0.0,86,75,,0.6787371106622537,1.0,0.0,2.1127155771443364,0.24967876697252073,0.12018637623880757,,4.207524933370722,4.509123450074827,0.49993324432576763,5.5836732622645e-17,0.09350958429262488,0.2397579662905837,0.07661628932622502,0.07210204386764903,0.32126288933774627,46969,NATICUSdroid
7400,20,2,0.002702702702702703,370.0,0.9999995257729806,0.4995945945945946,0.5004054054054055,0,0.895009299185278,,0.0,0.1663625845723579,0.010891601780615877,0.19858350255358054,0.013064134842820757,1.1938067282093807,0.8902220954770225,0.5,0.0005733298225837206,,,3.9890843611181466,,,1.48519375,0.020420228095212985,-0.06544161685574804,0.0452941088313361,4.026177478985767,1.1012419215,0.014230713874782553,4.167355000000001,0.43760666365921275,0.0023114067567567556,0.01141678621731396,-0.0008924999999999995,0.01445648893640572,-3.98358,0.24047186858122793,0,0,0.0,1,17.0,20,20,,0.8010416456281225,8.150935,0.46875471789906475,4.026177478985767,1.092578990912652,0.009054038102961688,1.0013828866775658,0.01156590096779964,0.02589442418742953,1.2923207864725413e-05,5.100372081288905e-07,0.0010194121621621582,0.011732673847021601,1.1938067282093807,0.01979299361675781,0.19895835437187748,1507,twonorm
7400,20,2,0.002702702702702703,370.0,0.9999317106518029,0.49513513513513513,0.5048648648648648,0,0.5370619245446138,,0.0,0.01752963435735216,0.012033435953312384,39609.33712738977,27168.26096980342,2260244.5397629486,223055.9954564248,0.5,0.006879957871004215,,,1858.9968964369766,,,1596.825,29.550592210647828,1.5027282250792044,0.11646222590453653,0.4053539983678073,1202.1662099999999,25.00963233076196,6867.1,510.10317841744427,204.23425000000003,15.170642848904961,158.25,9.417928032271888,-7301.8,479.88875903966704,0,0,0.0,1,0.0,20,20,,0.2884355107955644,14168.9,696.6704952467619,0.4053539983678073,1503.2825621097327,20.15931859089828,1.238261746391195,-0.23371611531021533,0.04393414962720263,0.00013115770203959225,2.170170585246568e-06,241.29630630630632,10.616371057529939,2260244.5397629486,60756.83933707327,0.7115644892044356,1496,ringnorm
7129,5,2,0.0007013606396409033,1425.8,0.9972877951166221,0.4693505400476925,0.5306494599523075,0,0.8382316895350783,,0.0,0.18821194627508236,0.2070725861707503,1.8002151874333174e-06,1.7458365540987955e-06,6.447639435785751e-05,0.0001059844098437381,0.5,0.043344881943964304,,,0.010535461204317932,,,0.008233999999999998,0.008171430719280436,0.4961804249717588,1.0753452694655927,2.3628407514696868,0.0061468596,0.006405720811939965,0.024264,0.02102911029977255,0.0029725156403422647,0.0044633228146033765,0.003416,0.003978225735173911,-0.0172,0.019691241707926903,0,0,0.1,1,0.0,5,5,,0.702632365340832,0.041464,0.03756183541841373,2.3628407514696868,0.005903906068325993,0.006084846700435539,1.0071189777817973,0.11323425204946383,0.350891981742775,0.00967217399371603,0.007616963930276362,0.0028809960271091372,0.00430024432365539,6.447639435785751e-05,0.00010584316464745753,0.29736763465916805,803,delta_ailerons
7043,19,2,0.002697714042311515,370.6842105263158,0.8347419473943261,0.2653698707936959,0.7346301292063041,0,0.5186328450781322,,0.0,0.12922400573088824,0.12237960079892281,148.4485462835571,1336.3932508917142,187825.30276930463,818364.9055900425,0.5,0.3318171108649069,2.93726344604208,12.80323453185346,66.2913118822142,2.41794487392788,10.539577356503823,179.67631578947368,753.9626126098364,-1.0282187831792335,1.7227079831326215,0.36795168161502784,132.4234910526316,557.555026877577,355.14473684210526,1495.6196906758842,177.22768108685742,746.1639813747861,176.91315789473683,744.1303305503877,0.9605263157894737,4.186837143137753,6,0,0.005847953216374269,1,0.0,19,2,,0.2689800279938379,354.1842105263158,1495.7857950712203,0.36795168161502784,102.88402773650118,432.53538150167356,,0.0898190227534217,0.8347362555525167,0.3296144290686191,0.16622761227190472,176.59652546910215,743.6226512788188,187825.3027693046,818344.0385595778,0.7310199720061621,42178,telco-customer-churn
7043,19,2,0.002697714042311515,370.6842105263158,0.8347419473943261,0.2653698707936959,0.7346301292063041,0,0.5250149660501777,,0.0,0.15299300554627346,0.1480480034127445,575.704925965305,4866.486484019312,270156.1899521247,1177408.702673154,0.5,0.3318171108649069,57.291046321235875,236.5570154468987,1021.3601326942136,15.744981385824326,58.46060472120553,184.51184210526316,775.0358875368478,-0.9764155303571186,1.731645640595393,0.38053038060467337,99.593655,414.4872364704611,468.5552631578947,1989.8876426191848,125.86572352541155,522.355595981083,79.46447368421052,319.6147028623976,1.95,5.841684498308496,6,0,0.017543859649122806,1,0.0,19,2,,0.2756407145766693,466.60526315789474,1985.7576540268747,0.38053038060467337,122.70386471017635,518.9144159369271,,0.1396889309332496,0.858050274365399,0.32961442906861904,0.16622761227190472,96.69595737925366,395.4996618655103,270156.1899521248,1177216.0447981497,0.7243592854233307,46280,blastchar
6819,94,2,0.013785012465170846,72.54255319148936,0.20561572027596647,0.03226279513125092,0.967737204868749,0,0.4509524755222131,,0.0,0.08053656759069078,0.15022535297514686,4507673073756923.0,8.396717813012254e+16,7.635517282746344e+17,2.643549848828319e+18,0.5,0.6614802987518678,0.0,0.0,1464440112.4800406,0.0,0.0,256968085.1399772,1010545795.7977794,1338.8273055520863,1945.8369594842543,0.255269204594792,43200440.448832355,251124663.4547529,2224574468.8297873,4025268751.6865406,198749438.3937648,749756525.3240952,84989362.00821726,669669321.2571572,0.0,0.0,1,0,0.03180050331731869,1,0.0,94,89,,0.20335813517961224,2224574468.8297873,4025268751.6865406,0.255269204594792,293529123.6911103,827451612.4049723,,9.44441770353407,31.490377193370612,0.005465099412490619,0.05154916118668273,122481102.15427051,685440578.1475403,7.635517282746344e+17,2.5147269536407204e+18,0.7966418648203878,46962,taiwanese_bankruptcy_prediction
6598,168,2,0.025462261291300393,39.273809523809526,0.6200985590102026,0.1541376174598363,0.8458623825401637,0,0.9714999983024707,,0.0,0.2669020127248868,0.2252721927506003,2516.8876596003133,4851.969157577429,29353.046322426377,288198.3245249787,0.5,0.489123272102971,,,921.3656434070316,,,143.14136904761904,253.8484546025492,1.6769289415877169,7.021170783425386,16.797472603879083,78.5292625,187.3453999353088,244.33333333333334,498.87307334969825,-25.46643914461814,266.5216410204995,-18.148809523809526,268.5831228703506,-202.0595238095238,87.30020490822112,0,0,0.16096378671228972,1,0.0,168,96,,0.9438122467017006,446.39285714285717,485.71304502181397,16.797472603879083,96.43158754457106,142.03548517862959,,0.468650392587481,1.2596990283721738,0.0032076187258678773,0.0011638098701600744,-25.740104918229918,267.1772013110686,29353.046322426355,279355.2094686485,0.0561877532982994,40666,clean2
6598,167,2,0.02531070021218551,39.50898203592814,0.6200985590102026,0.1541376174598363,0.8458623825401637,0,0.9070664181833258,,0.0,0.26782385612960635,0.2258418476634936,2172.282382875252,2309.950390976492,7802.165362281204,41139.7852360792,0.5,0.489123272102971,,,390.450524400813,,,124.24700598802396,67.01073230456402,1.6941593282657903,7.0387236578593395,4.642369268417252,64.35549341317365,36.82303070678114,206.29341317365268,76.20464769189823,-45.370429798178726,67.11476556293228,-38.00898203592814,76.86761959976002,-203.2694610778443,86.13833348452329,0,0,0.1623259505086213,1,0.0,167,96,,0.822769486995928,409.562874251497,89.90192413276398,4.642369268417252,85.60289722953677,21.844144144841895,,0.4714566823634539,1.2629607732901984,0.003226826023627565,0.0011402897870420791,-45.64573428899776,69.60851525576686,7802.165362281201,3662.566913674701,0.177230513004072,1116,musk
6574,14,2,0.0021296014602981443,469.57142857142856,0.9969402925846704,0.46744752053544264,0.5325524794645573,0,0.7214524799235537,,0.0,0.4874033964275553,0.3687943733047981,10.895584026044128,8.447549593809601,26.46421028563133,53.93215209965604,0.5,0.04603615794764865,10.421440152431535,17.660007229270782,18.131693409629275,9.271211131366753,17.686878377059198,7.338571428571428,2.4559906575331487,-0.03165643143080553,0.6906120970253414,1.0854782511376178,5.437964999999999,2.019881550998131,33.863571428571426,14.487333781958986,14.206659242035723,16.13524099591817,13.86357142857143,16.231534648115286,4.691428571428572,16.214061730553446,0,0,0.5934065934065934,1,0.0,14,11,,0.5204936807878456,29.172142857142855,7.873507847470263,1.0854782511376178,4.9875603625125535,1.3079145709266582,,0.4862326123059555,0.28578744033942227,0.013486172148632463,0.025580824338296757,13.887127651871696,16.224507162773843,26.46421028563132,16.08128801587904,0.47950631921215436,847,wind
6430,36,6,0.005598755832037325,178.61111111111111,2.4833618760370038,0.09720062208398134,0.23810264385692068,0,0.6069285390337014,0.38869873196386623,0.0,0.4957905897621941,0.3230389395268951,0.4958111163287574,0.3230559265899008,1.0000440197648084,3.549790558266729,0.16666666666666666,0.06781240913522704,,,4.388852950096111,,,1.4318091666666668,0.16515623546647323,-0.1558149127988007,0.8449292386493931,15.607390451105804,1.0300095808333332,0.13037893372596365,2.8229496111111114,0.6514745615362244,-0.0005560885260065678,0.00021451329192345215,-0.007711583333333332,0.0889284599440552,-2.595993833333333,0.2900237195340606,0,0,0.4857142857142857,5,0.0,36,9,,2.4461580743891855,5.418943444444444,0.8313265408737135,7.139078684507046,1.0000219953862934,0.00017123945344463035,1.2863145944668435,0.04044135856068928,0.5655168143030828,0.013552850002041726,0.003797144677820704,0.01826032534128218,0.0748208170254773,1.000044019764808,0.0003424767285472785,0.005545676924250007,182,satimage
6118,51,6,0.008336057535142204,119.96078431372548,2.3000070580586893,0.07943772474664923,0.41745668519123896,0,0.28020048141557063,0.1084234284061876,0.0,0.23782530348256709,0.21736638050125515,0.23252544314943976,0.21345354257163993,0.9902509755931391,2.2624145141021765,0.16666666666666666,0.12737275134258388,,,1.4430381321868357,,,0.6756467794117647,0.48913726759554066,227.92792815917937,589.3786755368322,0.5094836927124824,0.3209576376588235,0.29598061854919616,14.915953921568626,15.456558922561268,-0.0005510331198841106,0.019781702773370904,-0.1625565294117647,0.28568472845641246,-1.176286705882353,1.0212708527977343,0,0,0.12705882352941175,5,0.0,51,46,,0.4395841082369946,16.09224062745098,15.025622348510323,0.2549021064587202,0.9916438519187989,0.08385293957687127,,7.437327695804745,11.334262908999055,0.006730694440604201,0.010837519604526207,-0.1479718880291768,0.19278017556477678,0.9902509755931393,0.19795607152624412,0.6235540031864317,1475,first-order-theorem-proving
5956,21,2,0.003525856279382136,283.6190476190476,0.5093839998533655,0.11316319677635997,0.88683680322364,0,0.7646362539804821,,0.0,0.36027045901143206,0.2960194251453559,375216.5843221619,549833.6868295013,1148922.5497740456,3395228.896670999,0.5,0.5470698535439239,,,1907.349670089413,,,761.547619047619,855.8394877949063,172.99345909239014,448.33696100248244,1.407715867786747,603.1711,701.0840324668177,9693.666666666666,9470.615177132546,1126.7304358949757,1099.3226724555489,1104.4285714285713,1178.0278783385634,-349.0952380952381,750.1671750191357,0,0,0.2904761904761905,1,0.0,21,21,,0.5846686009013042,10042.761904761905,9201.783956955096,1.407715867786747,867.7506004465788,644.7697398750815,1.745803137914137,5.923837119270244,10.337856881633682,0.0012042080438851948,0.001155516756176254,1002.1866656007676,1033.239464844216,1148922.5497740456,1500871.4249814558,0.41533139909869576,47152,aztrees4
5956,21,2,0.003525856279382136,283.6190476190476,0.5093839998533655,0.11316319677635997,0.88683680322364,0,0.7646362539804821,,0.0,0.36027045901143206,0.2960194251453559,375216.5843221619,549833.6868295013,1148922.5497740456,3395228.896670999,0.5,0.5470698535439239,,,1907.349670089413,,,761.547619047619,855.8394877949063,172.99345909239014,448.33696100248244,1.407715867786747,603.1711,701.0840324668177,9693.666666666666,9470.615177132546,1126.7304358949757,1099.3226724555489,1104.4285714285713,1178.0278783385634,-349.0952380952381,750.1671750191357,0,0,0.2904761904761905,1,0.0,21,21,,0.5846686009013042,10042.761904761905,9201.783956955096,1.407715867786747,867.7506004465788,644.7697398750815,1.745803137914137,5.923837119270244,10.337856881633682,0.0012042080438851948,0.001155516756176254,1002.1866656007676,1033.239464844216,1148922.5497740456,1500871.4249814558,0.41533139909869576,47151,aztrees3
5832,308,2,0.05281207133058985,18.935064935064936,0.9999999999971146,0.5,0.5,0,0.5724416065063214,,0.0,0.056891471365238054,0.14282133663598995,1444998.528806236,69566745.16454606,258465136.18890068,1671989595.5356174,0.5,0.0,,,98499.17612882153,,,3214.21693562013,14260.688987449046,102.2398947709852,422.5242963073996,0.48740773889214556,2336.6870324557567,10398.544359984615,77640.87195463962,511227.5381683312,6707.760208855836,29943.676587903567,6227.472285839286,28076.908297921713,191.25371454870128,1090.406280769955,0,0,0.030817716485468927,1,0.0,308,252,,0.3276893928595381,77449.61824009092,511004.78544033435,0.48740773889214556,3750.132372744953,15658.791138974248,,2.721887905773792,7.454501536164646,0.000735917640998115,0.0027376705214352728,6283.086115538873,28260.706739909958,258465136.18890074,1142086581.212605,0.6723106071404619,41145,philippine
5620,64,2,0.011387900355871887,87.8125,0.4746107857621387,0.10177935943060498,0.898220640569395,0,0.7716438788302885,,0.0,,,2.2359895100111027,3.5836040966434064,18.81369800483901,36.94660054320213,0.5,0.56316903071014,0.0,0.0,23.64753597354407,0.0,0.0,6.0,5.151667937637532,,,1.4717862637025416,3.6370031249999997,3.716414863901096,13.390625,5.016218734946214,4.911243327402135,4.2227784915451965,4.765625,5.070118459215346,0.0,0.0,3,0,0.02827380952380952,1,2.0,64,29,,0.595434275736253,13.390625,5.016218734946214,1.4717862637025416,3.6862924649286324,2.303884006747176,,,,0.12412652037062682,0.18835427932942186,4.778145388493476,4.756955274242546,18.81369800483901,14.952573922455107,0.40456572426374704,980,optdigits
5589,36,2,0.00644122383252818,155.25,0.03853718088498659,0.00411522633744856,0.9958847736625515,0,0.34106656317471196,,0.0,0.49778195012635207,0.300040078208835,94465.90555484236,1767719.9725309273,21722003.607451197,130315735.7757131,0.5,0.7012869722878928,0.5066475289140604,1.0711914823971795,95136.2792563345,0.40140571236927386,0.8024118160184373,14.867777777777778,52.30413974936051,681.1922577115473,725.0624103193053,0.13163955626117013,5.3558924999999995,16.021313141669086,44935.576666666675,250925.61157188241,80.89554874654578,415.4042271575646,5.795555555555556,14.494717549003736,0.22499999999999998,0.4835257416696064,1,0,0.5095238095238095,1,0.0,36,34,,0.11632640051580978,44935.35166666667,250925.6526415526,0.13163955626117013,840.5525122476083,4649.292121043177,,17.141626767790186,13.214481418690873,0.03486498630764759,0.0816199794829122,7.412747888723299,20.51177361989971,21722003.607451197,129882848.27179144,0.8836735994841902,1069,pc2
5500,40,11,0.007272727272727273,137.5,3.4594316186214273,0.09090909090909091,0.09090909090909091,0,0.8578184352012462,0.12239540012234915,0.0,0.7428268121641491,0.1553952120330907,0.04027753725018433,0.016376390221846185,0.05738964564900971,0.27638172695501645,0.09090909090909091,0.0,,,0.4086168519726023,,,0.31258749999999996,0.0977724423381621,1.1944297488292175,3.5579356570201965,103.55887215231692,0.22192668749999997,0.07348946519069208,0.40990000000000004,0.21385338855129649,-0.6055166227272728,0.207203986001009,-0.596075,0.23637092075694757,-1.1671,0.13892237271593671,0,0,0.8923076923076924,10,0.0,40,36,,7.493350383451136,1.577,0.32027119918225716,47.412421211589034,0.2332013017456772,0.055532836330444736,,0.285158030816213,0.944008196153359,0.0008607299458208772,0.00018265649692015512,-0.6033732348484848,0.228495935666433,0.057389645649009745,0.027963647568791935,1.3231457519556078e-08,40499,texture
5473,10,5,0.0018271514708569341,547.3,0.6354628258587902,0.0051160241183994155,0.8976795176320117,0,0.5554012208257555,0.14471834523513835,0.0,0.28992457976774855,0.2686335163274701,342370.50684354245,1276507.4927769653,2871748.8745084135,8430332.52051338,0.2,0.3905663654597584,81.47383813899714,121.60449443085459,25859.869570419094,29.9093981259776,42.535677360697136,194.62849999999997,305.1357306421193,651.9928962559,1478.2079363740295,2.2065521295951167,89.17423871999999,134.3333789856489,23320.6,45399.41965904165,253.32758631463548,407.8823023808697,78.6377,115.55992315393968,2.5121,3.125169024762234,0,0,0.2888888888888889,4,0.0,10,10,,1.2967122627217487,23318.0879,45397.00730730965,1.0819203859944964,840.2336192978366,1551.256243432712,,14.703388934468663,19.901346626975467,0.0018631511620153674,0.002709256658765574,101.36292843226789,152.28863588302792,2871748.874508413,7346136.517014892,0.1901701671106895,30,page-blocks
5456,2,4,0.00036656891495601173,2728.0,1.7146327422602061,0.060117302052785926,0.4041422287390029,0,0.6539617790807373,0.04479629587541943,0.0,0.028616744486548922,,0.006144119654612123,,0.2550615756063843,0.19491792015842677,0.25,0.17086824003104314,0.905563979103683,0.3812697351136513,0.9198388661445979,0.8472372206406484,0.34050753823621294,0.47574999999999995,0.30794500320674134,20.890973023616098,24.221050303568543,1.5191043933777353,0.30801015000000004,0.17140629000420327,5.0,0.0,0.9857880315249268,0.4306545980875751,0.8507500000000001,0.33764348801657657,0.4175,0.10960155108391484,0,0,0.0,2,0.0,2,2,,0.8573387251210443,4.5825,0.10960155108391505,0.8871443920305532,0.48464689789347515,0.20089280708186558,,3.3799435342224813,2.3080663090726357,0.0007106014636507427,0.0004257385669976808,0.8738821014050091,0.3591566826919615,0.2550615756063843,0.19472415152267694,0.3247022955696399,1525,wall-robot-navigation
5418,1000,2,0.18456995201181248,5.418,0.9999999999971146,0.5,0.5,0,0.6768505955089488,,0.0,,,465.577911312103,1281.2916466133895,8715.891947048118,43832.70196503053,0.5,0.0,185.02126222017077,237.5915533134602,621.1575946738363,176.41850494290264,233.2464141922303,105.70325,60.771376174146326,,,0.8454499471651347,74.9491365,44.507127825286524,792.942,205.62413263019474,283.3548739387228,211.321171453484,277.3865,219.53020607453803,37.124,84.6095467391204,7,0,0.027993993993993993,1,17.0,1000,972,,0.4581267286408186,755.818,199.96960949284448,0.8454499471651347,85.1902357501034,38.20962778601052,,,,0.019758916328969953,0.11609366947502411,278.250180196802,217.80222140332907,8715.891947048116,7927.0406253196725,0.5418732713591814,41142,christine
5404,5,2,0.000925240562546262,1080.8,0.8731822577212551,0.2934863064396743,0.7065136935603257,0,0.49779389300246846,,0.0,0.12608885703431166,0.10832019670828158,0.12608885777823445,0.10832019700097266,1.000000009233442,0.36371925042755443,0.5,0.29205446624877385,,,1.3019222951082818,,,1.27689385,0.40088217078750205,0.33708925020240743,1.2240181631869778,0.32943146953744235,0.8669159536800001,0.3288854727860956,3.551564,0.7522140137617087,-1.2287194670162342e-08,3.122782162620287e-08,-0.197776,0.12470175975402273,-2.7242244,0.28821755508434943,0,0,0.0,1,0.0,5,4,,0.247798759910553,6.275788400000001,0.733731676820144,0.32943146953744235,1.0000000046167208,6.790551905854402e-09,1.2344919923071735,0.779032596267041,0.550767099081751,9.700101941377188e-06,1.539682271528302e-05,-0.151913751972873,0.09556086136207767,1.000000009233442,1.358110399772359e-08,0.752201240089447,1489,phoneme
5300,2,2,0.0003773584905660377,2650.0,0.9922744327147469,0.4483018867924528,0.5516981132075471,0,0.08353888157619724,,0.0,0.1894231666862359,,0.1894077068710493,,0.9999183972812924,0.2678630412778941,0.5,0.07311217284721283,,,0.182955972884588,,,1.635875,0.14230523971379264,-0.8454384885269186,0.3016314489245473,0.00702778988667222,1.213322775,0.11243623610367438,3.0,0.268700576850888,1.665754716981215e-05,1.288802170992869e-06,-0.026225,0.015520993847044716,-2.74,0.49497474683058307,0,0,0.0,1,0.0,2,1,,0.006978744735001906,5.74,0.2262741699796954,0.00702778988667222,0.9999591946804574,0.0001118508249570364,,0.09722538775366614,0.10103682942052805,0.0003067863502949108,3.100946084701694e-05,-0.02113167138364776,0.03178830554753842,0.9999183972812924,0.00022369252169679817,0.9930212552649981,1460,banana
5278,13,2,0.0024630541871921183,406.0,0.9974778659099708,0.47044334975369456,0.5295566502463054,0,0.3844587912099712,,0.0,0.14875876120867665,0.19772502717724566,0.34117037322379157,1.014934902040728,12.597521408194215,38.32773158418854,0.5,0.04179941563664319,2.513064865253808,9.060984230239606,5.294419497290798,2.3938794845252476,8.631255228737084,2.076923076923077,4.6808392848138265,29.99569030073057,64.8217079431422,0.17344525604430835,1.0264153846153845,2.926937751828167,12.0,22.909241221248106,3.230361150785554,9.421818148186327,2.8461538461538463,8.483770327770488,1.3846153846153846,4.992301766027063,8,0,0.07692307692307693,1,0.0,13,8,,0.14780856213863222,10.615384615384615,18.594526352031938,0.17344525604430835,1.666186352211381,3.261869068273124,,2.4367760578854716,4.135743409479518,0.3367988015890967,0.21669501934906318,2.9044046231546234,8.802816292459257,12.597521408194218,38.135053684318706,0.8521914378613678,42193,compas-two-years
5188,20,2,0.0038550501156515036,259.4,0.9999999999971146,0.5,0.5,0,0.738131982053693,,0.0,0.38123701462290766,0.30420634693932935,6184459141.65609,27809278222.538925,44521872126.347305,149226877944.0225,0.5,0.0,,,790456.1829928948,,,50898.0,218147.0840692003,3.3001566214725786,11.357922435802719,1.1970239343311482,3846.049725,12070.435608250336,315073.95,461379.85480221524,68848.19491133383,126071.33035484102,3651.5,11287.566860558522,-1174.65,4009.844061477756,0,0,0.30526315789473685,1,0.0,20,14,,0.5448388229305133,316248.6,463228.9433073251,1.1970239343311482,116383.2444159613,180574.55828712822,1.8232796827631783,1.3039290867252367,1.6527184307576752,0.03359970836888148,0.03573525812089485,24646.342228644826,103902.88214924996,44521872126.34729,78217627094.40608,0.4551611770694867,44124,kdd_ipums_la_97-small
5128,49,2,0.009555382215288611,104.65306122448979,0.9999999999971146,0.5,0.5,0,0.5735572314365522,,0.0,0.09190796764457758,0.17672775159175808,24847167326.569714,352160413691.4661,772092620965.4089,3861283912492.6675,0.5,0.0,,,1826219.241275912,,,420857.6217148316,1500378.7869254458,263.0206782218381,507.98661452078966,0.49024166894827337,221349.14679046022,841221.8152102019,2295561.093855755,5245695.365266019,274590.71755565156,976717.4837000823,219351.86077064284,1015291.8129982635,-142337.75508459183,996406.5778182668,2,0,0.05697278911564626,1,0.0,49,40,,0.32896789773316276,2437898.848940347,5526250.358214675,0.49024166894827337,291065.5078254473,837671.6374479426,,7.957808033138936,10.672592254968686,0.09323656471926044,0.13472940464038874,231462.13767518863,954993.4560588906,772092620965.4089,2967759799916.827,0.6710321022668373,44186,KDDCup09_upselling
5124,20,2,0.0039032006245121,256.2,0.9999999999971146,0.5,0.5,0,0.7345841096106115,,0.0,0.051219710516844645,0.12473846063707802,6772.343785988879,57826.83058242199,539434.9683735594,987699.8880102929,0.5,0.0,,,593.5733546135128,,,601.0,882.9060382443995,0.9279251342789625,1.5262303401801398,1.1720894992290956,420.53949,626.1057254306755,2186.9,2947.5084018450857,857.3030347384856,1100.115490375363,786.25,1023.9706063318316,113.4,426.8880538575843,0,0,0.031578947368421054,1,0.0,20,17,,0.5396138140924148,2073.5,2922.7235586007787,1.1720894992290956,422.43604923516085,616.4266744118647,1.047126342331051,0.1081835194892963,1.0061250535177753,0.004262772296618538,0.0048205197523149305,805.3798114434329,1042.0268479753602,539434.9683735587,952946.4429831774,0.46038618590758523,41146,sylvine
5100,36,2,0.007058823529411765,141.66666666666666,0.11058084476700172,0.014705882352941176,0.9852941176470589,0,0.7023138445615303,,0.0,0.6376841666882178,0.22945476233491902,133.17912528170055,58.03421446674346,205.63460042679992,872.8234616284929,0.5,0.6863095229163549,84.46924200524036,10.234373298837115,132.667405096356,83.14773351889485,10.060051210982403,23.166666666666668,3.3509060608395793,-0.4649213481197701,0.38951599490392086,0.9733391472349627,16.143866666666668,2.955181408306434,131.22222222222223,17.274442080899433,85.71349128540305,10.380160453129925,86.04166666666667,11.291194419926148,42.25,12.192210628101861,0,0,0.734920634920635,1,0.0,36,18,,0.4932447362627974,88.97222222222223,19.67810401887788,0.9733391472349627,14.241442633248719,1.7018715531914703,1.0257895600367202,-0.10955284279535206,0.18202626594540602,0.015113712568022516,0.003255429649477806,86.12518155410314,10.810260932558574,205.63460042679992,47.39061147476089,0.5067552637372026,40900,Satellite
5091,4,4,0.000785700255352583,1272.75,1.3360254439318722,0.019053231192300138,0.5926144175996857,0,0.2602134605953294,0.4208764469936629,0.0,0.016449989027722597,0.018738917271347487,32229.225952452525,67271.24125683888,3093957.824299016,2867378.6970650274,0.25,0.2652226408936551,1425.017471629773,1695.2335162395455,285.7739287665317,428.4337314619959,504.76988383422855,2564.0,1900.1861750891674,-0.7257750365995936,0.9465163402824538,1.2568122782748392,1899.9519,1409.1796484872607,5136.75,3805.452261777392,2566.849341976036,1896.1379650615731,2569.0,1897.4769212474407,0.75,0.9574271077563381,0,0,0.0,3,0.0,4,1,,0.5574071024930101,5136.0,3804.891062829526,1.2561773598542691,1480.995646074107,1095.816116331296,1.0726687194706934,-0.3525706388456301,0.711131833558767,0.024955863303959106,0.04991154627165578,2565.3705400982,1893.3191225946534,3093957.824299015,2864021.816844203,0.4429462974454648,46806,product_sentiment_machine_hack
5021,22,2,0.00438159729137622,228.22727272727272,0.999381612316466,0.48536148177653854,0.5146385182234615,0,0.07973368375856608,,0.0,0.05250994676288192,0.1092231134657316,80.4961111810072,1177.0299424438426,74493.07458849747,311704.5986897559,0.5,0.02070199100466494,27.292683742285963,128.0140339526948,43.03383019358938,18.006712409682358,84.45896766898227,132.0909090909091,466.54106225557763,-1.24495987790113,0.2693963117699092,0.0063981362229066484,97.88529545454544,346.1270755194405,263.1363636363636,929.0240293911386,131.60532581340192,463.22441420303466,131.29545454545453,462.2123470742412,1.8181818181818181,8.528028654224416,0,0,0.012987012987012988,1,0.0,22,0,,0.006357460325711025,261.3181818181818,926.523886894997,0.0063981362229066484,75.91827881132421,268.3324847379176,,-0.031795894694107416,0.2418118512703844,0.16073452154690537,0.09917157966998422,131.3398379748363,462.3363685819638,74493.07458849762,311655.68733258353,0.993642539674289,43607,WMO-Hurricane-Survival-Dataset
5000,9,4,0.0018,555.5555555555555,1.8464393446652445,0.1,0.4,0,0.4882815226604826,0.4586107251079109,0.0,0.4957658307418835,0.1465856946077925,204.51796475079905,357.6267973438321,2791.0628845067095,7804.7873810797255,0.25,0.12909944487358055,,,305.4016443060351,,,36.015,69.12412268882694,2.728160208644801,5.123881599556527,14.228688769507304,25.94385266666667,51.440884523377456,210.42444444444448,302.25169292789377,77.13579044444445,158.8555383236797,74.34555555555556,158.66122061731966,26.83888888888889,61.68117509508967,0,0,0.41666666666666663,3,0.0,9,9,,1.1359041304829256,183.58555555555554,247.9678202464541,13.975994050416226,27.449410821359614,47.87788447002753,1.1937747263933476,1.0901283759530622,0.96917348282798,0.002285427223773124,0.001478098429812812,74.79376333333333,158.2744890396186,2791.0628845067104,7708.3824229632,0.05327555372966113,46880,air-quality-and-pollution-assessment
5000,20,2,0.004,250.0,0.5878935751418134,0.1414,0.8586,0,0.4297173635457065,,0.0,0.03574650539675527,0.15765641626254265,26.6311245554877,98.33679810763057,104752.52167449788,465808.90007643914,0.5,0.507136983466992,4.483092604733807,20.048999627222774,62.636601291125196,3.1488448851724407,14.082062427696195,145.75475,554.561584486423,0.4097865582118721,1.576350909795095,0.22647770983628232,107.41140479999997,411.3488507861134,356.552,1100.6225746443884,179.60428889999997,550.4794911332573,179.14050000000003,550.6355120984728,0.05,0.22360679774997894,2,0,0.02631578947368421,1,6.0,20,16,,0.1846570125326729,356.502,1100.6280273820703,0.22647770983628232,87.52995415553562,319.6890410186085,1.0141174174254715,0.35566055028279797,0.7659850622101178,0.07808126039659066,0.1625727131958618,179.27954816666664,550.5839317082268,104752.52167449787,465808.6783449584,0.8153429874673271,40701,churn
5000,7,10,0.0014,714.2857142857143,3.3219280948729355,0.1,0.1,0,0.44200424809792593,0.3065316283530763,0.0,0.10102320198944555,0.09878231919365173,110.13562756081694,430.15109531835105,1101685854.40632,2914786791.9874334,0.1,0.0,,,11714.816002782129,,,21877.048726,57879.75707688771,1.3819421976161956,1.9142177397670566,4.318466584486538,16205.381139346802,42874.323917988026,57473.37475414285,152048.95799870376,35853.9120916376,94852.2258811273,36040.47784392857,95345.8319094003,14295.888832714283,37818.859431292614,0,0,0.0,7,0.0,7,5,,1.9313441224410208,43177.485921428575,114230.09864543201,2.0828465853707185,12545.65172760077,33191.48319462006,,0.5280484754043212,1.0579140503294289,2.829122884795867e-06,4.512155473920159e-06,35874.40706101338,94906.46953108323,1101685854.4063194,2914786791.9872055,0.06291634945019925,46372,Multiclass_Classification_for_Corporate_Credit_Ratings
5000,40,3,0.008,125.0,1.5848792049163856,0.3306,0.3384,0,0.6831913341046842,0.01640167644655458,0.0,0.0885422824906931,0.17330924867060113,0.2270780621271947,0.5153966092334009,1.7362321302364474,3.6954522840678137,0.3333333333333333,0.004392417709341083,,,5.578119144836963,,,1.7982500000000001,0.5931170918253702,-0.19854181030404142,0.2628599639880134,1.7548528653514381,1.326927,0.4338590605582203,5.160500000000001,1.9478337079551102,0.8994882000000001,1.1750430408921568,0.877375,1.163331306019099,-3.18525,0.6263978726590591,0,0,0.06794871794871794,2,22.0,40,38,,0.933769812981734,8.345749999999999,1.5712283085013132,0.9332332861765248,1.2711155969455497,0.3515493464843085,1.0405670317395384,0.03544699549755459,0.11948681415717044,0.0014585049278915605,0.00029543655281226335,0.8872826666666667,1.1686103534831105,1.7362321302364472,0.9909921183812955,0.28396057721917456,60,waveform-5000
4970,12,2,0.002414486921529175,414.1666666666667,0.9999999999971146,0.5,0.5,0,0.22408217851841944,,0.0,,,164.25695157301652,1045.7291250918777,4196.904052314156,8551.46759923429,0.5,0.0,23.20550700875246,59.02541520002666,59.52193047951835,16.50243926620535,50.39045266931469,49.708333333333336,91.18324665034126,,,0.0528674464461246,23.35095,43.35467269170124,215.16666666666666,429.7282086776865,44.4332327297116,76.612743828584,34.583333333333336,70.08625637978771,4.083333333333333,13.21471860762793,3,0,0.06060606060606061,1,1.0,12,6,,0.0502128227295608,211.08333333333334,417.7888675859948,0.0528674464461246,34.20212212431688,57.46574215374647,,,,0.27141015723017375,0.31491049504388313,38.699139280125195,71.20519499594462,4196.904052314153,7738.22126037255,0.9497871772704392,44037,rl
4908,16,2,0.0032599837000814994,306.75,0.9562910069025555,0.3775468622656887,0.6224531377343113,0,0.6365466316198353,,0.0,0.0691242864571995,0.09458253594687686,8.335718463538253,54.77614155451962,216.505767285423,510.3231060936781,0.5,0.1731748881390037,45.50342815431892,131.58908941681293,22.81661090213447,44.11504759412751,131.3374270788374,8.76875,15.429483411097513,1.971618950330267,3.5459384771220677,0.6812136881689709,6.127845255,11.101024893715003,74.61734375,163.95255760805915,48.29304236832722,131.4158573738944,46.639224999999996,128.27353202282222,31.5,100.62869040851785,4,0,0.008333333333333333,1,0.0,16,9,,0.40519161422655825,43.11734375,74.85314497661821,0.6812136881689709,8.06069117870257,12.713500436182409,1.0592537632109043,1.1813081760208797,1.113347237856626,0.1729036067486423,0.2017506503381744,46.89872570858791,128.2977385257146,216.50576728542308,460.120822389562,0.5948083857734418,43892,national-longitudinal-survey-binary
4839,5,2,0.0010332713370531101,967.8,0.30289031719594833,0.05393676379417235,0.9460632362058277,0,0.390823801731175,,0.0,0.23769029410650738,0.26477413077608014,894.1250639962306,1333.2889440105732,6532.042199796888,10800.272126292626,0.5,0.6308286783183149,167.24523036203055,208.56175823748788,93.80464491119827,160.16996646659476,197.46981154269142,61.7854866,88.75931397421938,47.93602967111754,55.390224681905764,0.18027975925580964,45.18215286395999,65.48401923872898,1076.1246028,833.7458734415155,204.9711689027485,193.7591952305543,198.045972,192.41121139800163,50.857894599999995,52.072449695356994,0,0,0.1,1,0.0,5,5,,0.15274324399960876,1025.2667082,785.4299545038314,0.18027975925580964,61.20547449945023,59.01199127183851,1.2560528575734164,3.3713382173505115,3.9198393283820363,1.5400852136066938e-05,1.5552526804190023e-05,199.20327630857145,193.58864753489726,6532.042199796889,10229.81488173899,0.8472567560003912,40983,wilt
4653,8,2,0.0017193208682570384,581.625,0.9284685416892726,0.3438641736514077,0.6561358263485924,0,0.35237830540332676,,0.0,0.06239741685791765,0.07806123257332871,0.08003660823198519,0.1886023299853669,3.852492273774129,7.970623433332574,0.5,0.2208094031945097,255.51109459124865,711.0385254308017,1.015668956379758,255.46883685701636,711.0535745897693,1.875,2.1671244937540095,0.4356222870767534,2.3915800742303377,0.14177470144878548,1.11195,1.3141844391104316,259.25,710.7725676031278,256.35227272727275,710.6961608483529,256.25,710.7050322441391,254.25,710.2799749796857,2,0,0.0,1,0.0,8,3,,0.12417047011892023,5.0,6.094494002200441,0.14177470144878548,1.3708028826296643,1.5017672373377144,1.0209037334174191,0.4239899873198544,1.358217577814287,0.28957946275027635,0.16919764701675036,256.21325635517366,710.7841572740751,3.8524922737741294,7.95016901911818,0.8758295298810798,46925,Employee
4601,57,2,0.01238861117148446,80.71929824561404,0.9673602371778813,0.39404477287546186,0.6059552271245382,0,0.7482889655344737,,0.0,0.060853842705061174,0.10267951019901933,40.02508021853806,1410.6090282787297,7134.779356552072,50011.95083201695,0.5,0.14984331920384353,1.9559089135609302,12.458804746744406,321.02410795999555,0.6529518164638969,3.9120529750334487,4.85180701754386,30.880655182167846,240.8006984306971,296.788555243399,1.2723986835711267,2.3560074631578947,15.229057799878484,483.9420701754385,2458.9307444585675,6.150770191072116,37.99691943622714,1.9994912280701755,12.697774612566127,0.05263157894736842,0.2252817784447915,0,0,0.019423558897243107,1,0.0,57,57,,0.5599363759406527,483.8894385964912,2458.745703144499,1.2723986835711267,15.193997694546765,83.82843257689868,2.821298402492117,11.179346104377071,6.954062957514436,0.00608379711806254,0.004603863990873242,2.5357078798045456,16.10753587969775,7134.779356552071,48864.66371722257,0.4400636240593473,44095,spambase_reproduced
4601,57,2,0.01238861117148446,80.71929824561404,0.9673602371778813,0.39404477287546186,0.6059552271245382,0,0.7482889655344737,,0.0,0.060853842705061174,0.10267951019901933,40.02508021853806,1410.6090282787297,7134.779356552072,50011.95083201695,0.5,0.14984331920384353,1.9559089135609302,12.458804746744406,321.02410795999555,0.6529518164638969,3.9120529750334487,4.85180701754386,30.880655182167846,240.8006984306971,296.788555243399,1.2723986835711267,2.3560074631578947,15.229057799878484,483.9420701754385,2458.9307444585675,6.150770191072116,37.99691943622714,1.9994912280701755,12.697774612566127,0.05263157894736842,0.2252817784447915,0,0,0.019423558897243107,1,0.0,57,57,,0.5599363759406527,483.8894385964912,2458.745703144499,1.2723986835711267,15.193997694546765,83.82843257689868,2.821298402492117,11.179346104377071,6.954062957514436,0.00608379711806254,0.004603863990873242,2.5357078798045456,16.10753587969775,7134.779356552071,48864.66371722257,0.4400636240593473,44,spambase
4601,57,2,0.01238861117148446,80.71929824561404,0.9673602371778813,0.39404477287546186,0.6059552271245382,0,0.7482889655344737,,0.0,0.060853842705061174,0.10267951019901933,40.02508021853806,1410.6090282787297,7134.779356552072,50011.95083201695,0.5,0.14984331920384353,1.9559089135609302,12.458804746744406,321.02410795999555,0.6529518164638969,3.9120529750334487,4.85180701754386,30.880655182167846,240.8006984306971,296.788555243399,1.2723986835711267,2.3560074631578947,15.229057799878484,483.9420701754385,2458.9307444585675,6.150770191072116,37.99691943622714,1.9994912280701755,12.697774612566127,0.05263157894736842,0.2252817784447915,0,0,0.019423558897243107,1,0.0,57,57,,0.5599363759406527,483.8894385964912,2458.745703144499,1.2723986835711267,15.193997694546765,83.82843257689868,2.821298402492117,11.179346104377071,6.954062957514436,0.00608379711806254,0.004603863990873242,2.5357078798045456,16.10753587969775,7134.779356552071,48864.66371722257,0.4400636240593473,47153,spam
4562,14,2,0.003068829460762823,325.85714285714283,0.8083116159383423,0.24813678211310827,0.7518632178868917,0,0.5115774369747129,,0.0,0.06863054899678567,0.08625881729305843,162182.84046042422,1457364.537786927,838343888.4165516,3116356205.239723,0.5,0.35618837859857216,11482.053687421243,42937.614307583695,5549.0431514413885,9049.683995697205,33838.40563195168,8731.69642857143,32658.640565084905,12.165029610747284,32.15881101502042,0.3544840056599756,6521.7456,24392.749995958005,92042.64285714286,315586.97375199053,13752.475840796644,51038.5657027261,12788.392857142857,47806.61389557635,1452.0,5427.131995106411,1,0,0.01098901098901099,1,0.0,14,10,,0.2617114740216164,90590.64285714286,310179.497409932,0.3544840056599756,8350.406854634693,28770.45000169539,,0.7542048407336325,3.4746482127028577,0.10218840351107586,0.13196170956432834,12735.914875300008,47609.9117902399,838343888.4165518,3116351427.821702,0.7382885259783836,1037,ada_prior
4424,36,3,0.0081374321880651,122.88888888888889,1.4713378818471736,0.1794755877034358,0.4993218806509946,0,0.5655616527313334,0.3030062399243335,0.0,0.10067989234327472,0.16203464344513696,1.395359928903497,5.413521330182594,30.105895120757978,65.76957797032738,0.3333333333333333,0.16026783844634826,,,6.358161004800584,,,4.643703703703704,6.375086069896553,12.32661288010614,24.240484414084627,1.6925806077435737,2.4803544999999994,3.9104143930526067,27.079345238095236,42.8649506831202,13.369870370992704,29.49196827976607,13.236269841269841,29.52708827032147,5.8261111111111115,22.162977530464474,8,0,0.05238095238095238,2,0.0,36,25,,0.7315327475134775,21.253234126984125,22.720965707188448,1.55179068035922,3.7666143768085982,4.046396651902117,1.1107888187356858,1.0016045725149658,3.2527357831701993,0.15291202898903525,0.19141532934793187,13.324873569496505,29.4024615402486,30.10589512075798,56.58794302942713,0.34351782323355834,46960,students_dropout_and_academic_success
4331,7,4,0.0016162549064881089,618.7142857142857,1.6271694159008954,0.059801431540060034,0.5105056568921728,0,0.340317329359416,0.23169055351009413,0.0,0.057503791367290794,0.03650620770068863,14184.862465442238,50053.004931121635,2070247.9014398144,4978458.344589061,0.25,0.20412943936952613,91.86889647193793,154.43996433827152,1528.8708200395315,35.61272277249322,52.21994404204689,174.67142857142858,327.4809750926289,33.577542259897335,40.775914481272544,0.6696091726596739,102.8889099294,186.8924382902212,10945.997619,20829.664775963894,306.1066370913679,571.3072619162142,99.71666671428571,165.13861430604965,5.716666714285714,7.86594272304485,0,0,0.0,3,0.0,7,5,,0.4548086791586033,10940.280952285713,20826.363433544433,0.5751741151722407,724.35565063202,1342.8140569875973,,3.5351137278251876,4.093918202104271,0.04425374179692332,0.05766544116736843,107.58987064722695,180.3177206894793,2070247.901439814,4976639.126411392,0.579049114239943,43925,eucalyptus
4229,1000,2,0.23646252069047055,4.229,0.21999109521910565,0.035232915582880116,0.9647670844171199,0,0.6513067586187072,,0.0,0.05010029127254139,0.0788027172745756,0.0033507725518909727,0.007438007371227183,0.0655923662426374,0.26582353173059087,0.5,0.6572799141272921,0.0,0.0,2.021489265941547,0.0,0.0,0.092,0.28917057184232914,33.40388098920355,52.24292817012112,0.7367156263096403,0.0,0.0,1.0,0.0,0.09149207850555686,0.13252163579531515,0.032,0.17608806605504818,0.0,0.0,1000,0,0.005933933933933933,1,0.0,1000,908,,0.424200493822407,1.0,0.0,0.7367156263096403,0.23023726141227743,0.11223085790226099,,4.941320108345534,3.3151663563694864,0.49988174077578046,5.55389276409176e-17,0.039843245372193775,0.14265243352388424,0.06559236624263738,0.06411419836085143,0.575799506177593,1039,hiva_agnostic
4177,8,2,0.0019152501795547043,522.125,0.9999906975107029,0.4982044529566675,0.5017955470433325,0,0.6091060615730517,,0.0,0.6759121235903213,0.38349034056873743,0.019804769565338793,0.024183321445024476,0.12790515858710252,0.2509518120030374,0.5,0.002539286980559751,0.26826406067245606,0.23326877065695567,0.6135299225286593,0.1951863989876247,0.1868751611185624,0.466375,0.6522170295012455,9.445987469684065,26.857350203929247,0.5898508860564393,0.34544579999999997,0.4837954775270641,1.3341875,0.7472228553354844,0.4664790818769452,0.3237740602609996,0.4563125,0.3088167437980007,0.016875,0.03018839654096066,0,0,0.75,1,0.0,8,7,,0.37101019424503423,1.3173124999999999,0.7618774712839329,0.5898508860564393,0.25557114219083593,0.26745050247822727,1.1627681732963873,0.5301722923900669,1.1861399978382676,0.04635930585503609,0.11607719379115082,0.4651989429597128,0.33097001368622925,0.1279051585871027,0.2352177961625924,0.6289898057549658,720,abalone
4147,48,2,0.011574632264287437,86.39583333333333,0.8083026548291465,0.24813117916566194,0.751868820834338,0,0.619737502936857,,0.0,,,12.337728133249408,134.7764953835834,1685.8984474713898,5408.35388893763,0.5,0.35619630236284006,31.38972651572493,117.28577526698159,173.20583459414232,28.627491702078498,108.30652659511307,12.46875,48.092708149236714,,,0.6235731720547475,7.5674375,28.654562338506057,118.3125,317.2379572853053,34.08796519572382,123.24782816967326,32.520833333333336,120.71700502173849,5.708333333333333,28.5351282825098,40,0,0.0070921985815602835,1,2.0,48,40,,0.38407457254641086,112.60416666666667,301.9734199648178,0.6235731720547475,14.077697102057869,38.97910264055487,,,,0.4609908069429314,0.19567860678367263,32.924015668943355,122.08494987685877,1685.8984474713895,5326.5234852031035,0.6159254274535891,41156,ada
4052,7,2,0.0017275419545903258,578.8571428571429,0.7944323507552427,0.23963474827245804,0.760365251727542,0,0.7071758352260283,,0.0,0.056602725082585584,0.06794045122069194,0.09293034574929065,0.22758480557691493,14.028685321591254,36.611501913433386,0.5,0.3682120701637748,281.7605515383281,745.4683486388137,16.230901213467906,281.7570339192685,745.459041893575,2.7142857142857144,6.317021600783229,17.00918039201662,30.397097477972714,1.0003907240282468,1.6944,4.482961021467842,286.2857142857143,750.3947215267696,281.9487730926527,745.3962218881987,282.0,745.6610042997645,279.0,738.1646157870208,5,0,0.0,1,0.0,7,4,,0.5000976619276308,7.285714285714286,12.776466461353673,1.0003907240282468,1.7577933429537833,3.5723926434863027,,2.7459525656682273,3.2475571036326647,0.37524264046110506,0.213872086143419,281.93967340225566,745.5872711487747,14.028685321591258,36.60596018485261,0.49990233807236917,728,analcatdata_supreme
4032,2,2,0.000496031746031746,2016.0,0.2067297386557061,0.03249007936507937,0.9675099206349206,0,0.20973665097196034,,0.0,0.03831205686634405,,1232.7297416969975,,677926.0034771258,957653.2662268335,0.5,0.6611588703058741,16.408920136246664,23.205717400577008,1064.2930561923333,13.795435768735919,19.509692362993242,1035.294807410625,1386.2194772684256,-1.3397301097819794,0.19634547355384588,0.046013575214321756,749.1824486813958,1053.98275217783,2059.4866567641,2788.1409084037327,1028.159150228375,1396.3108204320085,1018.440755576525,1410.054705953149,9.0002502775,12.728276007192711,0,0,0.0,1,0.0,2,0,,0.04398946276093391,2050.4864064866,2800.8691844109253,0.046013575214321756,595.8615735125355,803.5857000821893,,0.3300222395388553,0.46672192704059146,0.0,0.0,1024.942808640745,1400.85941432646,677926.0034771258,957651.6794062913,0.956010537239066,43051,art_daily_nojump4
4000,1000,2,0.25,4.0,0.9999045996846891,0.49425,0.50575,0,0.6321929978837864,,0.0,0.3605334656549542,0.053078432490217,1410.790047141576,412.9997978684373,3899.255401683421,46493.716810617814,0.5,0.008131727983645304,104.00686164921605,79.75326651174653,333.1258614746786,93.4811129012655,71.73231900965756,101.8815,16.190103526605448,-0.8481995100564067,0.24718866868438535,0.665744917203355,73.75193700000001,12.106284815047678,255.0,0.0,163.0511025,19.38339122953078,167.847,25.473888788522455,9.449,8.49043499983873,0,0,0.012464464464464463,1,0.0,1000,88,,0.3996679865732891,245.551,8.49043499983873,0.665744917203355,62.055376279601,6.959461946957282,,-0.34799517590088935,0.26008915263857657,0.0039420988149822984,0.00021357046715536862,167.48708791666667,22.941731105564433,3899.255401683421,876.7292580789742,0.6003320134267109,42810,PCam
4000,1,200,0.00025,4000.0,7.643856189486186,0.005,0.005,0,0.9999875311714846,,0.0,,,,,,,0.004999999999999999,8.69538307879887e-19,0.0,,20.0,0.0,,1999.5,,-1.200900037425019,,40099.24811952752,1482.6,,3999.0,,1999.5,,1999.5,,0.0,,0,0,,1,0.0,1,0,,0.9999750624984409,3999.0,,40099.24811952752,1154.8448669265786,,,0.0,,0.0,,1999.5,,1333666.6666666667,,2.4937501559074724e-05,46578,tiniest-imagenet-200
3848,5,2,0.0012993762993762994,769.6,0.9999999999971146,0.5,0.5,0,0.025402767002054003,,0.0,0.29651630400682344,0.2526843687656593,13.00202345982932,16.5301889753935,48.12098242461075,57.52888232590615,0.5,0.0,,,0.2925332223636724,,,9.04659,3.655624415395747,-0.09954981556492948,0.18642836949385214,0.0006457172530729892,6.6982533659999985,2.7104094099096803,23.130559999999996,10.001063779068705,0.0008058939708939613,0.003066462803634877,-0.1263,0.0823994993916832,-23.432940000000002,9.42715218255227,0,0,0.2,1,0.0,5,5,,0.0006453005713606437,46.5635,19.375421581477912,0.0006457172530729892,6.529446437142657,2.6189959070929714,1.000551919504088,0.02060141177243191,0.10862334247479397,2.6512523978370968e-06,1.0749536294125632e-06,-0.03142565367965362,0.14854083398808648,48.120982424610744,35.138256464830526,0.9993546994286393,871,pollen
3772,21,3,0.005567338282078473,179.61904761904762,0.4540573327784583,0.024655355249204668,0.9247083775185578,0,0.40407266217121196,0.3691078316950038,0.0,0.052241347087981706,0.09001595911423994,0.0007697921842621748,0.001637857468481872,0.0316101399510004,0.049945865755205696,0.3333333333333333,0.5123105348425647,0.037804407009905006,0.10554466621238755,0.1930053116744237,0.032600855686215485,0.0883816800190978,0.06660952380952381,0.22419710503207196,229.54392598309738,812.8627817561221,0.8140405005359617,0.013703460000000004,0.0483745496945367,0.8499952380952378,0.28431081667110464,0.07630860248447206,0.12194700496080552,0.041652380952380955,0.12003933363297058,0.0015952380952380953,0.004559657464160679,15,0,0.009523809523809525,2,0.0,21,19,,0.462790024046848,0.8484,0.2865421783961307,0.7931425429999821,0.1381203597139786,0.11471508833913524,,8.316896181637215,12.868273369256416,0.3589970557178014,0.22824667741749285,0.048948833291267035,0.11968288788639213,0.031610139951000364,0.049255248093695074,0.5462643397137942,40497,thyroid-ann
3772,29,2,0.0076882290562036056,130.06896551724137,0.3323505555292251,0.0612407211028632,0.9387592788971368,0,0.458982478040187,,0.0,,,31.557702056585935,282.245496151449,968.7669737588855,3120.582953194943,0.5,0.6204993228333702,0.0,0.0,48.769512366662674,0.0,0.0,20.620689655172413,55.3452887355525,,,0.26688908068413875,11.707427586206897,29.913859181357207,37.758620689655174,82.0769043434326,17.625306249314367,38.4393858938359,13.689655172413794,29.45105315637634,0.0,0.0,19,0,0.027093596059113302,1,2.0,29,22,,0.21066491514791075,37.758620689655174,82.0769043434326,0.26688908068413875,12.373898987505068,29.065169588954557,,,,0.41629076376019003,0.2586459154184438,16.70640916290971,36.75077756852914,968.7669737588856,2721.1457691069463,0.7893350848520893,41946,Sick_numeric
3772,29,4,0.0076882290562036056,130.06896551724137,0.2599048887897707,0.009013785790031814,0.9671261930010604,0,0.28910524174174196,0.19637082374386078,0.0,,,31.55770205658594,282.245496151449,968.7669737588855,3120.582953194942,0.25,0.47808850633315575,0.0,0.0,112.96313055104764,0.0,0.0,20.620689655172413,55.34528873555251,,,0.4122719774525596,11.707427586206897,29.91385918135721,37.758620689655174,82.0769043434326,17.625306249314367,38.439385893835905,13.689655172413794,29.451053156376336,0.0,0.0,19,0,0.027093596059113302,3,2.0,29,22,,0.32786852324333815,37.758620689655174,82.0769043434326,0.32189092102261685,12.373898987505067,29.06516958895456,,,,0.41629076376019,0.2586459154184438,16.706409162909715,36.75077756852913,968.7669737588855,2721.1457691069463,0.6932544745711022,40708,allrep
3772,29,2,0.0076882290562036056,130.06896551724137,0.11462655853076044,0.015376458112407211,0.9846235418875928,0,0.1296505888265872,,0.0,,,31.55770205658594,282.245496151449,968.7669737588855,3120.582953194942,0.5,0.6853611855827194,0.0,0.0,66.51425265218856,0.0,0.0,20.620689655172413,55.34528873555251,,,0.01709665760548224,11.707427586206897,29.91385918135721,37.758620689655174,82.0769043434326,17.625306249314367,38.439385893835905,13.689655172413794,29.451053156376336,0.0,0.0,19,0,0.027093596059113302,1,2.0,29,22,,0.016809275183080778,37.758620689655174,82.0769043434326,0.01709665760548224,12.373898987505067,29.06516958895456,,,,0.41629076376019,0.2586459154184438,16.706409162909715,36.75077756852913,968.7669737588855,2721.1457691069463,0.9831907248169193,40713,dis
3751,1000,2,0.26659557451346305,3.751,0.9948419318767078,0.4577446014396161,0.5422553985603839,0,0.7572962761435169,,0.0,0.09480195884345097,0.11666863477271977,0.0029280243082804272,0.0071275216130655935,0.046990977000611445,0.25334024221570584,0.5,0.05975815772757544,0.006394068244548986,0.06112178957938574,1.0217426373346719,0.005792152174414761,0.056915419037876114,0.0977079712245,0.27922531136234907,141.82577539574942,322.72002814129155,1.3446529653909598,0.0069281933463792005,0.030788468209180218,0.9579487921709999,0.11865222730529,0.09052885496749292,0.1495012296313521,0.037250377867,0.16187847603718145,0.0011454982399999997,0.014362037879343216,493,0,0.016030030030030028,1,0.0,1000,909,,0.5734976498608378,0.9568032939309999,0.1194280722652287,1.3446529653909598,0.16279168496002552,0.14321436611998953,,7.648801703929046,7.86583747913111,0.3095506942286862,0.19805467743495522,0.05052507685716037,0.14889739125413168,0.04699097700061145,0.06932884923426745,0.42650235013916216,46912,Bioresponse
3733,5,2,0.001339405304045004,746.6,0.7189176621396081,0.1984998660594696,0.8015001339405304,0,0.3086634713204237,,0.0,,,3.673891861038348,7.680272104171989,232317.1325449361,519476.6237239053,0.5,0.42638557847600284,0.0,0.0,757.1009290567132,0.0,0.0,373.6,834.277112235497,,,0.10530596866828823,276.65315999999996,618.6152719501256,746.8,1668.7776065132227,373.41805518349855,834.3787171700955,373.6,834.277112235497,0.0,0.0,2,0,0.1,1,2.0,5,0,,0.09527313852757403,746.8,1668.7776065132227,0.10530596866828823,215.75293111164083,481.88147565256094,,,,0.59994640943194,0.41834603264154346,373.4300758589915,834.3720024524432,232317.1325449361,519476.62340346066,0.904726861472426,46800,AVIDa-SARS-CoV-2
3686,400,2,0.10851871947911014,9.215,0.121599412375291,0.016549104720564298,0.9834508952794357,0,0.41853687232141196,,0.0,0.02698306380937155,0.02061801722715252,0.022212331839990763,0.017150817954460034,0.8211367413918049,0.5625247098896085,0.5,0.6837028128455929,,,3.5624320682383424,,,1.195106584375,0.03458525867891015,0.18098863748957794,0.10711882212374312,0.21237561039545014,0.8860776135224998,0.02552393958506742,3.4520477499999997,0.39444521446326347,0.008684981819723277,0.20883693492870836,0.009644751249999998,0.21037885892928015,-3.4447924999999997,0.402738480223061,0,0,0.0,1,227.0,400,400,,0.1751731134925899,6.89684025,0.4939110530000585,0.21237561039545014,0.9059300127036686,0.020703261509450982,,-0.004027134055391834,0.060061612325448356,3.2370928721729576e-06,7.694721752884574e-07,0.009197566150542496,0.2100916953246346,0.8211367413918049,0.037685896095350765,0.8248268865074101,40910,Speech
3611,11,4,0.0030462475768485184,328.27272727272725,1.7972904570492818,0.09554140127388536,0.43699806147881476,0,0.7139927141259138,0.14385423352253435,0.0,0.16286548777465593,0.17155737290579567,29.184387152029668,134.39930263172306,932.6334322305685,2898.0883317325615,0.25,0.1510925829581873,27.79270667883327,55.15255055069198,43.58425253701783,23.13446527654886,54.270736528263036,16.31889014689597,34.550654733183336,22.72778883167811,53.248082577898785,4.553991033805538,10.739479894608962,21.768356813169472,100.28050604876621,192.89823797699736,39.94773260651959,58.87232321804484,37.59313541804109,57.35928366981723,15.909090909090908,47.03499664176567,0,0,0.05454545454545454,3,0.0,11,10,,1.5707448684793788,84.37141513967532,190.2129330199701,3.156153941482583,13.141878184527872,28.912227811342355,,1.9026296132603946,3.477775727486539,0.010034634163285048,0.013284298815088632,38.12320130659262,57.48647534011032,932.633432230568,2862.597544542251,0.08417034556967258,46764,football-player-position
3468,784,2,0.22606689734717417,4.423469387755102,0.9997982272066523,0.49163783160322955,0.5083621683967705,0,0.8178208336074444,,0.0,,,256.73615040172825,717.1710582307699,4388.0595500854315,21904.812599489513,0.5,0.011825891957560494,0.0,0.0,672.5852332115157,0.0,0.0,62.77646683673469,99.20472168701257,,,2.0196055367439425,16.804060714285715,43.870089896827736,196.30612244897958,101.68831834398378,33.46168062813361,42.518206463656746,12.182397959183673,32.725315189742496,0.0,0.0,30,0,0.007613965126280397,1,139.0,784,430,,0.6688309158823753,196.30612244897958,101.68831834398378,2.0196055367439425,49.10647328748106,44.4875065875216,,,,0.22291553923058438,0.3766269350927333,21.873875198494382,38.46033918353614,4388.0595500854315,4990.778603110155,0.33116908411762475,1042,gina_prior
3468,784,10,0.22606689734717417,4.423469387755102,3.3187689682268955,0.09083044982698962,0.11043829296424452,0,0.7983744328305993,0.10174335485256612,0.0,,,256.73615040172825,717.1710582307699,4388.0595500854315,21904.812599489513,0.1,0.00697334409335518,0.0,0.0,1256.727236437193,0.0,0.0,62.77646683673469,99.20472168701257,,,22.065244343697902,16.804060714285715,43.870089896827736,196.30612244897958,101.68831834398378,33.46168062813361,42.518206463656746,12.182397959183673,32.725315189742496,0.0,0.0,30,0,0.007613965126280397,9,139.0,784,430,,5.819429297031471,196.30612244897958,101.68831834398378,5.224891845160459,49.10647328748106,44.4875065875216,,,,0.22291553923058438,0.3766269350927333,21.873875198494382,38.46033918353614,4388.0595500854315,4990.778603110155,3.5817698282379645e-05,1041,gina_prior2
3468,970,2,0.27970011534025374,3.575257731958763,0.9997982272066523,0.49163783160322955,0.5083621683967705,0,0.84022188245282,,0.0,0.054357612921936346,0.09048633298459716,370.7172537975528,796.0082042302881,7066.272016784575,27737.651968921764,0.5,0.011825891957560494,0.0,0.0,675.3904298763283,0.0,0.0,101.5688144329897,109.50745326730231,18.607420210668778,39.2943074490582,2.4010460255751824,27.21029536082474,53.173146868615376,254.95567010309279,0.21572307295069698,53.99496159288458,42.784533517263945,19.905670103092785,40.2602360092892,0.0,0.0,0,0,0.008890023725171024,1,0.0,970,542,,0.7059728117525605,254.95567010309279,0.21572307295069698,2.4010460255751824,77.24975255804337,33.164463588438345,,2.9317402122035303,3.266873601519435,0.006630142518695308,0.0053832375643518,35.493932281608686,43.953356463708296,7066.272016784575,4631.426495991909,0.29402718824743945,1038,gina_agnostic
3468,784,2,0.22606689734717417,4.423469387755102,0.9997982272066523,0.49163783160322955,0.5083621683967705,0,0.8178208336074444,,0.0,,,256.73615040172825,717.1710582307699,4388.0595500854315,21904.812599489513,0.5,0.011825891957560494,0.0,0.0,672.5852332115157,0.0,0.0,62.77646683673469,99.20472168701257,,,2.0196055367439425,16.804060714285715,43.870089896827736,196.30612244897958,101.68831834398378,33.46168062813361,42.518206463656746,12.182397959183673,32.725315189742496,0.0,0.0,30,0,0.007613965126280397,1,139.0,784,430,,0.6688309158823753,196.30612244897958,101.68831834398378,2.0196055367439425,49.10647328748106,44.4875065875216,,,,0.22291553923058438,0.3766269350927333,21.873875198494382,38.46033918353614,4388.0595500854315,4990.778603110155,0.33116908411762475,42334,digits_wrote
3415,4,2,0.001171303074670571,853.75,0.6464975825596267,0.1651537335285505,0.8348462664714494,0,0.4414149163453559,,0.0,0.1980145325841893,0.3914203622385839,23428.37490330831,36312.51619514979,560236367.4045972,1120471800.8736155,0.5,0.4735441313539192,503.4505760996242,1006.9011521992484,51704.06471038008,503.4500540403589,1006.9001080807178,16196.841249999998,32335.691076695308,-0.6361297858581536,1.0291495545149874,0.2420001657303218,9692.42892975,19342.364096731606,53736.355,106021.30693169226,11961.28166215227,22542.716863977606,7770.918750000001,14173.70128476467,502.25,1004.5,0,0,0.16666666666666666,1,0.0,4,1,,0.19484712837217755,53234.105,106352.21981957296,0.2420001657303218,11847.412104849416,23660.80285542497,2.1553364894708293,0.30232057370629195,0.6452669940254983,0.03219422657124369,0.0458502519443246,8970.523757320643,16567.751019354393,560236367.4045974,1120471797.932496,0.8051528716278225,42882,dgf_test
3333,20,2,0.006000600060006,166.65,0.5969661117967846,0.14491449144914492,0.8550855085508551,0,0.4252491012193543,,0.0,0.03884537872394798,0.15731955972737888,28.244480719770877,105.34944191334979,46960.58133734535,206911.76483914573,0.5,0.5021667419947669,41.318296108076154,105.32186239483838,38.7022065080281,39.32331677061925,103.78602457720642,109.327,367.62188901813664,0.3846579884911372,1.5228375959709135,0.22075796088709845,77.0069853,273.1899343474265,298.51099999999997,730.8305037198216,159.8396839183918,370.72510149528466,158.2875,370.09416811450626,23.312,90.96683453469817,2,0,0.02631578947368421,1,7.0,20,16,,0.18083679808786862,275.19899999999996,730.4349889505278,0.22075796088709845,65.61160960127128,211.8979347726679,1.0139650786396512,0.392076008304642,0.7708872058170788,0.0781606257538153,0.16251262945441336,158.8130087456272,370.2980495234129,46960.581337345364,206911.1927180392,0.8191632019121313,44232,UCI_churn
3279,1000,2,0.3049710277523635,3.279,0.5841908881364708,0.13998170173833485,0.8600182982616651,0,0.9147286182761024,,0.0,0.015528872338950507,0.07800002259284503,0.00012929386471614726,0.0008826582365629297,0.007429122332829268,0.03084871683908339,0.5,0.509142760104129,0.0,0.0,1.06013118142586,0.0,0.0,0.001,0.0316227766016838,206.4521545981134,96.29846113238304,5.124765581925684,0.0,0.0,1.0,0.0,0.007723391277828606,0.015398732421931507,0.0,0.0,0.0,0.0,1000,0,0.007673673673673673,1,0.0,1000,999,,0.8367284450933075,1.0,0.0,5.124765581925684,0.07838971175582192,0.0358533245955375,,13.964691527219266,3.65923119191403,0.4998474679682732,1.666167829227528e-16,0.0001467750126968004,0.004641433437220221,0.007429122332829266,0.012483686327490922,0.16327155490669257,40978,Internet-Advertisements
3200,7,10,0.0021875,457.14285714285717,3.31900521744675,0.084375,0.1065625,0,0.6522890705511707,0.19969542185817973,0.0,0.18435267894055296,0.10499960440716928,0.03919480976197915,0.023865621522239196,0.2096759031840306,0.12556550390735033,0.1,0.006606170831544968,0.0,0.0,1.3673824859855965,0.0,0.0,0.8571428571428571,0.37796447300922725,-1.0959975589858164,0.9543217155561863,9.177311431070946,0.0,0.0,1.0,0.0,0.6628571428571428,0.1271942090485105,0.8571428571428571,0.37796447300922725,0.0,0.0,7,0,0.0,7,0.0,7,1,,3.2176367899902685,1.0,0.0,3.971725969854931,0.4564413987035979,0.03949698118155661,,-0.7561009777954057,0.622975616273724,0.49984370115661136,5.99588961666477e-17,0.7664434523809524,0.20505909185108973,0.20967590318403073,0.03487039883068263,0.006571923837916414,40678,led7
3200,24,10,0.0075,133.33333333333334,3.3206944949244006,0.0925,0.1053125,0,0.5206369257613648,0.3121833083196833,0.0,0.02548783032706878,0.051985808761106915,0.005775866963068169,0.011234891804862385,0.23852029361388974,0.06673277968828499,0.1,0.0043426382470157995,0.0,0.0,1.6218223102367815,0.0,0.0,0.9583333333333334,0.2041241452319315,-1.7455789418926357,0.6122429462358838,9.180540399169825,0.0308875,0.15131722886043084,1.0,0.0,0.5456901041666667,0.09938939682281955,0.4791666666666667,0.499546896146173,0.0,0.0,24,0,0.0,9,0.0,24,1,,3.2192326201435835,1.0,0.0,3.8914673932757475,0.4876313772274945,0.02771156199648908,1.0362818841373311,-0.21180731037240394,0.468229511015362,0.4998437011566114,0.0,0.5751302083333334,0.1628196359658556,0.23852029361388974,0.02518407010463973,0.00650562517586608,40677,led24
3196,36,2,0.011264080100125156,88.77777777777777,0.9985755386525728,0.47778473091364204,0.522215269086358,0,0.7997997941644847,,0.0,0.08060769908924478,0.09776972798730603,0.010701961580201398,0.018146488802020203,0.13260359410748393,0.1539543289221481,0.5,0.03141713483369518,0.0,0.0,0.7692282099906192,0.0,0.0,0.3611111111111111,0.4871361075732195,110.92399799913872,531.0864773632513,1.7753086068762243,0.0,0.0,1.0277777777777777,0.16666666666666663,0.26278507857043526,0.266249617629242,0.16666666666666666,0.37796447300922725,0.0,0.0,35,0,0.012698412698412698,1,0.0,36,23,,0.6396797107455521,1.0277777777777777,0.16666666666666663,1.7753086068762243,0.3333396019772821,0.1486682730107538,,4.395310077325074,9.805164460963741,0.4952124268243203,0.027786471917927325,0.20996987602827016,0.3156850470957576,0.13260359410748396,0.08799419812685694,0.3603202892544479,3,kr-vs-kp
3190,60,2,0.018808777429467086,53.166666666666664,0.9989789943547205,0.48119122257053293,0.5188087774294671,0,0.6471110230886515,,0.0,0.023192666011832862,0.0200548439335099,0.04375874199887707,0.04118309380613852,1.9008588856744688,0.6802879193575598,0.5,0.026599628132409292,0.0,0.0,2.1775886932826007,0.0,0.0,1.6291666666666667,0.821444143095554,-1.105029320046186,0.292514973758608,0.720438028801963,1.5320200000000002,0.47016182529646283,3.783333333333333,0.4903014177278999,1.7097596656217346,0.18867897157661667,1.5666666666666667,0.5634839166238779,0.0,0.0,0,0,0.0,1,0.0,60,27,,0.4187526762028413,3.783333333333333,0.4903014177278999,0.720438028801963,1.3668651628208772,0.181906603921621,1.0288464731270612,0.3348222192714271,0.25180060590254477,0.21114159785373332,0.023274285365476672,1.5955329153605018,0.23092469681167535,1.9008588856744695,0.496182086883047,0.5812473237971587,953,splice
3186,180,3,0.05649717514124294,17.7,1.4797951605502506,0.2401129943502825,0.5191462649089768,0,0.8475945410206074,0.03132178562093119,0.0,0.03125807439993942,0.041282871861746034,0.005839909927485809,0.007866595304255963,0.18626125177645222,0.13295607170381066,0.3333333333333333,0.16091902520191248,0.0,0.0,1.7481754142418524,0.0,0.0,0.4875,0.5001920022412846,-0.5659308284052403,0.6233356938414788,5.2443238266063235,0.0,0.0,1.0,0.0,0.2526714096393946,0.0513852915201153,0.011111111111111112,0.10511440369749678,0.0,0.0,180,0,0.0,2,0.0,180,92,,1.4378140661903516,1.0,0.0,3.105963782286716,0.4309506748640879,0.023362359297124127,,1.1625638172700248,0.28836408091824983,0.4998430141287286,1.6699798305830018e-16,0.09070781032078104,0.0815019009110726,0.18626125177645217,0.020004796952095314,0.07760364490401445,40670,dna
3158,11,13,0.0034832172260924636,287.09090909090907,2.850014635024078,0.006649778340721976,0.4616846105129829,0,0.15505623030351443,0.18544506498737565,0.0,0.03172602010213912,0.03831213353382973,4935485.144249164,22506856.665828608,1134689901.4792347,2755520141.7800264,0.07692307692307691,0.11708296108321706,2885.31642005988,7167.195699013359,17588.183026565268,640.8119960046814,1220.7170715547281,19847.99090909091,60075.62351254384,3.276744558391458,12.19251438347858,0.9152317202953313,6470.120312727274,19071.94434377591,84714.07272727274,193718.2724351479,11256.597887040129,25862.909817428914,5046.636363636364,13374.596534271432,268.52727272727276,607.1343658382535,0,0,0.0,11,0.0,11,4,,0.6083655013970213,84445.54545454546,193762.97753544338,0.7118107110586975,15343.382491436223,31451.511358292384,,0.7266352391147887,1.7476194004981875,0.09253511351834459,0.1216652189022037,7111.190688530877,19344.93302434297,1134689901.4792342,2754478620.3124485,0.479306786523045,46737,agriculture_dataset_karnataka
3153,970,2,0.3076435141135427,3.2505154639175258,0.9997961696730848,0.4915953060577228,0.5084046939422772,0,0.8513565210632962,,0.0,0.05489463516524567,0.0905788840968825,370.70200910276475,789.0386413641442,7030.925626535283,27543.744807489555,0.5,0.011886032160763399,0.0,0.0,695.2320556255338,0.0,0.0,100.73092783505155,109.5616313079802,17.854607974429758,36.140955676337995,2.633825587010696,26.894669690721646,52.97162046039963,254.95051546391753,0.2562424803559095,53.733398072854854,42.96484522965444,20.010309278350515,40.98551050202594,0.0,0.0,0,0,0.008943219175896078,1,0.0,970,545,,0.7248079259569987,254.95051546391753,0.2562424803559095,2.633825587010696,77.08151865689467,33.02255780341518,,2.9168938171267698,3.1761450230414754,0.00691765555239178,0.005631821971962958,35.38446310607174,44.26029558997398,7030.925626535283,4632.198680323047,0.2751920740430013,41158,gina
3140,259,2,0.08248407643312101,12.123552123552123,0.9999762953968588,0.49713375796178344,0.5028662420382166,0,0.3800117035803931,,0.0,0.015877889866581705,0.03155977770113698,17.248353705104137,182.14952421702122,1042.8947844389252,3528.3625180267304,0.5,0.004053478363489802,485.54259556771797,31.70935213756181,82.67168456160351,484.5164590275551,31.639547999609093,35.44208494208494,28.51570397439887,0.05806733351226855,0.23854302168241315,0.16878260420217628,26.27751081081081,21.036906958122167,581.942084942085,72.23680189193146,488.48474165703465,9.812105129382445,488.35907335907336,9.656123529586218,395.86486486486484,61.08014401829469,0,0,0.001316931549489689,1,106.0,259,247,,0.14440889485807254,186.0772200772201,131.3966781817688,0.16878260420217628,25.857705619633013,19.383614687238342,,0.03398580968091902,0.0534336883220376,0.012214988366187748,0.017084507097114968,488.36923821000255,9.703510447513207,1042.894784438925,1944.0491101019607,0.8555911051419275,41144,madeline
3107,6,2,0.0019311232700354038,517.8333333333334,0.9999532967861412,0.4959768265207596,0.5040231734792404,0,0.6784979506818744,,0.0,0.5717853398136804,0.3560979815435797,1042050.6574456055,1691631.1866858513,21948578712473.316,53762818424869.24,0.5,0.005689626498121548,,,2797835.4166321177,,,2442627.295100167,5983187.187886563,1.950799688086217,3.1675360807632518,0.8530854202041511,1799277.5102131625,4407309.389766181,-11268321.234109668,27601667.946667876,-15273134.720528873,37411405.85815251,-15028608.453733668,36812441.00784216,-20704981.05461883,50716646.39563023,0,0,0.4,1,0.0,6,6,,0.4603594690795032,9436659.820509167,23114978.44896318,0.8530854202041511,1912616.01172261,4684930.569924249,,0.03343831825093715,0.7135944085581123,1.0971693061914676e-05,1.2968752953564378e-05,-15062206.114277685,36894738.20089493,21948578712473.324,53762818424869.055,0.5396405309204968,737,space_ga
3103,22,2,0.007089912987431518,141.04545454545453,0.3632601696302862,0.06928778601353529,0.9307122139864648,0,0.3167944242554136,,0.0,0.050902170392649854,0.08189086625732679,6.650390041063285,65.25080948184335,151.74768285105304,476.62893635792216,0.5,0.6091190544994011,11.705519773775949,31.45210450238863,21.940059417332044,10.163299762653729,27.420496659548768,4.697272727272727,11.572141087571021,188.97529875140634,652.2542275046283,0.11155413612836022,3.3088936363636363,8.345738929591011,83.28727272727272,179.45399288852943,12.849975009521579,33.23818253655963,12.42181818181818,32.304367924678346,0.23886363636363636,0.6097343914677342,16,0,0.004329004329004329,1,0.0,22,21,,0.10035870723931899,83.04840909090909,179.01119190461355,0.11155413612836022,5.315647567645121,11.374186780618048,,7.475793982196666,11.654804778849163,0.3738876928637881,0.2140416049559273,12.45911686917484,32.527078900829636,151.74768285105304,364.60790859655896,0.899641292760681,45059,sick
2984,144,2,0.04825737265415549,20.72222222222222,0.9999999999971146,0.5,0.5,0,0.678864682561403,,0.0,0.050120687030004406,0.10070253483950029,0.008069248876015513,0.033176724333783165,0.16984798018142547,0.5808257880344703,0.5,0.0,,,2.7213346795134683,,,0.29801221180555554,0.4953206736868621,60.88262721628194,286.74184120976327,0.8547963659136353,0.019867519524999995,0.13452800566339074,1.4407327083333332,2.0048207288884274,0.17554598658074547,0.29722643028032814,0.06773355555555555,0.3422523002087068,-0.02832746527777778,0.17193037635091313,136,0,0.011557886557886558,1,0.0,144,106,,0.4608572572291944,1.469060173611111,2.1320174883795797,0.8547963659136353,0.3407819674715494,0.23257528804595043,,4.3519454365123185,6.629468760528686,0.47287686221149094,0.11162645752596043,0.10296638669937376,0.29963941900858176,0.1698479801814254,0.41170094125502343,0.5391427427708055,41143,jasmine
2800,26,5,0.009285714285714286,107.6923076923077,1.5276631408339183,0.01107142857142857,0.5828571428571429,0,0.4659837865998869,0.15140422586398283,0.0,0.06143276236238941,0.12392838921992455,4.0442400827687495,48.06588573744343,114.27985483790476,390.8764207854572,0.2,0.23789119232908792,10.019761928899985,29.34620476475718,12.361649775993367,8.782605037494413,26.103875807089448,3.72625,9.992015793872627,151.78323475751318,543.2695644000257,1.347949176361629,2.718125964507692,7.409343394690105,68.87384615384615,161.6461667489068,10.944478033901097,30.838430964564903,10.793187615384616,30.626028762631115,0.20634615384615385,0.5653875797933797,20,0,0.024615384615384615,4,0.0,26,25,,0.9373332763242914,68.6675,161.2162441148534,0.6100803818398469,4.2766972427150085,9.991461562421232,,5.977632876316183,10.791354814450226,0.38617901273323163,0.21160015125129084,10.636550154945054,30.14403053523985,114.27985483790476,304.09765896322637,0.32794876369497267,40476,thyroid-allhypo
2800,26,5,0.009285714285714286,107.6923076923077,1.5276631408339183,0.01107142857142857,0.5828571428571429,0,0.4659837865998869,0.15140422586398283,0.0,0.06143276236238941,0.12392838921992455,4.0442400827687495,48.06588573744343,114.27985483790476,390.8764207854572,0.2,0.23789119232908792,10.019761928899985,29.34620476475718,12.361649775993367,8.782605037494413,26.103875807089448,3.72625,9.992015793872627,151.78323475751318,543.2695644000257,1.347949176361629,2.718125964507692,7.409343394690105,68.87384615384615,161.6461667489068,10.944478033901097,30.838430964564903,10.793187615384616,30.626028762631115,0.20634615384615385,0.5653875797933797,20,0,0.024615384615384615,4,0.0,26,25,,0.9373332763242914,68.6675,161.2162441148534,0.6100803818398469,4.2766972427150085,9.991461562421232,,5.977632876316183,10.791354814450226,0.38617901273323163,0.21160015125129084,10.636550154945054,30.14403053523985,114.27985483790476,304.09765896322637,0.32794876369497267,40478,thyroid-dis
2800,26,5,0.009285714285714286,107.6923076923077,1.5276631408339183,0.01107142857142857,0.5828571428571429,0,0.4659837865998869,0.15140422586398283,0.0,0.06143276236238941,0.12392838921992455,4.0442400827687495,48.06588573744343,114.27985483790476,390.8764207854572,0.2,0.23789119232908792,10.019761928899985,29.34620476475718,12.361649775993367,8.782605037494413,26.103875807089448,3.72625,9.992015793872627,151.78323475751318,543.2695644000257,1.347949176361629,2.718125964507692,7.409343394690105,68.87384615384615,161.6461667489068,10.944478033901097,30.838430964564903,10.793187615384616,30.626028762631115,0.20634615384615385,0.5653875797933797,20,0,0.024615384615384615,4,0.0,26,25,,0.9373332763242914,68.6675,161.2162441148534,0.6100803818398469,4.2766972427150085,9.991461562421232,,5.977632876316183,10.791354814450226,0.38617901273323163,0.21160015125129084,10.636550154945054,30.14403053523985,114.27985483790476,304.09765896322637,0.32794876369497267,40477,thyroid-allrep
2800,26,5,0.009285714285714286,107.6923076923077,1.5276631408339183,0.01107142857142857,0.5828571428571429,0,0.4659837865998869,0.15140422586398283,0.0,0.06143276236238941,0.12392838921992455,4.0442400827687495,48.06588573744343,114.27985483790476,390.8764207854572,0.2,0.23789119232908792,10.019761928899985,29.34620476475718,12.361649775993367,8.782605037494413,26.103875807089448,3.72625,9.992015793872627,151.78323475751318,543.2695644000257,1.347949176361629,2.718125964507692,7.409343394690105,68.87384615384615,161.6461667489068,10.944478033901097,30.838430964564903,10.793187615384616,30.626028762631115,0.20634615384615385,0.5653875797933797,20,0,0.024615384615384615,4,0.0,26,25,,0.9373332763242914,68.6675,161.2162441148534,0.6100803818398469,4.2766972427150085,9.991461562421232,,5.977632876316183,10.791354814450226,0.38617901273323163,0.21160015125129084,10.636550154945054,30.14403053523985,114.27985483790476,304.09765896322637,0.32794876369497267,40475,thyroid-allhyper
2800,26,5,0.009285714285714286,107.6923076923077,1.5276631408339183,0.01107142857142857,0.5828571428571429,0,0.4659837865998869,0.15140422586398283,0.0,0.06143276236238941,0.12392838921992455,4.0442400827687495,48.06588573744343,114.27985483790476,390.8764207854572,0.2,0.23789119232908792,10.019761928899985,29.34620476475718,12.361649775993367,8.782605037494413,26.103875807089448,3.72625,9.992015793872627,151.78323475751318,543.2695644000257,1.347949176361629,2.718125964507692,7.409343394690105,68.87384615384615,161.6461667489068,10.944478033901097,30.838430964564903,10.793187615384616,30.626028762631115,0.20634615384615385,0.5653875797933797,20,0,0.024615384615384615,4,0.0,26,25,,0.9373332763242914,68.6675,161.2162441148534,0.6100803818398469,4.2766972427150085,9.991461562421232,,5.977632876316183,10.791354814450226,0.38617901273323163,0.21160015125129084,10.636550154945054,30.14403053523985,114.27985483790476,304.09765896322637,0.32794876369497267,40474,thyroid-allbp
2494,27,9,0.01082598235765838,92.37037037037037,2.880590831061969,0.03769045709703288,0.30392943063352046,0,0.2996740043389271,0.27954797072500903,0.0,0.11255829142867112,0.13393330241010493,21.13576031884151,376.515403036862,14925.989790856618,66392.61067567825,0.1111111111111111,0.08114546113433696,0.0,0.0,282.35393327091344,0.0,0.0,52.21296296296296,199.7786118877751,0.38116965904367617,5.522039189964588,4.585110108032475,35.77458888888889,143.90558062438112,112.74074074074075,431.43058917553964,56.16065223202353,215.17876245013292,54.46296296296296,213.062239278263,0.0,0.0,21,0,0.025641025641025644,8,0.0,27,7,,1.265465546567512,112.74074074074075,431.43058917553964,4.017784872639163,31.348125464307,120.33106417772346,,0.5694621922256019,1.4038797222558388,0.4220480053784317,0.15699954992076168,55.38728180784255,213.94041268690262,14925.989790856616,66363.77002460186,0.11946140532107961,42530,Midwest_Survey
2600,500,2,0.19230769230769232,5.2,0.9999999999971146,0.5,0.5,0,0.5039281120705732,,0.0,0.01603795792792066,0.02005116282851872,12.086845183995719,112.02993923090575,909.886226439755,2993.5077018034663,0.5,0.0,486.1568736430034,23.780395112936976,85.89101826006885,485.23780799620135,23.703100701380038,33.47,24.752914243115985,0.078495081707016,0.19129177955211724,0.3403811326313428,24.8528238,18.31954281148679,577.804,66.37291851821232,488.0610338461538,9.925106711476635,487.953,9.790556725845779,400.176,54.13814645703718,0,0,0.00039278557114228455,1,245.0,500,487,,0.2539435421350122,177.628,118.3025468922897,0.3403811326313428,24.752039667546956,17.25741566767721,,0.03291173450327098,0.05456964847982362,0.014255904472656044,0.02414894182174305,487.96033717948717,9.834539759557693,909.886226439755,1616.396952763002,0.7460564578649878,1485,madelon
2584,15,2,0.005804953560371517,172.26666666666668,0.3500105929239996,0.06578947368421052,0.9342105263157895,0,0.30212601476215806,,0.0,0.18279199339777794,0.2073803987978692,11044144.546063425,60060830.29202625,3555076529.3010206,13552057043.690807,0.5,0.6140664152409492,,,118603.26349267634,,,3093.25,10564.939604570121,42.98354710335353,66.74477851611422,0.10044913915564473,1675.18974,6370.203899259774,226952.33333333334,670096.7501160523,6670.355469556244,23175.819436596532,1723.5333333333333,6574.139985760949,-6.0,44.63822833145855,3,0,0.06666666666666668,1,0.0,15,12,,0.09128012879606374,226958.33333333334,670066.9258453288,0.10044913915564473,17981.33511118168,58843.75300853104,,4.355168470330076,4.236801231264694,0.1893245036252632,0.1977515315978321,1995.9578608247418,7343.77441731322,3555076529.301021,13550012040.49412,0.9087198712039363,46956,seismic-bumps
2554,11,2,0.004306969459671104,232.1818181818182,0.9999999999971146,0.5,0.5,0,0.5402119067348086,,0.0,0.24127540596895394,0.16464394227394571,16.12725689302024,91.60308642031181,296.5255331436219,929.2313991756396,0.5,0.0,13.399600402995445,28.23202544186017,7.994456197381587,10.273518725986916,20.188533727029167,9.174262045454546,20.65721637339712,10.132437109609965,21.55205694831567,0.41208813223214763,6.5594806581818155,14.987610736800946,71.94492727272728,148.70746671508522,15.742964492774258,33.72846442499688,15.542981818181818,34.38619894323356,2.2287372727272725,2.887173341052078,0,0,0.09090909090909091,1,0.0,11,9,,0.2918289041780575,69.71619,147.51674950106886,0.41208813223214763,7.22481884965693,16.393909793169854,,1.4344597416549296,1.7055813217099984,0.007700846426122032,0.0036726190300427467,15.640171443443563,34.25217906318563,296.52553314362206,877.488385039618,0.7081710958219425,43980,wine
2534,72,2,0.028413575374901343,35.19444444444444,0.3397904253131947,0.06314127861089187,0.9368587213891081,0,0.42068561513969993,,0.0,0.3534291180829707,0.303898259370096,25.218704749014496,103.10342943423099,216.9507978350365,1221.1029282650577,0.5,0.617811528629446,,,63.36588234605245,,,10.022847222222222,16.58464243408555,1.4842021477364715,9.115229899155029,0.21503196742343822,7.372229200116667,12.284978828436811,316.4888888888889,1447.7205528999334,296.494606499841,1419.646350984422,296.91818277777776,1419.69586496794,268.71527777777777,1377.3952223753563,0,0,0.2875586854460094,1,0.0,72,65,,0.17697638678546773,47.773611111111116,87.69951783806873,0.21503196742343822,7.570160866371554,12.723677210665114,1.1368357091814796,0.08585427834922096,1.1264635177537354,0.007360282350413131,0.005698160452950314,297.0410714395441,1419.9129256122994,216.95079783503652,824.7534118683466,0.8230236132145323,1487,ozone-level-8hr
2516,22,3,0.008744038155802861,114.36363636363636,1.5786136213448736,0.30961844197138316,0.37798092209856915,0,0.1718721505881398,0.07969550701033865,0.0,0.39410281104059647,0.41179736247808046,102969407.35712774,456558409.5380863,320998516945201.4,1505616502750125.8,0.3333333333333333,0.03869096196423806,,,230612.1536414181,,,3886680.6059829835,18229846.813700154,-0.04241991957091726,2.97169247545412,0.06847404952818377,2532419.102189463,11877965.268966746,48433082.75868807,227170262.62272725,6212230.136678499,29137295.66514198,5098328.1879386045,23912682.502273105,1093177.7232677946,5127098.461774723,0,0,0.3722943722943723,2,0.0,22,5,,0.06543144613321934,47339905.035420276,222043164.17977196,0.05494894188348774,3819830.6504486995,17916423.74555505,,0.5227948776272643,0.6636540987551384,0.01883513926270947,0.04874442495655142,5375444.226929694,25212442.38277206,320998516945201.25,1505616502748531.2,0.935263632777048,46564,Apple_Stock_Price_Trends_Classification
2500,12,2,0.0048,208.33333333333334,0.9988455359923164,0.48,0.52,0,0.7691532244226179,,0.0,0.4455754413899945,0.341191273037716,2927770.7171477764,23138194.20420331,31348787.96109003,108582909.93561065,0.5,0.028284271247461926,13502.323854035822,31040.07536656658,6566.198757610276,13316.30958212288,30608.167509601255,3214.8858520833332,7438.606552471545,6.854166129794218,23.322251778753735,1.4485599344870363,2319.419087195,5365.683008034418,23159.161933333336,53402.04711402324,13692.033011436666,31480.577230505485,13422.436145833331,30854.82800347903,8158.141883333334,18683.23442395671,0,0,0.42424242424242425,1,0.0,12,12,,0.59159668263971,15001.02005,34719.240893619244,1.4485599344870363,2303.7349054167807,5330.010415816637,1.413357438962401,-0.4219372905178096,1.7379070357381972,0.000582354792633987,0.0015955097368326656,13508.346813611111,31054.60929926084,31348787.961090025,73213488.90602544,0.40840331736029,46951,Pumpkin_Seeds
2500,100,3,0.04,25.0,1.3178953215225184,0.0784,0.4692,0,0.2393316925637598,0.04283765676365722,0.0,0.017006760605551688,0.014859970574069018,1765.3203986301103,79760.50471198995,5047147.950894094,43122334.19544597,0.3333333333333333,0.22093848314255565,1632.4273946228623,7832.342144802828,3057.5032818590826,1584.642206482686,7553.153156459107,572.0574725,3743.0829160489698,-1.2827081388746453,0.4796823109500527,0.12409021192606265,398.98807540200005,2669.689879015332,2439.5344,12496.277663715766,1683.936140536,8133.4056631163185,1653.98338,7977.229853535514,1141.60147,5237.378383841536,16,0,0.0,2,0.0,100,6,,0.116394382967869,1297.93293,7636.069198232438,0.0783953371389252,363.1508108742127,2228.2097355753162,1.0999212354989396,0.0451402544906704,0.3087327924415096,0.2000990886015207,0.17402554837415432,1655.3002921733332,7971.670198057648,5047147.950894095,43114955.056649275,0.886782306352296,1548,autoUniv-au4-2500
2417,116,2,0.04799338022341746,20.836206896551722,0.10668486556413413,0.01406702523789822,0.9859329747621017,0,0.3181805996449462,,0.0,0.09874812463249784,0.1075397765468328,0.001688423947253324,0.0050570636917840065,0.028254582929491606,0.07993634084904845,0.5,0.6872130033128672,,,1.087174743851634,,,0.15894097413793104,0.20017119996123584,1.3030910831551195,1.7986729573446048,0.11264271819672864,0.0776869107724138,0.031792322326744206,0.507077,0.20343343663821534,0.03646003553493216,0.12485209946519177,0.012470163793103449,0.13183970040759438,-0.3522074741379311,0.1806995647963028,13,0,0.013343328335832082,1,4.0,116,109,,0.10123889399041755,0.859284474137931,0.16219992283676182,0.11264271819672864,0.1336799093872859,0.10234531112902052,,0.4207634067350719,0.7976412857451834,0.05601277723437705,0.15834382345417886,0.02409281600085553,0.1323207604083986,0.0282545829294916,0.055614762366824805,0.8987611060095825,316,yeast_ml8
2407,299,2,0.12422102201911092,8.050167224080267,0.6780187068709782,0.1790610718737017,0.8209389281262983,0,0.8762310166286887,,0.0,0.1438025419298541,0.15582432519813755,0.005024864802647797,0.006910080235029699,0.03662937799573702,0.14916425969573135,0.5,0.45387618484969505,0.0020976913263573236,0.012594979167160176,1.4701311376882213,0.0004060505631117556,0.0027815272044845168,0.18720357190635453,0.0928855814532955,8.035946696571076,13.669130357165356,3.3062760371438733,0.12502160363678927,0.07297085068748214,0.9996969163879597,0.002242205888107386,0.30610646505245986,0.2089659217615531,0.2710600602006689,0.23581733965548632,1.8729096989966553e-06,1.816878089535349e-05,5,0,0.048887791519831206,1,0.0,299,264,,0.7677807945021454,0.9996950434782609,0.002242025477792291,3.3062760371438733,0.1845270259327701,0.05087051776495404,,1.6878592286099576,1.8751686816549717,0.00837544711334202,0.06419315965918286,0.27792636776336344,0.23159513726555084,0.03662937799573703,0.02058525609199327,0.23221920549785457,312,scene
2400,30,2,0.0125,80.0,0.9999999999971146,0.5,0.5,0,0.7485476466334844,,0.0,0.3706087979998049,0.2502243213098564,2.1143487292913156e-07,2.9514655372331556e-07,6.189512179147564e-07,2.0938697674510553e-06,0.5,0.0,,,0.002312907374106718,,,0.0008318083333333332,0.0006643170614381481,0.49697425166621656,1.305554794337947,1.2743998833588404,0.00061105359,0.000528870347631929,0.0012684666666666667,0.0019976910073681415,-0.00042941025,0.001826534370232981,-0.00035931666666666663,0.0016944169859059008,-0.0023737333333333334,0.0025960062952653778,0,0,0.31264367816091954,1,0.0,30,26,,0.5603235792805278,0.0036422,0.0015308308179232115,1.2743998833588404,0.000688603026565915,0.000387000520875108,,-0.08407434747768203,0.9078044557657621,0.000417981784312122,0.00021182382862080718,-0.00038869421296296294,0.0017015821223355832,6.189512179147562e-07,6.601609515307064e-07,0.4396764207194722,46930,hazelnut-spread-contaminant-detection
2364,123,3,0.05203045685279188,19.21951219512195,1.5053989041054487,0.22504230118443316,0.4890016920473773,0,0.9604435352302304,0.010536302766579173,0.0,,,1087637.668355103,75958661.07413706,567715055103.1151,6296263176052.432,0.3333333333333333,0.1382103408234324,,,774286.7372988211,,,137046.90269065034,1519519.0809823587,,,24.720193779755025,6385.436659965872,70575.78775800925,13517700.84316197,149915597.82770902,13439138.994794406,149046382.86619487,13374242.714717133,148326592.29665953,13369868.961421223,148278995.87110126,5,0,0.028655204584832734,2,1.0,123,89,,1.8450145824070747,147831.88174074818,1636603.5823650807,14.827407594114025,67980.78262837983,753464.7902640374,,,,0.07213907112393526,0.14332685064907003,13436844.976906432,149020876.71129468,567715055103.1156,6296263119691.526,0.005800310389603255,45968,BraidFlowSessionLevel
2310,19,7,0.008225108225108226,121.57894736842105,2.807354922047505,0.14285714285714285,0.14285714285714285,0,0.7460328350771103,0.2625993866733249,0.0,,,189.53910914311987,420.1662939332442,1184.9900527038253,2510.358067786874,0.14285714285714282,2.997944808332385e-17,,,86.24217319696157,,,27.380688407894738,35.62624914861224,,,47.381294308600104,18.216463326710524,24.876632583199815,200.6265802631579,363.91167148839236,24.633144132657645,39.2998885363231,19.49949257894737,37.90662663499397,-4.107588421889189,14.262996773125275,0,0,0.2222222222222222,6,1.0,19,15,,3.6841821354851767,204.73416868504705,361.6810880924728,25.81132533137046,25.31471448098148,23.96635417686176,,,,0.08461444235129945,0.24005678431458097,20.994659390863525,38.59168329264506,1184.9900527038253,1511.5165138851264,0.00012186060090376761,36,segment
2240,25,2,0.011160714285714286,89.6,0.6076014117908834,0.14910714285714285,0.8508928571428571,0,0.5625403608991416,,0.0,0.16891029173428662,0.1801476974399534,34830.418917563235,341531.63723166863,25084399.556005515,125389804.08643728,0.5,0.49623743751127347,1952.923132773501,9362.724425081617,9342.343613655083,1670.181392121775,7950.493455174972,1361.03,6540.61857672881,16.371090230028464,38.16829122621873,0.4629543194387872,1001.4369959999999,4860.161302879312,26953.92,133274.56879312472,2208.692446428571,10430.243254389268,2161.78,10261.683728276112,144.92,502.13310984240024,6,0,0.07333333333333333,1,0.0,25,19,,0.3164516576405365,26809.0,132943.8783033402,0.4629543194387872,1041.5174246129652,4999.962605092777,1.0478327893647117,2.289827426944842,2.656425304361055,0.17501449759038873,0.20749594406853925,2176.593214285714,10317.825886589771,25084399.556005534,125378093.2369126,0.6835483423594635,46940,Marketing_Campaign
2201,3,2,0.0013630168105406633,733.6666666666666,0.9076514058767706,0.3230349840981372,0.6769650159018628,0,0.470040172366416,,0.0,0.18544664802536204,0.16928636856193402,0.18566288734780337,0.16956122393135,1.000919804957609,0.4011420655165134,0.5,0.25026632555398476,,,1.1535980345389805,,,0.6293333333333333,1.0900373082300134,4.806174839796676,9.032772562723762,0.2835944977516016,0.46632711999999993,0.8077022647872686,1.9553333333333331,2.111525593814419,-0.0002690595184007552,0.0004809002238879105,0.1048,0.3814012585191612,-1.3393333333333335,0.9627675385747763,2,0,0.0,1,0.0,3,2,,0.22093776363825005,3.2946666666666666,1.154314659585216,0.2835944977516016,1.0004597288403274,0.00045154127301538685,,0.6835940088611613,3.0219191532993745,0.4164015151515151,0.14440317528254162,0.151765430229624,0.3514564765202436,1.000919804957609,0.0009034321726171742,0.77906223636175,40704,Titanic
2178,3,2,0.0013774104683195593,726.0,0.9912232530577296,0.44490358126721763,0.5550964187327824,0,0.06975665091503652,,0.0,0.09298415134548658,0.06753010575950723,385.9053555385777,154.04353514524468,9543.061354034535,7494.928181976242,0.5,0.07791810261008789,,,8.824012197038213,,,103.51833333333333,96.24110206706558,3.042475732337362,6.68062541774936,0.004889783988568982,42.582742999999994,18.434442853148745,304.71666666666664,308.45314203835454,45.745598408325684,34.13544556328663,53.77,62.27284881872676,-82.14999999999999,90.99630267214158,0,0,0.0,1,0.0,3,1,,0.004865990346882266,386.8666666666666,256.73963257224887,0.004889783988568982,88.6296534937914,50.31668523867114,,0.8202034223807294,2.170271150532481,0.0009626715248353162,0.0015456066358442622,44.52486493374108,39.07333910776778,9543.061354034535,7461.884534167058,0.9951340096531177,772,quake
2126,36,10,0.016933207902163686,59.05555555555556,2.9133563882773914,0.02492944496707432,0.27234242709313267,0,0.9999999999999996,5.67464084063076e-16,0.0,,,1320.1698182908895,31332.592686425556,46459.67586855883,269896.71406160214,0.1,0.08207275433163869,,,291.67219450691937,,,88.9986111111111,334.1127441204992,,,inf,49.67121833333333,182.12691404162783,264.65833333333336,792.3544352569933,102.60092505487614,312.93746458028187,79.28055555555555,222.82227487964417,24.894444444444446,57.30311357506523,11,0,0.05396825396825397,9,1.0,36,26,,8.999999999999993,239.76388888888889,761.1030852473375,inf,58.411986941981304,210.4225519826883,,,,0.21810254022483297,0.2576337588087887,91.58418234064786,275.4691569365823,46459.675868558836,193636.93742535065,0.0,46863,Fetal_cardiotocography_dataset
2126,35,3,0.016462841015992474,60.74285714285714,0.9742047584137901,0.08278457196613359,0.7784571966133584,0,0.9688883619759384,0.03593120312159878,0.0,0.16656373286016293,0.16763102476513164,1402.717760905005,32240.681321394317,47793.721852809416,273716.9910703851,0.3333333333333333,0.38650317318772354,,,192.35632251970856,,,92.36999999999999,338.44179754210234,17.676318020943445,52.53407083507405,95.00560660096782,51.68343599999999,184.44809088047847,273.5057142857143,802.1952662915083,106.21290686735655,316.7994019245148,82.3457142857143,225.4099446405529,25.60571428571429,57.97824106485804,11,0,0.05378151260504202,2,0.0,35,25,,1.8787803673025998,247.9,770.705356456401,86.90172796393074,60.49882589182836,213.14704170293192,,2.388815785610404,3.4527271303051803,0.18682983969344166,0.22383217158035507,94.90479175996417,278.825566407405,47793.72185280941,196295.99021674646,0.001249614707282196,1560,cardiotocography
2111,16,7,0.007579346281383231,131.9375,2.8025694672574626,0.12884888678351492,0.1662719090478446,0,0.4914259233029375,0.2979528431578164,0.0,0.10550018371406003,0.11060268704397448,0.6088328607018247,3.174691123520812,45.70375905975801,171.51427996236652,0.14285714285714285,0.01271347189640241,7.163085591930081,20.918771737993605,43.40854748041543,6.842736343034383,19.905886018128832,3.4327908125000004,10.378890797024464,4.155480071973871,11.304205760948927,23.831198713368398,2.5162141417874997,8.011128669779978,16.62375,44.210357289516075,8.134257289081006,21.70551627683929,7.9055775624999995,20.73778378800131,3.590625,10.05259864827664,5,0,0.016666666666666666,6,0.0,16,11,,1.8928761122939994,13.033125,34.1725848634545,22.252561884815215,2.48864613760546,6.4918738506157645,,0.33094245492771984,2.315154157745516,0.20007909632914211,0.2269808701175071,8.046406651144435,21.400618525891538,45.703759059758035,171.03012189064003,0.01315241593855392,46597,Estimation_of_Obesity_Levels
2109,21,2,0.00995732574679943,100.42857142857143,0.6211733422304946,0.15457562825983878,0.8454243717401612,0,0.4677233660924389,,0.0,0.7203468143848013,0.22116407577556052,145365.7696732619,1304494.781399771,14549820.294238308,66667325.94677694,0.5,0.4885038312891416,0.7675521309389823,2.0497988226099166,13059.329767597515,0.46878417905216874,1.0602854337503682,136.03,491.2036518288519,31.74211070801197,29.145626866534958,0.2800248176353724,23.379189999999998,69.20610464522122,16869.353333333333,70679.43543063146,285.096916615864,1138.6964242537624,17.240000000000002,46.75545818404521,0.23809523809523808,0.4364357804719847,0,0,0.7904761904761906,1,0.0,21,21,,0.21876514718884163,16869.115238095237,70679.49475173083,0.2800248176353724,915.4550143765099,3794.3840780073606,1.1337233954094552,4.197201110528563,2.014743403578168,0.018697467233422003,0.020748046350336658,42.75609163002217,144.02993618115121,14549820.294238307,66396708.69012809,0.7812348528111583,1067,kc1
2001,1,2,0.0004997501249375312,2001.0,0.7964999003029027,0.24087956021989004,0.7591204397801099,0,0.5469469579640193,,0.0,,,,,,,0.5,0.3664516402251123,2.08643565858969,,0.22229431352249107,2.07282804534574,,0.2200000000000002,,16.90152432857388,,0.42684082317424177,0.14826000000000011,,2.36,,2.0958020989505246,,2.14,,0.58,,0,0,,1,0.0,1,1,,0.29915097482609465,1.7799999999999998,,0.42684082317424177,0.17383891628629136,,,-2.9119694837550814,,0.01736607142857143,,2.124412989175687,,0.03021996881559221,,0.7008490251739053,914,balloon
2000,54,2,0.027,37.03703703703704,0.9999999999971146,0.5,0.5,0,0.5370783632160918,,0.0,0.06375769593772887,0.1420662322232157,14.790941625165456,140.82840362260242,468.1918641237019,1464.6703585070404,0.5,0.0,,,51.44191707790787,,,16.695940062037035,25.659456528606373,43.27232560818365,122.36616757888156,0.40538887302655086,12.182577072536112,18.65442233252569,60.72604429629631,83.03646583645717,24.680276504914858,41.562627413544355,23.60905261111111,39.85441170903104,-13.430262441012964,32.75217918984449,0,0,0.027253668763102725,1,0.0,54,38,,0.28845316823487627,74.15630673730927,80.74695156642103,0.40538887302655086,12.226797574263072,18.01972368062998,,-1.1273838153311595,5.053311323447787,9.344632741779233e-05,0.00032987732450486565,23.886833754765256,40.274193717892295,468.19186412370203,1031.1311529743589,0.7115468317651237,44431,jannis_seed_3_nrows_2000_nclasses_10_ncols_100_stratify_True
2000,50,2,0.025,40.0,0.9999999999971146,0.5,0.5,0,0.7889227069121882,,0.0,0.8346127713669238,0.27255468399402516,2289.517200245419,2615.8616479084817,15006.862755828253,81994.70536073585,0.5,0.0,,,712.1201449025693,,,30.2722061814,110.84600688342054,421.60095079530913,161.05213150474088,1.6482983341214752,19.293094683458822,64.60530047494159,251.29202595267998,853.3212176762934,40.780848796762655,162.96454331178356,35.8736223463,129.9182537037544,-999.0,0.0,0,0,0.8440816326530612,1,0.0,50,50,,0.6223990374816545,1250.2920259526798,853.3212176762934,1.6482983341214752,68.62602148627991,102.50600744363034,,-18.89692002317449,7.671673965295681,3.287638323366429e-05,0.0001592015592592989,37.055984646704694,137.55329321945382,15006.862755828277,78225.1874003715,0.37760096251834546,44415,MiniBooNE_seed_3_nrows_2000_nclasses_10_ncols_100_stratify_True
2000,64,2,0.032,31.25,0.4689955935863958,0.1,0.9,0,0.8249197547006277,,0.0,0.10720046608566283,0.08336768161301175,0.5524602909760284,0.924339635378211,6.491588696071426,13.013808978777876,0.5,0.5656854249492381,,,14.867512793706801,,,2.9604338945312496,2.053828082607276,-0.05149002710927255,0.2534378661819155,2.129817980134788,2.1821022743953122,1.4923378094634052,6.8937249375,3.9036382650627104,0.05308473857031252,0.7394593812893633,0.045688515625,0.7425866571776185,-6.75651453125,3.373929120349617,0,0,0.000496031746031746,1,28.0,64,61,,0.6804926016953439,13.65023946875,7.02328253675116,2.129817980134788,2.1526628330105426,1.3737240030359186,1.2638997425388359,-0.004279234017029029,0.16445839332791817,1.5839566129540248e-06,1.479719587363699e-07,0.04625145872395831,0.7426381850268045,6.491588696071425,9.755558182304318,0.31950739830465613,1020,mfeat-karhunen
2000,10,2,0.005,200.0,0.9999999999971146,0.5,0.5,0,0.5535806212658739,,0.0,0.2849041605406528,0.2782630560933238,213.1085326064437,410.2000232100145,1724.8174837839815,2501.577132731904,0.5,0.0,,,53.52112296985676,,,32.796325,30.783010285234184,3.6436937859099245,5.080967212442239,0.44186023921195017,22.482257594999997,22.39019552158967,195.34419999999997,179.03043153703726,30.75752437,61.12701097126323,29.210249999999995,59.47181522314676,-84.01570000000001,146.8511434785579,0,0,0.22222222222222224,1,0.0,10,8,,0.30645150424111095,279.35990000000004,273.06136271040697,0.44186023921195017,31.87775091182935,28.059984964503474,,0.549072891289494,1.2756046808380157,3.43705128642556e-05,5.4483193175460986e-05,29.551227466666667,59.411999154530164,1724.817483783982,2039.2368933049015,0.6935484957588891,44400,MagicTelescope_seed_3_nrows_2000_nclasses_10_ncols_100_stratify_True
2000,17,2,0.0085,117.6470588235294,0.9999999999971146,0.5,0.5,0,0.4225023315436219,,0.0,,,28.89895644697346,149.28127871465705,11460.723265941793,31776.301047051165,0.5,0.0,,,176.99747801310613,,,33.76470588235294,128.18957124692548,,,0.2172976340609519,24.15765882352941,93.91244811830762,588.8235294117648,1843.7344655377478,41.40261764705882,146.35497758238884,38.911764705882355,148.76662042589115,-34.05882352941177,145.13203927296487,1,0,0.014705882352941176,1,1.0,17,8,,0.1785082201597966,622.8823529411765,1858.5272691822731,0.2172976340609519,42.09820009325964,101.45932123653189,,,,0.2013097121075351,0.2509352792190207,39.081568627450984,148.64567643412718,11460.723265941793,31770.15978867204,0.8214917798402034,44460,compass_seed_2_nrows_2000_nclasses_10_ncols_100_stratify_True
2000,216,10,0.108,9.25925925925926,3.3219280948729355,0.1,0.1,0,0.9270638014263533,0.04816790849949755,0.0,0.24962607000660886,0.1968692547389678,724.1860985179496,1725.1678665991856,4581.543057130416,28058.77938292361,0.1,0.0,308.9061670678106,348.44912811285946,1207.0819047396908,304.2240827859103,345.87727104376927,69.26041666666667,66.23977021722096,-0.3200812124026754,0.5393288166895035,89.28822582027875,49.47147916666666,47.52937216736205,474.6111111111111,480.6303193473847,318.27038888888893,346.74519592263925,318.1134259259259,348.94240193106043,188.0601851851852,237.6882090743855,0,0,0.11119724375538328,9,1.0,216,131,,7.753586806509455,286.5509259259259,267.6121754783495,24.89475597202987,49.581313183956304,46.185625019164064,,0.02751918990868509,0.4249703134101653,0.018878346760377675,0.018914304438202193,317.9185185185185,348.0111192226217,4581.543057130418,5584.125415981536,3.2064386956221656e-09,12,mfeat-factors
2000,240,2,0.12,8.333333333333334,0.4689955935863958,0.1,0.9,0,0.8459816543469959,,0.0,0.1721473682893496,0.15861344453160758,1.0744490332945413,1.0887482357619005,6.141880871685842,23.76036799255328,0.5,0.5656854249492381,0.0,0.0,27.045291950109664,0.0,0.0,4.491666666666666,1.9852840751729424,-0.8309617817639957,1.8626715535469442,2.517225111313578,1.0717962499999998,1.4974875971526596,5.866666666666666,0.4914896378930144,3.0262708333333332,1.1379328297782645,3.30625,2.428682016837967,0.0,0.0,0,0,0.04926778242677824,1,0.0,240,46,,0.7156849594916801,5.866666666666666,0.4914896378930144,2.517225111313578,2.4461201420314316,0.3987979290545712,,-0.03631580571346851,0.963339798339871,0.1462000841690686,0.013985842742795903,3.1365937500000003,1.6815828781779198,6.141880871685843,1.7348716186541544,0.2843150405083199,1022,mfeat-pixel
2000,8,2,0.004,250.0,0.9999999999971146,0.5,0.5,0,0.4579853730029749,,0.0,0.17059654550146017,0.1758746271564497,0.0062508597530144035,0.007147988111119403,0.527338298906563,1.3842826243468522,0.5,0.0,0.10712352962801415,0.1821468229916257,0.17181502626368847,0.09678674983558544,0.16513614122360215,0.7374193125,1.3481708175966265,241.52303597615546,628.011009389559,0.26542329849906937,0.5406779965124999,1.0023135483008758,1.5698501249999999,1.7910956206685684,0.676387152125,0.9527631864489352,0.6634146875,0.9637896800216372,0.011999,0.026092174727300906,0,0,0.07142857142857142,1,0.0,8,5,,0.20975060188467406,1.557851125,1.796491182520482,0.26542329849906937,0.3892454770538865,0.6553744905447183,1.208238904323982,6.267679946242927,14.505565466239393,0.020723230709194455,0.04966440149816655,0.6738177770833333,0.946801686162772,0.527338298906563,1.384027328640885,0.7902493981153259,44433,electricity_seed_0_nrows_2000_nclasses_10_ncols_100_stratify_True
2000,54,2,0.027,37.03703703703704,0.9999999999971146,0.5,0.5,0,0.6259902358324745,,0.0,,,551.7536947259442,15210.14380235943,82327.30640904709,433722.14488657314,0.5,0.0,,,345.12494913871444,,,89.12962962962963,377.1216576538111,,,0.6443684152971175,63.641977777777775,270.4882627556516,376.1111111111111,1393.5861120046825,161.48283333333333,594.4630599353964,149.91666666666666,559.188948979124,43.592592592592595,302.9969498892823,35,0,0.005590496156533892,1,9.0,54,41,,0.39186377535759703,332.51851851851853,1323.727680207945,0.6443684152971175,67.00517044890184,281.613649811115,,,,0.4916033713013376,0.2975244360184061,152.4066975308642,566.1894215976781,82327.30640904712,419063.68506255135,0.6081362246424029,44443,covertype_seed_0_nrows_2000_nclasses_10_ncols_100_stratify_True
2000,6,10,0.003,333.3333333333333,3.3219280948729355,0.1,0.1,0,0.6018713397624926,0.3431770426417813,0.0,0.5727573352912986,0.32130961022416693,6498.553949737279,23504.324454505186,2353407.43487324,5764630.132249049,0.1,0.0,860.9859275544521,2033.4180227197583,2168.300552755149,695.1521016090242,1628.2990501698819,1006.6428627587497,2443.6534248376806,-0.540357257851879,0.412796555442899,44.991327575540026,708.3668575965311,1721.292533755333,2969.839272355,7154.2448875066675,1052.6997316402774,2500.4761690402534,901.6869907466667,2133.7224857773595,256.69782190666666,580.8272604590048,0,0,0.7333333333333333,6,0.0,6,1,,2.7623470707467823,2713.141450448333,6574.397169899063,39.959864183757595,630.9070825140196,1531.8082209363765,,0.5307700993518086,0.36634179516513604,0.1069700579873133,0.13428191820603494,960.9828335317335,2278.1421325409597,2353407.4348732415,5764339.809215965,0.001517595880891978,18,mfeat-morphological
2000,14,2,0.007,142.85714285714286,0.7942078077159068,0.2395,0.7605,0,0.47580981522728183,,0.0,0.06602984696070426,0.08421970855433436,245553.57561753687,2160934.324407015,805037119.7725309,3003266796.8011084,0.5,0.3684026329981912,11351.731160716272,42449.88937406541,5356.414699863555,8965.225724444299,33522.590628886464,7976.839285714285,29833.936017950185,22.03122128430984,66.72776670890606,0.29264931650087567,6099.9459,22814.520096067194,81166.57142857143,275307.2861515109,13539.978607142855,50350.66641906544,12669.392857142857,47362.21999579353,1419.0,5303.945164468832,1,0,0.01098901098901099,1,0.0,14,10,,0.22639498026662008,79747.57142857143,270028.6637504973,0.29264931650087567,8002.433365134916,28248.859092179413,,0.8969753620463495,4.464655410840214,0.10327957079490695,0.13108745429104776,12551.546071428573,46921.021826676944,805037119.7725313,3003255891.878302,0.7736050197333799,44723,adult_seed_0_nrows_2000_nclasses_10_ncols_100_stratify_True
2000,100,2,0.05,20.0,0.9999999999971146,0.5,0.5,0,0.5501407115150287,,0.0,,,557.2607646373691,1268.517790150242,8599.791176365681,14939.739465322089,0.5,0.0,188.866777590184,232.54433954358456,218.08134289984554,179.54574922730214,228.22923774995425,109.5,57.26295010340853,,,0.4340100190503133,73.507308,43.00594886893334,731.99,227.77875562736642,273.253845,202.702882995495,264.89,213.48202181065187,41.86,75.5739012189694,0,0,0.032929292929292926,1,6.0,100,96,,0.3026548024662621,690.13,212.86628111648787,0.4340100190503133,86.03210491554188,34.79039836435305,,,,0.034347117439817484,0.17079524734210916,266.97523333333334,210.24361608261592,8599.791176365683,5591.120526732757,0.6973451975337379,44685,christine_seed_2_nrows_2000_nclasses_10_ncols_100_stratify_True
2000,36,2,0.018,55.55555555555556,0.1093298240714966,0.0145,0.9855,0,0.708029279276215,,0.0,0.6317536443257228,0.2287562934322279,130.17541154466122,56.84929615772364,202.9640529709299,853.4778731018454,0.5,0.6866006845321376,84.48191598098948,10.179549904090297,129.7685648071974,83.17142492486656,10.005720156577006,22.916666666666668,3.2754498055338033,-0.4743979466262952,0.3859356472665554,1.005235510752591,15.958541666666669,2.9783348667502114,128.19444444444446,16.938239821597996,85.71258333333333,10.32458860577851,86.22222222222223,11.417057692295609,43.388888888888886,12.045812023337707,0,0,0.734920634920635,1,0.0,36,18,,0.5013054603123964,84.80555555555556,18.57005184152229,1.005235510752591,14.147675187329948,1.6992791037090946,35.007903184126285,-0.13194956175689332,0.18390128100373432,0.01645238921178234,0.0028212197552213375,86.16615740740741,10.768566142112638,202.96405297092988,47.11547290445448,0.4986945396876036,44693,Satellite_seed_0_nrows_2000_nclasses_10_ncols_100_stratify_True
2000,100,10,0.05,20.0,3.3219280948729355,0.1,0.1,0,0.7146293163976423,0.19113160499153695,0.0,0.22261141702631126,0.18365091260521232,1472.946522076543,1481.1775883808098,6023.050852308654,21084.211270489068,0.1,0.0,0.0,0.0,666.5630737034568,0.0,0.0,118.3775,74.8168006219394,56.44370330021043,255.6093702641908,21.555972199842007,55.145306999999995,54.73990278930975,246.33,30.011800709357342,80.20075499999999,48.2433887818742,66.39,68.70404175545536,0.0,0.0,0,0,0.08787878787878788,9,0.0,100,29,,4.888505862107781,246.33,30.011800709357342,9.618702926784252,73.13029788739682,26.11184922421895,,2.504208951326061,6.9831820796419075,0.00962672610146245,0.023099207853949432,71.56308333333334,58.36272944242736,6023.050852308654,2870.9641807573666,0.00016639239614363581,44699,Fashion-MNIST_seed_1_nrows_2000_nclasses_10_ncols_100_stratify_True
2000,42,3,0.021,47.61904761904762,1.2182196667429772,0.0955,0.6585,0,0.23012295857260234,0.07277310918617827,0.0,0.08465659520270492,0.10043995896519581,0.024777167910319853,0.03996209757680591,0.29013478167655243,0.39604492093106664,0.3333333333333333,0.291483418625028,0.0,0.0,0.6270468216378758,0.0,0.0,0.40476190476190477,0.7005058732896938,115.2430410381816,266.7316469248822,0.11908959814325937,0.17650000000000002,0.48595190216678047,1.9523809523809523,0.21554026870452117,0.2857142857142857,0.32728970427229764,0.11904761904761904,0.32777006756156785,0.0,0.0,2,0,0.016260162601626015,2,0.0,42,30,,0.11120907754503874,1.9523809523809523,0.21554026870452117,0.08611600773027611,0.4671001054949259,0.2714907118374236,,6.494427957567387,8.478177705990209,0.34094031142555403,0.03594134879181611,0.16956349206349208,0.3326548093109399,0.29013478167655254,0.2531257277587617,0.8913218790323518,44703,connect-4_seed_0_nrows_2000_nclasses_10_ncols_100_stratify_True
2000,47,2,0.0235,42.5531914893617,0.4689955935863958,0.1,0.9,0,0.8689947712967397,,0.0,0.25776734851971095,0.21297227882951322,386.544603552051,828.0089360462304,2910.438618563158,7370.016572323956,0.5,0.5656854249492381,76.10954925369354,100.61616211219942,522.6489610458653,59.27453951992372,97.41204770753947,56.50728720212767,51.869853778649436,0.7268302798514993,1.4168756836384908,3.0841650444492408,40.98755704255532,37.670969908942645,221.2252379361703,207.45851053182733,88.6364294204149,105.16803471828798,83.48502914893616,103.6820340817505,13.034599617021277,49.82700291654951,0,0,0.1267345050878816,1,0.0,47,40,,0.7551519125410731,208.19063831914897,186.03906121932724,3.0841650444492408,40.12545292131791,36.45073279571317,,0.7896442252998638,0.486930643770784,5.673782607225177e-06,7.843530016749686e-06,84.67692959725177,104.00831986648669,2910.438618563157,3886.0292163685854,0.24484808745892692,995,mfeat-zernike
2000,32,5,0.016,62.5,2.1931881124877726,0.101,0.299,0,0.2815120345901807,0.1629767375418754,0.0,0.10961067803731946,0.16541076510219468,3.520636056351867e-06,1.1250951235959529e-05,4.1989259387992836e-05,8.334615309254938e-05,0.2,0.09201154818825732,,,0.019022991917821322,,,0.002865385,0.0035069461281409873,82.294465446315,113.07991354299205,0.48259144019812,0.0018132832738124998,0.0020675344096867804,0.056844640937499996,0.036526210151201,0.001274191133125,0.0029539340862031007,0.0006776215625,0.0016470366323380937,-0.033301370625,0.0305152234530368,0,0,0.04233870967741935,4,0.0,32,32,,0.3966803534157924,0.0901460115625,0.050758595861811716,0.3000371609491784,0.005268286411996505,0.003833222199754057,1.507801264975913,1.8190410896814737,4.768319471938542,4.435062849578873e-06,5.977857381239902e-06,0.0008086878736979166,0.0019496975818568958,4.198925938799286e-05,5.007421408494524e-05,0.6464238726807975,44668,GesturePhaseSegmentationProcessed_seed_0_nrows_2000_nclasses_10_ncols_100_stratify_True
2000,76,2,0.038,26.31578947368421,0.4689955935863958,0.1,0.9,0,0.9405902315625039,,0.0,0.1458906656885999,0.10352045437465418,0.0007167773310459778,0.0009834523548198735,0.00552028263063264,0.01212796071717674,0.5,0.5656854249492381,0.11176990483717657,0.058905303057292274,0.7466477378071972,0.08415981410708935,0.04566598360917225,0.09598725328947368,0.05310491502613001,0.11259564899770162,0.6362908781610436,7.673777940074047,0.06997288713947368,0.03795015752638636,0.38195135526315793,0.1499647226849216,0.13203208900657895,0.06846331758017192,0.12622769078947366,0.06987197816850314,0.003192171052631579,0.0024792379495221666,0,0,0.00631578947368421,1,0.0,76,69,,0.8847099837108047,0.3787591842105263,0.14835346491050444,7.673777940074047,0.06710795178586791,0.03209926546783864,2.325678541956673,0.5438839999849743,0.24881239099742206,4.114434924115441e-06,1.2858531638960343e-06,0.12739266081140355,0.06888200695011973,0.005520282630632641,0.005878873495049667,0.11529001628919534,971,mfeat-fourier
2000,100,2,0.05,20.0,0.8628371359301492,0.2855,0.7145,0,0.8402127797255282,,0.0,0.18480153908981684,0.20594177308837353,0.012460720820269647,0.025678368964135716,0.10570921694940554,0.32828316305010125,0.5,0.3033488091290289,0.21368542500903343,0.37092640798479193,2.1220329228440207,0.19105905173250307,0.34888900789799204,0.2465726175,0.423491110607664,14.060721069361016,23.221912852322582,2.4008690979744736,0.061785486923999995,0.19402650002600788,1.17,0.3775251680686369,0.779929843015,0.3012506045809783,0.7577627899999999,0.3965910169267082,0.06860759000000001,0.21999586859840242,13,0,0.0707070707070707,1,0.0,100,76,,0.705957515214099,1.1013924099999999,0.4631259411346774,2.4008690979744736,0.2607226471350987,0.19522822236642928,,-1.9529473888630335,2.920875373728155,0.1629024608097727,0.1788816010699913,0.7781728237416669,0.35984409680982093,0.10570921694940559,0.1622292708506646,0.29404248478590095,44713,nomao_seed_0_nrows_2000_nclasses_10_ncols_100_stratify_True
2000,30,2,0.015,66.66666666666667,0.9906049558709309,0.443,0.557,0,0.8402937449824988,,0.0,0.11940563757856446,0.17492393902370312,0.024159810939952734,0.03587089127718272,0.26586743371685834,0.3211019143317569,0.5,0.08061017305526645,0.0,0.0,1.9495114910757236,0.0,0.0,0.4666666666666667,0.6288102248298565,1.1696425850808019,3.4215848409494285,2.4024435148697534,0.14826,0.452383627710696,1.2666666666666666,0.4497764451088036,0.7575666666666667,0.31032504464405275,0.8666666666666667,0.5074162634049248,0.0,0.0,22,0,0.059770114942528735,1,0.0,30,18,,0.7060935778567127,1.2666666666666666,0.4497764451088036,2.4024435148697534,0.48071092957513184,0.18969422556024493,,-0.7783840589828308,1.584770759626648,0.45528319715413257,0.07500024097195325,0.8013611111111111,0.4188499971147356,0.2658674337168584,0.216985390258546,0.2939064221432873,44677,PhishingWebsites_seed_4_nrows_2000_nclasses_10_ncols_100_stratify_True
2000,20,2,0.01,100.0,0.9999999999971146,0.5,0.5,0,0.7316471388623079,,0.0,0.055908114672916176,0.1213280097632316,7463.81756566836,55846.12935675479,529060.5828340796,966556.5049603148,0.5,0.0,,,558.8895614546758,,,591.3125,868.9185537925865,0.9178289501805551,1.4765131312885982,1.1519608710100173,412.19986499999993,612.5782319303939,2166.1,2918.356691521338,855.2613249999998,1097.0584086266815,784.35,1020.4408116103549,123.15,429.9941584670534,0,0,0.031578947368421054,1,0.0,20,17,,0.5353075358054012,2042.95,2889.2809791219315,1.1519608710100173,418.75171875980607,610.1833899219305,1.0477684620925434,0.114418831701086,1.0030111470117264,0.004594381235289825,0.005250524467302271,802.6088333333335,1037.999464887086,529060.5828340795,933311.2001079204,0.46469246419459875,44678,sylvine_seed_0_nrows_2000_nclasses_10_ncols_100_stratify_True
2000,36,2,0.018,55.55555555555556,0.9986030202349242,0.478,0.522,0,0.7996896237101515,,0.0,,,0.010698141531083,0.017927026247618185,0.13215252765271526,0.1529915372638293,0.5,0.03111269837220812,0.0,0.0,0.7675319527083558,0.0,0.0,0.3888888888888889,0.49441323247304425,,,1.7739519915016584,0.0,0.0,1.0,0.23904572186687872,0.261625,0.26615101446359357,0.16666666666666666,0.37796447300922725,0.0,0.0,34,0,0.011111111111111112,1,1.0,36,21,,0.6395034942696837,1.0,0.23904572186687872,1.7739519915016584,0.3322433150534972,0.14962893734446697,,,,0.5090137661423303,0.08863508746357829,0.20905092592592592,0.31565578957336055,0.13215252765271523,0.08794855805559486,0.36049650573031633,44645,kr-vs-kp_seed_2_nrows_2000_nclasses_10_ncols_100_stratify_True
2000,20,2,0.01,100.0,0.5881537361426581,0.1415,0.8585,0,0.45099013036932484,,0.0,0.04383321080156935,0.1568623467151544,43.68453358229996,185.8089836988922,105848.85399828533,470718.80767658126,0.5,0.5069955621107547,96.06818011927909,408.83320915365255,92.77244488587759,25.85034655973872,100.3456917289464,146.03574999999998,555.8938293120109,0.450823837737523,1.5756215270494456,0.25532272163116027,108.03150224999997,414.333142111384,355.008,1100.3984255407818,179.46024949999997,550.0884962667146,180.43475,556.4033962529132,0.1,0.30779350562554625,2,0,0.02631578947368421,1,6.0,20,16,,0.20339209769054062,354.908,1100.1823063216195,0.25532272163116027,87.88774844863477,321.3861387488738,1.0176419902903167,0.35513637627642414,0.763420653666232,0.0785267751648269,0.16237055678610043,178.89967416666664,549.1918245279581,105848.85399828533,470718.0375429994,0.7966079023094593,44661,churn_seed_3_nrows_2000_nclasses_10_ncols_100_stratify_True
2000,100,2,0.05,20.0,0.9947819701557599,0.4575,0.5425,0,0.42477020423181755,,0.0,0.09122062495212813,0.11998592213611438,0.0018806796719676312,0.004306831048299841,0.03722362124655585,0.07904859153791412,0.5,0.060104076400856514,0.0,0.0,0.2622443328978689,0.0,0.0,0.0776823397675,0.25592412943578086,150.92415917029285,228.81733816170515,0.22015162362012647,0.004090570836197999,0.018266109087018673,0.9049351919599999,0.21530723520481718,0.060745333438494996,0.10710842054268939,0.01603303473,0.10362578852473434,0.0,0.0,51,0,0.016969696969696968,1,0.0,100,93,,0.18042972640313998,0.9049351919599999,0.21530723520481718,0.22015162362012647,0.1406737266315748,0.132705049579813,,9.118888785439976,7.377236172706424,0.34009562826148965,0.17663510368290547,0.027141762544691667,0.09389858007264242,0.03722362124655585,0.0635647667856764,0.81957027359686,44657,Bioresponse_seed_4_nrows_2000_nclasses_10_ncols_100_stratify_True
2000,21,2,0.0105,95.23809523809524,0.6209879183493349,0.1545,0.8455,0,0.4690860179357727,,0.0,0.7197665789330553,0.2202822352238404,148331.46656338338,1333751.1812598365,14893415.220622838,68241652.18475488,0.5,0.4886107857999044,0.7653395632795356,2.038413106334869,12910.551027390475,0.46676672837110267,1.0517873083173186,136.0805952380952,491.4550005016385,32.0485453215134,29.192989430508852,0.28211981336534164,23.379189999999998,69.20610464522122,16869.353333333333,70679.43543063146,286.22378714285725,1143.379914885361,17.240000000000002,46.75545818404521,0.23809523809523808,0.4364357804719847,0,0,0.7952380952380953,1,0.0,21,21,,0.22004169222284006,16869.115238095237,70679.49475173083,0.28211981336534164,925.9798409536522,3838.9810344033754,1.135215162895852,4.220963022657597,2.0287904775448795,0.018794065140442198,0.02075623143809256,42.63340436507937,143.61537901749935,14893415.220622841,67965301.43344642,0.7799583077771599,44629,kc1_seed_1_nrows_2000_nclasses_10_ncols_100_stratify_True
2000,100,10,0.05,20.0,3.3214320931024446,0.096,0.1045,0,0.3684886024754281,0.13173315224583218,0.0,0.07735248215174112,0.115489093029823,2982.4380813802354,5078.249175689492,38675.4583814232,60913.93270068531,0.1,0.002768874620972688,255.80417513194126,209.39654968153795,704.2507833757743,229.76229098683015,190.3784714785149,280.915,90.75388671867147,-0.2240470934843022,0.6992800472642232,1.8161403126157318,172.16692500000002,49.33021833855768,874.61,38.27410312073909,388.212955,103.80608379699216,347.315,141.10741046408154,53.91,55.537064700572316,0,0,0.016363636363636365,9,0.0,100,43,,1.3608836385936356,820.7,79.33135979210647,0.6542276608089482,192.24444440803052,41.65190011879346,,0.45812696381056356,0.6058722772852944,0.0013640799421341199,0.0005544347422428994,365.72321666666664,123.89543860681894,38675.45838142321,15577.965823969862,0.21036574506364406,44740,robert_seed_2_nrows_2000_nclasses_10_ncols_100_stratify_True
2000,100,2,0.05,20.0,0.9709505944517833,0.4,0.6,0,0.2372566041476718,,0.0,0.08148053931951918,0.07056850337500772,0.05517943550077668,0.07174072456078526,0.6666410518783559,1.0220401817531157,0.5,0.14142135623730948,,,0.41214903740695036,,,0.5893356,0.4508009407720099,21.60833867576878,53.20462753979195,0.05964834296506173,0.15397790264849998,0.2096925532176117,5.899940900000001,1.8796784336614358,0.44688601276277545,0.2588985235010284,0.0993955525,0.1432345359425163,-0.024515600000000002,0.14123693797704379,0,0,0.00020202020202020202,1,0.0,100,100,,0.05629069621168504,5.9244565,1.8172847040879063,0.05964834296506173,0.7633644316660413,0.29114159897214636,1.0361675080655688,3.24437564315492,2.536990161542006,0.0017242142947539484,0.004094001406235111,0.1906259052306258,0.1798943253958317,0.6666410518783557,0.47488939893813004,0.943709303788315,44748,guillermo_seed_0_nrows_2000_nclasses_10_ncols_100_stratify_True
2000,100,2,0.05,20.0,0.9999999999971146,0.5,0.5,0,0.5524626538559685,,0.0,0.051608683815084155,0.12449539102300901,259070.26049238842,6024894.880890861,195533765.93970773,921379871.8899057,0.5,0.0,,,55889.41462892793,,,2959.4152816375004,13649.567665950506,89.77628264969438,296.309651850603,0.43929413679828316,2145.59743112421,9916.606611458956,41506.02183928999,182997.0068202596,6236.355012925464,28719.071028695118,5836.29554899,27171.56367151837,324.81214454999997,1242.5007247015003,0,0,0.02383838383838384,1,0.0,100,78,,0.30521498390557966,41181.209694740006,182272.9291702056,0.43929413679828316,3205.0817442451294,13679.639701986896,1.6068594806000205,2.2107961364853166,7.949488669740824,0.000995740252650262,0.004166695781033392,5867.55093474959,27218.4725452584,195533765.9397078,919404673.7273331,0.6947850160944203,44566,philippine_seed_3_nrows_2000_nclasses_10_ncols_100_stratify_True
2000,48,2,0.024,41.666666666666664,0.8080927832216733,0.248,0.752,0,0.6206663060496749,,0.0,,,11.758554844576544,135.33900289748541,1668.5181134160823,5361.570125916592,0.5,0.35638181771801997,31.33384581845684,117.0505475494914,168.60857011599663,28.374155459643987,107.64203270500599,12.458333333333334,48.07748990391442,,,0.6266157631962226,6.9188,26.416129252844343,116.64583333333333,312.77423640861616,34.00055208333333,123.00929851343965,32.541666666666664,120.73233245196077,5.708333333333333,28.5351282825098,39,0,0.0070921985815602835,1,3.0,48,39,,0.3852266634653487,110.9375,297.32140401799876,0.6266157631962226,14.016314816174742,38.773463604475964,,,,0.4715787447344457,0.20992973078008723,32.87173611111111,121.82960456982723,1668.518113416083,5278.387822017449,0.6147733365346513,44568,ada_seed_0_nrows_2000_nclasses_10_ncols_100_stratify_True
2000,16,7,0.008,125.0,2.80735311777559,0.1425,0.143,0,0.664313805800846,0.3126188627479209,0.0,0.30782744373720206,0.34840479967475757,201.38559521087052,450.6060876673375,806.4995656017661,2170.9440973756773,0.14285714285714285,0.00024397501823713352,,,40.93705696480267,,,18.978723921875,21.684068776710962,48.92625715640028,111.69213181769383,42.19366449893495,11.89106097795,13.059420854560889,206.112119625,395.0718751183571,13.080851279829503,19.381676418046506,7.38570590625,13.105164727225208,-6.190261250993412,14.528728794228332,0,0,0.30833333333333335,6,0.0,16,15,,3.136529762194642,212.3023808759934,392.2819913349292,24.296806329894824,21.31052965898285,19.386892926383812,,3.8540313201711003,5.326286118161136,0.04275927932446906,0.1133041934315513,8.950572395989584,15.148616602544763,806.4995656017664,917.8447506024808,0.0003902465101835565,44633,segment_seed_0_nrows_2000_nclasses_10_ncols_100_stratify_True
2000,100,2,0.05,20.0,0.9999740313305654,0.497,0.503,0,0.3197561187249367,,0.0,0.018513767776394255,0.021488984513785482,12.63309328997832,90.9847284016626,891.4033781790896,1727.30036935026,0.5,0.004242640687119289,487.9667707195306,9.19098902360229,34.0292616815092,487.04823990695456,8.747236468244639,33.17,26.177832012771585,0.07056579070623664,0.19392405894095477,0.11388837575849889,24.559269,19.367073433201234,573.7,64.86201359872209,488.87373999999994,9.844578671255844,488.75,9.751327285984397,405.42,50.547943038807674,0,0,0.0006060606060606061,1,57.0,100,98,,0.10224397546203581,168.28,113.16333774726252,0.11388837575849889,24.33693770596395,17.382123676646124,1.0260483195523848,0.036618276287828856,0.060083327750958246,0.013902628042150905,0.020220611911574805,488.74224166666676,9.73910108967983,891.4033781790895,1462.8575521566238,0.8977560245379642,44558,madeline_seed_0_nrows_2000_nclasses_10_ncols_100_stratify_True
2000,100,3,0.05,20.0,1.4799566236625536,0.24,0.519,0,0.7511049709115301,0.049216405456629315,0.0,0.03343658827197426,0.04278524064932165,0.006248564888504858,0.008134394707827822,0.18622323911955982,0.1044570353532002,0.3333333333333333,0.1607928273690507,0.0,0.0,1.3372259913682936,0.0,0.0,0.4925,0.5005741652837219,-0.5695459420709835,0.5825599983973184,2.669167036414915,0.0,0.0,1.0,0.0,0.252405,0.05091673213307301,0.02,0.14070529413628965,0.0,0.0,100,0,0.0,2,0.0,100,51,,1.130739609222092,1.0,0.0,1.6153951192965628,0.43093703432850866,0.02284138463911147,,1.1629688922949948,0.2811258688210831,0.4997498749374688,1.1158161231197418e-16,0.0897,0.08174389257347593,0.18622323911955976,0.01978168159724084,0.1861703348795473,44638,dna_seed_0_nrows_2000_nclasses_10_ncols_100_stratify_True
2000,100,2,0.05,20.0,0.9999999999971146,0.5,0.5,0,0.6769699602838446,,0.0,,,0.006258941059984386,0.01774635736882282,0.14850570676413105,0.2666050272135841,0.5,0.0,,,1.6264377317492253,,,0.25410814000000004,0.42831777148141825,,,0.8460004649630414,0.010333240154999996,0.056386936840970146,1.4446550999999999,1.8801469168757425,0.139202484719,0.24669612323325102,0.036002295,0.30076851412648564,-0.04354655,0.19883017621092677,93,0,0.01090909090909091,1,1.0,100,75,,0.45828832712671014,1.48820165,2.073206398681536,0.8460004649630414,0.33400715318186036,0.19317895714156696,,,,0.47521354447979985,0.12887807514238128,0.07017236464166667,0.26709727023903373,0.14850570676413105,0.18887521943597788,0.5417116728732898,44527,jasmine_seed_4_nrows_2000_nclasses_10_ncols_100_stratify_True
2000,7,2,0.0035,285.7142857142857,0.9914126182565173,0.4455,0.5545,0,0.19193834108073238,,0.0,0.05629502320194804,0.0809587425115966,2807.319408156459,10548.298267212322,637503.572393161,1648470.207485093,0.5,0.07707463914933367,338.70694129805963,584.1155535323007,124.60802261768269,153.83505115462927,252.7262588997625,555.4285714285714,1156.7804253102454,-0.36780307509840476,1.8100447099904455,0.03824944897613792,350.21129999999994,694.5834448827511,1473.4285714285713,2840.030449199612,522.9716428571429,926.8165611941374,434.92857142857144,711.4583864951525,6.571428571428571,11.311603818750944,0,0,0.0,1,0.0,7,1,,0.036840326776823556,1466.857142857143,2840.7356106339444,0.03824944897613792,364.9559345019006,767.0479306900187,,0.30495333240997236,0.6572759642342616,0.030191014911477836,0.05321872698618276,459.8908333333334,775.165971666624,637503.5723931609,1648228.4672827478,0.9631596732231764,44528,airlines_seed_0_nrows_2000_nclasses_10_ncols_100_stratify_True
2000,100,2,0.05,20.0,0.9997915205212675,0.4915,0.5085,0,0.7060025803059493,,0.0,0.05212958896204936,0.08291913380160781,346.68030176760095,745.4056072536043,7149.364190447722,9518.737768381887,0.5,0.01202081528017128,0.0,0.0,211.8284466658138,0.0,0.0,108.7175,113.9117462250066,19.77880407719819,38.45804738503811,0.9937779907011997,30.156083999999993,54.8904797266186,254.91,0.35090071691478936,55.418315,43.81920660951253,20.51,37.51188229256582,0.0,0.0,0,0,0.006262626262626263,1,0.0,100,52,,0.4984396433986584,254.91,0.35090071691478936,0.9937779907011997,77.27570955604098,34.49240734864949,,2.9997759760157128,3.3824612723650325,0.009103358651185807,0.008762189958156995,38.09789166666667,43.865286285095486,7149.364190447724,4799.574819305893,0.5015603566013416,44544,gina_seed_1_nrows_2000_nclasses_10_ncols_100_stratify_True
2000,100,5,0.05,20.0,2.321465030872444,0.191,0.205,0,0.7067698806064839,0.14550194783121503,0.0,0.3106585129457661,0.2706917918441476,0.006130073377087012,0.014740665916843459,0.05149863321272893,0.1793554434297386,0.2,0.005645794895318101,0.19093416806298744,0.15759332173544985,1.317566462658569,0.1457808246502354,0.10847027028691146,0.19845461749999999,0.21203604126398834,6.290030744038054,13.386481722123886,6.2559517708057895,0.13076374028969998,0.14791605564033644,1.0975662200000003,0.7862622963928264,0.244855971476,0.20650870249224693,0.20150478649999998,0.18532001696099842,0.017411701,0.008109725105038513,0,0,0.22262626262626262,4,0.0,100,98,,2.061607106998047,1.0801545190000001,0.780982683697538,3.935726033117105,0.17033290182675134,0.15070653725610075,1.6116758713353907,1.6548018130152025,1.1696987607981708,9.657891344773087e-07,6.939826561002065e-07,0.2114037332166667,0.1904722387408054,0.05149863321272894,0.08176956402522848,0.03772969505499784,44513,dilbert_seed_0_nrows_2000_nclasses_10_ncols_100_stratify_True
2000,24,2,0.012,83.33333333333333,0.9999999999971146,0.5,0.5,0,0.31665995573350914,,0.0,0.08323642857661621,0.1375928569565683,0.03071386535733965,0.04927992014936493,0.5881484419842875,0.4989828209182899,0.5,0.0,,,0.33315955725870106,,,0.9648361038416624,0.6221651919301874,8.906736699179724,17.637848790340126,0.1114489021244272,0.7067644668151697,0.46865530527768434,3.8516515443722406,2.2933519157037012,0.5443214699266389,0.5121051429479493,0.48887022669805447,0.46489308892568115,-0.825490705203265,1.3166652106264654,0,0,0.018115942028985508,1,1.0,24,15,,0.10027352756514797,4.677142249575506,1.8451366958165552,0.1114489021244272,0.7101355995268618,0.2958069974812377,1.02909054050438,1.4990273681450457,1.8436855469386553,6.152285538989421e-05,5.442272863009485e-05,0.5006205861129026,0.4694502908888314,0.5881484419842878,0.41020797295696976,0.899726472434852,44419,Higgs_seed_2_nrows_2000_nclasses_10_ncols_100_stratify_True
2000,32,2,0.016,62.5,0.9999999999971146,0.5,0.5,0,0.4505996931844851,,0.0,0.07374538093591025,0.15247866697280626,3938958.9212024123,84665439.9681746,713560812.9466926,3072692752.0840507,0.5,0.0,,,6041.2246075436,,,10687.453999226562,43184.329736649255,67.7791335662128,131.07357393317318,0.2547682503144189,7897.319255913149,31834.426090755573,47455.00106934375,183805.34753270072,23383.855551899032,93381.85353988559,22889.378079484377,91782.81988920973,5237.21197065625,25225.583759234265,3,0,0.03225806451612903,1,0.0,32,26,,0.20304008349795213,42217.7890986875,166046.84010207685,0.2547682503144189,6696.414235639317,26273.378639153056,1.0926293770462177,4.822490792005592,6.004687064428626,0.10220267144406903,0.14074074772331543,23189.365959485287,93080.46403303515,713560812.9466925,3035131487.7083893,0.7969599165020479,44454,road-safety_seed_1_nrows_2000_nclasses_10_ncols_100_stratify_True
2000,100,7,0.05,20.0,2.7045415020408012,0.061,0.234,0,0.345847429850701,0.09351375273496512,0.0,,,3.573084833751028e-05,7.30646515543582e-05,0.003661303900165905,0.0025706951743975103,0.14285714285714285,0.05760042989257566,0.0,0.0,0.12429948830775424,0.0,0.0,0.0,0.0,,,0.9033083025256735,0.0,0.0,0.95587283,0.1549614330262097,0.005266535943999999,0.0029289919399787634,0.0,0.0,0.0,0.0,4,0,0.00040404040404040404,6,1.0,100,99,,0.7613867781588941,0.95587283,0.1549614330262097,0.28376596951282784,0.05673932237681955,0.021128591294407466,,,,0.11418095042530607,0.14419394081079526,0.0,0.0,0.0036613039001659044,0.002438661076091219,0.4370274296310538,44518,fabert_seed_0_nrows_2000_nclasses_10_ncols_100_stratify_True
2000,8,2,0.004,250.0,0.5336572542977409,0.1215,0.8785,0,0.09527120498693278,,0.0,0.04549996659489853,0.0760459580318119,6.8636447707153305,17.774959046741934,23605.778158179273,66732.23388464587,0.5,0.5352798333582164,,,23.77634651420228,,,94.5698375404955,254.150017105764,-0.7221857805410169,0.9450854250459259,0.009159741835300717,70.61330584559498,189.54396124333124,187.05551315949637,539.6779175414998,87.15462378257008,271.58449460554164,87.98234158681144,274.00754381290386,-10.600666386225736,47.105529226166986,0,0,0.0,1,0.0,8,1,,0.009076602499662165,197.6561795457221,533.1493103249246,0.009159741835300717,56.72328928168892,152.64617017794586,1.0033468021020269,-0.29423314726901567,0.46939974762916936,0.053560508114153,0.052994194762680885,87.38839198063857,271.94387864634297,23605.778158179273,66732.2127988872,0.9909233975003379,44777,sf-police-incidents_seed_4_nrows_2000_nclasses_10_ncols_100_stratify_True
2000,7,3,0.0035,285.7142857142857,1.430686555143612,0.1485,0.5145,0,0.4777761845882035,0.4637627422954185,0.0,0.16666021960103655,0.21546205428025908,2.120052183782368,3.604214568402918,47644.965551986475,126050.22251056538,0.3333333333333333,0.18302754801759577,107.89877275037814,277.6462184155233,58.386527793693766,37.43430020006791,91.38518565427785,144.79,376.89301006165306,-0.9599902890311574,0.37947647463960943,1.8732889088376288,107.384718,279.53138312585673,292.42857142857144,752.9758422735879,146.80228000000002,376.4518027851503,146.7442857142857,376.4773796594399,1.8914285714285715,2.272116697204236,0,0,0.047619047619047616,2,0.0,7,2,,0.6716160462606889,290.53714285714284,753.369351418773,1.8503192033478433,83.7195111411415,217.73533744890196,,0.0913103058017133,0.15078378245073404,0.01312128392698302,0.008637252453428116,146.76653095238095,376.46763043867577,47644.96555198648,126050.22204224108,0.3429602038485578,46752,student_lifestyle_dataset
2000,100,10,0.05,20.0,2.962155246063297,0.0235,0.2195,0,0.4222023480816326,0.20416302280799944,0.0,,,0.0011500653950287233,0.014898700922415147,0.0235059586187481,0.18056059492889664,0.1,0.07351039231141253,,,2.2656764333112767,,,0.0672155901,0.1982013521816719,,,4.4390020132131776,0.04119631100885998,0.13813788855083295,0.49021058000000006,0.7715614361879733,0.12371907538115,0.30824493007747333,0.11190038909999998,0.3118283085259833,0.03721799939999999,0.1639852002429967,0,0,0.07494949494949495,9,15.0,100,79,,1.9377537235875935,0.45299258059999997,0.7645856574539622,2.871367724959206,0.06378140339823615,0.14012220928406044,,,,0.1525414122383595,0.3578057902025555,0.11513645062325,0.3115660960190322,0.023505958618748095,0.10137661836293244,0.06634035364132534,44733,volkert_seed_0_nrows_2000_nclasses_10_ncols_100_stratify_True
2000,100,2,0.05,20.0,0.8112781244562475,0.25,0.75,0,0.3629695277685183,,0.0,0.07055194856540187,0.06375703661709725,0.06439651352630552,0.08223959965130379,0.8857464867810337,1.1675610843199704,0.5,0.3535533905932738,,,0.7893851935728381,,,0.5204695815,0.3745448123675076,16.776729136831033,17.395767283195852,0.1517378685589456,0.079377262398,0.117666512206475,7.7927282,2.6772864477032177,0.4576884759648275,0.22602682762955809,0.04944654999999999,0.08547644900750041,-0.0375749,0.19125602952927528,0,0,0.00040404040404040404,1,0.0,100,100,,0.1317468780885012,7.830303100000001,2.5826355474211655,0.1517378685589456,0.8930865504255223,0.29838437049488925,1.157203302757101,3.268215025363395,1.4872725948263203,0.0008950577176549385,0.0009266945354032332,0.1474106787279625,0.13455668743037777,0.885746486781034,0.5218325866330029,0.8682531219114988,44756,riccardo_seed_3_nrows_2000_nclasses_10_ncols_100_stratify_True
2000,5,2,0.0025,400.0,0.30315159036330663,0.054,0.946,0,0.3806814694035636,,0.0,0.24321950402347392,0.2622864467555993,804.6812517739734,1174.5505192375006,6432.338683139123,10820.83770843959,0.5,0.6307392488184004,167.66595765455855,208.8797630264619,111.67780352958123,160.55220287462308,197.88004138668074,63.10258319999999,90.20850576772227,17.22503146229939,15.166823193660521,0.16947900405307767,46.28076198437999,67.2871331379241,582.0122862000001,402.0590394686009,205.4014601042,194.13955144742496,198.856378,194.01689582464775,59.31816859999999,61.832646248588325,0,0,0.1,1,0.0,5,4,,0.14491838114725636,522.6941176,343.8018566367582,0.16947900405307767,60.25436045925518,59.17929038930414,1.2229698099250617,2.133623233374,2.707695921539727,1.674524321284563e-05,1.7646224651899632e-05,199.54127395066664,194.16441511220702,6432.338683139121,10375.206454693838,0.8550816188527436,44488,wilt_seed_0_nrows_2000_nclasses_10_ncols_100_stratify_True
2000,21,2,0.0105,95.23809523809524,0.9999278640427762,0.495,0.505,0,0.14728224906345969,,0.0,0.2786098183757132,0.2003271066222157,0.023592787765084146,0.016970882852793814,0.08465818439601798,0.1331054508525223,0.5,0.007071067811865481,0.3659882196360136,0.01750046481541255,0.08632147351384656,0.054265105050031,0.03990664821435511,0.5064147378218232,0.021794494444721417,-1.204808117527546,0.04825315983365551,0.02217303981904413,0.3753892171592086,0.01481051017121096,1.0,0.0,0.5021415449697605,0.013922567919225451,0.5030656827987163,0.025603459362721053,0.00021189419752804203,0.00032403755165563193,0,0,0.14285714285714288,1,0.0,21,0,,0.02169206088919097,0.9997881058024719,0.000324037551655631,0.02217303981904413,0.290919169093235,0.00504306678774252,1.0064084184760513,-0.0017565557371722888,0.07241640336632978,0.0006548229243370101,9.766972900374644e-06,0.5021517280316276,0.01965590202076289,0.08465818439601795,0.002936264152095348,0.978307939110809,44493,numerai28.6_seed_0_nrows_2000_nclasses_10_ncols_100_stratify_True
2000,10,2,0.005,200.0,0.9999999999971146,0.5,0.5,0,0.32469853557591016,,0.0,0.12833207908921007,0.2466989622589059,6967.769556066099,39753.92487358719,4113389.7845433587,12558481.991161754,0.5,0.0,4.694840230101603,14.846388377710069,1158.731254753639,4.486086468043939,14.186251019479016,449.471576420575,1409.6963473468654,382.144259451503,610.7746503827085,0.11785443009835131,303.12829950421974,950.9957475754306,18710.8,42429.32275836292,629.3270445606529,1951.2474873144724,505.77545616235,1579.179856477351,2.1,6.640783086353596,0,0,0.06666666666666667,1,0.0,10,10,,0.1054291390051406,18708.7,42430.347067085524,0.11785443009835131,764.2337514378967,1980.2739871336878,,13.441830994135842,14.291701494486754,0.0501877517946878,0.04593848608793155,520.7421131997746,1626.2297063688738,4113389.784543358,12557847.421955824,0.8945708609948594,44347,credit_seed_0_nrows_2000_nclasses_10_ncols_100_stratify_True
2000,13,2,0.0065,153.84615384615384,0.9999999999971146,0.5,0.5,0,0.44903416328471724,,0.0,0.11568242729081951,0.17689216141839292,140375747.72351325,812121231.1627219,6018484203156.442,21699517158753.395,0.5,0.0,,,2797830.1516726795,,,120561.94876730768,427058.969336837,94.57746984368042,175.268643086093,0.2525547102689251,21682.405980286152,74700.28327337641,11991436.662307693,42978366.5675076,215426.54092762774,768758.6370033119,14707.966511538463,50371.19618716853,-0.07933846153846151,2.7390646863295207,0,0,0.05128205128205128,1,0.0,13,11,,0.2016316797968061,11991436.741646154,42978366.52575227,0.2525547102689251,684553.7198363662,2452011.33938362,1.1092537484582112,5.320810726214157,6.07626425823416,0.07916639870514292,0.12605858978150986,36380.7247957577,127666.41502805293,6018484203156.443,21699516957820.867,0.7983683202031939,44227,South_Asian_Churn_dataset
2000,8,2,0.004,250.0,0.9999999999971146,0.5,0.5,0,0.6455566253480386,,0.0,0.13848188389681176,0.21587251691311465,241.19412676515225,940.9228428430893,190562.87131837374,538855.7399897131,0.5,0.0,,,26.964095189186516,,,121.28860858080355,330.06347561202017,271.4414553766418,689.1305664378717,0.7145111182136369,85.68768692512671,233.5061762153395,2116.6651070378152,5736.966054697264,177.09004698337893,520.0671894151187,142.13076500592325,422.2406617238862,-10.052294392130484,47.393218855540134,0,0,0.07142857142857142,1,0.0,8,5,,0.41674335653074784,2126.7174014299458,5730.0706824912795,0.7145111182136369,158.6117821328412,434.78096145335775,1.4868676249238815,8.104575459601069,14.985975822567976,0.002775041224439013,0.006630431535458919,145.9265860630564,432.9215183896458,190562.87131837377,538848.9708533573,0.5832566434692522,44362,california_seed_0_nrows_2000_nclasses_10_ncols_100_stratify_True
2000,11,2,0.0055,181.8181818181818,0.9999999999971146,0.5,0.5,0,0.531744248429783,,0.0,0.24196285873874304,0.16577655557101392,16.10548723413171,90.6321356763709,298.4175229933766,935.3978967848121,0.5,0.0,13.310710280020844,28.008894929499615,10.080885280872177,10.156243658487549,19.872100166651734,9.184267272727272,20.655166641055743,11.23546405042034,23.315048504264173,0.3942177940505513,6.42134142490909,14.883803076965766,71.92765454545456,148.71615737999932,15.683432438030303,33.60207685983939,15.541627272727276,34.38675444423596,2.2287390909090905,2.887172480959371,0,0,0.09090909090909091,1,0.0,11,9,,0.28275194573815476,69.69891545454546,147.5255745256755,0.3942177940505513,7.238465487908396,16.450664254403506,,1.477515306141357,1.7303187899644148,0.007944932212614208,0.00378576262022912,15.613962201010104,34.221769123042144,298.4175229933765,885.1004372462505,0.7172480542618452,44367,wine_seed_0_nrows_2000_nclasses_10_ncols_100_stratify_True
2000,5,2,0.0025,400.0,0.9999999999971146,0.5,0.5,0,0.5478873563109686,,0.0,0.12286563899157166,0.10588838232778215,0.11591493235319847,0.0930308713600785,0.9958939471664283,0.3820059969601914,0.5,0.0,,,1.3022678983032805,,,1.2622404,0.2948911847324259,0.43992455283921067,1.5993251540802025,0.42894000365127916,0.8651233420200001,0.2960884336693165,3.4097286,0.5842311237423936,0.029751855099999995,0.133708985857116,-0.1318783,0.27119448401046065,-2.5408264000000003,0.4166915638572492,0,0,0.0,1,0.0,5,3,,0.3001805552054223,5.950555,0.8917749211516323,0.42894000365127916,0.9941072989308106,0.0977536788241008,1.225447342835403,0.7303620417172183,0.7151434600209978,2.1428130828359843e-05,3.932405336593689e-05,-0.09968861183333333,0.23844984745418016,0.9958939471664283,0.19950157990413825,0.6998194447945777,44407,phoneme_seed_0_nrows_2000_nclasses_10_ncols_100_stratify_True
2000,26,2,0.013,76.92307692307692,0.9999999999971146,0.5,0.5,0,0.7164662847689026,,0.0,0.09883457675126858,0.1341542302429846,17.875392342325007,36.09787579738717,180.03810034825105,304.5469349912145,0.5,0.0,15.665021529598224,33.0745431543039,25.631254144110866,15.14047501288244,32.22686494074276,6.038461538461538,9.929675802283855,46.649829854987765,53.10621259408991,1.054754849187307,1.5966461538461538,5.151655515907931,105.5,53.672525560103836,19.573673076923075,32.485088126998306,15.461538461538462,32.03901467802125,12.73076923076923,29.351058164649114,0,0,0.03692307692307692,1,0.0,26,26,,0.5133239372105542,92.76923076923077,38.1830409394618,1.054754849187307,11.232903524399912,7.484275376425302,,5.420854247061071,3.5782951832830734,0.020408382102915377,0.011941159010737543,16.294102564102563,32.035583357436806,180.03810034825105,225.0907298027688,0.48667606278944575,44382,pol_seed_0_nrows_2000_nclasses_10_ncols_100_stratify_True
2000,20,4,0.01,100.0,1.9999999999942293,0.25,0.25,0,0.4055770276460122,0.4803030646077078,0.0,0.029092877944774827,0.07968918381341102,616.6283314377584,7139.058872650699,87759.08811107426,267624.0802357179,0.25,0.0,213.9891203350306,509.543516607639,1805.4495522934226,183.6728097269375,428.42119501319695,209.3675,468.8335004295235,-1.2195972169411067,0.6193200110590228,11.448203680296448,154.086618,347.4104406616524,516.6,1088.6525423176747,274.24014999999997,586.9482006594151,270.425,586.8011919004508,67.38,159.30275247894625,6,0,0.021052631578947368,3,0.0,20,3,,0.9548602438056345,449.21999999999997,981.7577118831842,11.411984214712142,124.22168762721844,275.9253530521769,1.0229337518945483,0.06310624374766813,0.4210663619181592,0.177612976073233,0.21875683090867143,270.82094166666667,584.3288005000009,87759.08811107429,265708.6474682418,0.07773243142597856,46944,Mobile_Price
1941,27,7,0.013910355486862442,71.88888888888889,2.410690442262343,0.02833590932509016,0.3467284904688305,0,0.5518410128594399,0.2116431530155898,0.0,0.24536863607275167,0.22596425138220672,9021000703.347752,168087348346.3158,242991510502.35696,1211220382472.6643,0.14285714285714285,0.11490875828592285,,,1235066.6003517513,,,129639.66117037035,456248.3446043244,109.18517338767076,344.8947290346772,5.188064369733134,90501.99069904222,323210.9997280625,1398296.8505666668,4014171.0108631146,130102.82519640506,440072.01616560906,90009.40727037039,321145.3702997383,555.4742111111111,1792.1114748896437,2,0,0.1396011396011396,6,0.0,27,15,,2.051135141934297,1397741.3763555556,4012672.292416503,3.206143951619878,150690.09152629809,478284.9240973953,,3.7354669165996084,8.630697218613285,0.05272271463058277,0.14375808130793996,95119.95278837068,337599.6540870525,242991510502.3571,839160474281.1692,0.04904678690183771,44504,steel-plates-fault_seed_1_nrows_2000_nclasses_10_ncols_100_stratify_True
1728,6,4,0.003472222222222222,288.0,1.2057409700064046,0.03761574074074074,0.7002314814814815,0,0.23406350451684374,0.22334305970836774,0.0,0.0,0.0,0.0,0.0,0.9588882455124491,0.3196898309005254,0.25,0.31236529732861545,0.0,0.0,1.5530599328583932,0.0,0.0,1.75,0.27386127875258304,-1.4318166038398064,0.0765924323907515,0.3264876247451546,1.4826,0.0,2.5,0.5477225575051661,1.25,0.27386127875258304,1.25,0.27386127875258304,0.0,0.0,0,0,0.0,3,0.0,6,0,,0.2641214170799106,2.5,0.5477225575051661,0.27694615251597016,0.9675452863745173,0.16520664996386533,,0.0,0.0,0.29125651418645043,0.0456699758429322,1.25,0.27386127875258304,0.9588882455124493,0.3196898309005255,0.746138795066279,44621,car_seed_3_nrows_2000_nclasses_10_ncols_100_stratify_True
1728,21,4,0.012152777777777778,82.28571428571429,1.2057409700064046,0.03761574074074074,0.7002314814814815,0,0.43327489819866755,0.28122788442096297,0.0,0.05000000000000003,0.13350268352050848,0.010124906940193563,0.027677732663195773,0.20249813880387113,0.1359181975604804,0.25,0.31236529732861545,0.0,0.0,1.4174920532265107,0.0,0.0,0.5714285714285714,0.3803194146278324,-1.0260961194829228,0.422088174987071,1.491532868205208,0.0,0.0,1.0,0.0,0.28571428571428564,0.04225771273642582,0.0,0.0,0.0,0.0,21,0,0.04285714285714286,3,0.0,21,12,,0.7213596581789782,1.0,0.0,1.327065066308817,0.4495964489547956,0.019473841060887172,,0.9620389346928023,0.22677446563851122,0.4997104806022003,0.0,0.14327002477291498,0.07034809981555282,0.20249813880387132,0.017617575663130654,0.3670769981284538,40664,car-evaluation
1728,6,2,0.003472222222222222,288.0,0.8810077539328038,0.29976851851851855,0.7002314814814815,0,0.4474233181699081,,0.0,0.0,0.0,0.0,0.0,0.9588882455124491,0.3196898309005254,0.5,0.2831700767251683,0.0,0.0,0.8220468814102837,0.0,0.0,1.75,0.27386127875258304,-1.4318166038398064,0.0765924323907515,0.250293233838626,1.4826,0.0,2.5,0.5477225575051661,1.25,0.27386127875258304,1.25,0.27386127875258304,0.0,0.0,0,0,0.0,1,0.0,6,0,,0.20018762564217082,2.5,0.5477225575051661,0.250293233838626,0.9675452863745173,0.16520664996386533,,0.0,0.0,0.29125651418645043,0.0456699758429322,1.25,0.27386127875258304,0.9588882455124493,0.3196898309005255,0.7998123743578291,991,car
1723,13,2,0.0075449796865931515,132.53846153846155,0.5111395300378649,0.11375507835171213,0.8862449216482878,0,0.2573574028839726,,0.0,0.06998711298097472,0.09016759820067914,2795862.6889244923,24665546.40288373,93635912.04150628,255027515.84221795,0.5,0.5462328065927421,3897.6160244789926,9598.383267335777,3906.709176849723,3251.3273053133544,8074.957051695747,2927.076923076923,7179.945513506568,6.203763759262194,18.762085619342308,0.07093077926390393,1998.3167076923075,4891.703010155488,54013.46153846154,133377.63045741926,4768.270547792312,11644.112654093684,3736.0,9173.336615793987,463.2307692307692,1390.765925299566,3,0,0.0,1,0.0,13,5,,0.06623283281918338,53550.230769230766,132393.62178944136,0.07093077926390393,3759.5711292432975,9280.445304301877,1.0165818119323162,0.8559840687884457,1.846987367932093,0.21036965163894622,0.1987930270231987,3953.2700111482723,9714.098926229219,93635912.04150629,239018312.4267801,0.9337671671808166,46938,Is-this-a-good-customer
1649,104,2,0.06306852637962401,15.85576923076923,0.6242932969189623,0.1558520315342632,0.8441479684657368,0,0.6311728741563055,,0.0,0.0335771927883373,0.057435556526166734,0.15636645674269814,6.013026858128046,14.861867336656449,111.99092188849951,0.5,0.48669872446739326,2.114426779649241,14.614171279481742,23.912575609704326,2.0697264319384323,14.540799296377752,1.2640384615384617,4.614052305524721,168.38451831874926,338.08602477207137,0.6621765655892192,0.8343901730769231,3.5629716119495614,9.867788461538462,37.06245772653935,4.532774233801372,21.18344700161644,4.352884615384616,20.673244266234835,1.4266346153846154,11.726504177064557,74,0,0.003734129947722181,1,0.0,104,90,,0.3983791970707315,8.441153846153847,33.24162393389512,0.6621765655892192,1.1068037787769696,3.710693918986974,,8.56542368348411,9.854963916099598,0.4027790383325478,0.16327397859304116,4.45191599394551,21.161092501381027,14.861867336656443,93.70085718307988,0.6016208029292685,45648,MIC
1600,20,2,0.0125,80.0,0.9999999999971146,0.5,0.5,0,0.09687043668503699,,0.0,0.02158629669954591,0.016650658174051827,0.006455471758664953,0.006374110785811399,0.33097682145090673,0.16407861892077416,0.5,0.0,0.0,0.0,0.12061042658078952,0.0,0.0,0.75,0.4442616583193193,4.068257880556202,11.725092828657472,0.009472772881782445,0.59304,0.7451913653199213,1.9,0.3077935056255462,0.484375,0.28106638743317713,0.4,0.5026246899500346,0.0,0.0,2,0,0.0,1,0.0,20,5,,0.00938388150354976,1.9,0.3077935056255462,0.009472772881782445,0.5489942140892771,0.17646283147451766,1.0136664592368023,1.453261361256638,1.8010639159406598,0.3495934959349594,0.05133099947893202,0.38593749999999993,0.29284136484981976,0.33097682145090684,0.15899692410674096,0.9906161184964503,40647,GAMETES_Epistasis_2-Way_20atts_0.4H_EDM-1_1
1600,20,2,0.0125,80.0,0.9999999999971146,0.5,0.5,0,0.08488146626417695,,0.0,0.020227677396814005,0.015725183339555332,0.005695060235015307,0.0052753653166056555,0.2998893058161351,0.14218726078597338,0.5,0.0,0.0,0.0,0.10046765648705058,0.0,0.0,0.65,0.48936048492959283,2.8559198238856878,9.177415785118113,0.007257150089609824,0.37065,0.6586623346242229,1.95,0.22360679774997902,0.42000000000000004,0.24978543423885777,0.3,0.4701623459816272,0.0,0.0,1,0,0.0,1,0.0,20,7,,0.007204863315156609,1.95,0.22360679774997902,0.007257150089609824,0.52816181413158,0.14844599907523784,1.0168303101466298,1.4274408483044234,1.4171867788519632,0.34125495101104864,0.03729110656660061,0.30640625,0.27408666675141113,0.2998893058161351,0.1378944623347946,0.9927951366848434,40649,GAMETES_Heterogeneity_20atts_1600_Het_0.4_0.2_50_EDM-2_001
1593,256,10,0.16070307595731326,6.22265625,3.321819489672353,0.0973006905210295,0.1016949152542373,0,0.7885360123962192,0.13210318319009587,0.0,0.09666217663910176,0.10628713781835439,0.020139846873916217,0.022734075743129373,0.2092574183101635,0.48729198495023934,0.09999999999999999,0.0012915923299444217,0.0,0.0,4.268807050068418,0.0,0.0,0.77734375,0.4168443248701733,-0.9666594881565196,1.7626815390667212,24.113629897416526,0.0,0.0,1.0,0.0,0.3286252354048964,0.10746975641584226,0.05859375,0.23532283832066558,0.0,0.0,256,0,0.017279411764705883,9,0.0,256,57,,5.735711393683221,1.0,0.0,7.006009344844088,0.4553505374478151,0.0438270409488298,,0.8078584256813712,0.618713381025555,0.4996859296482414,1.6685967037015178e-16,0.22255012408568442,0.16583022979051948,0.20925741831016348,0.03619274012707294,3.0746679011090024e-05,1501,semeion
1563,37,2,0.023672424824056303,42.24324324324324,0.47645497142243703,0.10236724248240563,0.8976327575175944,0,0.4447161833486605,,0.0,0.4058309978022549,0.30066405305806854,12768345.7449518,278742719.08317083,3478069177.695143,21155909590.12625,0.5,0.5623376385251942,4.113456375977849,10.987997983639257,1313.7774634132686,2.0002768775259656,4.589008207548718,356.1205405405405,1884.8013280688172,237.87796436835845,271.6719301621953,0.2465291699944368,142.5463801621622,729.5396305672683,367116.3932432432,2095785.9431279234,1008.1458672684201,5596.584788895956,105.65810810810811,521.827054624411,0.29891891891891886,0.5189454252176758,0,0,0.3408408408408408,1,0.0,37,34,,0.1977724837321994,367116.09432432434,2095785.9966737735,0.2465291699944368,10334.503124329442,58863.5161591177,,10.304517686065175,8.381371453743322,0.016497397299824537,0.02161396725973918,154.927167199148,789.0925519399393,3478069177.6951427,21087816087.78045,0.8022275162678005,1050,pc3
1545,1000,2,0.6472491909385113,1.545,0.2632653956284385,0.04466019417475728,0.9553398058252427,0,0.983569081556492,,0.0,0.09993135448393613,0.08963833937120703,440883.947237383,3886773.5610457975,17338388.92304501,186464973.8339649,0.5,0.6439477288863898,2784.8247230015127,6556.56229398687,63391.7730068511,2376.4649874679085,6028.172556444875,1808.8008,3619.8059993336897,58.35029578890018,154.9088123638257,29.682506140605387,1225.1991423,2508.8128752087796,24949.8982,80667.46762786452,3281.3947602589,7077.592648052085,2845.8113,6703.640986511609,222.2995,853.4859458535446,0,0,0.0034614614614614614,1,0.0,1000,1000,,0.9674081381938813,24727.5987,80421.51945099243,29.682506140605387,2021.4080188797511,3642.192211891351,,4.247514508481951,4.9490897295112095,5.3572870426161244e-05,0.00012582325455076678,2919.596347249191,6754.250781527452,17338388.923045006,139527163.4535249,0.03259186180611873,1146,OVA_Prostate
1545,1000,2,0.6472491909385113,1.545,0.40762917285169176,0.08155339805825243,0.9184466019417475,0,0.9646783902508276,,0.0,0.09993135448393613,0.08963833937120703,440883.947237383,3886773.5610457975,17338388.923045013,186464973.83396494,0.5,0.5917728595949553,2784.824723001513,6556.562293986871,51623.41650315705,2376.4649874679085,6028.172556444875,1808.8008,3619.8059993336897,58.35029578890018,154.9088123638257,13.410134810412702,1225.1991423,2508.8128752087796,24949.8982,80667.46762786452,3281.3947602588996,7077.592648052085,2845.8113,6703.640986511609,222.2995,853.4859458535446,0,0,0.0034614614614614614,1,0.0,1000,1000,,0.930604396616928,24727.5987,80421.51945099243,13.410134810412702,2021.4080188797511,3642.192211891351,,4.247514508481951,4.94908972951121,5.3572870426161244e-05,0.00012582325455076678,2919.5963472491912,6754.250781527454,17338388.923045006,139527163.45352492,0.06939560338307205,1130,OVA_Lung
1545,1000,2,0.6472491909385113,1.545,0.28570919216921153,0.04983818770226537,0.9501618122977347,0,0.8986167272499621,,0.0,0.09993135448393613,0.08963833937120703,440883.947237383,3886773.5610457975,17338388.923045006,186464973.83396488,0.5,0.6366249402139078,2784.8247230015127,6556.562293986871,29481.59934473941,2376.4649874679085,6028.172556444875,1808.8008,3619.8059993336897,58.35029578890018,154.9088123638257,4.195129654089085,1225.1991423,2508.8128752087796,24949.8982,80667.46762786452,3281.3947602589,7077.592648052085,2845.8113,6703.640986511609,222.2995,853.4859458535446,0,0,0.0034614614614614614,1,0.0,1000,1000,,0.8075120224934328,24727.5987,80421.51945099243,4.195129654089085,2021.4080188797511,3642.192211891351,,4.247514508481951,4.94908972951121,5.3572870426161244e-05,0.00012582325455076678,2919.5963472491912,6754.250781527453,17338388.923045006,139527163.45352495,0.19248797750656718,1139,OVA_Omentum
1545,1000,2,0.6472491909385113,1.545,0.6911361227391033,0.18511326860841423,0.8148867313915857,0,0.9667047763033759,,0.0,0.09993135448393613,0.08963833937120703,440883.947237383,3886773.5610457975,17338388.923045013,186464973.8339649,0.5,0.44531708614531434,2784.824723001513,6556.562293986872,64182.85470140721,2376.464987467908,6028.172556444875,1808.8008,3619.8059993336897,58.35029578890018,154.9088123638257,14.271401327286894,1225.1991423,2508.8128752087796,24949.8982,80667.46762786452,3281.3947602589,7077.592648052085,2845.8113,6703.640986511609,222.2995,853.4859458535446,0,0,0.0034614614614614614,1,0.0,1000,1000,,0.9345181245277601,24727.5987,80421.51945099243,14.271401327286894,2021.4080188797511,3642.19221189135,,4.247514508481951,4.94908972951121,5.3572870426161244e-05,0.00012582325455076678,2919.596347249191,6754.250781527453,17338388.923045006,139527163.45352486,0.06548187547223992,1161,OVA_Colon
1545,1000,2,0.6472491909385113,1.545,0.4030907829493931,0.08025889967637541,0.9197411003236245,0,0.8991017816054674,,0.0,0.09993135448393613,0.08963833937120703,440883.947237383,3886773.5610457975,17338388.92304501,186464973.83396488,0.5,0.5936035567630757,2784.824723001513,6556.562293986871,35990.60626400867,2376.4649874679085,6028.172556444875,1808.8008,3619.8059993336897,58.35029578890019,154.9088123638257,4.21877124783295,1225.1991423,2508.8128752087796,24949.8982,80667.46762786452,3281.3947602589,7077.592648052085,2845.8113,6703.640986511609,222.2995,853.4859458535446,0,0,0.0034614614614614614,1,0.0,1000,1000,,0.8083840136861256,24727.5987,80421.51945099243,4.21877124783295,2021.4080188797511,3642.192211891351,,4.247514508481951,4.949089729511211,5.3572870426161244e-05,0.00012582325455076678,2919.5963472491912,6754.250781527454,17338388.923045006,139527163.4535249,0.19161598631387447,1138,OVA_Uterus
1545,1000,2,0.6472491909385113,1.545,0.23991304091402427,0.039482200647249194,0.9605177993527508,0,0.8694821055927104,,0.0,0.09993135448393613,0.08963833937120703,440883.947237383,3886773.561045797,17338388.923045006,186464973.83396488,0.5,0.651270517558872,2784.8247230015127,6556.56229398687,41765.379767487066,2376.4649874679085,6028.172556444874,1808.8008,3619.8059993336897,58.35029578890019,154.9088123638257,3.0983460754673047,1225.1991423,2508.8128752087796,24949.8982,80667.46762786452,3281.3947602589,7077.592648052085,2845.8113,6703.640986511609,222.2995,853.4859458535446,0,0,0.0034614614614614614,1,0.0,1000,1000,,0.7559991319459333,24727.5987,80421.51945099243,3.0983460754673047,2021.4080188797511,3642.19221189135,,4.247514508481951,4.94908972951121,5.3572870426161244e-05,0.00012582325455076678,2919.596347249191,6754.250781527454,17338388.923045006,139527163.4535249,0.24400086805406673,1142,OVA_Endometrium
1545,1000,2,0.6472491909385113,1.545,0.6537660230918987,0.16828478964401294,0.8317152103559871,0,0.9843840052764351,,0.0,0.09993135448393613,0.08963833937120703,440883.947237383,3886773.5610457975,17338388.923045013,186464973.83396488,0.5,0.469116149330881,2784.8247230015127,6556.562293986871,62851.732672318,2376.4649874679085,6028.172556444874,1808.8008,3619.8059993336897,58.35029578890019,154.9088123638257,31.27042080203893,1225.1991423,2508.8128752087796,24949.8982,80667.46762786452,3281.3947602588996,7077.592648052085,2845.8113,6703.640986511609,222.2995,853.4859458535446,0,0,0.0034614614614614614,1,0.0,1000,1000,,0.9690118698440766,24727.5987,80421.51945099243,31.27042080203893,2021.4080188797511,3642.192211891351,,4.247514508481951,4.94908972951121,5.3572870426161244e-05,0.00012582325455076678,2919.5963472491912,6754.250781527453,17338388.923045006,139527163.45352492,0.03098813015592339,1134,OVA_Kidney
1545,1000,2,0.6472491909385113,1.545,0.552357406773651,0.12815533980582525,0.8718446601941747,0,0.9363573420760504,,0.0,0.09993135448393613,0.08963833937120703,440883.947237383,3886773.561045797,17338388.923045017,186464973.83396497,0.5,0.5258677615426168,2784.824723001513,6556.562293986871,38211.94679506945,2376.4649874679085,6028.172556444874,1808.8008,3619.8059993336897,58.35029578890019,154.9088123638257,7.114582583962306,1225.1991423,2508.8128752087796,24949.8982,80667.46762786452,3281.3947602589,7077.592648052085,2845.8113,6703.640986511609,222.2995,853.4859458535446,0,0,0.0034614614614614614,1,0.0,1000,1000,,0.8767650720597256,24727.5987,80421.51945099243,7.114582583962306,2021.4080188797511,3642.192211891351,,4.247514508481951,4.949089729511211,5.3572870426161244e-05,0.00012582325455076678,2919.5963472491912,6754.250781527453,17338388.923045006,139527163.4535249,0.12323492794027434,1166,OVA_Ovary
1545,1000,2,0.6472491909385113,1.545,0.7649836024652346,0.2226537216828479,0.7773462783171521,0,0.9694891675197687,,0.0,0.09993135448393613,0.08963833937120703,440883.947237383,3886773.5610457975,17338388.923045006,186464973.83396488,0.5,0.39222686826981956,2784.824723001513,6556.562293986871,48018.41064708242,2376.4649874679085,6028.172556444875,1808.8008,3619.8059993336897,58.35029578890019,154.9088123638257,15.641495278477011,1225.1991423,2508.8128752087796,24949.8982,80667.46762786452,3281.3947602588996,7077.592648052085,2845.8113,6703.640986511609,222.2995,853.4859458535446,0,0,0.0034614614614614614,1,0.0,1000,1000,,0.939909245938174,24727.5987,80421.51945099243,15.641495278477011,2021.4080188797511,3642.192211891351,,4.247514508481951,4.94908972951121,5.3572870426161244e-05,0.00012582325455076678,2919.596347249191,6754.250781527452,17338388.923045006,139527163.4535249,0.06009075406182598,1128,OVA_Breast
1503,10,2,0.00665335994677312,150.3,0.9322426721705188,0.3479707252162342,0.6520292747837658,0,0.3884183479583937,,0.0,0.10404334564380971,0.08716567660878928,0.3854360716846133,0.9207667225661595,63.63214591677719,198.8115676126475,0.5,0.2150018622769476,0.0,0.0,3.0706599243869364,0.0,0.0,6.0,13.35830993967592,-1.3640870569809525,0.18548144836145167,0.1776743280024967,4.2995399999999995,9.440384273746487,10.9,27.448740104662967,5.8121091151031266,15.090962861431121,6.1,16.134504089751946,0.0,0.0,0,0,0.0,1,0.0,10,0,,0.1508688130307278,10.9,27.448740104662967,0.1776743280024967,3.2865130837321117,7.661663415794743,,0.12121310117585138,0.2536879762357391,0.2873035952063915,0.1059277461490546,5.890697674418606,15.52146267425686,63.632145916777176,198.78698170628465,0.8491311869692721,46758,PostPartum_Depression
1500,100,50,0.06666666666666667,15.0,5.64385618970259,0.02,0.02,0,0.34251112218563295,0.1767271877447395,0.0,0.025468660358922084,0.026931683857480335,0.011404408775322715,0.06035997635296788,0.600029290638203,1.8061415570110548,0.02,0.0,0.0,0.0,3.620773398046335,0.0,0.0,0.38,0.8736316862570426,75.02832531854985,80.22512746203186,38.977451379904124,0.19273799999999996,0.5830341505980899,4.27,4.60095510506111,0.37754666666666664,0.9731007972769599,0.22,0.8478135872866622,0.0,0.0,26,0,0.0,49,0.0,100,100,,7.247539518854109,4.27,4.60095510506111,30.37959219074434,0.4761198852323074,0.6140930287868638,,7.00468859203543,4.3150046232094095,0.29401011835859703,0.1454984127483131,0.27232222222222224,0.9144810674753847,0.6000292906382032,1.6984940971455502,2.2489796918220647e-05,44480,amazon-commerce-reviews_seed_2_nrows_2000_nclasses_10_ncols_100_stratify_True
1500,6,2,0.004,250.0,0.8845262268841072,0.30266666666666664,0.6973333333333334,0,0.4922725712878219,,0.0,0.08193755918088329,0.14423328115520365,5.289286784967756,19.635914740188255,58.2642892466385,95.23515595692686,0.5,0.2790714763082908,16.82021405047021,32.16201069577226,15.737373857491832,15.98215419420441,32.001912111782595,6.469999999999999,6.230682145640233,2.808817465233988,6.991016806371057,0.3198397918590957,4.625712,4.203478229512316,59.919999999999995,77.8994634127861,18.72695111111111,31.767004080448466,17.96,31.079922779826852,9.568333333333333,22.463081192629527,1,0,0.0,1,0.0,6,5,,0.24233228444232371,50.35166666666667,64.02119974404312,0.3198397918590957,5.514015545414286,5.782033048494423,,0.9224677446153868,1.2076991374076451,0.14557206122962485,0.1861376564111393,17.974468518518517,31.26014714472166,58.2642892466385,82.11387443634784,0.7576677155576762,46927,Fitness_Club
1491,46,2,0.03085177733065057,32.41304347826087,0.9675594818989358,0.39436619718309857,0.6056338028169014,0,0.8109807445210564,,0.0,0.48112802189063086,0.30314334566731227,4315.51883526818,13951.705514341827,20408.456004659813,110771.37967307282,0.5,0.1493887565887072,,,1241.5690462007376,,,162.3950029246139,191.3792195309987,2.841192785306352,20.85550987279005,1.9213266401953344,111.64453388830877,122.73264727796668,410.18868932534474,459.0776940546131,131.56166966767123,89.97293739219167,117.60092017821817,75.4178363047924,-180.29905368970773,499.5456354472344,0,0,0.49855072463768113,1,0.0,46,18,,0.657689767983927,590.4877430150525,937.8900306974721,1.9213266401953344,99.42182541843214,103.71893700614646,,0.3122370203191841,0.4545152182696912,0.00297065705530429,0.001608123566548861,123.32660987268315,81.92239281325875,20408.456004659813,49682.54571904976,0.34231023201607297,47150,CanadaFiresD
1473,9,2,0.006109979633401222,163.66666666666666,0.9845770107587364,0.4270196877121521,0.572980312287848,0,0.38730750744306985,,0.0,0.17689609769918815,0.15170724210347583,0.5174462537838909,1.7413253657138164,8.559044483472228,22.87956629721496,0.5,0.10320974742369839,3.4992104464247875,10.497631339274363,1.7764624711814097,3.3840069238614534,10.152020771584361,2.5555555555555554,4.034572812303401,0.9183728262208177,3.090064196688225,0.17648042267288436,1.8120666666666665,2.8496962171431535,8.88888888888889,15.75154313428088,5.01486007392321,10.367737159046966,5.0,10.173494974687902,1.7777777777777777,5.333333333333333,3,0,0.05555555555555555,1,0.0,9,5,,0.15000710532176362,7.111111111111111,10.77548658349641,0.17648042267288436,1.7011138151105447,2.5245620026949838,1.031810386276168,-0.13530610371420115,1.5582192784269944,0.28796977124183004,0.179168581406258,5.01368487131199,10.147601746335091,8.559044483472228,22.23809626659787,0.8499928946782364,983,cmc
1473,9,3,0.006109979633401222,163.66666666666666,1.5390345832454195,0.22606924643584522,0.4270196877121521,0,0.3286625650849955,0.09589407735967828,0.0,0.17689609769918815,0.15170724210347583,0.5174462537838909,1.7413253657138164,8.559044483472228,22.87956629721496,0.3333333333333333,0.10116094146234017,3.4992104464247875,10.497631339274363,1.6566501949612193,3.3840069238614534,10.152020771584361,2.5555555555555554,4.034572812303401,0.9183728262208177,3.090064196688225,0.2595184739064358,1.8120666666666665,2.8496962171431535,8.88888888888889,15.75154313428088,5.01486007392321,10.367737159046966,5.0,10.173494974687902,1.7777777777777777,5.333333333333333,3,0,0.05555555555555555,2,0.0,9,5,,0.22523383744916176,7.111111111111111,10.77548658349641,0.18650478304265625,1.7011138151105447,2.5245620026949838,1.0444745845078922,-0.13530610371420115,1.5582192784269944,0.28796977124183004,0.179168581406258,5.01368487131199,10.147601746335091,8.559044483472228,22.23809626659787,0.7854621163961899,44614,cmc_seed_1_nrows_2000_nclasses_10_ncols_100_stratify_True
1470,34,2,0.02312925170068027,43.23529411764706,0.6372308920626183,0.16122448979591836,0.8387755102040816,0,0.46358228111907335,,0.0,,,2656.5950100798614,49502.30360247505,2157462.454640889,9378667.818022588,0.5,0.4791009211304771,556.9090554188149,2230.0790565261864,2067.6155717659494,435.7743693114521,1778.611990222164,581.2573529411765,2297.20175503881,,,0.2737369337892771,407.2789411764705,1656.469552839684,1501.8529411764705,5664.2589990237375,674.119287715086,2659.5127670491756,624.8235294117648,2554.078458259406,98.73529411764706,392.72284226638726,3,0,0.0303030303030303,1,3.0,34,10,,0.21490853136756355,1403.1176470588234,5280.547726208906,0.2737369337892771,379.8621342303457,1440.1986948675574,,,,0.2431642583840213,0.28128528055078866,635.4384753901561,2578.7042811708507,2157462.45464089,9374220.092659906,0.7850914686324364,43896,ibm-employee-attrition
1458,37,2,0.025377229080932786,39.4054054054054,0.5353247216300582,0.12208504801097393,0.877914951989026,0,0.5680919104322599,,0.0,0.3509771129070362,0.2439443457984909,469154.3929073482,8762157.949538192,106280594.70562664,646390558.8224282,0.5,0.5344524505264577,1.454861009092415,4.227383619908383,25643.671109794,0.8231845746621413,2.2042694356018613,360.8931081081081,1933.7961511018839,104.57528281035245,150.62107253415365,0.47651256542970455,116.14768540540543,590.4111702080796,41034.6472972973,230294.89897407006,583.4640334779226,3203.123381612302,83.70851351351352,409.2778892364795,0.21675675675675674,0.4790560977012449,1,0,0.24324324324324323,1,0.0,37,34,,0.3227284186985748,41034.43054054055,230294.9384100951,0.47651256542970455,1837.8290669668515,10284.035934899324,,6.437016115950555,5.167200951183544,0.03634396323185577,0.0865223606927128,142.83245372084414,733.3158121388436,106280594.70562665,644186452.5722997,0.6772715813014252,44609,pc4_seed_1_nrows_2000_nclasses_10_ncols_100_stratify_True
1458,37,2,0.025377229080932786,39.4054054054054,0.5353247216300582,0.12208504801097393,0.877914951989026,0,0.5680919104322599,,0.0,0.3509771129070362,0.2439443457984909,469154.3929073482,8762157.949538192,106280594.70562664,646390558.8224282,0.5,0.5344524505264577,1.454861009092415,4.227383619908383,25643.671109794,0.8231845746621413,2.2042694356018613,360.8931081081081,1933.7961511018839,104.57528281035245,150.62107253415365,0.47651256542970455,116.14768540540543,590.4111702080796,41034.6472972973,230294.89897407006,583.4640334779226,3203.123381612302,83.70851351351352,409.2778892364795,0.21675675675675674,0.4790560977012449,1,0,0.24324324324324323,1,0.0,37,34,,0.3227284186985748,41034.43054054055,230294.9384100951,0.47651256542970455,1837.8290669668515,10284.035934899324,,6.437016115950555,5.167200951183544,0.03634396323185577,0.0865223606927128,142.83245372084414,733.3158121388436,106280594.70562665,644186452.5722997,0.6772715813014252,1049,pc4
1429,20,2,0.013995801259622114,71.45,0.6497515406146595,0.16655003498950316,0.8334499650104968,0,0.1621238736698069,,0.0,0.07030250029765195,0.10866602934327739,3732890966882.6416,11122313137306.785,187378189772628.75,221970127335641.3,0.5,0.47156946289067864,11577281.229292238,13208726.335339358,4221046.184194305,6231739.673034422,7321601.150388217,6785438.9,8954814.79177269,1.6158775617740986,2.188136033821998,0.02699365572088703,4748444.96385,6244794.776846994,44816363.9,50833750.75415195,14545236.65220434,16610638.088406833,12408309.65,14193787.349199023,94687.95,121969.31959285801,7,0,0.015789473684210527,1,0.0,20,18,,0.026284150413703508,44721675.95,50726437.37753804,0.02699365572088703,9162126.531291809,10434438.284491934,1.010182868360433,0.884714205779864,1.2865096702803716,0.1871618932535186,0.2366264712708798,12690903.763096625,14532960.604913475,187378189772628.7,215710344230110.94,0.9737158495862965,46876,depression_2020
1404,320,36,0.22792022792022792,4.3875,5.169925001390376,0.027777777777777776,0.027777777777777776,0,0.6120657876286308,0.17916971897980002,0.0,0.09387253146453835,0.11930113591948076,0.021772864320161373,0.02809547972177386,0.2315178110906016,0.6362829229380118,0.027777777777777776,0.0,0.0,0.0,9.021014256991952,0.0,0.0,0.921875,0.2687884987370024,-1.6077498792478047,0.7863447749058476,38.24079106680435,0.0,0.0,1.0,0.0,0.41254006410256405,0.10503486686926816,0.2625,0.4406820020822812,0.0,0.0,320,0,0.025528996865203765,35,0.0,320,25,,14.203319292267189,1.0,0.0,7.18948773404701,0.4804063088669805,0.02701611252947978,,0.3887143367673465,0.4930055067554637,0.4996436208125446,0.0,0.3557168246445498,0.17175453698283658,0.23151781109060154,0.02384438052485745,6.27274049811217e-10,46782,binary_alpha_digits
1385,28,4,0.020216606498194945,49.464285714285715,1.9990488475776111,0.23971119133574006,0.26137184115523465,0,0.13929542721379837,0.035055922799170545,0.0,0.024453578142829377,0.039446079139641814,325995823.33775914,2835039724.0736437,21467811679.88152,46035189928.78309,0.25,0.010485899141826448,194826.1317544585,833377.7792152973,78102.59156847654,163227.75141259728,829779.4545012647,124893.0,238694.4456623867,-0.8879589357109257,2.879319106743735,0.06214278489239804,89654.14575,172044.57347694586,464686.10714285716,1175544.0851573036,237442.03411552342,838055.1650639488,233048.64285714287,840879.8520830434,139740.7857142857,720775.4983730477,8,0,0.0,3,0.0,28,2,,0.06066748357462661,324945.3214285714,784748.6108236877,0.03270236758852091,68639.11100498891,131822.20846011263,1.030577894515941,0.07291436776809772,0.3202038134760136,0.15893004812047742,0.22201252333180446,233211.60490802812,838740.2260647004,21467811679.88153,43494940166.34467,0.9404484459865903,46851,hepatitis_c_virus_hcv_for_egyptian_patients
1372,4,2,0.0029154518950437317,343.0,0.9911281257438607,0.4446064139941691,0.5553935860058309,0,0.9299744356425366,,0.0,0.42562485877722694,0.2011575389798076,6.667856244713239,6.690612368015218,16.37940609506653,22.541871717780793,0.5,0.07833836059792652,,,6.82519028292908,,,5.16994625,2.4030084736234802,0.13532211734199429,0.9143370649797784,6.39932027638975,3.7745402204999996,1.9883103092118917,10.038325,6.798080204182647,0.6405147434402334,1.3682029662319077,0.7114524999999999,1.2009305912881338,-8.662374999999999,3.658645920168644,0,0,0.3333333333333333,1,0.0,4,2,,0.8648524509486544,18.700699999999998,7.471094772075464,6.39932027638975,3.780713139220149,1.6675787853430488,1.109694190107306,-0.11903070433627125,0.8832536596646683,7.019218105145433e-05,4.892169632139492e-05,0.6875092299757282,1.2762182601216172,16.379406095066525,13.456613246905015,0.1351475490513456,1462,banknote-authentication
1353,9,3,0.0066518847006651885,150.33333333333334,1.302115492474765,0.07612712490761271,0.5188470066518847,0,0.4964437123728468,0.3697020260826927,0.0,0.09147515524494282,0.10818891817518728,0.041414682010366806,0.05209480662070694,0.4754548661678116,0.2787387746944445,0.3333333333333333,0.22990234473681442,0.0,0.0,0.9874163429367804,0.0,0.0,1.1111111111111112,0.6009252125773316,-0.5828795796500059,1.7128257418199073,1.4078451621435288,0.8236666666666667,0.7813988098276065,1.7777777777777777,0.4409585518440984,0.8626919602529359,0.31191629092385814,0.6666666666666666,0.5,0.0,0.0,2,0,0.0,2,0.0,9,1,,0.6295923071987157,1.7777777777777777,0.4409585518440984,1.3493789778827192,0.6711684436906745,0.16766412751944232,1.149355547335306,-0.10879105884093836,0.9884109028014882,0.36990466798159105,0.07354745076985518,0.8492551592182589,0.41540062696914887,0.4754548661678118,0.19624568497563114,0.402133203710259,46963,website_phishing
1340,16,2,0.011940298507462687,83.75,0.4473360444826002,0.09328358208955224,0.9067164179104478,0,0.6866967419986699,,0.0,0.5090123559057418,0.2822153795417654,62728.87370157968,187425.0859202979,347516.08043169125,1339405.8625564799,0.5,0.5751838742487588,490.123281632634,1018.4386277444465,3996.036844433563,411.0681278413405,867.8173043917866,393.308265625,705.7634603117363,1.951103976145715,2.1888049852043827,0.8923352651756412,286.33527929999997,518.7465722418514,2059.8461875000003,3492.720828473722,597.6965389458956,1135.7570207646706,553.2784375,1080.1726267655536,32.211,68.34910388195786,0,0,0.55,1,0.0,16,15,,0.4715524154715878,2027.6351875,3429.527218530823,0.8923352651756412,304.5931992954678,521.2692851105066,1.1084042500775608,0.769735312225819,0.9651701947114432,0.01460800403385542,0.03683169340177828,561.887121346393,1093.8482133151317,347516.08043169114,1083366.341015525,0.5284475845284122,966,analcatdata_halloffame
1340,16,3,0.011940298507462687,83.75,0.5400978590858945,0.04253731343283582,0.9067164179104478,0,0.5368753589026268,0.26003269530306755,0.0,0.5090123559057418,0.2822153795417654,62728.87370157968,187425.0859202979,347516.08043169125,1339405.8625564799,0.3333333333333333,0.4965812803518087,490.123281632634,1018.4386277444465,5024.186804225085,411.0681278413405,867.8173043917866,393.308265625,705.7634603117363,1.951103976145715,2.1888049852043827,1.2234086023518544,286.33527929999997,518.7465722418514,2059.8461875000003,3492.720828473722,597.6965389458956,1135.7570207646706,553.2784375,1080.1726267655536,32.211,68.34910388195786,0,0,0.55,2,0.0,16,15,,0.6440873046202268,2027.6351875,3429.527218530823,1.0810578008254603,304.5931992954678,521.2692851105066,1.1593339819586905,0.769735312225819,0.9651701947114432,0.01460800403385542,0.03683169340177828,561.887121346393,1093.8482133151317,347516.08043169114,1083366.341015525,0.42064561544896173,185,baseball
1324,10,2,0.0075528700906344415,132.4,0.7611592355129704,0.22054380664652568,0.7794561933534743,0,0.7347259499530762,,0.0,0.008331167872418128,0.006619961557436387,0.0020841912536153193,0.0016561414864800282,0.2501682982692909,0.008382014736172803,0.5,0.39521073872964135,0.0,0.0,0.8787061325562289,0.0,0.0,1.0,0.0,-2.0011800021843933,0.0005309350038460943,1.1730732051740362,0.07413,0.23441964294828194,1.0,0.0,0.4983383685800605,0.004458397506783223,0.35,0.4743416490252569,0.0,0.0,10,0,0.0,1,0.0,10,0,,0.5398222215344501,1.0,0.0,1.1730732051740362,0.5001682689607562,3.323471465935034e-05,,0.006640010984497296,0.017815797722536955,0.49962207105064244,5.851389114294502e-17,0.4972361809045226,0.007415726506257503,0.25016829826929093,3.3243451201509504e-05,0.46017777846554986,40680,mofn-3-7-10
1294,142,11,0.10973724884080371,9.112676056338028,3.217849057042106,0.01622874806800618,0.19938176197836166,0,0.47711937197843357,0.1306499660082541,0.0,,,1284691322.6519055,27566873892.33245,41985600611.640884,379525649929.62585,0.09090909090909091,0.056513930985826855,1362.6822821541998,5378.011455705734,379952.0230991782,236.01421908038475,855.4372780385149,6886.626804452465,24798.558788340197,,,3.684988903569283,2346.309543900148,8768.594096954805,970164.2405852113,3186432.7305288366,13815.550586477331,42396.75183055164,1727.9902398591548,6296.118125512385,12.545681372957745,32.20171901743369,4,0,0.11507341923883728,10,5.0,142,132,,2.4300536737325698,970151.6949038383,3186423.610402672,1.0551391110026749,56952.582616858985,197526.63093956638,,,,0.05662182839761986,0.19988884986883204,2767.7339159215558,10089.723583073257,41985600611.640915,189488038368.65027,0.0524180351576577,41705,ASP-POTASSCO-classification
1212,100,2,0.08250825082508251,12.12,0.9999292854292807,0.49504950495049505,0.504950495049505,0,0.429217679427449,,0.0,0.9953880904323222,0.0027272415267882034,377773131.0011141,3287058.097446424,379535697.4516885,3777876842.532191,0.5,0.007001057239470774,263.7131446003137,0.6880017303895515,12144.777157840626,10.463404442109104,0.07543041068474025,3998.475703455,62.10950319087052,10.939938176331093,0.5210980705739447,0.22583243216871637,392.947034323599,4.59257899150528,129408.28314999999,12517.023553905277,8189.417136196578,34.35996849205967,266.8157658299999,3.096997976409476,0.8334207800000002,0.09811046475280666,0,0,1.0,1,0.0,100,100,,0.18422781633308435,129407.44972922001,12517.0059737901,0.22583243216871637,19481.352687331368,112.79248620792819,,3.228025599778528,0.043664464030100894,6.818859054864497e-09,6.818859054864497e-08,1077.671468588242,6.0781352080015925,379535697.4516886,4396576.702774231,0.8157721836669156,1566,hill-valley
1161,15,2,0.012919896640826873,77.4,0.8809748061629783,0.2997416020671835,0.7002583979328165,0,0.8213562107743821,,0.0,0.4925129320701798,0.34648287188669236,4104.984316518375,4170.35589519558,395380.8367404238,1499734.9292499847,0.5,0.2832081423356973,427.4096262754794,655.9180742495861,421.1283978699909,404.41206508451546,590.6944019182482,186.26666666666668,372.05327319516766,6.199726234758101,13.235001412998978,2.073386554444969,132.54443999999998,276.7597658910413,2590.0,7389.7704294517835,479.0008613264427,747.0544128682197,439.8,657.9180582934105,203.93333333333334,256.211259557049,0,0,0.5619047619047619,1,0.0,15,13,,0.6746260249776512,2386.0666666666666,7165.744637476541,2.073386554444969,234.69395974940343,603.8267094104034,,1.3627678569644142,1.7071685692236522,0.020268407111614435,0.06355050637713572,443.0263988522238,658.2723757410042,395380.8367404238,1499564.50381339,0.32537397502234877,897,colleges_aaup
1156,5,2,0.004325259515570935,231.2,0.76281229833228,0.22145328719723184,0.7785467128027682,0,0.6771491402830254,,0.0,0.07042627589677278,0.12064759000836939,3.8337142857142874,5.5231982391661605,403.2396070926768,874.7366139950573,0.5,0.3939245390001182,0.0,0.0,58.50440760155016,0.0,0.0,6.0600000000000005,4.941457274934187,14.98906882995811,37.11110394112617,0.846827653617886,3.558239999999999,2.641775210535522,156.06,330.0394188578086,6.7881487889273355,6.802462522768245,4.0,3.7914377220257753,0.0,0.0,2,0,0.0,1,0.0,5,1,,0.45853095818604045,156.06,330.0394188578086,0.846827653617886,11.03218031499878,18.759351154491927,1.2360113263097723,1.4350107297707266,3.2087815402089253,0.22341628576265443,0.25312749929360745,4.323314121037464,3.7535815965178485,403.2396070926767,874.6161336854378,0.5414690418139596,934,socmob
1125,42,2,0.037333333333333336,26.785714285714285,0.7219280948844771,0.2,0.8,0,0.2160040239560965,,0.0,0.05864504620661709,0.1211578058834697,11590735.259888012,242685681.91312727,79360013447.1875,509414435849.7814,0.5,0.42426406871192857,1381587.9643252145,8919124.430793667,115504.78185796012,1379954.815594017,8914683.618241327,99191.70201350714,618014.3744360703,179.21322864803653,288.755992978621,0.04894122524812659,1906.60248060657,8010.744406663832,1449015.431113838,9100272.998334946,1383899.9720609472,8923381.610602811,1408697.8739304952,9101674.881227255,1310917.488095238,8483679.844585294,36,0,0.019744483159117306,1,0.0,42,31,,0.04665773836522591,138097.9430186,646625.0661216386,0.04894122524812659,49007.078063732406,280776.3379200429,,8.761481809496292,10.308066258771822,0.42897209610141845,0.17500318144023613,1395535.6143769424,9010291.158919496,79360013447.1875,509412005194.5757,0.9533422616347741,46422,Credit-Risk-Classification-Dataset
1124,10,2,0.008896797153024912,112.4,0.9999429024238757,0.49555160142348753,0.5044483985765125,0,0.01994597402682584,,0.0,0.006414688753194928,0.005149906800211465,0.00160480368949042,0.001288332020116065,0.25017841128395907,0.006479718057293583,0.5,0.006290985597745103,0.0,0.0,0.019953507406573194,0.0,0.0,1.0,0.0,-2.0010728126148676,0.0009643852677230466,0.00039800022103493967,0.07413,0.23441964294828194,1.0,0.0,0.496085409252669,0.005661110319805469,0.35,0.4743416490252569,0.0,0.0,10,0,0.0,1,0.0,10,0,,0.00039784187987881094,1.0,0.0,0.00039800022103493967,0.5001783761848582,6.037878320371429e-05,,0.01564105884621756,0.022619673535048224,0.4995547640249332,0.0,0.493491124260355,0.009412852070209081,0.2501784112839591,6.0395804677647574e-05,0.9996021581201212,40706,parity5_plus_5
1109,21,2,0.018935978358881875,52.80952380952381,0.36380010531634877,0.06943192064923355,0.9305680793507665,0,0.38622340576863956,,0.0,0.6327333982262607,0.2273486396663503,9113908.17003893,112468708.5768454,1391021745.0931766,6374271207.053247,0.5,0.6089152173427889,5.13634683427259,13.238246287582859,79096.96169872099,2.310722146464298,5.107114305132719,638.0409523809524,2569.2990251952087,115.30369645839482,106.83403981354654,0.17532087437206256,251.744774,979.92438648221,216793.89238095234,932348.7081274617,1500.9949675812618,6271.058531336306,183.56190476190477,691.9780333335666,0.3333333333333333,0.48304589153964794,0,0,0.6904761904761906,1,0.0,21,21,,0.1491685191635272,216793.55904761903,932348.7892353402,0.17532087437206256,8678.609588564534,37168.382460601846,,7.986854451200737,4.07334211398489,0.012637119973169433,0.01239065377193521,266.34375883486825,1033.9844794769933,1391021745.093177,6353362935.781049,0.8508314808364728,1068,pc1
1100,12,5,0.01090909090909091,91.66666666666667,2.2806595148144404,0.1390909090909091,0.2772727272727273,0,0.23499921536613994,0.1109039790413002,0.0,0.04051660881120451,0.04318952258450931,40.7351243495515,293.56726661923614,187854.60509681609,639833.7848305311,0.2,0.05379406707893132,688.8340720828525,1648.30928497001,118.27598331534213,670.5572994212453,1597.4258274176061,264.5052083333333,804.7453448384508,-1.3306239908534219,0.5649466145794101,0.2866949759166075,173.607518,547.1748885052723,917.5091666666667,2281.105970590336,707.8601325757573,1700.654621327753,649.33875,1543.4710637363687,505.59083333333336,1180.4203495708894,2,0,0.0,4,0.0,12,0,,0.2577976025923852,411.91833333333335,1255.353788726388,0.15700302106221256,140.37209357138124,428.2950730213969,1.0523896880977222,0.24722943956640764,0.40990423942313836,0.22410401636095176,0.20232530845455252,703.2397512626263,1689.5424237704547,187854.60509681609,639832.973350768,0.7621296746297135,1552,autoUniv-au7-1100
1080,100,9,0.09259259259259259,10.8,3.169925001429328,0.1111111111111111,0.1111111111111111,0,0.5784078203398186,0.19487372164144054,0.0,0.010884415566748051,0.05578966847199866,0.00010322495195319825,0.0008177729943138847,0.007586199498850103,0.01656732713017843,0.1111111111111111,0.0,0.0,0.0,0.5771698190307598,0.0,0.0,0.0,0.0,635.9037267025753,435.5909351872356,6.8841426915985,0.0,0.0,1.15,0.35887028128263676,0.007435185185185184,0.014499577625325994,0.0,0.0,0.0,0.0,85,0,0.0030303030303030303,8,0.0,100,100,,2.942275224746779,1.15,0.35887028128263676,2.9733629836554205,0.06633812890986097,0.05672414332493925,,22.98997777193214,10.38484332588619,0.4745134383688601,0.05986714608978185,0.0,0.0,0.0075861994988501,0.014371813813844671,0.014379646760927239,44604,cnae-9_seed_1_nrows_2000_nclasses_10_ncols_100_stratify_True
1080,856,9,0.7925925925925926,1.2616822429906542,3.169925001429328,0.1111111111111111,0.1111111111111111,0,0.9751405274155562,0.013485674103102882,0.0,0.009671201445370205,0.051183493648206506,9.316976081229357e-05,0.0007607643257915063,0.008251031724950767,0.03287467321924936,0.1111111111111111,0.0,0.0,0.0,1.5528870961320187,0.0,0.0,0.0035046728971962616,0.059130997217531026,632.3340870224067,420.22425159964297,242.93825800097792,0.0,0.0,1.147196261682243,0.42639968487425317,0.008213265835929387,0.027450030340099178,0.0,0.0,0.0,0.0,759,0,0.0026807673389080177,8,0.0,856,854,,7.608465429508419,1.147196261682243,0.42639968487425317,103.86714867295858,0.06570782004442141,0.0627543999354539,,23.098081703077074,9.92134074538514,0.47930759703082654,0.05752123249115583,0.0009122245298257758,0.015636942084460186,0.008251031724950767,0.024039432525589058,8.58835276610853e-12,1468,cnae-9
1077,37,2,0.034354688950789226,29.10810810810811,0.5419330670966076,0.1244196843082637,0.8755803156917363,0,0.4720915198586369,,0.0,0.3839527953537746,0.31524067709282916,18439177.341380145,402976252.6064259,5028721586.605632,30588018637.1563,0.5,0.5311507762116221,205.03586725116912,1055.4805305642674,11913.302622378733,63.72805378014574,289.7137267653039,531.8867567567568,2863.543862401054,175.58086641392757,191.64870005460196,0.2867866621190484,230.52506627027026,1215.0195492225587,367116.3527027027,2095785.9504266,1405.3119789706143,7819.530037971727,191.63837837837838,977.3678728165582,2.753783783783784,6.502123307620942,0,0,0.33183183183183185,1,0.0,37,34,,0.22287040312243775,367113.598918919,2095780.287071846,0.2867866621190484,12424.522860012326,70779.59810357829,,9.110348869694267,6.99225612680506,0.01679064741143633,0.02186484457664372,255.7186536613893,1329.8127121027328,5028721586.605625,30489586761.04293,0.7771295968775622,1453,PieChart3
1066,11,6,0.010318949343339587,96.9090909090909,2.3619559539771804,0.040337711069418386,0.31050656660412757,0,0.4504060011992131,0.3202389065952069,0.0,0.16982161829487244,0.11695281135381604,0.05426438899472219,0.08792816246457034,0.48447765448795993,0.9024053266608296,0.16666666666666666,0.09775321417175695,0.0,0.0,3.141731916827334,0.0,0.0,0.45454545454545453,0.6875516509523286,47.83465824999275,99.05011133750472,4.67258830186752,0.40434545454545456,0.6925215207683243,2.727272727272727,2.0538212722098823,0.7514071294559099,0.9849094043173278,0.7272727272727273,1.2720777563426766,0.0,0.0,4,0,0.0,5,0.0,11,8,,1.4245396587705024,2.727272727272727,2.0538212722098823,3.6677104680160064,0.5461347481346821,0.4525880472401038,,3.6707826421001113,5.74529787113037,0.33649879072414285,0.14739860692272083,0.7528409090909091,1.1327176292562242,0.48447765448796026,0.8357307004027602,0.09731208825627087,46184,Flare
1066,12,6,0.01125703564727955,88.83333333333333,2.3619559539771804,0.040337711069418386,0.31050656660412757,0,0.450406001199213,0.3202389065952068,0.0,,,0.04522032416226851,0.08269368133300277,0.4441045166139633,0.8717022245122168,0.16666666666666666,0.09775321417175695,0.0,0.0,3.141731916827334,0.0,0.0,0.4166666666666667,0.6685579234215213,,,4.672588301867519,0.37065,0.6705310792064885,2.5,2.1105794120443453,0.6887898686679175,0.9638005718433478,0.6666666666666666,1.2309149097933274,0.0,0.0,4,0,0.0,5,1.0,12,8,,1.424539658770502,2.5,2.1105794120443453,3.6677104680160064,0.5006235191234586,0.4594232851751988,,,,0.39179055816379754,0.23756553036217992,0.6901041666666666,1.1016529285363208,0.4441045166139636,0.8090183024400917,0.09731208825627091,40687,solar-flare
1055,41,2,0.03886255924170616,25.73170731707317,0.9223486063011714,0.33744075829383885,0.6625592417061611,0,0.704182247253049,,0.0,0.1653857250051487,0.1789858801307562,0.47139390861138103,1.7805997843931283,7.936983689426908,27.919171533049557,0.5,0.22989348430993914,,,5.792884988618991,,,1.467558536585366,2.833466419950624,44.40592861158518,127.07516027032696,0.9836257146133867,0.6465510117073169,1.6251373145371173,16.562963414634147,26.353648693394966,2.683521574384464,6.006690382864273,2.2048853658536585,6.063828401165431,0.3683878048780488,1.4412860285514326,3,0,0.05975609756097561,1,0.0,41,41,,0.49587263734635423,16.194575609756097,26.463568471851833,0.9836257146133867,1.5943960155554693,2.3515435698457594,,3.7878442281591074,4.779485782610065,0.10363270828272975,0.14244531088754933,2.359163279774978,5.982838504271924,7.936983689426899,25.308812806845065,0.5041273626536458,44602,qsar-biodeg_seed_4_nrows_2000_nclasses_10_ncols_100_stratify_True
1055,40,2,0.037914691943127965,26.375,0.9223486063011714,0.33744075829383885,0.6625592417061611,0,0.7021282540490026,,0.0,0.17530477115299578,0.18374963603640082,0.5073203162544391,1.8841404673516824,7.848000932543448,28.3196853371182,0.5,0.22989348430993914,,,6.0610044071906275,,,1.6042475,2.9460957513107116,20.444085727399976,22.66995390138546,0.9723246759701728,0.6627147869999999,1.6424994456388113,13.5520375,16.182362353448315,2.7767944478672986,6.064030116528084,2.2600075,6.130665956396309,0.3775975,1.4584248117513814,3,0,0.06666666666666667,1,0.0,40,39,,0.49298408513390074,13.174439999999999,16.29379221447897,0.9723246759701728,1.5965705356852777,2.3312731103412294,,2.9138020235359616,2.642987409761501,0.09790600543318824,0.13939821743055456,2.42912182464455,6.044477360977047,7.848000932543442,25.492984524409042,0.5070159148660993,45077,qsar
1043,37,2,0.03547459252157239,28.18918918918919,0.534410666757661,0.12176414189837009,0.87823585810163,0,0.46611809965395706,,0.0,0.3823818590808759,0.3180447385184202,17064238.751613792,369632265.40941834,4606873842.340765,28022079428.74218,0.5,0.5349062803031505,196.2950533256829,1008.6426724321764,7428.178648447478,62.29614115245023,282.8719907500023,526.327027027027,2835.5611058661098,188.0060490792763,220.34909939416625,0.2775733592957943,218.9094963243243,1152.8020843083239,367112.3005405405,2095786.6795596564,1243.5363382653986,6896.810250985916,184.17432432432432,938.6784370963624,2.754054054054054,6.502005869755143,0,0,0.32732732732732733,1,0.0,37,34,,0.21726608282501625,367109.5464864865,2095781.016254456,0.2775733592957943,11897.953782315139,67744.73409444666,,9.431521473222892,7.604304277307821,0.017156546341957117,0.021889543832655754,246.506703306177,1280.6287500084152,4606873842.340761,27931675845.8997,0.7827339171749838,1444,PizzaCutter3
1024,2,4,0.001953125,512.0,1.8493804069073088,0.091796875,0.39453125,0,0.17563988394365812,0.14081265909826673,0.0,0.4551035454893042,,1.0039725474248522,,114.60285839628963,162.04910700482023,0.25,0.12556583763789309,85.2198370311932,68.01187189988977,5.433820348179016,84.82762832664582,67.45760878223078,11.100000000000001,15.414927829866734,-0.5798481758616384,0.6299324610018023,0.0877673047652117,6.745830000000001,9.330372972705858,112.225,105.74781912644818,85.6291748046875,68.5903590493458,83.575,65.65486463317094,68.425,44.65379323193047,0,0,0.0,2,0.0,2,1,,0.08152694262580808,43.8,61.0940258945177,0.08194693387176842,7.6422800732355265,10.601736997163892,,0.4246546893821456,0.42307895945223906,0.04402147217396484,0.04525381755277135,84.43469967532468,66.90475622196148,114.60285839628963,162.04288679021892,0.9189113427513617,679,rmftsa_sleepdata
1014,6,3,0.005917159763313609,169.0,1.565985004798877,0.2682445759368836,0.40039447731755423,0,0.47172621503396445,0.3158219308861272,0.0,0.28113487060495224,0.20930412836069398,32.29791509846033,55.228723204240055,131.87225731150855,200.8096572571659,0.3333333333333333,0.06609702595706525,65.75083824280297,40.34184601903575,24.91187652349459,64.55583703673042,40.416997620664375,12.683333333333332,10.592528813586805,1.676528764296697,3.498282085962325,1.000332751267579,8.796759999999999,6.830695029468084,90.33333333333333,46.0637239774062,66.87057034845496,40.134861614325935,67.91666666666667,42.97954940046099,40.0,38.704004960727254,0,0,0.06666666666666667,2,0.0,6,5,,0.5447947359291819,50.333333333333336,35.16627171974116,0.9345690193766335,9.75295206366732,6.640980351301993,,0.508342446219535,1.1596635745074741,0.05859064466831373,0.036206234113451044,66.31908469945354,41.11417884655278,131.87225731150855,130.32421139443403,0.4850146249465242,46842,maternal_health_risk
1000,1000,2,1.0,1.0,0.9988455359923164,0.48,0.52,0,1.0,,0.0,0.3447795488771976,0.05832465600412101,1342.704461003045,409.3130598626259,3878.543661965966,44397.55716078868,0.5,0.028284271247461926,107.17109335447135,78.76994270361406,262.99446146248806,96.49106639125877,71.06990867211381,101.47975,16.130327489000415,-0.860052749614434,0.2440319981766386,inf,73.3975956,12.18337251036785,254.989,0.10435463521037237,162.934486,19.591707291770426,167.925,25.576963386142147,14.744,12.232338046918672,0,0,0.010046046046046045,1,0.0,1000,28,,1.0,240.245,12.219504543609421,inf,61.894908195964895,6.900116882490891,,-0.3445568389440345,0.25965443882401695,0.0035414816012743523,0.00036713826063455526,167.35933166666666,23.16600495031746,3878.5436619659663,866.5833391476235,0.0,42809,kits
1000,10,2,0.01,100.0,0.9881489563035424,0.436,0.564,0,0.43697034435651017,,0.0,0.054043091735660714,0.14019001868756062,0.05404309426850847,0.14019002454648097,1.0000000523158072,0.470501437697239,0.5,0.09050966799187804,,,0.9993156646405329,,,1.706577,0.08411581576942327,-1.1544022956352786,0.14993314964929624,0.23600698240485118,1.2687872857799998,0.05809707522192453,1.8082259,0.2704661806816971,1.899999998933311e-09,1.0115444736645814e-08,0.012825999999999999,0.024310613949695126,-1.8225178,0.22291885175542142,0,0,0.022222222222222223,1,0.0,10,0,,0.19094308184704709,3.6307437,0.4870085266967553,0.23600698240485118,1.0000000261579032,7.546461014697778e-09,,-0.02116225071040191,0.03668288388992598,1.0020030040050944e-07,3.1686117149869177e-07,0.005465641666666663,0.009670512833960516,1.0000000523158072,1.5092922377261662e-08,0.8090569181529529,910,fri_c1_1000_10
1000,6,2,0.006,166.66666666666666,0.8457365854885369,0.273,0.727,0,0.7616039876609424,,0.0,0.03263630090341167,0.019449199060806166,32.74993806857689,19.810731077096804,1004.9162291137876,99.7517841220709,0.5,0.32102647865869255,,,55.472922744458856,,,55.06494435225856,2.0846662822522823,-1.2060282868112129,0.04936365710551654,1.3811827548337647,40.964341615230204,1.5942853772634353,99.9060651214674,0.056201524406060216,45.379708764358604,0.8007113248801693,45.392806533491516,1.6569277045516206,-9.88153160941494,0.1071245979804567,0,0,0.0,1,0.0,6,0,,0.5800406340210489,109.78759673088234,0.13094496288104712,1.3811827548337647,31.696025819550314,0.5777643396963779,,-0.019771991349698027,0.04473799660851547,0.0,0.0,45.61369417616845,1.1378495827546273,1004.9162291137878,36.29412357437299,0.4199593659789511,45604,dummy
1000,7,2,0.007,142.85714285714286,0.9990649315747253,0.482,0.518,0,0.7817578842974677,,0.0,0.23948495353578497,0.27932992647411636,28.78106339673008,68.73322124560823,97.01972558272553,227.1214965040869,0.5,0.02545584412271573,19.081048407840115,32.58938223307209,12.676787485674142,18.45188077361815,31.516660313530032,9.75,10.0093706095838,-0.7644376831367587,0.8214685225794006,1.5716552495773664,7.2012,7.676593533592878,44.42857142857143,52.00274718017995,29.894142857142857,35.448482851543744,30.142857142857142,35.74646169636268,3.857142857142857,6.890296835129129,2,0,0.14285714285714285,1,0.0,7,3,,0.611145389661253,40.57142857142857,47.45122809389708,1.5716552495773664,6.986290694792297,7.499780834287636,,-0.31371052115020376,0.21456631156216788,0.20004121944157216,0.21851934589088706,30.117857142857144,35.650619789873446,97.01972558272556,119.54366935926924,0.388854610338747,45748,StudentsPerformance
1000,33,2,0.033,30.303030303030305,0.8812908992278072,0.3,0.7,0,0.516259039155671,,0.0,0.07548346060666276,0.08770650983653383,52.24287176191341,928.6730599033715,241461.07712597464,1387046.8475098666,0.5,0.282842712474619,75.3810585976393,419.7130749291339,952.7042681215678,56.885064233549265,314.6288848155398,80.47727272727273,453.52187948372966,11.09652843716057,26.200085575043143,0.3633700023673315,50.11637272727273,283.1155828955102,564.6666666666666,3206.111251058931,101.78236363636366,569.016779501153,72.65151515151516,403.3983856880907,8.636363636363637,43.45530619341712,20,0,0.011363636363636364,1,0.0,33,20,,0.2665233955099366,556.030303030303,3162.769538759191,0.3633700023673315,86.74937546014485,491.168108901093,1.0416354125045573,2.0891109871097995,2.928155919402279,0.3801959852311898,0.16508132067253772,78.08464646464647,433.9490195721515,241461.07712597452,1387036.5751165885,0.7334766044900634,46562,German-Credit-Data-Creditability-Preprocessed-Dataset
1000,40,8,0.04,25.0,2.9216026617252684,0.089,0.24,0,0.20430576528957098,0.04771572071167459,0.0,0.02675549490266159,0.021384384981499582,44599.8312775779,1133309.1996644344,26372535.568411045,116700717.20740096,0.125,0.048029752683697455,3623.5368016792977,12237.706410924911,1779.694370611917,3333.0015218869703,11330.168578534103,2237.735425,9093.743617585886,-0.8786427704874992,0.6466717690656295,0.3227909656155759,1710.7918771124998,7138.67482815363,6280.1349,21935.57892333939,3921.1715588750003,13230.130762313032,4101.628912499999,13840.65328132956,2106.4852,8006.039473611634,2,0,0.0,7,0.0,40,6,,0.3058466601321081,4173.6497,16760.908786342065,0.0870548382193522,1253.276458819822,5043.587824125883,1.1747812885884081,-0.04271448448592828,0.5059102735240183,0.04050284726050209,0.11864326658636494,3857.663083333334,13001.593691548407,26372535.568411045,116480333.56486683,0.7304150232753212,1555,autoUniv-au6-1000
1000,20,2,0.02,50.0,0.8812908992278072,0.3,0.7,0,0.4872183606825404,,0.0,0.08084265534902027,0.08773502153404521,141.02632801749118,1547.1071425294213,398411.11446211237,1781692.7587416351,0.5,0.282842712474619,124.74045107642618,538.6836037109804,952.704257012363,94.2050741439744,403.7346827181552,132.6875,582.3471161183129,1.6815927779730486,5.39925686548773,0.31127202249318375,82.76614500000001,363.5225211839078,931.9,4117.268830311257,168.28225,730.4100864995654,120.225,517.7121857140722,14.4,55.60424065615291,3,0,0.005263157894736842,1,0.0,20,11,,0.237381730986182,917.5,4061.799814964064,0.31127202249318375,143.10020691903836,630.7334454442205,1.0355741520441644,0.7255502486931924,1.4830221669329127,0.24926198090340174,0.14559980437192635,129.21041666666667,556.9324261064297,398411.1144621122,1781679.2836886488,0.762618269013818,46416,Creditability-German-Credit-Data
1000,7,2,0.007,142.85714285714286,0.9990649315747253,0.482,0.518,0,0.7817578842974677,,0.0,0.23948495353578497,0.27932992647411636,28.78106339673008,68.73322124560823,97.01972558272553,227.1214965040869,0.5,0.02545584412271573,19.081048407840115,32.58938223307209,12.676787485674142,18.45188077361815,31.516660313530032,9.75,10.0093706095838,-0.7644376831367587,0.8214685225794006,1.5716552495773664,7.2012,7.676593533592878,44.42857142857143,52.00274718017995,29.894142857142857,35.448482851543744,30.142857142857142,35.74646169636268,3.857142857142857,6.890296835129129,2,0,0.14285714285714285,1,0.0,7,3,,0.611145389661253,40.57142857142857,47.45122809389708,1.5716552495773664,6.986290694792297,7.499780834287636,,-0.31371052115020376,0.21456631156216788,0.20004121944157216,0.21851934589088706,30.117857142857144,35.650619789873446,97.01972558272556,119.54366935926924,0.388854610338747,43097,students_scores
1000,7,2,0.007,142.85714285714286,0.9990649315747253,0.482,0.518,0,0.7817578842974677,,0.0,0.23948495353578497,0.27932992647411636,28.78106339673008,68.73322124560823,97.01972558272553,227.1214965040869,0.5,0.02545584412271573,19.081048407840115,32.58938223307209,12.676787485674142,18.45188077361815,31.516660313530032,9.75,10.0093706095838,-0.7644376831367587,0.8214685225794006,1.5716552495773664,7.2012,7.676593533592878,44.42857142857143,52.00274718017995,29.894142857142857,35.448482851543744,30.142857142857142,35.74646169636268,3.857142857142857,6.890296835129129,2,0,0.14285714285714285,1,0.0,7,3,,0.611145389661253,40.57142857142857,47.45122809389708,1.5716552495773664,6.986290694792297,7.499780834287636,,-0.31371052115020376,0.21456631156216788,0.20004121944157216,0.21851934589088706,30.117857142857144,35.650619789873446,97.01972558272556,119.54366935926924,0.388854610338747,43255,1StudentPerfromance
1000,50,2,0.05,20.0,0.8812908992278072,0.3,0.7,0,0.49337535693778367,,0.0,0.06885640013520292,0.09576935454397807,23.139047880533592,609.5947140436314,159362.6125521321,1126830.651160659,0.5,0.282842712474619,49.45109721515714,341.14277202937694,952.6894697466812,37.274934528787256,255.7651524518643,53.115,368.51861197563545,10.588618298357924,22.24834356367615,0.32173596873533983,33.047154,230.04961418438802,372.72,2604.9744723571966,67.02678,462.4300229943804,47.81,327.86375483528803,5.54,35.383156375626534,41,0,0.012244897959183675,1,0.0,50,35,,0.24341924283348546,367.18,2569.6862644204293,0.32173596873533983,57.319010009001765,399.076924255442,,2.062576739377352,2.8734267891605936,0.4384435782014296,0.13901202992418005,51.36713333333333,352.69169488270296,159362.61255213214,1126822.4014928832,0.7565807571665145,46502,Credit_Approval_Classification
1000,20,2,0.02,50.0,0.8812908992278072,0.3,0.7,0,0.4246425251402327,,0.0,0.07312931223869677,0.08092896133098403,141.09741750698066,1546.5427987878497,398406.89754204213,1781673.9638864696,0.5,0.282842712474619,123.62774303789286,538.9627136943494,952.689747214019,93.18733632196813,404.00418779865345,132.8375,582.311977080427,1.5769722446431356,5.571317001962044,0.21999018453495367,82.84027499999999,363.50522409770826,931.3,4117.411183332505,167.88959999999997,730.5066490329916,119.975,517.7726709819566,13.85,55.74592267365249,3,0,0.005263157894736842,1,0.0,20,11,,0.18032127415747318,917.45,4061.8115802136726,0.21999018453495367,143.10568600736394,630.7286180737855,1.034096550668547,-0.08076240261070644,1.6002495299092834,0.24926209865672716,0.14559959224408534,128.8706666666667,557.0122870003993,398406.8975420421,1781660.4983263742,0.8196787258425268,44098,credit-g_reproduced_1
1000,20,2,0.02,50.0,0.8812908992278072,0.3,0.7,0,0.4246425251402327,,0.0,0.07312931223869677,0.08092896133098403,141.09741750698066,1546.5427987878497,398406.89754204213,1781673.9638864696,0.5,0.282842712474619,123.62774303789286,538.9627136943494,952.689747214019,93.18733632196813,404.00418779865345,132.8375,582.311977080427,1.5769722446431356,5.571317001962044,0.21999018453495367,82.84027499999999,363.50522409770826,931.3,4117.411183332505,167.88959999999997,730.5066490329916,119.975,517.7726709819566,13.85,55.74592267365249,3,0,0.005263157894736842,1,0.0,20,11,,0.18032127415747318,917.45,4061.8115802136726,0.21999018453495367,143.10568600736394,630.7286180737855,1.034096550668547,-0.08076240261070644,1.6002495299092834,0.24926209865672716,0.14559959224408534,128.8706666666667,557.0122870003993,398406.8975420421,1781660.4983263742,0.8196787258425268,44097,credit-g_copy
1000,20,2,0.02,50.0,0.8252336065097614,0.259,0.741,0,0.30987394285585085,,0.0,0.03962641729842881,0.06030182809937569,0.009229403087297822,0.012962196231160301,0.23664914914914922,0.0750085367555428,0.5,0.34082546853191587,0.0,0.0,0.34623249805005535,0.0,0.0,0.95,0.22360679774997902,-1.7216515800213137,0.5284566299955253,0.10622144083041932,0.0,0.0,1.0,0.0,0.4680000000000001,0.11499885582954841,0.55,0.5104177855340404,0.0,0.0,20,0,0.005263157894736842,1,0.0,20,1,,0.09602186046103112,1.0,0.0,0.10622144083041932,0.4858075227371847,0.02595948262214397,1.0153044253897567,0.14937754385795804,0.5208832801367016,0.4994994994994995,0.0,0.44666666666666666,0.191664759715914,0.2366491491491492,0.024082327498004742,0.9039781395389689,1547,autoUniv-au1-1000
990,12,2,0.012121212121212121,82.5,0.43949698691862793,0.09090909090909091,0.9090909090909091,0,0.6426571926344697,,0.0,0.2193663949532826,0.1488417586144412,0.18742963114516806,0.2538215408816619,2.0160602867331896,5.370269340617419,0.5,0.5785419118799024,,,2.5075763252837304,,,1.5831041666666668,2.039647815127354,-0.60051588733213,0.5522690780609956,0.7036015061170753,1.103363275,1.548157166811274,2.7705,3.787257595003156,0.5417941077441077,2.3508470163638737,0.5613333333333334,2.3503990215718824,-1.62225,1.350054485432482,1,0,0.045454545454545456,1,1.0,12,5,,0.41300826724481793,4.39275,3.2623960833328405,0.7036015061170753,0.9845946197070724,1.0685421104104627,1.247101368037489,0.06458044312347223,0.16644494100975418,0.047292384222970135,0.14364600447474984,0.5307596801346801,2.3549874668881534,2.01606028673319,5.258977429148175,0.5869917327551821,1016,vowel
973,9,2,0.009249743062692703,108.11111111111111,0.9158790625647264,0.33093525179856115,0.6690647482014388,0,0.606843573644292,,0.0,0.005252445026036044,0.003314978075189797,0.0013143512233129465,0.0008294962342255705,0.2502381398819804,0.004644226746573491,0.5,0.2390936598256671,0.0,0.0,0.6410538143877277,0.0,0.0,1.0,0.0,-2.0017503356298665,0.0003940070957930046,0.5829274884796826,0.0,0.0,1.0,0.0,0.5009706520497887,0.0045124836835626755,0.6666666666666666,0.5,0.0,0.0,9,0,0.0,1,0.0,9,0,,0.3682591228733752,1.0,0.0,0.5829274884796826,0.5002380826570556,2.468338826191592e-05,1.038294325018277,-0.0038764007077625776,0.01802396942516825,0.4994855967078189,5.887846720064156e-17,0.5016144349477683,0.007505378844626479,0.2502381398819804,2.4694267944512224e-05,0.6317408771266249,40693,xd6
961,4,2,0.004162330905306972,240.25,0.9960589654084069,0.4630593132154006,0.5369406867845994,0,0.6351308631035356,,0.0,0.26906210902546984,0.27081980389901233,2.811442977511851,3.85781013850599,53.18955460891432,103.99871040968002,0.5,0.052242020254157015,14.060059205458785,26.23299716823805,12.687832550544929,13.422739647490465,24.995813915642273,6.5,9.746794344808963,2.3526385564707297,7.097556010599491,0.6761402484119458,4.8184499999999995,6.780632915148849,26.75,46.169073342805284,15.470603537981269,26.688980790395387,16.0,27.337398071750233,4.75,8.845903006477066,0,0,0.16666666666666666,1,0.0,4,1,,0.4033912132666421,22.0,37.33630940518894,0.6761402484119458,4.407050175579926,6.709939230607607,1.0125349594019029,-0.8634948568832581,1.4538768472193229,0.17756884988584476,0.11243532386476728,15.657279029462739,26.957148386114053,53.18955460891433,103.60746075225833,0.5966087867333579,45557,Mammographic-Mass-Data-Set
959,44,2,0.045881126173096975,21.795454545454547,0.9433390515170643,0.3607924921793535,0.6392075078206465,0,0.8747493254881852,,0.0,,,6173101157.356303,101165925788.95451,342494533593.2582,1872877249844.0725,0.5,0.19686914554411697,58195.00522438102,223171.34728459793,3882221.9158497094,12172.417781387061,46798.76055565523,120721.70136179548,478544.0476860245,,,3.2586967928005475,60183.941533199504,248737.78329135093,1075646.6175931818,4806221.08066413,126024.9204852833,480389.79511019716,68188.36842431819,256721.75707981602,1051.9411910795454,3932.617211319983,1,0,0.15010570824524314,1,2.0,44,39,,0.765186382442035,1074594.6764021022,4802862.171210632,3.2586967928005475,147245.93901602284,572951.9511817542,,,,0.07927289720184988,0.22727142622451574,84561.32675148145,320424.69514428626,342494533593.25824,1748184356036.5771,0.23481361755796504,40705,tokyo1
958,9,2,0.009394572025052192,106.44444444444444,0.9309539862479106,0.3465553235908142,0.6534446764091858,0,0.24945391681648857,,0.0,0.07327760110956477,0.05497471016406448,0.04489275205926276,0.03411967294907275,0.6120354554592545,0.17095116258503584,0.5,0.21700354245182146,0.0,0.0,0.4131187496020706,0.0,0.0,1.4444444444444444,0.5270462766947299,-1.2805635618846356,0.13412870249003242,0.06635643555865879,1.4826,0.0,2.0,0.0,1.1927627000695895,0.06273911941634291,1.0,0.0,0.0,0.0,0,0,0.0,1,0.0,9,0,,0.0622272566150876,2.0,0.0,0.06635643555865879,0.7821133531405405,0.019388864995904843,1.0266518266945963,-0.35191540134635857,0.11448701472240705,0.3326367119470568,0.0,1.314621913580247,0.09253560891220416,0.6120354554592551,0.029995609399679095,0.9377727433849123,50,tic-tac-toe
954,6,2,0.006289308176100629,159.0,0.7862868189050471,0.2348008385744235,0.7651991614255765,0,0.522068302815171,,0.0,0.15205098311488832,0.18051870059773503,0.09425470928173414,0.07918002867139648,2.488372259289324,4.346027335052816,0.5,0.37504825081802207,5.651061084559424,12.901878145121112,1.3732980029878854,5.565741831689859,12.853554024963415,2.0,1.6733200530681511,-1.270974627807813,0.48094896684037175,0.3746749651234914,1.2354999999999998,1.7332264052915878,8.166666666666666,14.743360087397537,6.146925227113908,12.745212636021277,5.666666666666667,12.436505404118419,4.666666666666667,10.94836365246728,3,0,0.06666666666666667,1,0.0,6,0,,0.2725553128043131,3.5,3.987480407475377,0.3746749651234914,1.1837514278795946,1.1421583863627731,,0.40988453075611403,0.4809785499494522,0.3478012019460079,0.18376997925837202,6.014518002322881,12.684694743471999,2.488372259289324,4.335843726984323,0.7274446871956869,45545,Tour-and-Travels-Customer-Churn-Prediction
950,9,2,0.009473684210526316,105.55555555555556,0.9994596212523648,0.4863157894736842,0.5136842105263157,0,0.7383780871812702,,0.0,0.4282617207013172,0.26613381423288335,22.985825043351262,29.53716271025422,65.78922168223623,130.6812692571841,0.5,0.019352396116684434,40.23509750069664,17.21200674085347,15.667889191687058,39.42020540786033,17.06969308156731,11.472249999999999,6.647246617491335,-0.7852374703357705,0.43603769184205926,1.1987793238781927,7.683245033333334,4.928645845266141,56.208333333333336,23.988034126413943,41.01183473684211,17.38522499067097,41.63022222222222,17.046242350058986,25.70488888888889,14.398595942351848,0,0,0.41666666666666663,1,0.0,9,2,,0.5452021996294715,30.503444444444444,17.39020325579255,1.1987793238781927,7.1464508982335895,4.069047050175776,1.33912721888931,-0.01870449821921233,0.4709957009341844,0.004820215849299539,0.0029495165059992383,41.064294541910336,17.04217321384999,65.78922168223626,68.47317668146702,0.4547978003705285,841,stock
945,1000,7,1.0582010582010581,0.945,2.8052425496103544,0.1259259259259259,0.14814814814814814,0,1.0,4.965068306494546e-17,0.0,,,7.533989613543511e+17,5.2836854169623305e+20,7.69011798776332e+20,2.400722305128026e+22,0.14285714285714285,0.008242202077987952,,,164209728660.48563,,,1553326760.3992832,34636675928.06055,,,inf,1148824598.5135117,25620807594.003105,8674689524.862223,193548650653.1093,2599543525.69048,57971592582.30732,2423654767.5886016,54040128698.44681,88307088.14927672,2044246311.6832006,0,0,0.017163163163163162,6,58.0,1000,935,,6.0,8586382436.712948,191513625604.31445,inf,1242652241.2014697,27717067846.974777,,,,0.0033977634440430526,0.04522684988438925,2443435083.703908,54485105496.874054,7.69011798776332e+20,1.723871903812056e+22,0.0,1233,eating
937,49,2,0.052294557097118465,19.122448979591837,0.2592588744194235,0.04375667022411953,0.9562433297758804,0,0.6524794343532829,,0.0,,,54970993.5401527,999262437.8092957,299548282875.5559,2096828143233.8877,0.5,0.6452255047113107,,,923326.5060939908,,,4460.101020408163,29327.321659693756,,,0.741339398775313,2621.9254525714287,17138.98628809948,1463559.2765306123,10186705.383199131,16103.506455470133,109906.56765023358,4061.272653061225,26590.197147318515,1506.137142857143,10038.919785854907,1,0,0.1607142857142857,1,1.0,49,38,,0.42572941225398003,1462053.1393877557,10176670.772691375,0.741339398775313,78741.02242778486,547228.9774183991,,,,0.060873348201620735,0.1658138201153723,4490.108105629462,29485.064419743845,299548282875.5557,2096816450729.2095,0.57427058774602,311,oil_spill
902,3,2,0.0033259423503325942,300.6666666666667,0.9997730165376275,0.4911308203991131,0.508869179600887,0,1.0,,0.0,0.4835630474486064,0.3372705384059677,0.41822217737867023,0.41261112001209244,1.4996644936684482,2.3555338090616904,0.5,0.012542914078697088,0.0,0.0,3.8155557791081534,0.0,0.0,2.0,1.7320508075688772,-1.8871219722088146,0.1978364026717729,inf,0.9884,1.7119590182010782,2.3333333333333335,2.3094010767585034,1.1777531411677753,1.1710446974056028,1.3333333333333333,1.5275252316519468,0.0,0.0,2,0,0.3333333333333333,1,0.0,3,0,,1.0,2.3333333333333335,2.3094010767585034,inf,1.0000274359292944,0.8656872596877525,,-0.009780644432051271,0.029289007004888342,0.3882106301640153,0.19266368583390397,1.1851168511685117,1.1819245410548511,1.4996644936684458,2.164096643859356,0.0,45939,132
898,38,2,0.042316258351893093,23.63157894736842,0.9950960290011841,0.45879732739420936,0.5412026726057907,0,0.7381377055251674,,0.0,,,184.76439609529933,3990.389392619603,96854.38107302983,568498.5674808476,0.5,0.058269378405127546,0.02526737046123268,0.15575853228942746,2338.3682850222467,0.020778771824574438,0.1280889519999039,37.239447368421054,159.19675937804178,,,1.1970647195562367,33.91642578947368,157.575532717906,192.44736842105263,825.8483827005439,55.42603437463369,237.6239920482022,32.49473684210526,138.0679561378781,0.00631578947368421,0.038933141071383,13,0,0.007112375533428165,1,7.0,38,26,,0.5448472723179588,192.44105263157894,825.8498637449246,1.1970647195562367,64.27462122306478,308.59226388978936,,,,0.45340613731850776,0.30531536291099803,34.0610820662768,147.7714585132999,96854.38107303002,567965.7584898915,0.45515272768204124,43941,anneal
846,18,4,0.02127659574468085,47.0,1.9990667655285925,0.23522458628841608,0.2576832151300236,0,0.6738147443927072,0.2715617364059888,0.0,0.40705653491911936,0.34247694047500554,278.44615465072445,851.9534342935541,2025.5889786487994,8224.542093947208,0.25,0.010327298992971743,113.83867084854721,101.74809481733129,159.43085579722043,111.36287191706428,96.84180561070296,34.56944444444444,61.11337135600303,5.0964765381202675,15.12629136474275,4.621441494534745,21.168233333333333,31.898934062460086,198.88888888888889,227.40838850710563,117.63494877856581,106.38822560976683,111.55555555555556,92.85629138444632,78.38888888888889,63.11906478924796,0,0,0.39215686274509803,3,0.0,18,8,,1.5095704826426992,120.5,188.88192701510957,2.435826672164416,22.770839172096302,39.94658309531972,,1.0378871009079125,1.6937191094945223,0.024529774191604656,0.018416543403109928,114.9032152230971,100.6629073063975,2025.5889786487985,7298.497058744341,0.08339995989730416,44555,vehicle_seed_2_nrows_2000_nclasses_10_ncols_100_stratify_True
846,18,4,0.02127659574468085,47.0,1.9990667655285925,0.23522458628841608,0.2576832151300236,0,0.6738147443927072,0.2715617364059888,0.0,0.40705653491911936,0.34247694047500554,278.44615465072445,851.9534342935541,2025.5889786487994,8224.542093947208,0.25,0.010327298992971743,113.83867084854721,101.74809481733129,159.43085579722043,111.36287191706428,96.84180561070296,34.56944444444444,61.11337135600303,5.0964765381202675,15.12629136474275,4.621441494534745,21.168233333333333,31.898934062460086,198.88888888888889,227.40838850710563,117.63494877856581,106.38822560976683,111.55555555555556,92.85629138444632,78.38888888888889,63.11906478924796,0,0,0.39215686274509803,3,0.0,18,8,,1.5095704826426992,120.5,188.88192701510957,2.435826672164416,22.770839172096302,39.94658309531972,,1.0378871009079125,1.6937191094945223,0.024529774191604656,0.018416543403109928,114.9032152230971,100.6629073063975,2025.5889786487985,7298.497058744341,0.08339995989730416,44153,vehicle_reproduced
846,18,4,0.02127659574468085,47.0,1.9990667655285925,0.23522458628841608,0.2576832151300236,0,0.6738147443927072,0.2715617364059888,0.0,0.40705653491911936,0.34247694047500554,278.44615465072445,851.9534342935541,2025.5889786487994,8224.542093947208,0.25,0.010327298992971743,113.83867084854721,101.74809481733129,159.43085579722043,111.36287191706428,96.84180561070296,34.56944444444444,61.11337135600303,5.0964765381202675,15.12629136474275,4.621441494534745,21.168233333333333,31.898934062460086,198.88888888888889,227.40838850710563,117.63494877856581,106.38822560976683,111.55555555555556,92.85629138444632,78.38888888888889,63.11906478924796,0,0,0.39215686274509803,3,0.0,18,8,,1.5095704826426992,120.5,188.88192701510957,2.435826672164416,22.770839172096302,39.94658309531972,,1.0378871009079125,1.6937191094945223,0.024529774191604656,0.018416543403109928,114.9032152230971,100.6629073063975,2025.5889786487985,7298.497058744341,0.08339995989730416,54,vehicle
841,70,2,0.08323424494649227,12.014285714285714,0.9558465023095525,0.3769322235434007,0.6230677764565993,0,0.9509756634363182,,0.0,0.14842389025036848,0.11554627164169456,5.460666436075887,13.537410787282724,50.91796848584857,174.72117591653253,0.5,0.17404411855602298,4.390547753420648,13.163716628685128,47.229367566815775,4.016060453824013,12.316659200292655,7.1571428571428575,6.868613163578967,2.3253142913452103,3.630128984082674,9.455298170940692,4.998479999999997,4.579578569485074,34.4,30.42758092848362,10.12524205877357,13.369742790633518,9.2,12.729743784208472,0.8285714285714286,3.4261205871120057,0,0,0.007867494824016562,1,1.0,70,68,,0.9043547124481456,33.57142857142857,28.01737112732257,9.455298170940692,5.356526083946353,4.748442575873746,,1.110728918783191,0.680273120614929,0.0488234358962868,0.028408731203384656,9.431145685997171,12.958362044555528,50.91796848584856,124.96869779446949,0.09564528755185443,970,analcatdata_authorship
839,23,2,0.027413587604290822,36.47826086956522,0.9812423791086551,0.4195470798569726,0.5804529201430274,0,0.7727114750566986,,0.0,0.07590810262288725,0.08878859543234668,0.07158707585516791,0.38918791225302585,10.811363208286794,51.42709542942934,0.5,0.11377761079878893,2.1016120126325037,10.078977139955647,16.85290348494433,1.9815787454819023,9.503317813508577,1.249782608695652,5.136279268431589,12.500947380446302,12.255665259709629,1.4819008847531436,0.8025378260869566,3.8488362049986864,4.925652173913043,18.39549965371643,2.4583515572368766,10.584161607358487,2.3717391304347823,10.738681420739066,0.6269565217391304,3.0067778507030183,21,0,0.007905138339920948,1,0.0,23,18,,0.5970830236842989,4.2986956521739135,15.389643596897418,1.4819008847531436,0.9572148480108783,3.216345806895749,,2.9204193549212762,2.4571957999487415,0.4668125609765019,0.1143180809759524,2.3932965992251396,10.561063092462401,10.81136320828679,51.392200764561764,0.4029169763157011,46846,glioma_grading_clinical_and_mutation_features
800,21,3,0.02625,38.095238095238095,1.5845528061478327,0.3225,0.34125,0,0.6748011799343216,0.007535907106232899,0.0,0.30350633077338784,0.2189975451039203,0.8153205792899885,0.7245831537757443,2.4295386864646424,5.09029803147855,0.3333333333333333,0.009709316831442528,,,5.810254661691875,,,2.2396678571428574,0.5882437711178322,-0.4048594630157034,0.2574435196290236,1.6729596189509777,1.6330344799999998,0.4192509097233396,5.897480952380953,1.8312522744338224,1.7161403988095236,1.1117500710338715,1.6742619047619045,1.1224145137720691,-2.3920142857142856,0.717094173930952,0,0,0.2380952380952381,2,6.0,21,9,,0.9107700547774191,8.28949523809524,1.4789450643875146,0.8607304351854171,1.524025723186467,0.3350052172834632,1.0944303096790022,0.06572777191890006,0.1922773122812816,1.061054500723629e-05,4.810933443769862e-06,1.6922637301587304,1.1206493665458512,2.4295386864646424,0.9891915159418215,0.2965537490808767,47155,waveform
800,11,2,0.01375,72.72727272727273,0.9995491108223631,0.4875,0.5125,0,0.528749361634653,,0.0,0.1322543070147462,0.15267406126131006,554812.9967127979,2274530.0655366997,2827025480.6129303,9376093348.415525,0.5,0.017677669529663664,6462.411918173327,20594.926514477662,45005.75919578912,624.9066990639319,1432.9305561068759,18585.877272727274,60941.995056838125,1.4454522884571366,4.822230456021351,0.3880712521286142,12113.546908909088,39658.20358493799,144620.3118181818,477264.17892975453,15394.701014772725,49653.09751535231,10409.788181818181,33132.85710946668,196.1727272727273,600.8322962206827,0,0,0.05454545454545454,1,0.0,11,4,,0.2795758874290531,144424.13909090907,477308.85225980397,0.3880712521286142,16147.467037847766,53131.09511163876,,0.3840806821362555,1.133197164803123,0.01175530272127312,0.026605440809800544,11601.395255681819,37082.300647372256,2827025480.612929,9376090188.26877,0.720424112570947,46667,imdb_genre_prediction
797,4,6,0.005018820577164366,199.25,2.580259207773995,0.15432873274780426,0.1944792973651192,0,0.14416813600977005,0.06824585174163544,0.0,0.15909570404875564,0.21285153897162756,0.4996450781721237,1.0324902768238478,2.5752476308770937,3.64989686001944,0.16666666666666666,0.0149603091781848,0.0,0.0,0.5078177705742284,0.0,0.0,2.25,1.5,-1.1549133877550752,0.6201130373362024,0.10071750919450458,1.4826,1.2105378308834467,4.25,3.304037933599835,1.7575282308657463,1.1815500784700053,1.75,0.9574271077563381,0.0,0.0,1,0,0.16666666666666666,4,0.0,4,0,,0.0971102946019501,4.25,3.304037933599835,0.04914833817614576,1.373210102916627,0.9588476723823598,1.0223143436828093,0.05172840514732188,0.5202018781539299,0.2709106046103534,0.18125114258159375,1.691544885177453,1.1134551689217016,2.575247630877095,2.9613700151158615,0.9058432599863464,469,analcatdata_dmft
782,8,2,0.010230179028132993,97.75,0.9344102044509572,0.35038363171355497,0.649616368286445,0,0.7323055436766777,,0.0,0.11080109277352171,0.12008436769001089,49.75437069579183,217.09357411763798,2179.542510804131,6050.93893815339,0.5,0.21158949718369835,,,94.98373404280403,,,14.5953125,20.443298082636662,3.8277596815933417,10.747764379262552,1.1564337848775335,11.008305,15.237604460407288,50.41375,61.518061212599534,9.66443574168798,42.196497851465644,2.375,59.00423616753534,-19.15625,66.46061001772833,0,0,0.03571428571428571,1,0.0,8,5,,0.5362714092995945,69.57,119.63748277907843,1.1564337848775335,20.879525652038645,44.63935380164641,1.296876566254678,-0.11223874837978881,1.1360698706300028,0.015451901954863007,0.02251064705226084,4.7271835106382945,53.23351576463134,2179.5425108041322,6019.176579926961,0.4637285907004055,839,kdd_el_nino-small
779,12,3,0.01540436456996149,64.91666666666667,1.2723786838680966,0.0821566110397946,0.5905006418485238,0,0.32732376210832015,0.11704832458526389,0.0,0.15167226106257126,0.15703193248310865,32.26387059162964,188.2297729486859,8442.278669772033,19719.131165048537,0.3333333333333333,0.25422495699119674,,,59.87289245517405,,,66.58749999999999,150.61303374572506,5.5522974813828965,16.441937323300913,0.2657868247986953,49.15968014999999,112.08567621275576,135.913,299.98899471147274,66.22224786050491,150.77409190540192,66.02191666666666,150.8680522855882,-0.14916666666666664,0.5712101720085704,2,0,0.045454545454545456,2,1.0,12,7,,0.22798200076970562,136.06216666666668,299.92051213305086,0.20217353567578197,38.701070835769976,87.03921239159497,1.0772490361622011,1.0495665413842696,1.870964196590848,0.11695971283704726,0.1922720151485724,66.04898365316275,150.854042693489,8442.278669772035,19708.194208163313,0.7820762217503537,46827,QSAR_Bioconcentration_classification
768,8,2,0.010416666666666666,96.0,0.9331343166378978,0.3489583333333333,0.6510416666666666,0,0.5506842068290059,,0.0,0.17165678897092662,0.13243386555206998,109.35023488509584,266.09287378284085,1893.0594716960904,4682.592251943359,0.5,0.21360517348343622,3.9807001879224595,11.105207416322994,45.24310842710197,3.786169797298347,10.58269832128959,31.2728125,41.090233272933695,2.7345612250230227,2.913385829403486,0.4352413964927281,15.6168744375,15.086466992445496,179.19,276.32481342486363,44.98579117838541,41.635276665409364,38.3590625,38.609856900646406,2.63475,7.420731803535283,0,0,0.03571428571428571,1,0.0,8,8,,0.3032530956508913,176.55525,277.4951336879622,0.4352413964927281,25.733742975451573,37.5055644506936,1.0325939949354754,0.5271805558363709,1.321603237158665,0.015922964296627953,0.018549250712783114,40.20920779220779,38.843545867894534,1893.0594716960932,4613.544969593338,0.6967469043491087,37,diabetes
748,4,2,0.0053475935828877,187.0,0.7916446298423474,0.23796791443850268,0.7620320855614974,0,0.35924419793165857,,0.0,0.46599826183085297,0.3452425228632078,5568.266569844439,8964.729360935104,532947.0217505496,1065615.4081046786,0.5,0.3705693291779768,234.43798669735784,450.5080166328373,749.0272768600212,159.36293555602893,308.3459053249692,325.0625,616.7509078158432,10.11314442351075,7.549084686237917,0.14817996575332137,193.10864999999998,365.53908149549477,3180.5,6213.030902868583,356.99498663101605,681.2398449533911,259.75,493.6154880066062,63.25,124.50267734738344,0,0,0.5,1,0.0,4,3,,0.12905639374756067,3117.25,6088.530275581018,0.14817996575332137,374.5345494748774,723.5752833444031,,2.2540426334608235,1.183456051730015,0.025117841091412796,0.009126015932186244,267.44944444444445,506.6477343453575,532947.0217505496,1065431.503059369,0.8709436062524393,1464,blood-transfusion-service-center
736,19,5,0.025815217391304348,38.73684210526316,2.262083620421061,0.14266304347826086,0.2907608695652174,0,0.4464577638951831,0.31251848589695486,0.0,0.14652168690209083,0.17644721017468767,372.3885415780376,2248.481351970121,147911.20317832165,553466.6759453948,0.19999999999999998,0.06526973669230479,,,405.9445735137394,,,73.06144736842106,240.03603360183786,45.749357520770914,168.658072802129,4.399136517862387,61.82402984210526,215.85489451232942,2612.331052631579,9601.27500795765,289.6201889302059,658.7746254659885,304.7105263157895,716.7201118790582,152.7736842105263,483.2964881152783,1,0,0.07602339181286549,4,0.0,19,10,,1.0903015518511237,2459.5573684210526,9625.640871053061,4.069326245940165,127.97839118032736,372.6125450276077,,1.786185685594419,6.403088326515381,0.09095798684882463,0.11872644279178264,287.6611062157657,664.848080386805,147911.2031783217,553378.0178433832,0.1450349901063549,44588,eucalyptus_seed_0_nrows_2000_nclasses_10_ncols_100_stratify_True
719,10,4,0.013908205841446454,71.9,1.5597094164313567,0.061196105702364396,0.5799721835883171,0,0.2863290684939699,0.27644159620384207,0.0,0.06186808526458043,0.08004170317142047,112679874966.17276,507476089353.50165,6.930868460303546e+21,2.1917330497583517e+22,0.25,0.23261344334797837,,,152447466977.22296,,,2299925125.091598,7273001702.26961,136.98370452535423,146.2682874845032,0.6084760556106645,922780760.9871747,2918088881.4714556,360615531677.68524,1140366433839.3018,5468100887.013349,17291653123.478867,700357389.6514971,2214724385.648064,1946866.302713,6156785.844631297,0,0,0.0,3,0.0,10,8,,0.3987929186173296,360613584811.3826,1140360277053.4583,0.5733906607359543,26326542706.169617,83251837546.91261,,5.617635526164211,9.619808755044856,5.274452403491075e-06,6.196271523923952e-06,1041991793.4117815,3295067228.1472745,6.930868460303547e+21,2.191733049758352e+22,0.613880894432663,46505,total_score
719,10,6,0.013908205841446454,71.9,2.470556729503,0.061196105702364396,0.24200278164116829,0,0.2462995245843091,0.2728025910286878,0.0,0.061868085264580416,0.08004170317142047,112679874966.17276,507476089353.5015,6.930868460303546e+21,2.1917330497583517e+22,0.16666666666666666,0.06888377395753208,,,128690029087.67215,,,2299925125.0915985,7273001702.269609,136.98370452535426,146.26828748450316,1.198539037568257,922780760.9871746,2918088881.4714556,360615531677.6853,1140366433839.3015,5468100887.013348,17291653123.478867,700357389.6514971,2214724385.648064,1946866.3027130004,6156785.844631297,0,0,0.0,5,0.0,10,8,,0.6010022937401456,360613584811.3825,1140360277053.4585,1.1251697124921134,26326542706.169617,83251837546.91261,,5.617635526164211,9.619808755044856,5.274452403491075e-06,6.196271523923952e-06,1041991793.4117815,3295067228.1472745,6.930868460303547e+21,2.191733049758352e+22,0.4376637900614554,46382,company_quality_and_valuation_finance
708,13,2,0.018361581920903956,54.46153846153846,0.9999999999971146,0.5,0.5,0,0.2835081086657942,,0.0,0.2043628028569132,0.2021906951586247,876896.8800247416,5433974.149960845,58308764.567532845,209057709.03083125,0.5,0.0,,,3863.204310457076,,,597.5893098154133,1767.0518046364684,19.91173183632071,24.591658926429332,0.08740194010602954,143.5919052213212,364.27333443644153,33647.47434755215,107870.75978801693,928.7679758221265,2810.0216353934675,122.1255655843873,274.12690397537534,-270.9347080117692,987.7683872451664,1,0,0.10256410256410256,1,0.0,13,11,,0.08037684767925576,33918.40905556393,107843.14634780397,0.08740194010602954,2412.150738712677,7540.854361169282,1.1073087823445737,2.2767656936571465,2.915646604863178,0.044230287429676544,0.1373869054095245,218.09003483843603,562.4863121288737,58308764.56753285,208125408.70699844,0.9196231523207442,45712,doa_bwin_balanced
705,37,2,0.0524822695035461,19.054054054054053,0.42476250104617924,0.08652482269503546,0.9134751773049645,0,0.4831839452193803,,0.0,0.45384757827605776,0.32443379017622304,4478644.976027327,97966816.45392258,1224512769.1957736,7448234546.7024,0.5,0.584742203449301,239.59746549251935,1246.8999464161643,93770.11379949437,69.31480123702678,318.14757270947655,682.1440540540541,3707.5711880252243,55.9266005736182,60.07342987378755,0.3045748077834174,260.4174878918917,1381.1151458340607,123113.91486486486,703397.7973372192,1283.6397362468851,7131.2319795783915,217.36162162162165,1118.9853534949357,3.944864864864864,10.051675267122176,0,0,0.4624624624624625,1,0.0,37,34,,0.2334667249177651,123109.96999999999,703388.9572158289,0.3045748077834174,6136.712385358594,34925.94571252826,,5.3226288532958685,3.2868547953051044,0.017764310744223275,0.02397552277165996,309.0828413519903,1626.958145455759,1224512769.195774,7424343843.57697,0.7665332750822349,1451,PieChart1
699,9,2,0.012875536480686695,77.66666666666667,0.9293179372469129,0.3447782546494993,0.6552217453505007,0,0.9158553066452699,,0.0,0.6007374893519859,0.1319132958577316,4.671508827592427,1.8472931792412692,7.8287265338804355,15.328320104918078,0.5,0.21951669744990102,2.2354785357886073,0.6316959368449466,13.283859869962361,1.734579264973717,0.4839096140432674,3.0,1.3228756555322954,1.6581490114179152,4.161007531979419,5.203125412506838,0.4942,1.0483565137871753,10.0,0.0,3.1292322365283742,0.7450209195564983,1.6666666666666667,1.1180339887498947,1.0,0.0,0,0,0.75,1,0.0,9,5,,0.8387909427103014,9.0,0.0,5.203125412506838,2.7486440580617324,0.5548807736421112,1.4514784498708562,1.4750624666654808,0.8396400492456153,0.09994693834235382,0.0037090098694683208,2.2222222222222223,0.8564535706709794,7.828726533880438,2.948073763365816,0.16120905728969862,15,breast-w
690,14,2,0.020289855072463767,49.285714285714285,0.991230898900467,0.4449275362318841,0.5550724637681159,0,0.766409062943185,,0.0,0.1272900471360037,0.12041031865042841,64.42698637682545,198.23178430807508,1490.4432894013282,2738.175835410837,0.5,0.07788422517417042,15.863294119578418,31.730981547928483,73.85078630706053,6.486268060474022,15.91725613628776,35.017857142857146,50.318740227989295,-0.08319833761126436,2.4708859595783705,1.4235541452142055,19.220850000000002,32.76262715390463,82.78571428571429,116.94849528510639,28.60817805383022,44.24225896976652,21.821428571428573,39.14745651569655,0.42857142857142855,0.5135525910130955,4,0,0.01098901098901099,1,0.0,14,4,,0.5873828517614509,82.35714285714286,116.53167753075498,1.4235541452142055,22.82888821955029,32.30859867547587,,0.11781267048349618,0.9886717848372415,0.2082577032582724,0.22064665036610173,24.740683229813662,40.61083555968953,1490.4432894013291,2625.909165061084,0.41261714823854906,40981,Australian
690,14,2,0.020289855072463767,49.285714285714285,0.991230898900467,0.4449275362318841,0.5550724637681159,0,0.766409062943185,,0.0,0.1272900471360037,0.12041031865042841,64.42698637682545,198.23178430807508,1490.4432894013282,2738.175835410837,0.5,0.07788422517417042,15.863294119578418,31.730981547928483,73.85078630706053,6.486268060474022,15.91725613628776,35.017857142857146,50.318740227989295,-0.08319833761126436,2.4708859595783705,1.4235541452142055,19.220850000000002,32.76262715390463,82.78571428571429,116.94849528510639,28.60817805383022,44.24225896976652,21.821428571428573,39.14745651569655,0.42857142857142855,0.5135525910130955,4,0,0.01098901098901099,1,0.0,14,4,,0.5873828517614509,82.35714285714286,116.53167753075498,1.4235541452142055,22.82888821955029,32.30859867547587,,0.11781267048349618,0.9886717848372415,0.2082577032582724,0.22064665036610173,24.740683229813662,40.61083555968953,1490.4432894013291,2625.909165061084,0.41261714823854906,44484,Australian_seed_1_nrows_2000_nclasses_10_ncols_100_stratify_True
683,35,2,0.05124450951683748,19.514285714285716,0.570188088664706,0.13469985358711567,0.8653001464128843,0,0.7137335137126606,,0.0,0.13523733880541786,0.1384245039818018,0.045293884203316585,0.07136242640708024,0.4901413893337568,0.8640879229489363,0.5,0.5166124213939783,0.0,0.0,2.0013169896163925,0.0,0.0,0.8,0.9330531792422755,6.197833108008836,19.031327442920617,1.0383849434519863,0.21180000000000002,0.6374730887053424,1.8285714285714285,1.0427823157223148,0.8186571846893956,0.7401988972935244,0.8857142857142857,0.9000466841300209,0.0,0.0,16,0,0.023529411764705882,1,0.0,35,17,,0.5094155285966206,1.8285714285714285,1.0427823157223148,1.0383849434519863,0.5885787964793533,0.38463403685319736,,0.7944101473359636,2.686441930912098,0.3889011909749237,0.11008246593097346,0.8212026416405979,0.8314153935637536,0.4901413893337569,0.7049133906647987,0.49058447140337935,1023,soybean
666,11,4,0.016516516516516516,60.54545454545455,1.9494399484174956,0.15165165165165165,0.3153153153153153,0,0.41036429328777474,0.3330840820994613,0.0,0.08957581212661153,0.11966239877694032,0.07511210458578879,0.09267301019518398,1.2190116979590675,1.402921818760314,0.25,0.07388953828568884,0.0,0.0,1.0204728321022605,0.0,0.0,1.4545454545454546,1.0357254813546264,-0.08721201385257205,2.3651103525229074,1.8086967943309806,0.26956363636363634,0.5997412296528015,3.4545454545454546,2.2522715805886446,2.124897624897625,1.9056439053745866,2.3636363636363638,2.2033033051637383,0.0,0.0,1,0,0.01818181818181818,3,0.0,11,3,,0.7270865711128058,3.4545454545454546,2.2522715805886446,1.7070972739369668,0.9910838540763822,0.5103341467734527,,-0.12324825075882563,0.9279296669269615,0.27036910457963087,0.11289453255771069,2.151818181818182,2.0272117831238954,1.2190116979590666,1.3466165085517467,0.33458176580238563,46584,Student_Performance_on_an_Entrance_Examination
662,3,2,0.004531722054380665,220.66666666666666,0.9998946537401434,0.49395770392749244,0.5060422960725075,0,0.10795482425717262,,0.0,0.00953984090451477,0.0031531256391717473,0.6899356493809911,0.4423243208011692,104.34147869793001,124.71363203651318,0.5,0.008545097053613835,,,2.284221243641452,,,12.378879333333332,8.135675038824859,0.021011156075452526,0.09390725005762848,0.01179166704626902,9.140604097799999,6.06227225068004,52.497143666666666,35.056061619014365,23.480946991440078,16.83473959035049,23.284130333333334,16.493160083599687,-1.6258853333333334,4.688076735595348,0,0,0.0,1,1.0,3,3,,0.011654244080397027,54.123028999999995,32.131897994430844,0.01179166704626902,8.961842839791538,6.003355513311757,,0.1149512228357346,0.26026808105694843,0.0,0.0,23.343519796482415,16.611284526158226,104.34147869792996,124.70633777209717,0.9883457559196029,795,disclosure_x_tampered
662,3,2,0.004531722054380665,220.66666666666666,0.9980963921406943,0.4743202416918429,0.525679758308157,0,0.15099935474917037,,0.0,0.036228191475103665,0.030393743397057672,1.049800034423353,0.4014296803703428,84.54078738822771,121.01044502764366,0.5,0.036316662477858905,22.097575031264558,15.67590753674045,2.1079747909601765,20.5346815416741,14.15022715208774,10.479839416666664,9.383289054031604,0.01407181725770664,0.09571420114408002,0.02333281203512241,7.8230777701999985,7.040124750556626,47.535539,39.9595902721695,23.43600764400806,16.984465979649205,23.060032833333334,16.270795856450402,4.107782,1.6577392960284798,0,0,0.0,1,0.0,3,3,,0.0228008051346658,43.42775700000001,38.79739858765337,0.02333281203512241,7.497684313367773,6.518303152505244,,0.11516439036530117,0.4321988851519894,0.0,0.0,23.271343637353436,16.656816741130744,84.54078738822771,120.99545145944525,0.9771991948653342,931,disclosure_z
662,3,2,0.004531722054380665,220.66666666666666,0.9999736639136605,0.49697885196374625,0.5030211480362538,0,0.11843099788147908,,0.0,0.01127695068579255,0.003918341605157141,0.6967570442027244,0.31660761946347094,104.19884029971395,124.92165602935522,0.5,0.004272548526806899,,,2.906758750527946,,,12.075343916666668,8.02276154595628,0.0361440826398951,0.1004970117611254,0.014225425675091871,8.983392900299998,5.942909595342769,52.768912666666665,34.38718904266706,23.48797887613293,16.866261121244296,23.272310333333333,16.51180791352151,-1.5373953333333332,4.541052857043434,0,0,0.0,1,1.0,3,3,,0.014025901259202903,54.306308,31.60863225089759,0.014225425675091871,8.947933050819206,6.01664371777629,,0.11412772749558514,0.2548273896715434,0.0,0.0,23.346071130653268,16.62896101655769,104.19884029971398,124.9150241292504,0.9859740987407971,827,disclosure_x_noise
662,3,2,0.004531722054380665,220.66666666666666,0.9987091547215523,0.4788519637462236,0.5211480362537765,0,0.15471644013568697,,0.0,0.0349233529431175,0.03354708206647287,0.9241118785903701,0.15100130581060997,84.85037684127373,120.84479279116616,0.5,0.02990783968764856,22.08019119507311,15.64411309620218,2.440124634972114,20.50536361263028,14.111003738715992,10.704604416666669,9.654713148108009,-0.0037392873682608276,0.10565657608797074,0.024524217376670123,7.7791940457000015,6.927422837905242,48.075157,40.13082996589355,23.42897575981873,16.95283733368152,23.07308,16.3927750555227,3.9657503333333337,1.5728395414184289,0,0,0.0,1,0.0,3,3,,0.02393717684825961,44.10940666666667,38.96208257435178,0.024524217376670123,7.532171265912183,6.494240470860386,,0.13923420353509933,0.40052500050371204,0.0,0.0,23.254643634840864,16.64695948257828,84.85037684127376,120.83400346615488,0.9760628231517404,774,disclosure_x_bias
661,37,2,0.05597579425113464,17.864864864864863,0.3974707552290223,0.07866868381240545,0.9213313161875946,0,0.4968891726810759,,0.0,0.46931677611116784,0.33725121300685684,2035396.7422753654,40911166.35412504,505286432.74142045,3073474194.886048,0.5,0.595852461605003,217.07380068568872,1125.1502392425402,104677.2069510631,66.70231798928921,305.7364762967108,603.2083783783785,3270.9860243761314,61.989033809260995,62.64074320086077,0.32784287994245637,240.2473159459459,1274.5339060340382,78916.83675675676,448752.89207031106,962.8441162039496,5308.607794881335,203.97945945945946,1049.8866446720858,3.9462162162162158,10.051133532357696,0,0,0.46996996996997,1,0.0,37,34,,0.24689884992768407,78912.89054054054,448744.0370022359,0.32784287994245637,3961.8506584375627,22431.89468378633,,5.636523896333531,3.4711660358972343,0.018675131911574,0.024063536450611846,280.08608005990885,1469.6691944700024,505286432.74141973,3063373231.5038013,0.7531011500723159,1443,PizzaCutter1
630,1000,2,1.5873015873015872,0.63,0.993877418485757,0.45396825396825397,0.546031746031746,0,1.0,,0.0,0.11822097692720328,0.10091810505681338,498578.0167735829,5957203.170429352,17027673.33434914,215437749.8366284,0.5,0.0650987195378091,3193.7922562187964,7860.589395176704,67867.257591371,2783.616112154359,7197.122582754611,1950.36255,4663.948172312436,29.977273926666108,70.38872245615336,inf,1341.69799554,3254.037982605924,17506.489100000003,29279.03799157143,3652.9309779365076,8551.226638216194,3271.33205,8110.5203968551305,582.6768999999999,1796.7658227432332,0,0,0.005149149149149149,1,1.0,1000,1000,,1.0,16923.8122,28159.753795486093,inf,1894.902602336577,3667.4879590718683,,3.151281777592844,3.4450481616646207,4.1032060025319855e-05,8.293186041953198e-05,3350.078076984127,8202.536433934256,17027673.334349137,103327854.18111162,0.0,1145,AP_Breast_Colon
625,4,2,0.0064,156.25,0.9955616408686885,0.4608,0.5392,0,0.7921643237730949,,0.0,0.0,0.0,0.0,0.0,2.003205128205128,0.0,0.5,0.055437171645025346,2.6051710846973517,0.0,2.2474968944773472,2.1897810218978107,5.127900497022837e-16,2.0,0.0,-1.3054356480000002,0.0,1.6847390113689735,1.4826,0.0,5.0,0.0,3.0,0.0,3.0,0.0,1.0,0.0,0,0,0.0,1,0.0,4,0,,0.6275243158588847,4.0,0.0,1.6847390113689735,1.4153462926807447,0.0,1.0046315284831644,0.0,0.0,0.1987179487179487,0.0,3.0,0.0,2.003205128205128,0.0,0.3724756841411153,997,balance-scale
625,6,2,0.0096,104.16666666666667,0.9999538332633537,0.496,0.504,0,0.36788099679507935,,0.0,0.11712913484128486,0.12713406833220534,81.80080156974357,138.35494397181603,52445.287829588255,128302.34526297562,0.5,0.005656854249492385,,,236.82944708716607,,,65.71666666666667,134.49751546651956,10.094882808985078,24.65899556435317,0.15651917364699355,36.71905999999999,71.49008444326695,1521.0333333333335,2795.2292762252378,388.3489706666667,782.4137974513177,359.4666666666667,789.4685343106885,326.21,795.9898505634352,0,0,0.0,1,0.0,6,4,,0.1353364278029412,1194.8233333333333,2844.0118587774323,0.15651917364699355,99.45155210477374,225.97701638938335,,1.4146674797486156,2.512677659935076,0.01644303093013646,0.02060719325675591,364.4590666666666,787.7641521678958,52445.28782958822,128301.7710557654,0.8646635721970588,770,strikes
614,11,2,0.017915309446254073,55.81818181818182,0.8962696698414079,0.3127035830618892,0.6872964169381107,0,0.5571451743347219,,0.0,0.07934624927333499,0.10024856510317574,44606.61753719205,282928.63487809035,4172231.5624758457,11329240.026583454,0.5,0.2648771330177621,423.0193423489691,1254.6180922910503,378.4673048364689,343.514932404436,1006.5861558254926,480.29545454545456,1060.9339801454532,14.84596769334991,28.959113171424704,0.4501386052085709,330.0806727272727,723.269819710921,11259.727272727272,26274.06185990628,683.3933846592597,1637.8953159247662,499.3636363636364,1155.4510827142162,15.545454545454545,44.79590078648635,5,0,0.01818181818181818,1,0.0,11,9,,0.31041074528446766,11244.181818181818,26235.110138202894,0.4501386052085709,835.2356413277862,1955.0126046971584,,1.314746365385914,3.2668904874290914,0.28918085594171683,0.22539826969921586,505.0933464345553,1213.2841567469877,4172231.5624758448,11290051.696606372,0.6895892547155323,43595,Loan-Predication
604,1000,2,1.6556291390728477,0.604,0.9860029065325912,0.4304635761589404,0.5695364238410596,0,1.0,,0.0,0.12453977745170916,0.10622321901038122,502499.092626881,4436918.005853741,15665857.763115482,173232062.60919365,0.5,0.09833935367495035,2752.0223609224604,6960.910233114585,80366.21574744185,2379.59678861853,6356.9191199619245,1761.6001999999999,3852.6644478593003,33.768152921639356,70.06320189568827,inf,1163.99393019,2685.3771614381653,18259.9827,30723.845945870064,3217.6785718543047,7547.1728900904745,2781.3726,7150.189274386993,341.9189,1110.2156821328203,0,0,0.006816816816816816,1,1.0,1000,1000,,1.0,17918.063799999996,30007.148074931752,inf,1920.7947852934026,3462.4259630286115,,3.566280269971515,3.460684979817734,4.848578559257308e-05,0.00012563796642117142,2867.9734961538466,7225.410246909891,15665857.763115482,100352579.43356659,0.0,1158,AP_Breast_Kidney
601,6,2,0.009983361064891847,100.16666666666667,0.9274373177961424,0.3427620632279534,0.6572379367720466,0,0.13997459796187156,,0.0,0.01387902372171653,0.009872380199168102,0.008194675540765398,0.00748427117267407,0.6221103716028841,0.36431880514518405,0.5,0.22236802270259148,0.0,0.0,0.23421137059472463,0.0,0.0,1.6666666666666667,0.5163977794943222,-1.6419586680449296,0.2858924306537267,0.019984440990140604,0.9884,0.7656113478782821,1.8333333333333333,0.752772652709081,0.9162506932889629,0.37345817105143947,1.1666666666666667,0.408248290463863,0.0,0.0,2,0,0.0,1,0.0,6,0,,0.01959288807458758,1.8333333333333333,0.752772652709081,0.019984440990140604,0.7598875400781863,0.23155465368713374,,-0.003244297920267913,0.011810042771142773,0.37395833333333334,0.1022321760703257,0.9159741458910435,0.37157406413730565,0.6221103716028842,0.3633339997511683,0.9804071119254124,334,monks-problems-2
600,60,6,0.1,10.0,2.5849625007125,0.16666666666666666,0.16666666666666666,0,0.6769927105642937,0.3651058487138759,0.0,0.45564968657727045,0.27301578628391143,55.6640937735827,56.50556476142477,109.32034165902898,618.8679826277242,0.16666666666666666,0.0,,,100.04228284226464,,,15.669395833333333,7.760117655741885,-0.5708726801319146,0.5960082098392693,32.2992555688334,11.591077995,5.7271524831322855,52.82164,6.449145338756662,30.09216547040833,0.748788644029861,30.034975,0.7952112636093547,7.978913906666667,7.529777998651092,0,0,0.43333333333333335,5,7.0,60,26,,2.8248047738462665,44.84272609333333,13.220858100201237,17.334845544933632,9.751691244309711,3.803414104305423,1.4742078709806588,0.03383486492439054,0.28970936194755886,3.5879448952356275e-06,4.029997436180879e-06,30.076544106481478,0.5950707709066212,109.32034165902897,74.9906795843628,0.0007848788816695923,377,synthetic_control
583,10,2,0.017152658662092625,58.3,0.8640904272458769,0.2864493996569468,0.7135506003430532,0,0.34664997592025426,,0.0,0.17991428487945604,0.2101370127169732,1364.1437196918232,6452.164500396593,17615.363102664327,36955.49029687786,0.5,0.30200615525806235,39.157272735064836,74.5772212392393,153.77823662894474,33.33526667766436,66.42251350469046,25.29,40.12988495705746,26.63811884581289,46.45140438883037,0.13657830217300126,14.819022291359996,23.762462161838883,924.26,1640.4206731472536,54.20602714511149,91.72144529935565,34.29470640000001,63.746797792863546,9.14,19.31598071833556,1,0,0.08888888888888889,1,0.0,10,8,,0.12016620580551286,915.1200000000001,1632.5115346197915,0.13657830217300126,74.23137925507856,115.97444851035566,,2.827332161050367,3.699269253246371,0.05916586795337967,0.15471847401169808,36.84546958860399,68.5488606473686,17615.36310266433,30660.174832237495,0.8798337941944872,41945,ilpd-numeric
583,10,2,0.017152658662092625,58.3,0.8640904272458769,0.2864493996569468,0.7135506003430532,0,0.3466499759202542,,0.0,0.1799142848794561,0.2101370127169732,1364.1437196918232,6452.164500396593,17615.363102664327,36955.49029687786,0.5,0.30200615525806235,39.157272735064836,74.5772212392393,153.77823662894477,33.33526667766436,66.42251350469046,25.29,40.12988495705746,26.63811884581289,46.45140438883037,0.1365783021730012,14.81902229136,23.762462161838883,924.2599999999999,1640.4206731472536,54.2060271451115,91.72144529935565,34.2947064,63.74679779286354,9.139999999999999,19.31598071833556,1,0,0.08888888888888889,1,0.0,10,8,,0.12016620580551282,915.1200000000001,1632.5115346197917,0.1365783021730012,74.23137925507856,115.97444851035566,,2.827332161050367,3.6992692532463707,0.05916586795337967,0.15471847401169808,36.84546958860399,68.5488606473686,17615.36310266433,30660.174832237495,0.8798337941944872,1480,ilpd
576,11,2,0.019097222222222224,52.36363636363637,0.9790170528878903,0.4149305555555556,0.5850694444444444,0,0.1811831659615122,,0.0,0.044498428470075624,0.19051147184875666,0.018276679841897236,0.06249038089592993,0.9334387351778656,0.8261521588580639,0.5,0.12030636207687784,0.0,0.0,0.4771288473724736,0.0,0.0,1.5454545454545454,0.6105139414683932,-1.6146927797318424,0.3150004173226003,0.033941550431341894,1.2804272727272727,0.4793763158332065,2.272727272727273,1.2720777563426766,1.1363636363636365,0.6360388781713383,1.1363636363636365,0.6360388781713383,0.0,0.0,4,0,0.03636363636363636,1,0.0,11,0,,0.03282733962783688,2.272727272727273,1.2720777563426766,0.033941550431341894,0.8928621401297118,0.38711694265550095,,0.0,0.0,0.3473517786561265,0.12834049916423915,1.1363636363636365,0.6360388781713383,0.9334387351778658,0.797921341418166,0.9671726603721631,826,sensory
569,30,2,0.05272407732864675,18.966666666666665,0.9526351223989746,0.37258347978910367,0.6274165202108963,0,0.8799571923747476,,0.0,0.39489663070391817,0.2638053656327699,676.4651048491814,9367.75487681634,15063.218541913284,80983.16589235152,0.5,0.18019417095263515,54.205967045723625,168.8528853807651,1009.1627866986585,48.40541217985295,148.47946832600834,35.21501196666667,120.48750179568795,7.698004290153014,12.717419171316568,3.431144323636984,20.797861403199995,70.00092902515408,264.18550833333336,883.8964955090008,61.89071233954306,195.861385983987,50.799370566666674,157.19118789388529,15.604080399999999,42.52496991277915,0,0,0.3333333333333333,1,0.0,30,29,,0.7743246604120485,248.58142793333337,843.04594241171,3.431144323636984,34.904718603211656,119.67576524672921,,1.7312412463356572,1.2719951569968126,0.0002087540337474961,0.00015182160995835746,53.29460552322644,165.81689209219886,15063.218541913287,62593.54696118781,0.22567533958795152,1510,wdbc
559,4,2,0.007155635062611807,139.75,0.25558556674610033,0.04293381037567084,0.9570661896243292,0,0.6070355992657597,,0.0,0.14897167973104342,0.1668589914888197,1518804.0096899217,3293865.108152719,10859963676.741405,21719883080.35828,0.5,0.6463892042689192,101.65414035447859,172.29591801229074,611734.0017628114,50.81973038509623,74.71486663507206,247.25,255.49869536522752,25.04972137483311,52.42735907950878,0.5835117630089791,167.90444999999997,171.6420348197084,739424.125,1478142.6405506548,6781.073121645796,13305.53879646634,169.625,158.0123281055416,8.125,10.680004681646913,0,0,0.0,1,0.0,4,1,,0.36849221877593996,739416.0,1478141.3919604127,0.5835117630089791,52178.258977658516,104162.64824335577,1.1787355421012435,2.503366541262749,4.71855719457382,0.03047751811533895,0.03170911989510808,182.70289317507417,173.7460879467523,10859963676.741404,21719882035.41201,0.63150778122406,947,arsenic-male-bladder
559,4,2,0.007155635062611807,139.75,0.592333002896442,0.14311270125223613,0.8568872987477638,0,0.3605331858658025,,0.0,0.14922198431258318,0.16713030845421054,1328520.5359673242,2884523.9538493142,8185798846.272932,16371553437.142818,0.5,0.5047148581277862,101.39453634071762,171.7813796392858,102233.12733417102,55.29133128436831,83.32874707044657,226.375,233.95347650049285,25.489319124760915,53.30655378014522,0.14940438419643046,158.63819999999996,161.70991260525741,649146.875,1297588.1485122296,5953.461314847943,11650.406198197827,171.125,160.25728012584432,7.875,10.633085159068369,0,0,0.0,1,0.0,4,1,,0.1299841781105453,649139.0,1297587.4001181321,0.14940438419643046,45310.38037045619,90426.90069485236,1.0762905964476788,2.5161202846684745,4.74404026078777,0.030488823429089214,0.03169490510044519,179.28523738872403,168.68632627019187,8185798846.272941,16371552374.482635,0.8700158218894547,949,arsenic-female-bladder
546,1000,2,1.8315018315018314,0.546,0.9983636725909277,0.47619047619047616,0.5238095238095238,0,0.9999999999999994,,0.0,0.15963169997752927,0.13089727159654363,682909.6807943566,5316750.223892264,17893221.26701287,192057907.925931,0.5,0.03367175148507373,3357.371923124616,8485.462145532123,95236.67168509381,2854.7568531626516,7684.4509692946285,2133.8740999999995,4519.554534086797,24.6930459386301,66.8789809123605,900719925474098.2,1434.2611613400002,3167.2813844276316,17013.876399999997,29082.26753967049,3869.2193296703294,9125.839720162749,3440.0872,8714.3914964023,419.1695,1184.8022941047448,0,0,0.019543543543543544,1,0.0,1000,999,,0.9999999999999989,16594.706899999997,28346.49000882407,900719925474098.2,2004.3307017075117,3726.898103608445,,2.765468081217755,3.3188303845986376,3.933768660784694e-05,8.167616432521816e-05,3535.803028963415,8790.895433671252,17893221.26701287,90288969.50216255,1.1102230246251546e-15,1137,AP_Colon_Kidney
542,1000,2,1.845018450184502,0.542,0.9470057085220482,0.36531365313653136,0.6346863468634686,0,1.0,,0.0,0.0956972597466848,0.0823756977280107,408875.93416569463,5355665.822961432,49367032.57852221,1139216404.8134468,0.5,0.1904752584008043,2802.2809739893173,6795.316510042872,55719.63790221406,2375.9981923706832,6082.970820726126,1795.210375,4069.159854041062,33.45717847154645,69.08633857970595,inf,1239.9093512399998,2870.222395972814,21889.251199999995,139335.14283941613,3275.0038247232474,7531.019029979843,2871.576,7009.980765610789,296.98830000000004,839.2418990960283,0,0,0.0017797797797797796,1,1.0,1000,1000,,1.0,21592.2629,139171.1553750031,inf,2035.3907550567844,6728.260290691119,,3.53025133638115,3.4857774464368183,4.3800809646423284e-05,9.925774055011543e-05,2941.7355355828217,7084.232831496201,49367032.578522235,1126482906.4318001,0.0,1165,AP_Breast_Ovary
540,14,4,0.025925925925925925,38.57142857142857,1.980425005238767,0.21851851851851853,0.32222222222222224,0,0.27856423167373845,0.1253051998168995,0.0,0.6244756395748019,0.336421800135839,1.8340045819637656,0.9996067997266308,2.9293974732750243,7.8060438293538486,0.25,0.04880838864387852,2.38273301526965,0.07458154345899728,2.382873879273403,1.9345172050814228,0.05796937207635051,3.9285714285714284,0.2672612419124244,-1.5921928770623206,0.0098607510962016,0.3062865004836654,1.4826000000000001,2.304265763365491e-16,5.714285714285714,0.4688072309384955,2.9095238095238094,0.08344518338265725,2.0,0.0,1.0,0.0,0,0,0.46153846153846156,3,0.0,14,0,,0.2641968797062469,4.714285714285714,0.4688072309384955,0.21418534305338133,1.711336347139611,0.027949574476303793,,0.29464464270024643,0.04178461573451963,0.17466207262125627,0.015655900105552723,2.812169312169311,0.1153998280458211,2.9293974732750243,0.09504529758139664,0.7527780150799341,46879,mental_health_detection
540,20,2,0.037037037037037035,27.0,0.4201910370822911,0.08518518518518518,0.9148148148148149,0,0.433546029582943,,0.0,0.017047217966758677,0.07339950355918777,2.8371663394640336,34.68215701240989,1352.6006486091592,5447.659157695583,0.5,0.586636736984395,13.787685860122332,46.35420971193221,168.8121215987972,5.6698666912214595,18.51180935122327,18.473585749999998,62.33325309389152,-1.2216459825483912,0.0668271781100416,0.23146970554134857,13.73244002214,46.308186273109335,36.998766749999994,124.95215419058765,18.575018532685185,62.604911569944825,18.5749486,62.604932825689026,0.1512037,0.36583037973199084,0,0,0.005263157894736842,1,0.0,20,0,,0.18796215976713412,36.84756304999999,124.6950057346065,0.23146970554134857,10.688349993513791,36.104524035307804,1.0342168207615297,2.8869604681607572e-05,0.0006582741232405597,0.016790696713834798,0.07421990339718375,18.575005609567903,62.60491549744428,1352.6006486091592,5445.447537518723,0.8120378402328658,1467,climate-model-simulation-crashes
531,101,2,0.1902071563088512,5.257425742574258,0.48023652617144263,0.10357815442561205,0.896421845574388,0,0.6629419314343465,,0.0,,,928561.0331088657,1346159.6797620365,2654781.2831565235,17138015.13317877,0.5,0.5606251504322721,,,17926.24669582883,,,1351.5676065346536,1386.9435045849166,,,0.7840958700789069,992.6122220038811,1041.509810767752,10012.907876237623,6206.96796751287,4631.312283116127,3405.880267303192,4555.601308415841,3491.121296656288,924.7280813069308,946.1531373229755,0,0,0.521980198019802,1,1.0,101,97,,0.43949200445390185,9088.179794930695,6355.2651414691145,0.7840958700789069,1301.810817783917,984.7185266033466,,,,0.012377829058109626,0.10228982406136085,4571.900864370712,3496.0316860701446,2654781.283156524,4861716.4237113185,0.5605079955460981,954,spectrometer
530,13,2,0.024528301886792454,40.76923076923077,0.9170328332032509,0.3320754716981132,0.6679245283018868,0,0.25399194027026345,,0.0,0.2049483618272371,0.20021352548345847,1075406.7534026192,6501111.489612116,71234762.35566923,255430627.1074884,0.5,0.2374811453796329,,,2388.9220135151286,,,646.7043028670962,1893.9151410197496,17.718682061686895,21.184348004727525,0.06896069134055645,143.03299420317015,346.31632988684686,33750.46078792839,107836.5219412031,1035.4472633616822,3119.5478188421994,122.65094591346154,259.6180021860861,-269.1871746353846,988.2968899426028,1,0,0.10256410256410256,1,0.0,13,11,,0.06451190572225307,34019.64796256377,107809.21592758999,0.06896069134055645,2672.8117401954423,8332.571216031567,1.090411724547289,2.2103211773209748,2.748648549383442,0.046555514699723,0.13676231056633148,234.8982855806715,597.3610924909435,71234762.35566916,254337132.53457806,0.9354880942777469,45717,bwin_amlb
527,26,4,0.04933586337760911,20.26923076923077,1.8800596155137899,0.14800759013282733,0.3946869070208729,0,0.4383148216671182,0.1778278458052165,0.0,,,108.50867555869468,1592.2546576438303,14275.266989453105,68635.63504759906,0.25,0.11809889565322589,3.0652516168159334,6.004069743646557,445.54233937378183,2.7591038575090585,5.375526289556002,15.79143775,53.05133123738981,,,0.9325404644699422,9.469443523292306,38.161956355385904,165.7076844230769,703.2029480443746,22.351594433351334,66.15236445924945,13.589808576923076,51.26077101798564,1.248326346153846,2.042506390556738,1,0,0.20923076923076922,3,2.0,26,11,,0.6396051341666805,164.45935807692305,703.4568637979525,0.6392676798988901,30.066073714827482,117.92434069716386,,,,0.13819293242535308,0.2746012177342087,14.285037498277116,51.2483006824224,14275.26698945311,68152.989264337,0.4656111445151521,41701,CPMP-2015-classification
527,36,2,0.0683111954459203,14.63888888888889,0.6143331287502077,0.15180265654648956,0.8481973434535104,0,0.5006005731155336,,0.0,0.13253468642635327,0.15921519358412742,169.12150522392014,1085.9605165394696,2164.490929263677,7877.449542375374,0.5,0.4924254054942371,24.935459046319675,34.63453899540856,38.25436780101208,24.043738178045317,33.73474430049285,45.047777777777775,64.29161203281325,15.731434214596788,40.116489846294336,0.3344025167732519,32.0204535,47.54545728963179,128.59722222222223,121.03636640309182,69.13025669407548,60.48149079206933,68.65027777777777,59.82887312928963,4.772222222222222,7.334404683646251,0,0,0.0380952380952381,1,0.0,36,25,,0.2506009338036007,123.82499999999999,123.13043345516631,0.3344025167732519,28.96222287377056,36.92637490120573,1.1131541694984715,0.4028116422708503,3.408925794630132,0.014537283404122935,0.02284615525898876,68.8829355064844,60.61274657111136,2164.490929263678,4317.0310025540575,0.7493990661963993,940,water-treatment
522,21,2,0.040229885057471264,24.857142857142858,0.7317786193023403,0.2049808429118774,0.7950191570881227,0,0.5985821241842396,,0.0,0.775320960298443,0.21398333351693133,5460267.115496648,60240853.1462939,613850878.3687493,2812809834.503192,0.5,0.4172200931139016,3.6272236882925055,7.317385882848898,67085.96873145647,1.6388310055103876,2.821226397295619,425.15714285714284,1651.4660829599418,128.34934267348595,88.47840185936026,0.5583619631239574,59.56416100000001,197.18822576259427,111741.90809523809,467657.40987740183,977.893699142492,4032.8960673427614,42.053571428571416,133.11423153764264,0.38095238095238093,0.49761335152811925,0,0,0.8952380952380953,1,0.0,21,21,,0.35830055939291644,111741.52714285713,467657.5045359737,0.5583619631239574,5875.729587941181,24663.596943411336,1.5433703630177307,8.90170443731233,4.332083350081442,0.020272758150939457,0.02738632289029678,128.41725508037612,479.4470533563744,613850878.3687493,2799183414.5187006,0.6416994406070835,1063,kc2
520,16,2,0.03076923076923077,32.5,0.9612366047199905,0.38461538461538464,0.6153846153846154,0,0.8077160926254776,,0.0,0.1945721603215978,0.1200985835156617,0.1985818079640334,0.4635967177144585,9.442307229138871,36.91234519792425,0.5,0.16317848796612636,2.904715857999992,11.618863431999968,3.0441902915635866,2.8059547239172287,11.223818895668915,1.875,4.318564576337836,-1.4073461349076255,0.92003108112907,1.876913717460283,0.8339624999999999,3.3358499999999998,6.5625,22.25,3.3901442307692307,11.904290718574014,3.09375,11.846544854935551,1.0,4.0,15,0,0.008333333333333333,1,0.0,16,4,,0.6524052862861691,5.5625,18.25,1.876913717460283,1.2057169816523012,2.91909644272226,1.2289391702412322,0.395494341085665,0.5967640594558047,0.46895424836601307,0.12032944198874154,3.3072916666666665,11.788961316109319,9.442307229138875,36.85756608687287,0.3475947137138309,46869,diabetes_risk_prediction_dataset
512,9,2,0.017578125,56.888888888888886,0.9964308234375935,0.46484375,0.53515625,0,0.6794356690031869,,0.0,0.0,0.0,0.0,0.0,0.25048923679060664,0.0,0.5,0.04971844555217912,0.0,0.0,0.6811214354339519,0.0,0.0,1.0,0.0,-2.0039024353027344,0.0,0.8574683832744701,0.7413,0.0,1.0,0.0,0.5,0.0,0.5,0.0,0.0,0.0,9,0,0.0,1,0.0,9,0,,0.4616328283138081,1.0,0.0,0.8574683832744701,0.5004889976718835,0.0,1.0317799094280038,0.0,0.0,0.4990215264187866,5.887846720064156e-17,0.5,0.0,0.25048923679060664,0.0,0.538367171686192,40690,threeOf9
508,10,2,0.01968503937007874,50.8,0.9885202681701802,0.43700787401574803,0.562992125984252,0,0.7474967982637403,,0.0,0.38765643583860954,0.23534939586966394,21.281306655087743,25.716645877918914,76.56929610508007,129.76524219656795,0.5,0.08908431888964377,47.201407184797006,52.99230607136692,24.638920982138224,46.41338370717718,52.98810146135868,9.922500000000003,6.45701868340009,1.6762946801810823,3.8735871430923905,1.2662964680593989,7.142425500000002,4.607738903354282,76.33999999999999,69.99760646701507,48.00183464566929,52.981858945370746,47.259,52.544879748437694,31.318,45.268464569106435,0,0,0.26666666666666666,1,0.0,10,9,,0.5587514634145428,45.022000000000006,29.982702717103777,1.2662964680593989,7.477723551037153,4.790377693221691,,0.811757180444556,0.8403208892487386,0.0004150681937305934,0.0004625926265777918,47.4435816993464,52.68688871002993,76.56929610508006,76.44334471227049,0.44124853658545715,717,rmftsa_ladata
506,20,2,0.039525691699604744,25.3,0.9898335738936961,0.4407114624505929,0.5592885375494071,0,0.7578920709602803,,0.0,0.31372841164878856,0.20679592757093315,2442.2010868271996,15199.308458136062,98286.171416692,430718.4996865587,0.5,0.08384665389563803,,,1471.151989377366,,,164.927443125,543.5826988875979,2.723436431979155,8.47916432411385,1.3496262199982503,79.4672821635,260.0644437725969,365.94823499999995,1126.8325605799084,197.49587858893278,602.059366096612,228.99778299999997,754.3108507225181,9.555121000000002,46.01218142248601,1,0,0.17368421052631577,1,0.0,20,11,,0.5744003912244626,356.393114,1124.1867008572706,1.3496262199982503,96.64392815662855,305.98610661123746,1.2847352876133673,0.5858526407836863,1.6346982610867433,0.03629550365518376,0.11166927954007612,206.14193095559207,642.2876474916476,98286.17141669197,425209.451075908,0.4255996087755374,825,boston_corrected
506,13,2,0.025691699604743084,38.92307692307692,0.9780709709706108,0.41304347826086957,0.5869565217391305,0,0.7299005614488465,,0.0,0.3890195612478262,0.2136378907910233,234.35017262182095,838.1796494204428,2948.720132701074,8568.174395950025,0.5,0.12297509238026917,61.94773961767641,127.43778317300423,149.34317664937095,39.794515742081686,95.70252178601652,40.208368269230775,105.05797935250477,4.25049589448758,10.283016690588036,1.1402040371034112,13.026420120000001,29.675308196589118,117.7972076923077,206.97707882120855,70.07396704469444,140.13508119132257,65.71157384615385,133.12194223835144,16.23784,51.41895326615922,1,0,0.3076923076923077,1,0.0,13,8,,0.5327548296033414,101.55936769230769,165.311342813852,1.1402040371034112,26.765896791778385,49.17654396934602,1.368832263492076,0.8858016524306463,1.9664018853022491,0.05400954936523166,0.1369869587104336,69.4778136158907,141.00821395454406,2948.720132701076,7980.204049276865,0.46724517039665864,853,boston
500,25,2,0.05,20.0,0.9966619137291532,0.466,0.534,0,0.4653784360622164,,0.0,0.04021947770411149,0.059024793855201055,0.040219480241710584,0.05902479770954687,1.0000000627976777,0.3567183849487386,0.5,0.048083261120685235,,,0.99074882796067,,,1.7209737,0.06271049465678737,-1.190706490701968,0.11036591654198555,0.2764497765410335,1.2756898859039998,0.05209660024443516,1.7487813600000002,0.11845434901256266,1.1999999995282448e-09,1.2369316875020413e-08,0.0181381,0.04636869204898208,-1.73094368,0.12386873493061111,0,0,0.0033333333333333335,1,0.0,25,0,,0.21657708875171444,3.47972504,0.22301392261517358,0.2764497765410335,1.0000000313988382,1.3371608379360025e-08,1.0256443896473275,0.005549896740276148,0.08109854761972386,3.2128385026564406e-07,1.111993373911165e-06,-0.001996569866666669,0.022106177946289766,1.000000062797678,2.6743217590848636e-08,0.7834229112482856,779,fri_c1_500_25
500,7,2,0.014,71.42857142857143,0.9999884584060098,0.498,0.502,0,0.24217660723618095,,0.0,0.2022516036124317,0.15465692667276057,13.249039638024746,40.513758966712345,1082.7039753925044,2824.9415692885705,0.5,0.0028284271247461927,,,16.60663374155868,,,24.96362857142857,54.427012707630446,0.4443604358719006,1.9803526550921147,0.062303583690578875,14.037276921,29.11664579638325,61.863375714285716,131.23754830641494,24.353844274285713,52.6450415060471,17.810482857142855,35.17515726526782,-2.192727142857143,7.800475127240038,0,0,0.09523809523809523,1,1.0,7,4,,0.05864950909242745,64.05610285714286,129.7835457963182,0.062303583690578875,14.932101989140959,31.670580825767363,,-0.1175583220532416,0.6338466975836384,0.009848048554468152,0.014337996973487994,22.938792209523815,48.90765143656403,1082.7039753925044,2822.7865097153867,0.9413504909075725,886,no2
500,7,10,0.014,71.42857142857143,3.3123077024727587,0.074,0.114,0,0.6604668796586436,0.2035615728814864,0.0,0.16609306124554835,0.11208504162361455,0.03559786239144956,0.025312118804108708,0.21027540795877445,0.1191176846662689,0.1,0.011925695879998881,0.0,0.0,1.38396870034112,0.0,0.0,0.8571428571428571,0.37796447300922725,-1.125711597259018,0.890515374085885,9.513242322470862,0.0,0.0,1.0,0.0,0.6565714285714286,0.1350393240786514,0.8571428571428571,0.37796447300922725,0.0,0.0,7,0,0.0,7,0.0,7,1,,3.302139377606087,1.0,0.0,3.6757088770419597,0.4572941952931062,0.036746855579844355,,-0.7220590526428595,0.6437015236147848,0.498997995991984,1.199177923332954e-16,0.7566666666666667,0.2193002339091151,0.2102754079587747,0.032360661767231985,0.005497703800404888,40496,LED-display-domain-7digit
500,5,2,0.01,100.0,0.9909324035654845,0.444,0.556,0,0.6091206676471831,,0.0,0.09272050671266434,0.06536744199699657,6.510389178356713,17.860071609911625,94.43487775551095,131.26301502094717,0.5,0.07919595949289335,26.965888505436407,43.12453469741485,15.98114447190311,26.122980716967664,42.454242395832146,8.8,8.899438184514796,-0.8382917812533529,0.7520737197794464,0.5898958626642296,6.96822,7.442592932036522,45.4,61.247857105371445,29.2104,42.72801370061566,28.9,43.070291385129956,16.6,28.156704352604905,1,0,0.0,1,0.0,5,1,,0.3710279877549501,28.8,34.68717342188608,0.5898958626642296,6.911280429873028,7.637823689962762,1.2800056414355834,0.04410523005552463,0.2590153953225249,0.19514098224460125,0.21199471873822284,29.055333333333333,42.76662208363486,94.43487775551101,124.83041923153522,0.62897201224505,451,irish
500,22,2,0.044,22.727272727272727,0.6343095546376807,0.16,0.84,0,0.7298312479962615,,0.0,,,4.3176103883160275,25.593957165449176,951.9063228878852,4451.549235620309,0.5,0.4808326112068523,11.036391892955164,39.48549997112933,100.4046870566037,5.805777334615741,16.433372021511733,12.902954545454547,52.889780910716105,,,1.1397406894922093,9.502118181818181,39.29933340366144,29.657727272727275,105.41954133171298,14.62938,53.09185794101927,14.57409090909091,53.107163686723894,1.035909090909091,3.5644082646431343,0,0,0.05194805194805195,1,1.0,22,18,,0.5326536505517806,28.621818181818185,105.21481860308296,1.1397406894922093,7.687288961709037,30.58311240254097,,,,0.051413149104074685,0.21228823871162622,14.574257575757576,53.10914129406969,951.9063228878848,4449.891206542533,0.46734634944821946,987,collins
500,6,2,0.012,83.33333333333333,0.5463652179546893,0.126,0.874,0,0.21841062543820478,,0.0,0.03145970082811247,0.018341110406889148,0.506266132264529,1.0039852852127424,192.14601068804276,464.973204190164,0.5,0.5289158723275376,22.347425192669235,54.73978878705768,1.1655322221028166,21.616222978674184,52.948716463976446,11.541666666666666,22.442379924300962,-1.4422308082867341,0.30411775149330866,0.050092787636841996,8.277849999999999,16.671285987559568,36.166666666666664,79.82084105461848,24.539999999999992,55.78555384326662,24.5,56.10614939558765,13.333333333333334,32.659863237109036,1,0,0.0,1,0.0,6,0,,0.04770320130430778,22.833333333333332,47.19498560934908,0.050092787636841996,6.701673868064163,13.292113965241889,,0.01584632661787951,0.04867503001990608,0.23877887601945882,0.17338699369814914,24.544444444444448,55.842435861654195,192.1460106880427,464.96548050188784,0.9522967986956922,47048,Accidents_Prediction_Dataset
500,7,2,0.014,71.42857142857143,0.9998153271520354,0.492,0.508,0,0.0968788090768769,,0.0,0.1790050386928055,0.14828910664409028,11.302329987269033,37.96553691068804,1058.0472609149858,2759.7511355875813,0.5,0.01131370849898477,,,1.300990639866894,,,24.293637857142865,53.61443623517473,0.46813241153688523,1.9227734084822865,0.009474425907068925,14.893570553999998,31.410028470023175,61.649387142857144,130.91214607468254,23.996290077142856,51.803567027925936,18.538512857142855,37.000375364507995,-1.8857414285714285,8.18707286041116,0,0,0.047619047619047616,1,0.0,7,5,,0.009385503648153966,63.53512857142857,128.30285617572397,0.009474425907068925,14.797872510974216,31.28762164831211,,-0.04534969572139171,0.5589909482673512,0.010679349054730352,0.013822552618843822,22.6367218,48.14819249112547,1058.0472609149851,2757.8475154454854,0.9906144963518461,750,pm10
500,2,20,0.004,250.0,4.321928094858508,0.05,0.05,0,0.09392257112003222,0.13282657389090052,0.0,,,0.0,,10437.5,14760.85405726918,0.05000000000000001,7.119154932824459e-18,0.0,0.0,67.19999999999999,0.0,0.0,124.75,176.4231419060436,,,0.03657642581647748,92.6625,131.04456422339692,249.5,352.8462838120872,124.75,176.4231419060436,124.75,176.4231419060436,0.0,0.0,0,0,0.0,2,1.0,2,0,,0.03528579746318987,249.5,352.8462838120872,0.03657642581647748,72.24091638399945,102.16408370851275,,,,0.49999999999999994,0.7071067811865475,124.75,176.4231419060436,10437.5,14760.85405726918,0.9647142025368102,43327,Birds
484,1000,2,2.0661157024793386,0.484,0.9760206482337297,0.4090909090909091,0.5909090909090909,0,1.0,,0.0,0.11101143969986677,0.09168284864905457,431417.62787259335,10976988.418167712,49906609.20439363,1228084133.7364225,0.5,0.128564869306645,2982.0883054032715,6601.604681417193,53796.32727086204,2550.841262933933,5886.907191237105,1791.53775,3562.0802750360267,27.333937139998074,62.94511890653591,inf,1237.2144292199998,2453.0766466308905,20478.6365,137684.87674272535,3424.643721900826,7198.421729167844,3050.2992,6688.976731729374,289.97240000000005,529.7520573631787,0,0,0.0029189189189189188,1,1.0,1000,1000,,1.0,20188.6641,137581.99555881595,inf,1973.877250287212,6786.492045193285,,3.052902467357381,3.29670043613992,3.8653675462118696e-05,7.401765705466479e-05,3121.397437328767,6790.399832134339,49906609.20439366,1177926349.5069172,0.0,1153,AP_Colon_Ovary
478,10,3,0.02092050209205021,47.8,1.4653224030406131,0.18828451882845187,0.5167364016736402,0,0.2930272146448181,0.01953616783646294,0.0,0.14168156225303868,0.1710555454271331,0.1447690947704105,0.17472675026598378,1.3577361999245638,2.080635940254192,0.3333333333333333,0.16755132475331705,2.448954659246876,3.2448020768672174,0.7465231059771146,2.337943851807847,3.2336760676473277,1.7,1.3374935098492586,-0.18860524617272897,3.0244212395139947,0.18848907920438007,1.3343399999999999,0.8415922742040828,4.7,3.622460796505909,3.163179916317992,2.900661124388423,3.3,3.0203016773531455,1.5,2.273030282830976,2,0,0.022222222222222223,2,0.0,10,3,,0.17211155889873508,3.2,2.2010098692292237,0.1039375131978639,1.004715582212273,0.6220778789976706,,-0.3638564428862705,1.0721742172168012,0.2929652923363616,0.12735799440605217,3.1819444444444445,2.927537153797637,1.3577361999245634,1.9547263119620266,0.8352284955270552,1100,PopularKids
476,168,2,0.35294117647058826,2.8333333333333335,0.9877270579897384,0.43487394957983194,0.5651260504201681,0,0.9974688402953047,,0.0,0.2589882130453211,0.24192865194765173,1851.3254172835225,2227.5839351196237,6753.799116541354,37708.79251285308,0.5,0.09210214376799566,,,272.35080327401295,,,109.69642857142857,68.57518134245477,3.526276707678694,21.814237369635027,196.78822760906527,55.12094999999999,33.387270128492595,170.01785714285714,69.44937183355425,-50.56782713085234,61.210097824222686,-50.11011904761905,71.42110562102393,-196.76190476190476,84.9438869447607,0,0,0.18470202452238382,1,0.0,168,89,,0.99494408736006,366.7797619047619,85.65341844293744,196.78822760906527,78.76450061793867,23.521175311697146,,0.27587255720036846,1.8477814719620174,0.0053613157379876816,0.004085375384430205,-50.9955044955045,64.11717496322099,6753.799116541354,3545.477878578843,0.005055912639939984,40665,clean1
475,3,2,0.00631578947368421,158.33333333333334,0.5702873371245372,0.13473684210526315,0.8652631578947368,0,0.13996491131361014,,0.0,0.0,0.0,0.0,0.0,11.357243319268635,16.199912616502157,0.5,0.5165601117299621,2.6429822816217152,4.5777795952731255,0.6593057881064571,1.7851742081977795,3.092012428960095,4.666666666666667,4.618802153517007,-1.276170105263158,0.053659375427553904,0.01998161985675895,3.4594,3.4239180364021564,9.0,8.660254037844387,4.666666666666667,4.618802153517007,4.666666666666667,4.618802153517007,0.3333333333333333,0.5773502691896258,0,0,0.0,1,0.0,3,0,,0.01959017639902675,8.666666666666666,8.082903768654761,0.01998161985675895,2.7714697735951024,2.34825422813971,,0.0,0.0,0.1490857946554149,0.08526269798159031,4.666666666666667,4.618802153517007,11.357243319268633,16.199912616502157,0.9804098236009733,765,analcatdata_apnea2
475,3,2,0.00631578947368421,158.33333333333334,0.5530919600658317,0.12842105263157894,0.871578947368421,0,0.17362522711283007,,0.0,0.0,0.0,0.0,0.0,11.357243319268635,16.199912616502157,0.5,0.5254919868607395,2.6429822816217152,4.5777795952731255,1.2694266868675939,1.7851742081977795,3.092012428960095,4.666666666666667,4.618802153517007,-1.276170105263158,0.053659375427553904,0.03108273077284256,3.4594,3.4239180364021564,9.0,8.660254037844387,4.666666666666667,4.618802153517007,4.666666666666667,4.618802153517007,0.3333333333333333,0.5773502691896258,0,0,0.0,1,0.0,3,0,,0.030145719489981824,8.666666666666666,8.082903768654761,0.03108273077284256,2.7714697735951024,2.34825422813971,,0.0,0.0,0.1490857946554149,0.08526269798159031,4.666666666666667,4.618802153517007,11.357243319268633,16.199912616502157,0.9698542805100182,767,analcatdata_apnea1
470,1000,2,2.127659574468085,0.47,0.8387034444801759,0.2680851063829787,0.7319148936170212,0,1.0,,0.0,0.10266899840373053,0.0887907356097179,380601.50014080695,3129259.236025524,12461829.590822788,128028450.33773725,0.5,0.32797718786950497,2923.1557780647277,6558.480612715414,51468.145145356306,2545.8499214970916,6026.947780549463,1734.4555750000002,3503.7694297492158,28.413510221098914,56.887947646579555,inf,1204.45934742,2481.4317875351126,16694.9414,26144.490045349467,3350.4841785106382,7062.183597596856,2971.0170999999996,6709.11666070128,426.2176,1220.7329801799979,0,0,0.003177177177177177,1,3.0,1000,1000,,1.0,16268.723800000002,25507.123553432746,inf,1825.8178637252506,3022.8059936754044,,3.2756878990159732,3.123826347118162,4.249266056875728e-05,9.99572285023366e-05,3040.480494680851,6787.384940411627,12461829.590822784,80337928.97413296,0.0,1150,AP_Breast_Lung
470,16,2,0.03404255319148936,29.375,0.6071716548684174,0.14893617021276595,0.851063829787234,0,0.29539318548529314,,0.0,0.0739845672600512,0.08647718950192321,0.20091786597786146,1.1084080707544108,13.572429705858994,38.54048521767927,0.5,0.49647922934374616,4.232692582300428,15.407645290289949,1.7648891255355585,4.162276555331497,15.231972235048161,1.08296875,2.954627051867122,36.376966047102655,76.51751517731684,0.09559881241967064,0.6597569999999999,2.214391030736893,12.5375,28.98316465352487,4.752747340425532,15.464942689413181,4.5975,15.339607774212046,1.4625,5.226679634337654,10,0,0.008333333333333333,1,0.0,16,14,,0.08725713403114879,11.075,25.506920890874564,0.09559881241967064,1.6169615693965398,3.418828647585397,,3.6230649670365453,5.084576330120094,0.3588375950551008,0.2035254276863306,4.58718085106383,15.434369280079316,13.572429705859005,38.27832058617613,0.9127428659688512,1506,thoracic-surgery
468,3,2,0.00641025641025641,156.0,0.9910760598353369,0.4444444444444444,0.5555555555555556,0,0.06739985840440028,,0.0,0.33240714834419094,0.5757460697312236,18.706638115631694,32.400847655078614,82.14775160599572,136.47470866943115,0.5,0.07856742013183865,8.63102984884668,10.433250542165053,0.6086059952025191,5.182186604848512,5.807191918338287,11.833333333333334,11.877850535064555,-1.2226776804889978,0.014509196634331914,0.004563471581993738,8.8956,9.01830372742014,24.333333333333332,24.090108620206205,12.5,12.216791722870616,12.5,12.216791722870616,0.6666666666666666,0.5773502691896258,0,0,0.3333333333333333,1,0.0,3,0,,0.004542740912933207,23.666666666666668,23.75570107012911,0.004563471581993738,7.118268155534701,6.871463825695692,,0.0,0.0,0.06709493219129194,0.04653796805910932,12.5,12.216791722870616,82.14775160599571,124.40217570486162,0.9954572590870668,724,analcatdata_vineyard
468,1000,2,2.1367521367521367,0.468,0.8341351937140784,0.26495726495726496,0.7350427350427351,0,0.9999999999999989,,0.0,0.10389319977507747,0.09049696829953784,446198.4908159416,4298327.775663902,15122419.264624065,162920193.0471034,0.5,0.33240062363470185,3272.0401155786367,7694.108616332952,53499.763238892505,2876.310195293036,7135.591402736724,1901.1847,4133.06620092694,29.59461674216758,59.76414662000013,450359962737048.6,1339.05778146,2985.2356149392303,17286.929399999997,27009.72182589647,3715.0142790598293,8278.950189762789,3333.9748999999997,7853.382129595722,658.3539,2018.9140310547102,0,0,0.003319319319319319,1,1.0,1000,1000,,0.9999999999999978,16628.5755,25827.675755824366,450359962737048.6,1930.6037681833764,3377.365089807448,,3.3514139139496257,3.2790832815966953,4.392210042761128e-05,9.358629204288748e-05,3403.70019787234,7956.5514339933525,15122419.264624069,88703503.48485015,2.2204460492503135e-15,1148,AP_Breast_Uterus
468,2,2,0.004273504273504274,234.0,0.9936144281971896,0.452991452991453,0.5470085470085471,0,0.057783266607999074,,0.0,0.0,,0.0,,116.2066381156317,154.89272461464722,0.5,0.0664801247269404,1003.6118603988074,1390.7184716548263,1.7168028088530607,999.2276631478492,1396.9162904201344,14.75,15.202795795510772,-1.2230621113015232,0.020497484032185598,0.0033500915403001843,11.119499999999999,11.531921651658926,1021.5,1371.0800487207157,1006.75,1386.2828445162265,1006.75,1386.2828445162265,992.0,1401.4856403117371,0,0,0.0,1,0.0,2,0,,0.003338905899891101,29.5,30.405591591021544,0.0033500915403001843,8.804571582474022,8.79615340529286,,0.0,0.0,0.06316916488222699,0.06510833317135234,1006.75,1386.2828445162265,116.20663811563169,154.89272461464722,0.996661094100109,814,chscase_vine2
462,9,2,0.01948051948051948,51.333333333333336,0.9307388109842722,0.3463203463203463,0.6536796536796536,0,0.48581343503493285,,0.0,0.1969992288878585,0.16792039715386786,16.690649582854682,25.273056361828807,159.23879382378684,232.24671411400573,0.5,0.21733585049456655,31.43065221196427,43.8922345602986,15.555706190950287,30.499914296095906,43.42979521491567,12.255833333333333,9.449884093204531,1.743615705529808,2.906233371942343,0.3089256975258401,8.090877666666666,6.581115016161319,71.53222222222222,69.37372715549053,34.63359788359788,42.782172331785766,33.196666666666665,42.27877548191291,16.824444444444445,32.229490808540206,1,0,0.05555555555555555,1,0.0,9,6,,0.23601469366044092,54.70777777777778,48.11209171761756,0.3089256975258401,9.839503911893217,8.380085092979552,1.0358990858564714,0.7180147630423523,1.0734121448866414,0.06149473327045025,0.16419943354957525,33.45432454036771,42.45542568398764,159.23879382378692,214.10855099441358,0.7639853063395591,1498,sa-heart
458,39,2,0.0851528384279476,11.743589743589743,0.4493109762175972,0.09388646288209607,0.9061135371179039,0,0.5374451269071595,,0.0,0.5770694818837563,0.3106523057763753,247505.61028716865,4372905.146207054,50723629.43109486,316749560.28185624,0.5,0.5743312720554491,2.560178629506944,6.629878872900254,41173.185651866894,1.2521476985177213,2.7260086722600745,203.51615384615386,1070.2834601536958,18.61885817608378,25.020900342044435,0.4061676908368733,50.867435769230774,244.51628541623842,16179.20153846154,93280.61627220304,395.4946411376106,2196.0142191166283,36.362692307692306,166.90222422458413,0.29435897435897435,0.5062233482096659,0,0,0.5614035087719298,1,0.0,39,36,,0.2888472644362528,16178.90717948718,93280.66771476634,0.4061676908368733,1244.9923289626024,7104.0598432476145,1.8188237022982194,3.0808548835261225,2.2141058495375265,0.03398127489335103,0.04559321692311163,71.66558342623559,360.32108137840316,50723629.431094855,315567950.8381859,0.7111527355637473,1065,kc3
458,1000,2,2.183406113537118,0.458,0.9867403772574629,0.43231441048034935,0.5676855895196506,0,0.9999999999999987,,0.0,0.13069341986504457,0.1101560033232142,518065.15777865914,4614396.262835032,25020332.727654252,409893345.6719308,0.5,0.09572187867590817,2763.1049395324812,7155.080252911679,73756.81017336716,2306.431205212903,6338.153573723052,1787.027875,3806.9773965807426,29.045276209804886,59.09698869967106,375299968947540.3,1214.21055588,2716.2305413176364,18967.8399,77716.32908594456,3229.8649072052403,7736.7278788895655,2815.9201,7326.506650251003,253.4563,603.6635737317273,0,0,0.008174174174174174,1,0.0,1000,999,,0.9999999999999973,18714.3836,77566.2873714438,375299968947540.3,1978.3211771052484,4596.488415478142,,3.3661662923918376,3.2264691372747767,4.2801246161412914e-05,8.149523915190263e-05,2895.730442028985,7399.238910008338,25020332.727654237,382689891.525622,2.664535259100367e-15,1149,AP_Ovary_Kidney
450,3,2,0.006666666666666667,150.0,0.5357150195378849,0.12222222222222222,0.8777777777777778,0,0.10262387548893932,,0.0,0.0,0.0,0.0,0.0,10.328507795100222,14.417683503983694,0.5,0.5342584568965025,2.5177279547022686,4.360832737180802,0.9735878837583815,1.71668511123592,2.9733858332576433,4.333333333333333,4.041451884327381,-1.2768275952044237,0.05320784786767635,0.010643756240303127,3.2122999999999995,2.995928281851887,8.666666666666666,8.082903768654761,4.5,4.330127018922194,4.5,4.330127018922194,0.3333333333333333,0.5773502691896258,0,0,0.0,1,0.0,3,0,,0.010531659820369322,8.333333333333334,7.505553499465135,0.010643756240303127,2.675158917579781,2.181295221007554,,0.0,0.0,0.14996288047512993,0.08358077393613737,4.5,4.330127018922194,10.328507795100222,14.417683503983694,0.9894683401796307,764,analcatdata_apnea3
440,8,2,0.01818181818181818,55.0,0.9073226451867993,0.32272727272727275,0.6772727272727272,0,0.6647830193503138,,0.0,0.2076254610392909,0.28733336333396314,6884907.171333722,12763695.12133378,44873535.78928482,68854512.36633663,0.5,0.2507014951479577,2167.7812400485464,2302.212513737334,16520.979692050376,491.1753055933227,593.6623709131767,4482.15625,4743.78121472414,37.041365275769984,55.573565586079766,0.791910657784509,2577.9634125000002,2995.1538505757057,53509.125,40271.453716133896,4153.7778409090915,4189.454418820097,2524.9375,2952.3114846978074,11.625,19.294244145414382,0,0,0.14285714285714285,1,0.0,8,6,,0.4419364628165197,53497.5,40266.247389807046,0.791910657784509,5246.881391425813,4452.129051344095,1.308475638663416,3.5167289302994447,3.9605262350747408,0.08302896275906299,0.15355391853804393,2853.041193181818,3158.938499134522,44873535.789284796,55722340.715732366,0.5580635371834803,1511,wholesale-customers
421,1000,2,2.375296912114014,0.421,0.6863756172415889,0.1828978622327791,0.8171021377672208,0,1.0,,0.0,0.1050821887832467,0.09002171496519298,408728.6671228538,4312689.722188136,15107232.053314833,168945014.58129323,0.5,0.4484501438879054,3012.3959506427273,7030.651044293048,47286.827474834376,2649.257666043749,6467.970167417804,1817.3812000000003,4083.5650405898136,29.202423769225824,59.747278659839616,inf,1266.88570302,2884.9921455392478,16165.7511,26954.597163881448,3437.758179097387,7641.936775256119,3059.3388,7148.607686417605,616.3093999999999,1826.2592562565435,0,0,0.003009009009009009,1,1.0,1000,999,,1.0,15549.441700000001,25970.519067510126,inf,1835.5597548427982,3427.7838528498464,,3.322120580732267,3.308017400873488,4.250276105052539e-05,9.687114528639995e-05,3132.202788537549,7277.4989565874275,15107232.053314831,98874179.76650561,0.0,1127,AP_Breast_Omentum
418,17,3,0.04066985645933014,24.58823529411765,1.24461843114254,0.05980861244019139,0.5550239234449761,0,0.461913413155825,0.193925542682797,0.0,0.12852698743235882,0.10220328080228086,4324.536556374111,37427.21877495244,1064246.5727077008,3583860.0858826186,0.3333333333333333,0.2516438632249883,1156.014853846538,4386.971467257836,2855.5199077568655,1119.0339082393468,4286.5131186679655,397.79279411764713,1357.978575651912,3.079958876425088,5.3051827772568,0.677619791830951,292.797801882353,1018.2441019865045,2575.4876470588238,7502.421631169773,1230.2184365325074,4479.515440532894,1206.1311764705881,4499.504461037741,583.8594117647058,2323.9344929194717,1,0,0.007352941176470588,2,0.0,17,9,,0.4643351186113451,1991.6282352941178,5477.888908904866,0.5596932781324293,351.4836609477138,999.7499296544856,,1.0584383612761044,1.5801292346449085,0.14431823328058407,0.17801852842630464,1199.307913165266,4466.472690786328,1064246.5727077008,3580516.2677053395,0.5735186474471682,46843,Cirrhosis_Patient_Survival_Prediction
413,1000,2,2.4213075060532687,0.413,0.650958593365191,0.16707021791767554,0.8329297820823245,0,1.0,,0.0,0.11594612864629507,0.09884499782792332,582458.5916335252,5851932.067780073,18603797.360598322,211615681.10319406,0.5,0.47083381313874234,3264.043024957635,8131.994947835427,111069.67236423715,2863.083611193615,7504.533088348088,1955.2142,4545.7126412010175,25.637637104987544,52.252991701910396,inf,1367.89983708,3316.895693491101,17712.0761,30267.50185109542,3758.8759917675548,8782.109981445137,3332.7562000000003,8405.162294342435,712.6075,2309.6129341427127,0,0,0.005373373373373373,1,5.0,1000,1000,,1.0,16999.4686,28902.051066005264,inf,2050.6073952590673,3796.474666186796,,3.1509531069955123,2.968057469262523,3.643935125455627e-05,5.441662005793069e-05,3403.013289156627,8469.14825370934,18603797.36059832,100979691.57540987,0.0,1122,AP_Breast_Prostate
412,1000,2,2.4271844660194173,0.412,0.8882954964045834,0.3058252427184466,0.6941747572815534,0,1.0,,0.0,0.11599873176584409,0.09817272709715359,395836.1171622168,5474451.7600592105,15135083.71012036,214079072.90875137,0.5,0.27460457521807674,2914.995790732895,7264.849445740221,58570.31249460623,2534.306869231284,6582.109388076991,1722.217575,4105.419963334547,25.909968247129175,56.538751427806375,inf,1211.91193284,3018.543065764023,14978.3585,30115.95028560834,3325.306265533981,7914.236796963099,2999.66495,7560.975233826688,485.7165,1843.596768928649,0,0,0.004478478478478478,1,3.0,1000,1000,,1.0,14492.642,28914.12366849379,inf,1734.6671144566947,3483.985055077999,,2.984750617337502,3.297441961656125,4.686978655397578e-05,0.00010471854540623632,3057.4803407258064,7614.957866735916,15135083.710120354,125314010.19777639,0.0,1126,AP_Colon_Lung
412,8,2,0.019417475728155338,51.5,0.7747817605829472,0.22815533980582525,0.7718446601941747,0,0.37240619619290705,,0.0,0.12837334719573965,0.17854183407032923,472.35850337232176,2267.688121619183,68084.37048519214,186068.9428356917,0.5,0.3844464053053074,112.28174971463372,271.29395405112024,36.646459504586716,68.82551996958986,156.01590127347706,104.118526,239.40992849200086,2.8888873517470324,4.898965150179296,0.16101727748343864,60.02783589862499,163.01382408352706,918.330042125,2182.154527503771,147.912979029733,356.64150489063593,128.292939625,327.46002625358886,5.428837,7.86841176798275,1,0,0.07142857142857142,1,0.0,8,6,,0.13868637496286998,912.901205125,2180.2978448894582,0.16101727748343864,108.86655228065537,253.5067072197284,1.032582739834456,1.0573261529110782,1.2475749265584581,0.15257847703566796,0.1822068101464088,128.5768332716734,317.76004607176355,68084.3704851921,185957.5125990993,0.86131362503713,957,braziltourism
410,1000,2,2.4390243902439024,0.41,0.8842519414377025,0.3024390243902439,0.697560975609756,0,1.0,,0.0,0.12291910326174654,0.1019721146027477,424678.3177780378,4575548.835880119,12409787.11230436,161102559.38664582,0.5,0.2793934111029773,3281.6899066902934,7693.3294344069745,58693.14898734635,2926.5702144889406,7191.637734470782,1831.573125,3984.851358977867,23.756926983218115,54.51760826108551,inf,1298.9935557899998,2921.445432056425,14507.309,22481.015002316362,3677.81087902439,8214.922545303285,3377.4871000000003,7880.6712123502375,740.1018,2332.8591793135024,0,0,0.005429429429429429,1,5.0,1000,996,,1.0,13767.207199999999,20932.589521115337,inf,1717.623539962564,3077.17817371429,,2.819155437471069,3.1493209174891894,3.937873788975209e-05,7.149946931241264e-05,3429.8136808943086,7943.22097251333,12409787.11230436,69556291.81476356,0.0,1160,AP_Colon_Uterus
406,7,3,0.017241379310344827,58.0,1.3279423646085267,0.17980295566502463,0.625615763546798,0,0.48533557789453563,0.3347600843008903,0.0,0.6364503344229705,0.22587055770227724,5934.828910765328,18665.39137834306,104284.41000499566,275105.47211172245,0.3333333333333333,0.25323183840500396,463.56482746392265,1060.0960070082497,952.1357684913869,444.0896747122733,1020.6261610125932,237.96071428571426,513.5494583973759,-0.5920901320253839,0.8085143085549896,1.155102385136314,154.03154999999998,349.0010337136876,854.6285714285715,1896.3263447292732,485.18307529908515,1101.862103897974,454.85714285714283,1045.3558690021034,259.14285714285717,597.6995980622787,0,0,0.6190476190476191,2,1.0,7,3,,0.583165560381585,595.4857142857144,1300.191482601148,1.0892155289803809,143.7216960951986,312.356470648415,,0.45823383442730947,0.33688655562281117,0.043458493763757766,0.07282191998646721,465.6092505854801,1062.3604454197741,104284.41000499562,270395.67277917336,0.4490613193071393,455,cars
405,1000,2,2.4691358024691357,0.405,0.6113829046608109,0.1506172839506173,0.8493827160493828,0,0.9999999999999999,,0.0,0.10583562965782096,0.0913530917223687,417052.6371569521,3654399.750999363,13683692.145789945,140610844.94510368,0.5,0.49410177549578504,2961.203867547381,6996.488242841681,47565.693671370704,2589.140820833262,6485.945831742391,1773.4282,3538.524564549281,25.196059723580156,48.11754797871367,4503599627370495.0,1220.3368073399997,2469.9370883035076,16568.5474,26905.232623224114,3401.548999012346,7507.359856048892,3002.1105,7128.096924005577,592.5956000000001,1803.0704384706457,0,0,0.0035995995995995993,1,3.0,1000,999,,0.9999999999999998,15975.9518,25914.59309604514,4503599627370495.0,1879.211267793158,3187.855011816807,,3.1796717999230713,2.9164241939373796,4.227472482295722e-05,9.373785076331752e-05,3076.634983127572,7199.844044540782,13683692.14578994,79011809.30673139,2.2204460492503185e-16,1123,AP_Endometrium_Breast
403,37,2,0.09181141439205956,10.891891891891891,0.39124356362637025,0.07692307692307693,0.9230769230769231,0,0.510496411924461,,0.0,0.4490581235682466,0.3029255957717289,54100.31198338848,842383.978349449,9345200.091765856,56836034.37485938,0.5,0.5983211225424633,66.90447063649188,306.64914965804445,10196.76134459863,19.35608201052982,65.74181199471931,189.00216216216216,949.242653013107,11.42059177231053,13.233004931104906,0.35245997849110805,81.88520010810811,393.5207806445721,5807.04918918919,31942.57226083427,251.8878418617129,1310.655326138552,67.43621621621622,305.6027589894305,1.8656756756756756,3.5035327730580583,1,0,0.45645645645645644,1,0.0,37,36,,0.260606586587749,5805.183513513513,31939.895946377692,0.35245997849110805,556.7656238748069,3047.3250969678966,,2.5005754642936706,1.540367307421964,0.03978140783191204,0.08314524405510572,92.21046268490711,434.57199454102783,9345200.091765849,56603978.08178616,0.7393934134122511,1071,mw1
403,5,5,0.01240694789081886,80.6,2.0471020615174274,0.05955334987593052,0.3200992555831266,0,0.36159326152916527,0.4107146420894927,0.0,0.11190584397121597,0.05706777038343183,0.006439303618384504,0.0033817331402234948,0.05795124186017801,0.019935272349929554,0.2,0.12833366911866967,0.0,0.0,0.2326376822826657,0.0,0.0,0.363,0.06320601237224195,-0.7838443381666211,0.46034120433116477,14.985564330926318,0.2550072,0.052835504210710434,0.9640000000000001,0.03974921382870357,0.41088784119106697,0.05250506600366518,0.354,0.06308724118235003,0.0,0.0,0,0,0.0,4,0.0,5,1,,1.0290582988132975,0.9640000000000001,0.03974921382870357,14.888412927291215,0.23971042907043616,0.024752577013449722,1.1959982076744415,0.3895570005283498,0.2822977940569413,0.007790792491773413,0.0009262404019401592,0.3913481481481481,0.06185966177361508,0.05795124186017801,0.011774098376291097,0.057262556272861025,1508,user-knowledge
400,7,2,0.0175,57.142857142857146,0.9993506898117249,0.485,0.515,0,0.10580750203970182,,0.0,0.035684220996546036,0.02718596045456657,0.6691703626658162,1.0068520907402314,33.888088742842385,43.90753251648365,0.5,0.021213203435596444,17.354555800022414,0.6977035594914311,2.0717029931760527,16.360117299084187,1.7695317591848676,5.586767857142858,4.031566426488651,3.3083879397468885,6.003883250616766,0.011321979625401029,4.0759851,2.9229941260002055,45.608142857142866,33.52266808657773,18.129091785714287,1.297975248247619,17.389464285714286,0.647532808508756,9.032928571428572,4.844702170314251,0,0,0.0,1,0.0,7,7,,0.011195227487881505,36.57521428571429,37.703258023298574,0.011321979625401029,4.703498309378035,3.7048694708370484,,0.9974617467359742,0.8611183895025931,0.00011029240638308964,0.00016151291945749822,17.558858333333333,0.8106388599547935,33.88808874284238,43.7947319660937,0.9888047725121185,907,chscase_census4
400,7,2,0.0175,57.142857142857146,0.9998376907180971,0.4925,0.5075,0,0.12805957366585136,,0.0,0.038259201035927455,0.030834232883346732,1.0643363735908762,1.7674717341357673,43.250711474103,61.12304397991331,0.5,0.010606601717798184,19.115820858338658,0.7844377608549179,1.5468749058970017,18.141404476512047,2.262680192762959,5.923785714285714,4.368434037116377,4.45709107921398,4.965777422801656,0.016672673827225204,4.180593119999999,2.9806702810546457,51.32855714285714,33.721091362126124,19.966451392857145,0.43808219323209074,19.005599999999998,0.7530823776320891,10.510028571428572,5.858477869069827,0,0,0.0,1,0.0,7,7,,0.01639925440747961,40.81852857142858,39.28944571101822,0.016672673827225204,5.2262129787139475,4.312034817936388,,1.3089904230825042,0.8898083978980623,2.9745377022069276e-05,4.8588950205826636e-05,19.2385719047619,0.4850751583777757,43.250711474103,60.88735867499578,0.9836007455925204,909,chscase_census2
400,7,2,0.0175,57.142857142857146,0.9988455359923164,0.48,0.52,0,0.1314036250497628,,0.0,0.033891606584142954,0.025360740909774596,0.0002995952279926015,0.00035757400714386193,0.015223914651485853,0.020880769332997522,0.5,0.028284271247461926,4.2312280441812735,0.012195119777318351,0.03600888009705619,4.229369741610491,0.014614321334764644,0.12418571428571454,0.092812244227642,0.262768012384539,0.6009266300189801,0.017570297468298954,0.09256719000000013,0.06964488466825704,4.531114285714286,0.21981584283646324,4.233053642857143,0.009934718190158282,4.2353,0.00580890121566312,3.900971428571428,0.3432383123248613,0,0,0.0,1,6.0,7,6,,0.01726691267621865,0.6301428571428571,0.5542323214956666,0.017570297468298954,0.09922929695258356,0.07920672208896681,,-0.03933125510302254,0.21925029607774696,0.0002898857899757159,0.00024582175434751123,4.234273511904762,0.00692130375791467,0.015223914651485856,0.020845283216181846,0.9827330873237814,908,chscase_census3
400,6,2,0.015,66.66666666666667,0.9777945702885029,0.4125,0.5875,0,0.09889132259271799,,0.0,0.035916844483937546,0.03853370266195755,1.1152152156754382,1.0338298226681941,47.667850319208064,34.3616258820971,0.5,0.12374368670764585,9.38971174547933,2.711437702269138,1.6151982849635356,8.090728105781736,4.221370068148517,5.0669208333333335,2.610488380907712,21.097150312869864,16.1024299587197,0.009876076713985488,3.4568548700000004,1.6318318927834083,63.792750000000005,35.37675044922866,10.875032583333335,1.3185514995304286,9.322058333333333,1.8745054210155454,4.059316666666667,2.934497705173181,0,0,0.0,1,0.0,6,6,,0.009779493684137015,59.73343333333333,38.12253546015357,0.009876076713985488,6.473533996263001,2.6293439299799286,,3.58873295055832,1.4609691547169963,9.474858309157512e-06,1.113154331231842e-05,9.56584861111111,1.7305055824001951,47.667850319208064,34.165388925417304,0.990220506315863,900,chscase_census6
400,7,2,0.0175,57.142857142857146,0.9991161687840898,0.4825,0.5175,0,0.0842754066013563,,0.0,0.03525024010066069,0.024408996963921716,0.0003264262272854762,0.0004108151803559094,0.017237492884971357,0.023374939462947688,0.5,0.024748737341529145,4.237001843957024,0.01726322973993182,0.03253754200810114,4.234750591866399,0.01825218858264989,0.1362821428571427,0.0952901497994914,1.1631000220224028,2.9928788342256927,0.007153148278711282,0.10243707000000006,0.07201988522490665,4.571585714285713,0.28412423003897114,4.239122749999999,0.017000254080209054,4.240028571428572,0.015822132629717826,3.7826,0.5952877147508869,0,0,0.0,1,1.0,7,6,,0.007102344157823928,0.7889857142857143,0.8273689330815919,0.007153148278711282,0.10732980124672156,0.08167480899393462,,-0.10276381083014222,0.6063254660779546,0.0003203153093031928,0.00027032103146367847,4.24032125,0.01680531900028664,0.017237492884971357,0.023334883520330207,0.992897655842176,906,chscase_census5
400,5,4,0.0125,80.0,1.9999999999942293,0.25,0.25,0,0.1637355257277179,0.2835982495644085,0.0,0.04892174549488764,0.07197920384803404,1.6606516290726823,2.947441578759296,181.21062531328317,402.74400839736643,0.25,0.0,0.0,0.0,34.01,0.0,0.0,3.6,4.722287581247039,1.0144065039395134,5.983012581494067,0.31801605624927926,1.77912,1.537192397522184,41.6,87.44312437235989,4.0195,6.2380406579309815,1.6,1.08397416943394,0.0,0.0,2,0,0.0,3,0.0,5,1,,0.24128390146798953,41.6,87.44312437235989,0.31801605624927926,6.771781625305417,13.007382467874692,1.3708399781286407,0.6395396546247024,1.4300541420475723,0.28094208123047343,0.21294640102460968,1.95,1.7356554957709782,181.21062531328323,402.6783507061702,0.7587160985320105,475,analcatdata_germangss
399,32,5,0.08020050125313283,12.46875,2.2764258958237495,0.11027568922305764,0.24060150375939848,0,0.5566981321848297,0.12322201024683466,0.0,0.2522055493186733,0.1768035325334379,4.570621634833559,15.464172297938093,54.40342179254667,167.7310897926659,0.2,0.05297062296873018,0.0,0.0,17.524057375880897,0.0,0.0,5.5,9.486832980505138,2.2022106683617784,4.743734723502331,2.0861785589903636,1.5752625,3.726770538800446,15.53125,20.492302842932308,12.17888471177945,15.851077106418291,14.15625,18.630722762285988,0.0,0.0,2,0,0.09274193548387097,4,0.0,32,17,,1.2852022329401254,15.53125,20.492302842932308,0.8897295722056731,4.227544940648159,6.140823571316429,,-1.284953376636208,1.1566284676170195,0.14969543028796722,0.1324581713441267,13.415197095435683,17.709672242279474,54.403421792546695,140.8124578536775,0.1990751097232879,40663,calendarDOW
398,7,2,0.017587939698492462,56.857142857142854,0.998177693951097,0.4748743718592965,0.5251256281407035,0,0.8092538685221486,,0.0,0.5591666473790431,0.24717438241195966,5611.923136568654,18598.826930678657,104213.97776205602,274938.49515258137,0.5,0.035533004079726004,448.08364950445093,1063.3798283672302,1267.9662443535276,428.9526268538355,1023.9752650411273,229.19285714285712,512.4753306490074,-0.5953036091374589,0.8509753794354963,1.8976421560729635,152.32655999999997,350.998558144724,838.2571428571429,1904.449998343479,470.3573582196699,1104.788567001762,438.2857142857143,1044.511323424454,247.85714285714286,602.5696166063659,0,0,0.5238095238095237,1,0.0,7,2,,0.6548918237180631,590.4,1302.8043547158825,1.8976421560729635,142.5600212626752,312.84562931726447,,0.5456502353829071,0.38778546915865486,0.09006589751347312,0.12793193155084046,450.1305357142856,1063.504578770755,104213.97776205605,270304.6637772802,0.34510817628193685,831,autoMpg
392,7,3,0.017857142857142856,56.0,1.3279178865429107,0.17346938775510204,0.625,0,0.4913717165473081,0.3302625601226247,0.0,0.6327016741068782,0.23501570267292457,5942.547042357316,18683.34029923488,104857.18331131212,276629.40243872785,0.3333333333333333,0.25298012058914826,734.7503382517746,1180.2356580151254,949.9019853998857,715.2934076566706,1150.2735324171986,233.60714285714286,513.2671059242055,-0.5582002556806651,0.8470462283921278,1.178626094658849,154.78343999999998,351.27120330423503,1126.2285714285715,1903.3256418825495,756.3975218658892,1212.3672614417148,723.5357142857143,1164.469231994519,530.7142857142857,868.129351783806,0,0,0.6190476190476191,2,0.0,7,2,,0.5919656862640464,595.5142857142857,1300.1766488040148,1.1074095986638173,144.016811182439,313.2662312520232,,0.47453956224932725,0.3418797701166489,0.05040090814643981,0.07111264789427159,736.3266343825668,1180.833276435135,104857.18331131208,271936.60021759925,0.442969469136971,40700,cars1
386,1000,2,2.5906735751295336,0.386,0.9112319032020146,0.32642487046632124,0.6735751295336787,0,1.0,,0.0,0.13348335007421616,0.11027916625053877,512788.89615246525,4867249.780829724,15315444.377358224,182313898.4847644,0.5,0.24547230227719521,3003.2192367652965,8330.297289583199,82521.52042874483,2598.6653234957253,7707.401191082179,1795.39115,4065.092033757612,23.94366400694751,47.40529045803953,inf,1212.3627914999997,2710.702612448748,15547.127,25817.130445677347,3462.2925655440413,8875.39250159862,3073.13225,8558.292845409955,382.7818,1264.5421986002684,0,0,0.008444444444444444,1,6.0,1000,1000,,1.0,15164.3452,24936.24020824953,inf,1857.8746335234655,3446.102413642633,,3.036944520610455,2.9469047597622597,4.4973509371603366e-05,8.180168742380368e-05,3152.578709051724,8641.887968569166,15315444.377358222,96360428.22329731,0.0,1163,AP_Lung_Kidney
384,1000,2,2.6041666666666665,0.384,0.9075250687511596,0.3229166666666667,0.6770833333333334,0,1.0,,0.0,0.13524867592793027,0.11388666604679984,626212.9450671499,4605185.202583551,15304765.207383133,164456413.0470442,0.5,0.25043365167023557,3501.695999282398,8611.974547506861,79637.3328986412,3060.14989622151,7988.59971641762,2061.6005,4194.642257290113,25.281225146481177,48.05762039696238,inf,1413.0948224399997,2965.5547785291315,16451.713,23867.640826337785,3984.868936197917,9139.319671184763,3576.2304999999997,8830.13107811353,482.62719999999996,1449.9604228350331,0,0,0.01023223223223223,1,7.0,1000,1000,,1.0,15969.0858,22877.082546481248,inf,2019.844760498319,3352.0484154394426,,3.1117295950190615,3.0286922193891397,4.5831591058368484e-05,0.00010880226720069204,3659.4717392241378,8882.910946835793,15304765.20738314,73797566.67773871,0.0,1129,AP_Uterus_Kidney
383,16,2,0.04177545691906005,23.9375,0.858140536107553,0.2819843342036554,0.7180156657963447,0,0.817119650847022,,0.0,0.21375775835443142,0.1691129037664941,0.33382824354435225,0.8500990150858041,14.903834258335271,57.225358474597456,0.5,0.3083207113789907,2.390170435835952,9.560681743343807,9.18396342026669,2.239039837915528,8.956159351662112,1.90625,5.416698717853892,6.125439019819529,12.809690514085153,2.0091887727769953,1.11195,3.6916442287956186,7.5625,19.916387724685418,3.6302219321148828,9.984303154004179,3.375,9.047098982546835,0.9375,3.75,6,0,0.08333333333333333,1,0.0,16,10,,0.6676845238003591,6.625,16.18177987738061,2.0091887727769953,1.595237457442467,3.630838538623681,,1.249828669123032,2.387050477591871,0.3164386878392114,0.16277982827965656,3.4645562770562774,9.427858344066228,14.903834258335271,57.109476045732016,0.33231547619964086,46847,differentiated_thyroid_cancer_recurrence
380,2,2,0.005263157894736842,190.0,0.9995003941788734,0.4868421052631579,0.5131578947368421,0,0.7200137054308037,,0.0,0.09797753712625779,,0.33037078183585544,,5.320802666296348,5.839581137151168,0.5,0.01860807318911969,43.28600041286628,61.21564884476288,4.413536859937497,43.28252393720836,61.210732365738195,3.5,2.1213203435596424,-0.9213697624098377,0.5467533623815416,1.0764970551555229,2.2239,1.0483565137871753,51.5,51.61879502661797,46.17631578947368,57.13794953451086,46.5,57.27564927611035,42.5,60.10407640085654,0,0,0.0,1,0.0,2,0,,0.5184197360081961,9.0,8.48528137423857,1.0764970551555229,2.0847908740755727,1.3960298547434842,,0.04550231924757934,0.2130379830205865,0.15402374670184696,0.13293234342886942,46.155701754385966,57.241534475263634,5.320802666296348,5.8208606022125275,0.4815802639918038,860,vinnie
369,8,2,0.02168021680216802,46.125,0.9919270464023762,0.44715447154471544,0.5528455284552846,0,0.34000444355343856,,0.0,0.3070046686455963,0.30247532222963036,2039.221091553889,4788.60837012388,37883.57185622124,82336.95062632936,0.5,0.07473486305223674,11.186091195859952,31.63904375825484,183.31257800151818,4.456023791635721,12.603538560776837,41.75,60.977162001148315,37.9684106036916,38.864500669635966,0.13071394912490805,22.424325,35.088635032514446,876.875,1814.9531625204154,60.00237127371274,87.51231192333515,25.5,34.34696909065319,0.375,1.0606601717798212,0,0,0.25,1,0.0,8,7,,0.1156030216360834,876.5,1813.9047069000858,0.13071394912490805,105.35189952725992,174.95974760651796,1.259462989545214,4.366750461347219,3.503014418091596,0.03133030621822639,0.036639968991802926,30.084641255605383,39.905304873027546,37883.57185622128,81050.67269793479,0.8843969783639166,1048,jEdit_4.2_4.3
366,34,2,0.09289617486338798,10.764705882352942,0.8885149702194584,0.30601092896174864,0.6939890710382514,0,0.965885467673553,,0.0,0.2282283920114707,0.20735883681413736,0.24823164605994424,0.3710995740106447,7.4774194968802705,39.3586914078312,0.5,0.27434197521445286,0.0,0.0,7.0550350290190975,0.0,0.0,1.2941176470588236,3.904383020864954,2.4214040833494996,5.41406361357661,13.910848779858227,0.6976941176470589,3.058860887694531,5.029411764705882,12.369280849524069,1.7884924461587912,6.1189872512633325,1.4411764705882353,5.980732581409964,0.0,0.0,1,0,0.0944741532976827,1,0.0,34,24,,0.9329347366629582,5.029411764705882,12.369280849524069,13.910848779858227,1.2562030564967812,2.46538886749385,,1.393761993788196,1.2820379544952403,0.25089443996776795,0.06136649233254878,1.5526737967914437,6.132705073800852,7.47741949688027,39.27260603780001,0.06706526333704178,1010,dermatology
366,4,2,0.01092896174863388,91.5,0.42783854405620236,0.08743169398907104,0.912568306010929,0,0.05564837485406781,,0.0,0.03590297847924939,0.04065793093050462,64.87420590363551,130.1881359962844,5579.874300097314,6435.0379129136645,0.5,0.5834596937659491,67.97328556500523,78.48885981515862,20.547182213310684,28.229499785494852,32.59662004810772,94.25,101.32579467572246,-1.220397928610902,0.015155159761265708,0.0031063612219938606,70.23817499999998,75.11281159311305,188.25,204.67107758547616,94.37226775956285,102.62736826794202,94.375,102.62421335467896,0.5,0.5773502691896257,0,0,0.0,1,0.0,4,0,,0.0030967416238988467,187.75,204.0937284680742,0.0031063612219938606,54.52329154567069,58.958572790540636,1.0164527475861524,-0.0019953439880024343,0.0023040247771982133,0.04041283542878589,0.04666038927956653,94.375,102.62421335467896,5579.874300097312,6429.337585455891,0.9969032583761012,984,analcatdata_draft
365,3,2,0.00821917808219178,121.66666666666667,0.5977108006771762,0.14520547945205478,0.8547945205479452,0,0.5962623063182345,,0.0,0.016400570662112212,0.013624847162976926,65.83375733855193,58.980810067752955,223007.5521200261,386181.15528704785,0.5,0.5017552228145639,3031.545133834478,5250.7901972395075,1381.873918515144,3018.7080340079233,5228.555688118082,391.0,658.1914615064526,-1.0731888849438258,0.32247631851275216,0.5516595678716252,299.9794,505.4694897936769,3583.6666666666665,6172.459828409848,3050.531506849315,5266.848685539299,3079.3333333333335,5316.24362998286,2378.3333333333335,4119.39417066798,0,0,0.0,1,0.0,3,0,,0.35552873793594014,1205.3333333333333,2053.081911014106,0.5516595678716252,276.73091151397307,468.65907875449034,,-0.0670100127484035,0.22819990837816645,0.03941604510440916,0.04489943082658588,3071.0943683409437,5302.62987386511,223007.55212002608,386181.1294446121,0.6444712620640598,968,analcatdata_birthday
364,32,2,0.08791208791208792,11.375,0.8999049782629667,0.3159340659340659,0.6840659340659341,0,0.3321958889477282,,0.0,0.1326952587922981,0.11206757803869064,0.1319235352868051,0.11343557837758779,1.0039605281082555,1.010183260425536,0.5,0.26030854032691586,0.0,0.0,0.6970355149354349,0.0,0.0,1.2578125,0.4375719986839401,0.28404568967768606,1.105668487681505,0.12404273397396424,1.06561875,0.6772567347752159,3.9375,0.3535533905932738,2.2814217032967035,0.7831922651906823,2.34375,1.0351678997366376,0.0,0.0,0,0,0.014112903225806451,1,0.0,32,23,,0.11035410863377139,3.9375,0.3535533905932738,0.12404273397396424,0.9952723255309845,0.11758220686284435,1.0623944221516193,-0.32228279957454853,0.7525861266160327,0.2019742883379247,0.023635157791726657,2.3117897727272725,0.9168952829943774,1.0039605281082553,0.22937742262096086,0.8896458913662286,986,analcatdata_marketing
363,1000,2,2.7548209366391183,0.363,0.7455178428079432,0.21212121212121213,0.7878787878787878,0,1.0,,0.0,0.12448632736433723,0.10253465114687829,433497.6007859723,4784938.936937041,13166339.959350076,169360325.56038976,0.5,0.40712208613770917,3176.026261717873,7453.417916931302,67753.33591712866,2787.862804219853,6888.235536301156,1840.3869,4136.684495733949,22.83264339785722,53.66012060723305,inf,1302.4015342799999,2967.866208284715,13965.799700000001,22448.556140823348,3596.02215922865,8046.851677752193,3304.3544,7732.741616330237,770.0862,2531.605824206983,0,0,0.005041041041041041,1,6.0,1000,997,,1.0,13195.7135,20846.640791369533,inf,1713.6412652938943,3200.002122939739,,2.7522295507791332,3.1502984826901863,4.3345098518347335e-05,8.446348086523006e-05,3348.2118589041097,7757.458802651061,13166339.959350076,74829171.52378626,0.0,1143,AP_Colon_Omentum
360,1000,10,2.7777777777777777,0.36,3.3219280948729355,0.1,0.1,0,0.9999999999999992,1.0641648402854206e-15,0.0,,,3186144679.8465743,48001063085.7908,141021308003.7283,1833840426854.339,0.1,0.0,0.0,0.0,13819442.723006852,0.0,0.0,18313.33074732075,102179.3321808882,,,inf,1430.1380648936408,20528.19078123212,1136725.62883511,2840199.6363018067,46499.2801101036,126880.36541823587,966.7677220465001,13880.626121832098,0.0,0.0,30,0,0.014060060060060059,9,158.0,1000,841,,8.999999999999986,1136725.62883511,2840199.6363018067,inf,139935.9017721808,348655.7216096504,,,,0.22216120393537894,0.3529919903329575,4848.203249585662,28759.713786102177,141021308003.7283,1024071163882.3025,0.0,1514,micro-mass
358,1,2,0.002793296089385475,358.0,0.9999999999971146,0.5,0.5,0,0.005973357913534416,,0.0,,,,,,,0.5,0.0,0.0,,1.2346368715083713,0.0,,178.5,,-1.2100604431004531,,3.568227794271346e-05,132.6927,,357.0,,178.5,,178.5,,0.0,,0,0,,1,0.0,1,0,,3.568100476318423e-05,357.0,,3.568227794271346e-05,103.48993509837885,,,0.0,,0.0,,178.5,,10710.166666666666,,0.9999643189952369,41496,DRSongsLyrics
355,1000,2,2.816901408450704,0.355,0.7105163697798265,0.19436619718309858,0.8056338028169014,0,0.9999999999999976,,0.0,0.15352104546506518,0.12231036541458683,601597.2867667829,5969369.546322802,17004884.783754613,217896223.01066306,0.5,0.43223146906332627,3332.088288239056,8179.708111578042,111895.00826787585,2927.0640338695375,7585.098947892487,1999.9877999999999,4795.672951495323,16.1570639595418,43.18783153939128,204709073971385.2,1407.8148390599997,3436.154459945525,14095.1505,24918.576913621284,3797.717389577465,8867.677023344993,3460.8,8479.042173395424,820.6441000000001,2692.89615930321,0,0,0.014216216216216215,1,7.0,1000,993,,0.9999999999999951,13274.506399999998,23141.283003719505,204709073971385.2,1844.0626517978656,3690.2487254458197,,2.2948602993495806,2.664176701738897,3.5796706308374025e-05,5.381544182266431e-05,3515.60474600939,8541.910053391024,17004884.783754617,107161295.55200894,4.884981308350685e-15,1135,AP_Colon_Prostate
351,34,2,0.09686609686609686,10.323529411764707,0.9418285354446302,0.358974358974359,0.6410256410256411,0,0.7873960178148636,,0.0,,,0.06388193661829542,0.06059302957946943,0.2725296655418529,0.5197015860196872,0.5,0.19944037418082114,,,1.3938808280643042,,,0.6018913235294118,0.2679445485043411,,,1.6315269322657058,0.3887721686470589,0.19159807883584645,0.9705882352941176,0.17149858514250882,0.24769699765376238,0.2478423649039251,0.3210052941176471,0.3379137083252961,-0.9411764705882353,0.23883257361061289,1,0,0.0926916221033868,1,1.0,34,20,,0.6199924888707049,1.911764705882353,0.3788057036804224,1.6315269322657058,0.5104205012204398,0.1111945652387236,,,,0.04511218394896291,0.1890503478331077,0.3006294814608308,0.3079774820343841,0.27252966554185293,0.08203703161123435,0.3800075111292951,59,ionosphere
349,44,2,0.12607449856733524,7.931818181818182,0.8446127584945315,0.2722063037249284,0.7277936962750716,0,0.5763608304509898,,0.0,0.2834613134130734,0.18691250998356118,26.49320828963203,24.94637060529274,91.74315030554531,245.7599442914884,0.5,0.32214893469530387,63.99333659075748,5.230123087158664,36.46965704355982,62.2077135030966,6.2818233294524735,9.295454545454545,2.473859102364351,5.633586814379874,4.23396800322439,0.4974359558621713,6.6717,1.5500249789435128,81.13636363636364,3.2606955249691607,65.03223495702005,4.692148139453308,66.9090909090909,4.317720015364386,18.954545454545453,10.716113807599315,0,0,0.1331923890063425,1,0.0,44,44,,0.33219180687815464,62.18181818181818,9.98667187915911,0.4974359558621713,9.312904725278703,2.2648479535741393,1.5107786146389945,-1.8053808058102987,0.6141339059186532,0.021227333863311305,0.004122617851829506,66.65607496768634,4.3186745750215385,91.74315030554534,46.49290008433592,0.6678081931218454,337,SPECTF
347,1000,2,2.881844380403458,0.347,0.6707855704141207,0.17579250720461095,0.8242074927953891,0,1.0,,0.0,0.1255012652534126,0.10320686524943798,481436.7241967315,5346209.410183029,14720466.898982884,190583741.653128,0.5,0.45849863333421675,3399.8928437038467,8289.578412745477,67897.12819822023,3027.2754117674244,7730.392077964822,1871.96685,4204.807686054772,20.11093688999833,45.49700832074726,inf,1319.26729536,3042.4918441703053,14467.519600000001,24082.822224620573,3814.8569184438043,8849.289507581232,3490.0549,8493.11381597392,859.4759000000001,2847.7154558323723,0,0,0.005909909909909909,1,11.0,1000,998,,1.0,13608.043699999998,22220.000604632085,inf,1795.373517873135,3392.4341467068266,,2.608421214185337,2.902107767001834,3.958778923127939e-05,6.799097383541687e-05,3544.4069626794258,8539.099027351498,14720466.898982886,86651505.62282583,0.0,1133,AP_Endometrium_Colon
344,6,3,0.01744186046511628,57.333333333333336,1.5136112729058497,0.19767441860465115,0.4418604651162791,0,0.9056040877982379,0.08776583605480327,0.0,0.45168047883364526,0.21128939903449767,911.4971749045133,2541.0478472426507,106624.25108294062,261140.6609147011,0.3333333333333333,0.12433344908794915,731.3940480459809,1665.388333059742,32.27547383926817,719.4478775471943,1636.6060874704078,206.22083333333333,486.92166064385214,-1.040546463088468,0.3975022806592206,17.18371445966615,152.75722,361.00694020617607,1102.6833333333334,2547.623214226677,744.0046027131783,1695.2080304789554,718.4583333333334,1633.7987533404064,486.2,1086.5029571980006,0,0,0.4666666666666667,2,0.0,6,0,,1.6479403696521553,616.4833333333333,1461.7801208344113,14.716705566740599,137.06089757265713,324.66332365609435,,0.21821271627760064,0.30048178164834494,0.11643940803732382,0.16654538295659826,728.7115384615385,1658.3633985636668,106624.25108294065,261061.87206304315,0.01835200534745508,42585,penguins
337,1000,2,2.9673590504451037,0.337,0.7753638463988378,0.228486646884273,0.771513353115727,0,0.9999999999999994,,0.0,0.13636385709274082,0.11285403600580762,520511.2708051205,3954808.475570746,14869641.728879299,152705010.1341402,0.5,0.38397786634165637,2868.1644925516293,7096.873163979345,85520.31165262118,2431.379168056099,6416.584389939673,1823.7062,3857.2620082153585,24.153661062682975,47.84223085943514,900719925474098.2,1239.62899158,2615.094886570616,14989.5927,23839.80471461433,3347.1085839762613,7666.1054953342955,2961.2944,7330.0682440063565,347.1835,726.7243209749116,0,0,0.010094094094094093,1,5.0,1000,997,,0.9999999999999989,14642.409200000002,23398.891836246,900719925474098.2,1865.391086283804,3376.58987489975,,3.0808325492504753,2.9724953511297505,4.5815623837651886e-05,0.00010212981617192561,3029.8176103448272,7377.589900780753,14869641.728879303,86066307.98935778,1.1102230246251546e-15,1147,AP_Omentum_Kidney
336,7,2,0.020833333333333332,48.0,0.9839667997043,0.4255952380952381,0.5744047619047619,0,0.8818474126314496,,0.0,0.18400046669721373,0.19036021628066044,0.005298356051375776,0.008445977610715973,0.02482650040613259,0.031651330411024636,0.5,0.10522422339085527,0.27418359042625007,0.2569806927273146,0.4773443412997459,0.2613619698658967,0.24736162560050667,0.19749999999999998,0.1614323903888766,50.86592215732834,123.12242680368827,3.4975122741319984,0.130257,0.10376939209130984,0.9657142857142859,0.05533448076836686,0.49956632653061234,0.00189168511112678,0.4757142857142857,0.02620886800120833,0.16714285714285718,0.22779481159691986,2,0,0.047619047619047616,1,0.0,7,4,,0.7776548591647822,0.7985714285714286,0.20391408087955176,3.4975122741319984,0.14372869668428684,0.06973752587259142,,3.5733729485778545,6.731407139349201,0.15044654082495054,0.2377771314887205,0.4885219236209335,0.01194965929343662,0.0248265004061326,0.018158609349829047,0.22234514083521784,1011,ecoli
329,1000,2,3.0395136778115504,0.329,0.7409595217411955,0.20972644376899696,0.790273556231003,0,1.0,,0.0,0.15789422382775914,0.12833108825599263,586557.6513756312,4223521.072126323,14172624.273368543,153195474.268689,0.5,0.4105088000201537,3050.1054352363803,7978.268645052245,122880.3838034121,2629.1892323402744,7400.874653554902,1837.3644,3961.629427911795,17.35963003755136,38.022837475696186,inf,1284.0813426000002,2855.5380978719513,14068.0575,23646.82397516877,3523.876645896657,8494.98746502146,3168.1213000000002,8292.302322523246,438.6667,1259.9480920243127,0,0,0.019475475475475474,1,14.0,1000,992,,1.0,13629.390800000001,22809.867471794663,inf,1832.4522965223402,3290.2231569851456,,2.5414795511866624,2.5607261225910953,4.244079603795725e-05,8.62266136256045e-05,3219.7349638190954,8306.82019590249,14172624.273368537,72709758.10232498,0.0,1144,AP_Prostate_Kidney
327,37,2,0.11314984709480122,8.837837837837839,0.5531453183497611,0.12844036697247707,0.8715596330275229,0,0.49673584698471485,,0.0,0.5297075107427932,0.34149721632820784,2795222.7475838503,56366253.20439071,697131430.7342652,4240333734.917306,0.5,0.5254646722578932,318.8639391949125,1654.9773428579217,42662.64807135508,89.5977839953547,406.8100369765542,866.3937837837836,4706.330186714308,22.110764538020568,22.106307502690967,0.32757431891099487,345.35844681081085,1833.1139845993368,60873.54432432433,346717.27864143875,1462.387446069923,8082.012062963842,299.532972972973,1552.007453294791,7.032432432432432,20.906362987458227,0,0,0.5645645645645646,1,0.0,37,34,,0.24674650167962203,60866.5118918919,346697.46324341174,0.32757431891099487,4655.669055917608,26348.033094370403,,3.5416377356283895,1.9330829609490208,0.018793773506390325,0.0185137023446261,397.4580820414323,2083.485860317338,697131430.7342658,4226436191.941415,0.7532534983203779,1447,CastMetal1
324,1000,2,3.0864197530864197,0.324,0.9640787648053437,0.3888888888888889,0.6111111111111112,0,1.0,,0.0,0.10166103066675308,0.08620381017061929,587634.9946023939,7194922.700304709,36077465.666071825,586594498.490678,0.5,0.15713484026367727,3057.5281173277203,7123.2576648962695,94784.73103066672,2536.700008776579,6290.060927116546,2011.5081500000001,4625.00848573145,23.771400595578392,43.661181119289076,inf,1374.14225025,3043.293759104989,19127.817,78492.0472771166,3612.5502737654324,7903.2196160827525,3148.1601499999997,7297.606350438508,294.2253,760.2127066349518,0,0,0.0026686686686686685,1,0.0,1000,1000,,1.0,18833.5917,78325.16674228843,inf,2195.900866331405,5593.457948634274,,3.1294415858038147,2.8153111079422644,4.402268235231319e-05,9.284124499289006e-05,3234.3116622448983,7406.52332823565,36077465.66607181,540352645.7293893,0.0,1140,AP_Ovary_Lung
323,4,2,0.01238390092879257,80.75,0.9949536900354912,0.4582043343653251,0.541795665634675,0,0.7978154520188914,,0.0,0.2557548584256169,0.3288968030473431,109.21309927168902,119.38042149827915,700.3418387438065,634.4453862922154,0.5,0.059107997188968385,,,41.92774415731764,,,31.60886875,11.87575220885205,-0.6330379385014264,0.33629205279436575,1.7511035021969188,23.252941985699998,8.616677305566675,67.018216,45.40163058369381,20.309022187306503,40.4001483575004,23.07650775,46.28622389642067,-29.668655,29.848426238668296,0,0,0.16666666666666666,1,1.0,4,1,,0.6365094954801079,96.686871,26.530454637514186,1.7511035021969188,24.762093042673044,10.781501867539008,1.105198841333583,-0.14894702491582693,0.3083036241312733,0.03510004949030839,0.07006350599097486,21.936746064102564,43.700636800869134,700.3418387438071,554.3512669661827,0.3634905045198921,925,visualizing_galaxy
322,1000,2,3.1055900621118013,0.322,0.9615598803982681,0.38509316770186336,0.6149068322981367,0,1.0,,0.0,0.09640690124914425,0.08217342137713633,534607.662863564,6963440.219116591,33127133.625568125,581781726.3306066,0.5,0.16250280064535566,3381.312954937411,8457.219209369305,39308.10896082342,2867.5424713220523,7505.712050640809,1958.0129249999998,4154.20778658747,23.870599818153714,41.619593779057524,inf,1377.2161248300001,3012.820388792539,18817.2611,78274.35052314927,3850.2798018633544,9088.104316286888,3451.578,8620.619565967527,337.15619999999996,831.9815373673143,0,0,0.0023283283283283282,1,1.0,1000,999,,1.0,18480.104900000002,78076.06729640499,inf,2115.8893960668443,5355.261386122409,,3.1101944198302376,2.7914516262143447,4.3321540681719104e-05,0.00011005792986595985,3521.466519072165,8693.539735931927,33127133.62556813,538233006.3549552,0.0,1162,AP_Ovary_Uterus
321,1000,2,3.115264797507788,0.321,0.7015366242573173,0.19003115264797507,0.8099688473520249,0,0.9999999999999981,,0.0,0.1411688745934712,0.11588728607328157,512642.68820639834,4799193.346532352,15639185.710339172,185206763.49042237,0.5,0.4383621478383893,3113.8969833945034,8641.35292892588,80308.4538066347,2648.1819072952912,7859.642527810242,1887.7065,4299.920950406821,21.094229261588254,42.03193142614961,264917625139439.94,1282.1701229399998,3047.980869932191,14865.8193,25924.728890366365,3584.454248286605,9241.911556096396,3199.5334,8840.313933690966,434.17159999999996,1575.893041126367,0,0,0.01144144144144144,1,7.0,1000,993,,0.9999999999999962,14431.6477,24801.099467897613,264917625139439.94,1869.8448750282778,3486.405150659373,,2.8639084910082007,2.810779769127927,4.561049522790413e-05,0.0001060140969256986,3280.126571502591,8961.67497999207,15639185.710339172,104912020.52219535,3.774758283725525e-15,1157,AP_Endometrium_Kidney
320,8,2,0.025,40.0,0.9193339803437699,0.334375,0.665625,0,0.31949820296572173,,0.0,0.24645550181662598,0.2271512399275372,0.19508123880429912,0.25649469626631954,0.9286270572100309,1.620115612492106,0.5,0.2342291212680439,0.5731885894098104,0.7934121538441896,0.4688365602523101,0.5131361200303166,0.7091123134437868,0.625,0.5175491695067657,39.80252985864805,61.798888415130094,0.11368384664105458,0.37065,0.6863104399613924,5.875,7.140178069008003,0.8875,0.8061548255010147,0.625,0.7440238091428449,0.375,0.5175491695067657,1,0,0.21428571428571427,1,0.0,8,7,,0.10207910169832551,5.5,6.8660656232559525,0.11368384664105458,0.7787423846960704,0.6068064935031682,,4.253842032467083,4.521296482824267,0.2601880877742947,0.13427275573006486,0.6848958333333333,0.671993229723076,0.9286270572100312,1.346403303107135,0.8979208983016744,1167,pc1_req
315,13,2,0.04126984126984127,24.23076923076923,0.9824740868357557,0.4222222222222222,0.5777777777777777,0,0.2552743978797608,,0.0,0.1549142560880994,0.1677865080642879,8908.270461769114,34378.51899136344,233458.56531387515,615168.5301465598,0.5,0.10999438818457402,347.5863461352475,641.957890430204,141.54792256803017,297.2242653440038,553.2306195373303,262.90797692307694,499.75373150987093,22.36855543426047,59.23409114470266,0.06970750932779426,179.40101395569224,337.4678596086552,2010.3848715384615,3358.5288764010425,416.85635473992664,738.4329317518609,360.16425000000004,639.6272314062927,59.97931846153846,129.2275975985977,1,0,0.038461538461538464,1,0.0,13,10,,0.06516501821287443,1950.405553076923,3267.765765460382,0.06970750932779426,240.95513624055351,435.90800245304325,1.0732290356543162,2.4622235872546048,3.6281998074704633,0.09168799823844546,0.17292584503785843,374.3088157387058,664.1385299936737,233458.5653138751,601858.1085705425,0.9348349817871255,915,plasma_retinol
310,6,3,0.01935483870967742,51.666666666666664,1.4918603462751816,0.1935483870967742,0.4838709677419355,0,0.605257052842004,0.21435278968991664,0.0,0.4051625773651613,0.2636455427732901,141.22605644275038,130.49733619734462,418.2883791993049,677.6620434309483,0.3333333333333333,0.14545966944589983,,,65.3379662614284,,,22.948599583333333,10.13698102858761,6.979498513204853,14.829162915780518,1.599935227657515,15.649056617949995,5.3156419941043165,168.00866333333335,128.26978185791685,52.85693083387096,35.61773400681486,49.50869141666667,38.43436707444375,17.664050000000003,29.19963913227481,0,0,0.4666666666666667,2,0.0,6,6,,0.7786193184778266,150.34461333333334,138.29845279136003,1.3407563494448103,18.34973671679292,9.893970383441825,,1.1108583154613976,1.5872065854332909,0.00011772058697625047,0.00018241715972772764,50.779468989247306,37.28523439184516,418.28837919930487,494.15740849551906,0.3392785159406682,1523,vertebra-column
310,8,2,0.025806451612903226,38.75,0.9969954265528842,0.46774193548387094,0.532258064516129,0,0.8851849900759239,,0.0,0.7236736716369038,0.36195662107228044,1116.4183619079845,3270.3318257967317,4343.728481997556,11760.936331808045,0.5,0.04561979233461597,136.3846419754431,194.96136555016218,274.24936487835805,127.16738595763789,189.1243225014278,72.870496875,96.44538327783025,-0.9463214275982246,0.6481625013847964,3.6200572699961255,52.1497692975,68.041884651435,225.6863,308.29537221177543,145.2733178629032,201.13309772815742,150.629675,211.2299793578469,76.2938125,127.77030012282016,0,0,0.75,1,0.0,8,1,,0.7835524666557134,149.3924875,201.77487349013813,3.6200572699961255,41.2680604901503,54.935553570954916,,0.048343203469435395,0.3393920741589007,0.017988364445269477,0.03689136441760394,144.9437609543011,200.3218801551707,4343.728481997556,6770.795823330147,0.21644753334428654,818,diggle_table_a2
306,3,2,0.00980392156862745,102.0,0.8337649072077796,0.2647058823529412,0.7352941176470589,0,0.29967314791798133,,0.0,0.05215667405086682,0.04393151979292885,2.712646880245724,2.4382094084107133,59.654776956319864,53.84051939914984,0.5,0.3327561323230812,17.108594528312533,29.632954969132193,4.952725538592967,16.724474740469855,28.967639980396097,8.833333333333334,6.911644763247987,3.2261077607445103,7.105832657861423,0.09866445814668329,5.9304,5.34559032100291,48.666666666666664,36.11555528208494,20.44553376906318,27.72627219018836,19.333333333333332,28.36077102854105,10.0,17.320508075688775,0,0,0.0,1,0.0,3,1,,0.08980399558307232,38.666666666666664,23.96525262402492,0.09866445814668329,7.080836839591895,3.778199294782793,,1.0592299228521167,1.6418103235989852,0.04220313191379143,0.03354783583557455,19.509057971014492,28.34635603878175,59.65477695631987,53.52416687479578,0.9101960044169277,43,haberman
303,13,2,0.0429042904290429,23.307692307692307,0.9950837594900879,0.45874587458745875,0.5412541254125413,0,0.7314647734753847,,0.0,0.15605729903440402,0.12184544510229897,5.938468361609467,19.86028382846871,277.0428797439092,743.4067468171091,0.5,0.058342143662256395,44.117888359797796,78.9601122427974,22.182221662469498,43.43053543585625,77.59904025924695,10.776923076923076,18.768242407772846,0.029494914050979926,1.7745621492385089,1.150725949361312,7.618283076923077,13.837980148624403,81.86153846153846,162.73275401949428,45.37446052297538,79.99450944589262,45.06153846153846,79.12889841330133,24.615384615384617,43.50965115453977,3,0,0.01282051282051282,1,0.0,13,7,,0.535040714835396,57.24615384615385,122.47919969927287,1.150725949361312,8.323623121576478,15.002450667475038,1.057701076114213,0.42323268762314825,0.8575580971067785,0.23493335081119227,0.20005376968572813,45.09293820933165,79.2682371511237,277.04287974390917,739.6845801077485,0.464959285164604,786,cleveland
303,13,2,0.0429042904290429,23.307692307692307,0.9942646092590195,0.45544554455445546,0.5445544554455446,0,0.6908285494593694,,0.0,0.12801460427087932,0.10662870648551438,5.703283083020477,19.656396964792723,277.39591250006305,744.8604751300115,0.5,0.06300951515523692,44.07583845321336,78.86560330137364,22.328559767881075,43.38755433564541,77.50352102796343,10.623076923076923,18.737802870407627,0.27792907412701956,1.6364447816807273,0.9129386599445757,7.618283076923077,13.917176342696928,82.01538461538462,162.65188720164426,45.531607006854536,79.78371144059128,45.138461538461534,78.77255802267625,24.615384615384617,43.50965115453977,3,0,0.01282051282051282,1,0.0,13,8,,0.47724408474813645,57.400000000000006,122.40525587844121,0.9129386599445757,8.276382341393683,15.043454562003282,1.0671860588765432,0.280366661670933,0.9325502829312027,0.2246744800698239,0.19808896690554906,45.26401849516603,79.04953386501616,277.395912500063,741.2393710088074,0.5227559152518635,40710,cleve
303,13,2,0.0429042904290429,23.307692307692307,0.9933820990833274,0.4521452145214521,0.5478547854785478,0,0.31491112362143014,,0.0,0.1933565745940509,0.14171315390075698,3.003411854175738,10.674042693029675,70.93981126080007,165.82278522520457,0.5,0.06767688664821742,25.532093449138536,52.6521018616815,5.8955054746300215,25.22315612758041,52.02917312755264,6.007692307692308,9.897850064404686,-0.3185364240241588,1.2108520016654682,0.11008615102913581,3.968806153846153,7.051877413603577,38.784615384615385,74.8694624680611,26.470170093932474,52.906442181513846,26.523076923076925,53.4692147228377,14.923076923076923,31.38859012035408,3,0,0.05128205128205128,1,0.0,13,6,,0.09916901578051165,23.861538461538462,44.14615004847608,0.11008615102913581,4.435286055832868,7.452542268853345,1.0285636014674342,0.417367551226408,0.8526102594908506,0.2498611600183671,0.18821857055585303,26.48554014291719,53.17419747758662,70.93981126080006,160.98994249774393,0.9008309842194884,798,cholesterol
296,37,2,0.125,8.0,0.5529740500515515,0.12837837837837837,0.8716216216216216,0,0.514030509238674,,0.0,0.5168224331626317,0.33636842028326086,2103626.7255395753,42870820.71187563,531265739.90821713,3231447837.56626,0.5,0.5255523373683799,285.46348181847924,1475.138888455062,39212.05267853406,88.06237551008722,401.1494680796547,657.6006081081082,3527.9277272776217,28.92611647404898,35.00607867658328,0.3591155088593607,303.98749556756746,1607.5211283921747,60863.553513513514,346719.0732807112,1214.3014828341857,6691.466983413708,265.3197297297297,1364.3474130085992,7.032432432432432,20.906362987458227,0,0,0.5480480480480481,1,0.0,37,34,,0.2642273644281705,60856.52108108109,346699.25785579346,0.3591155088593607,4061.626577901336,23001.479656297484,2.603152839444962,3.7748003065654716,2.3807812008879288,0.020884055839553172,0.019737708146147837,344.7808791375645,1796.1776132676873,531265739.90821725,3220899087.1892204,0.7357726355718295,1446,CostaMadre1
296,13,2,0.04391891891891892,22.76923076923077,0.9960115235456433,0.46283783783783783,0.5371621621621622,0,0.7315829869884491,,0.0,0.1561499896751339,0.12343789810603281,5.961879823108637,20.15108008339934,280.32595405053047,752.1114399782857,0.5,0.05255523373683801,44.50881631402547,78.88466669397255,22.412505160933204,43.78421764655109,77.52046811655563,10.911538461538461,19.112214177567985,0.030271629644969912,1.7859974203301658,1.151526257720871,7.618283076923078,13.837980148624402,82.01538461538462,162.65188720164426,45.586590436590456,80.0465272469163,45.36923076923077,79.45169795348811,24.76923076923077,43.41688198184712,3,0,0.01282051282051282,1,0.0,13,7,,0.5352136668509414,57.24615384615385,122.47919969927285,1.151526257720871,8.369718230249614,15.092931624764644,1.0560843741352777,0.42335488345247196,0.8629837879456945,0.23487343621093137,0.20006943647979653,45.31443388072602,79.3483020863436,280.32595405053024,748.3303851264128,0.4647863331490586,44149,Heart_disease_prediction_20
294,10,2,0.034013605442176874,29.4,0.8631205685637456,0.2857142857142857,0.7142857142857143,0,0.9999999999999994,,0.0,0.22031005779555418,0.27291305203686117,0.2615020934426103,0.7771696041600382,1.4775674857792953,3.6588126857047203,0.5,0.30304576336566325,2.9850291170650096,4.536204096472099,1.5346806490095728,2.900138309206426,4.428982148476537,0.92675,1.2685468775554003,1.048752994054098,2.376378123316925,900719925474098.2,0.6123138,1.0261298704863824,6.475,8.143206098064544,3.2264013605442172,4.531752508532103,3.157,4.517354314197636,1.525,2.2062096707047387,3,0,0.13333333333333333,1,0.0,10,8,,0.9999999999999989,4.95,6.048186137641232,900719925474098.2,0.8918515895323573,0.8706116802620905,,0.8995234736545775,1.0509697518861574,0.275730944254835,0.19307791423397305,3.1379606741573034,4.4926988040336635,1.4775674857792946,2.607176913902216,1.1102230246251546e-15,1121,badges2
286,9,2,0.03146853146853147,31.77777777777778,0.8778446951717653,0.2972027972027972,0.7027972027972028,0,0.39480906201905624,,0.0,0.13171889224941025,0.1663180595948473,0.12484664458348667,0.18057610122954412,1.4097779413568887,1.7597350865173949,0.5,0.28679855460713116,0.0,0.0,1.5096518607044642,0.0,0.0,1.0,0.7071067811865476,-0.6289361519825315,0.906984465962495,0.18465754110656524,0.6589333333333333,0.7813988098276065,3.5555555555555554,3.0459444804161775,1.4005439005439007,1.2668374426848519,1.3333333333333333,1.5,0.0,0.0,3,0,0.05555555555555555,1,0.0,9,6,,0.155874195452367,3.5555555555555554,3.0459444804161775,0.18465754110656524,1.0260760078012163,0.633690944797271,1.0266810761304948,0.5769190171483695,0.6572443101723625,0.3050255267799127,0.16562175231520668,1.2332041343669249,1.320108181491462,1.409777941356889,1.6343407814201523,0.844125804547633,13,breast-cancer
286,9,2,0.03146853146853147,31.77777777777778,0.9812579903537847,0.4195804195804196,0.5804195804195804,0,0.32497438790706434,,0.0,0.15120819154136417,0.16829873852912397,0.4444897694897696,1.006405543964477,13.986611049768952,31.777714296028474,0.5,0.11373046130972442,5.553000646781652,16.659001940344957,2.264656099569768,5.442329225655179,16.326987676965537,3.0,4.663689526544408,-0.7793869916472252,0.659554325108908,0.118078420259925,1.4826,3.397063362670764,11.444444444444445,24.0161982373934,6.696969696969698,16.62957675344384,6.222222222222222,16.813519692332253,3.2222222222222223,9.666666666666666,4,0,0.05555555555555555,1,0.0,9,3,,0.10560835279557113,8.222222222222221,14.720544977834361,0.118078420259925,2.1352928935061684,3.2566128450124183,1.0311725358571067,0.5384358757486508,0.6732363413126646,0.3248559670781892,0.19503625378503853,6.42312661498708,16.687384421328307,13.986611049768944,31.609848614677205,0.8943916472044289,844,breastTumor
285,7,2,0.02456140350877193,40.714285714285715,0.9785707523198712,0.41403508771929826,0.5859649122807018,0,0.38257288480891,,0.0,0.1107335793095234,0.141416371248776,1.3397058867342773,1.9323336294471065,156.47014240562848,291.8402130585024,0.5,0.12157274483558189,11.288733591068112,27.43138272153052,5.585159839105329,10.756871937206332,26.25109927937085,12.405714285714286,18.618937175209417,-1.3704930851956068,0.455514094944851,0.17145677006089582,8.167008000000001,13.53724335136397,30.08285714285714,46.32970311232515,18.839017654135343,30.369461125196057,19.554285714285715,31.877326768484867,4.478571428571429,10.977395605776184,1,0,0.047619047619047616,1,0.0,7,0,,0.14636201219101153,25.604285714285712,39.8018357437371,0.17145677006089582,7.222975421368524,11.030951751590784,,-0.06427140587174304,0.37795309810200367,0.18888974874890366,0.19517244074854104,19.249047593984965,31.30735900512716,156.47014240562845,291.7760331486375,0.8536379878089885,961,analcatdata_broadwaymult
284,10,2,0.035211267605633804,28.4,0.9999999999971146,0.5,0.5,0,0.8866359596015013,,0.0,0.515016172814859,0.323980343738691,563722.8786094661,2857850.0444481103,4097743.859024287,12534010.0641053,0.5,0.0,334.9371927357543,664.0993006418665,2021.3215039539743,244.521951784721,493.20251475109524,368.0,726.9381087058848,42.851545536367674,44.52197032548641,3.675591666731716,221.20392,440.43108436265493,11546.8,22395.58474739558,538.5440140845071,1044.5896116430347,302.95,597.2759203249366,59.0,114.0282616040622,0,0,0.5333333333333333,1,0.0,10,8,,0.7861233248584751,11487.8,22285.173879609833,3.675591666731716,980.6944656834725,1866.6613761836027,,4.5260797449615415,4.078325595353508,0.02566081750896726,0.037843488096942206,338.5488372093023,666.0605950020391,4097743.859024287,8606129.313842146,0.21387667514152484,880,mu284
281,97,2,0.34519572953736655,2.8969072164948453,0.936116961128916,0.35231316725978645,0.6476868327402135,0,0.8994684313692303,,0.0,0.12573986934912756,0.10435832154425997,0.0712534540602938,0.8966943238839968,6.208184261972021,34.00121917117568,0.5,0.20886072184513685,2.4147688702086216,11.617282932217934,18.865760881032635,2.344717738566237,11.328105522026833,1.136082474226804,3.5361874940572857,5.592269907577578,16.866187900293752,4.236793643827998,0.5196742268041237,2.5414199302620144,4.693814432989691,17.61698880835029,2.7184833253843053,11.832559960566439,2.58659793814433,11.782062892963426,1.0041237113402062,4.751050706724715,87,0,0.00902061855670103,1,0.0,97,56,,0.8090434590298237,3.6896907216494843,13.031640058399546,4.236793643827998,0.8620515321285485,2.3498891541652727,,1.7155566365268307,2.1315905524130696,0.4626097995662649,0.11487386713434301,2.6475934850240956,11.86126615107411,6.208184261972022,32.82702077811205,0.1909565409701763,41430,DiabeticMellitus
275,1000,2,3.6363636363636362,0.275,0.8554508105572454,0.28,0.72,0,1.0,,0.0,0.1022385992023046,0.08560205010606195,486798.02797539457,9632178.601127228,37534555.01694313,702737261.002639,0.5,0.31112698372208086,3055.516981383496,7994.351964419637,41341.361899611045,2580.213147075191,7192.168579999025,1900.6457999999998,4292.507626024308,21.38899771977588,42.16018064311893,inf,1316.57904504,3012.7429132523985,17655.430599999996,79529.69680451273,3531.0680636363636,8686.251765926909,3128.4433,8161.220394799273,353.1818,1078.8422659608693,0,0,0.00239039039039039,1,1.0,1000,1000,,1.0,17302.2488,79203.84433980349,inf,2049.663471917847,5776.400390407428,,2.9120163916266253,2.8278420327148472,3.9681874902894546e-05,7.502104813629066e-05,3200.808258787879,8239.323490490497,37534555.016943105,633106631.4775966,0.0,1156,AP_Omentum_Ovary
270,13,2,0.04814814814814815,20.76923076923077,0.9910760598353369,0.4444444444444444,0.5555555555555556,0,0.7384089317721091,,0.0,0.1575256396387435,0.120688460083113,6.945217858693693,23.638082928995196,278.38014557451373,742.7174537124813,0.5,0.07856742013183865,44.998661777784555,79.17267404290226,24.137723968119097,44.258075552895335,77.85016388827115,11.2,19.45901676173114,0.06803056493599358,1.8737065383303537,1.198999567666348,7.73232923076923,14.15952162426781,82.4,162.4527008085738,46.03603988603989,80.32965555950523,45.79230769230769,79.72856516057531,25.0,43.282020901678486,3,0,0.01282051282051282,1,0.0,13,7,,0.5452477505208273,57.400000000000006,122.40525587844121,1.198999567666348,8.439216804342829,14.980756959484019,1.059735639175358,0.42223077005134496,0.863717988805393,0.23480930043688855,0.19991442921684124,45.7863722697056,79.70482722415079,278.38014557451356,737.4492574676768,0.4547522494791727,46590,heart-statlog-uci
267,1000,2,3.745318352059925,0.267,0.8243633538065549,0.25842696629213485,0.7415730337078652,0,1.0,,0.0,0.11560635090983659,0.099434427941952,643884.0159086848,8690432.877137793,38049272.79065382,703736395.4969866,0.5,0.3416358605732758,3223.39388805736,7790.134865992204,83898.95786479683,2697.4624283999988,6881.761110982734,2019.6099500000003,3931.7765090294047,21.16518423758355,41.73987024762017,inf,1369.65449418,2734.167103018928,19086.0975,79327.02010532864,3747.0876250936335,8443.996878934815,3277.5129,7949.329410662437,336.1565,796.7433062497631,0,0,0.005805805805805806,1,5.0,1000,998,,1.0,18749.941,79121.30729024197,inf,2237.07552245252,5751.3340836051975,,2.924684328019299,2.7959888112811995,4.2928723234197065e-05,0.00011186301187540044,3363.956901242236,8006.313110054392,38049272.79065381,647539076.2938993,0.0,1152,AP_Prostate_Ovary
267,22,2,0.08239700374531835,12.136363636363637,0.7337524087960748,0.20599250936329588,0.7940074906367042,0,0.530374224706951,,0.0,0.19736115500576623,0.1566995375225899,0.040694725285415484,0.03464219847961306,0.20628563236487524,0.2534596196471054,0.5,0.41578938069770777,0.0,0.0,1.2059343702575682,0.0,0.0,0.6818181818181818,0.4767312946227962,-0.9228846937428966,1.282328183701043,0.39139498108537624,0.0,0.0,1.0,0.0,0.3115423901940756,0.09694265627839938,0.0,0.0,0.0,0.0,22,0,0.05627705627705628,1,0.0,22,7,,0.2812968182334993,1.0,0.0,0.39139498108537624,0.45197724539526035,0.04579896246242976,,0.8842839014477945,0.5592758333899578,0.49812030075187985,1.7045242408169924e-16,0.19847543760587236,0.1425478857857595,0.2062856323648754,0.03899917323710801,0.7187031817665007,336,SPECT
265,10,8,0.03773584905660377,26.5,2.9669705412522855,0.1018867924528302,0.17735849056603772,0,0.5123238956045638,0.3003984647735778,0.0,0.2891640916299908,0.2423915229326285,27.11627162158127,46.42640651766549,163.2913184775185,334.22678721069525,0.125,0.029537278072143035,13.331606823122346,13.001581281074362,21.89587463588237,11.227299023136002,11.740108569586232,10.8835586901,9.063131038110484,30.640891662413043,79.95462488510984,8.545892297253701,6.78804125033958,4.670045360300079,67.916378025,54.07832833392897,15.887071933206418,14.673019616229668,13.1844564004,12.00232045397832,3.3871524983,3.321522449083084,1,0,0.2,7,0.0,10,10,,2.378765843881986,64.5292255267,51.08850495304061,5.124959800770156,9.81733010630502,8.622409308911,,3.2302038323750693,4.53619683524887,0.05958685542646386,0.15496204058933255,13.869052680899369,12.732567612343388,163.29131847751847,288.5818626885302,0.018469820357353152,42544,Touch2
264,2,2,0.007575757575757576,132.0,0.9598409038343677,0.38257575757575757,0.6174242424242424,0,0.5730259891051278,,0.0,0.0,,0.0,,26.182509505703422,20.11086967024858,0.5,0.1660629561877498,994.7449421632288,1406.7817883092782,7.379268687059982,994.7398843112811,1406.7746354264573,8.25,3.8890872965260113,-1.2244043791328645,0.008290784674603584,0.488890164064552,6.30105,2.620891284467938,1005.5,1406.4353877800431,997.5,1402.8998538741102,997.5,1402.8998538741102,989.5,1399.3643199681776,0,0,0.0,1,0.0,2,0,,0.32835878418991005,16.0,7.0710678118654755,0.488890164064552,4.907473926353031,2.049004230287769,,0.0,0.0,0.060836501901140684,0.026886189398728045,997.5,1402.8998538741102,26.182509505703422,20.11086967024858,0.67164121581009,811,rmftsa_ctoarrivals
259,1000,2,3.861003861003861,0.259,0.7875125797025921,0.23552123552123552,0.7644787644787645,0,0.9999999999999996,,0.0,0.09745236716474852,0.08284383248732693,455107.7385662704,5483737.836398831,34267744.23212705,685617680.6899508,0.5,0.37402945568554835,2907.0468798799275,6592.520895352819,38397.51262544776,2386.3091027992996,5714.514979205378,1795.8602999999998,3356.7213880751365,23.927239275639845,44.98760134741567,1125899906842623.0,1231.94141406,2324.05483161961,17910.707300000002,77079.12918750431,3388.285761776062,7146.271990531823,2958.7212000000004,6671.499242237065,296.6205,544.602079646144,0,0,0.00233033033033033,1,2.0,1000,1000,,0.9999999999999991,17614.086799999997,76983.38863246814,1125899906842623.0,2075.0625582777398,5476.481668263278,,3.1242544967706865,2.995255298800968,4.6450434049575535e-05,0.00013465310226133922,3037.5243694267515,6770.967731573341,34267744.23212706,663169028.653764,8.881784197001244e-16,1159,AP_Endometrium_Ovary
253,1000,2,3.952569169960474,0.253,0.942420401863794,0.35968379446640314,0.6403162055335968,0,0.9999999999999992,,0.0,0.34237397041306333,0.25823002238437015,0.011079792736945756,0.009086746978227388,0.03284412735864335,0.45323814136973345,0.5,0.19843708088634335,0.0,0.0,3.1852853551019633,0.0,0.0,0.23789085,0.060279684212662214,1.4884855598311741,8.888760999104916,643371375338641.2,0.1739246036388,0.04551337603725536,1.0,0.0,0.3959804963873518,0.10930760747006744,0.38254262899999997,0.12464562024581459,0.0,0.0,1,0,0.2667187187187187,1,194.0,1000,808,,0.9999999999999984,1.0,0.0,643371375338641.2,0.1791117504553955,0.02763823582515745,,0.5440555626876512,0.9349350622536681,0.001166299106329791,0.016128720666926905,0.3847787924575164,0.12009009775942985,0.032844127358643345,0.009705686762645958,1.554312234475215e-15,45098,Ovarian
253,37,2,0.14624505928853754,6.837837837837838,0.48994057839005695,0.1067193675889328,0.8932806324110671,0,0.521175372103299,,0.0,0.4339487043702239,0.3196655273006377,56705.67000201273,890666.6996677511,10047191.271350315,61104479.62811349,0.5,0.556182804174399,133.0930588400858,644.9025736453048,9661.80206364076,54.902430071131334,232.49669837194358,334.82891891891893,1759.5099335970165,7.789177704496756,13.442846544026791,0.3729168481003197,139.78834345945947,702.1266359352297,5201.062702702703,28967.552781267626,344.99951714560405,1806.796169399825,124.78054054054054,595.5196064873187,5.690810810810811,15.691659210190895,1,0,0.45945945945945943,1,0.0,37,36,,0.2716237684870122,5195.371891891892,28952.966305440565,0.3729168481003197,576.1685639705775,3159.919035170435,,2.1019229311122345,1.5697391558771607,0.04239455313711973,0.08677022395221076,169.07908143437558,834.2773043344138,10047191.271350306,60863214.6877274,0.7283762315129878,1442,MegaWatt1
253,37,2,0.14624505928853754,6.837837837837838,0.48994057839005695,0.1067193675889328,0.8932806324110671,0,0.521175372103299,,0.0,0.4339487043702239,0.3196655273006377,56705.67000201273,890666.6996677511,10047191.271350315,61104479.62811349,0.5,0.556182804174399,133.0930588400858,644.9025736453048,9661.80206364076,54.902430071131334,232.49669837194358,334.82891891891893,1759.5099335970165,7.789177704496756,13.442846544026791,0.3729168481003197,139.78834345945947,702.1266359352297,5201.062702702703,28967.552781267626,344.99951714560405,1806.796169399825,124.78054054054054,595.5196064873187,5.690810810810811,15.691659210190895,1,0,0.45945945945945943,1,0.0,37,36,,0.2716237684870122,5195.371891891892,28952.966305440565,0.3729168481003197,576.1685639705775,3159.919035170435,,2.1019229311122345,1.5697391558771607,0.04239455313711973,0.08677022395221076,169.07908143437558,834.2773043344138,10047191.271350306,60863214.6877274,0.7283762315129878,1449,MeanWhile1
252,14,2,0.05555555555555555,18.0,0.9998182469574577,0.49206349206349204,0.5079365079365079,0,0.8321176188744445,,0.0,0.5240776681119774,0.25890402338814317,20.680348996668133,45.48111962652145,95.06186093165772,293.1551322138849,0.5,0.01122391716169123,58.60873211411348,45.998581392549106,36.00232189428084,58.18122413080889,45.57040009555647,8.316357142857143,10.062241664965905,6.548216711758984,15.140517418693639,2.2511838465324434,6.072205394999999,7.4817684423556,91.27206428571431,91.0029663901771,59.03975470521542,46.4550094427039,58.4146357142857,45.8307714861064,42.621071428571426,33.10833012647627,0,0,0.6043956043956045,1,2.0,14,13,,0.6924197316412752,48.65099285714286,61.40114036112738,2.2511838465324434,6.415272137352658,7.61923689241252,,0.2536832994297601,1.7237076567149139,0.0074165721274960005,0.006292515877127808,58.65050977443611,45.88942884427656,95.0618609316576,226.51984503232723,0.30758026835872476,778,bodyfat
250,5,2,0.02,50.0,0.9895875212191703,0.44,0.56,0,0.5158742833885299,,0.0,0.31029017043394935,0.3288247384897037,0.3102901864717068,0.3288247564577324,1.0000000442654335,0.983852499702535,0.5,0.08485281374238575,,,1.2456944001164736,,,1.6326589999999999,0.11677926871519731,-1.0110327504553343,0.3213606658293105,0.36263224537591493,1.2088063306199999,0.1117613504521589,1.9889351999999998,0.49383235063450426,2.399999999624925e-09,1.4587666022067485e-08,-0.0413987,0.10704836330171051,-1.8338372,0.29084327928405024,0,0,0.4,1,0.0,5,0,,0.26612627626162927,3.8227723999999994,0.5772815975079233,0.36263224537591493,1.0000000221327165,1.6673224349582966e-08,1.0815666654674283,0.0751377730935993,0.2792854255217051,0.0,0.0,-0.013975102666666673,0.06188801093097842,1.0000000442654335,3.334644956154219e-08,0.7338737237383708,911,fri_c2_250_5
250,6,2,0.024,41.666666666666664,0.9849900098422721,0.428,0.572,0,0.3165144766284086,,0.0,0.08884864342899217,0.06670162201048552,0.05021472556894242,0.03632575380183812,0.5714805890227576,0.15936103334008994,0.5,0.10182337649086282,0.0,0.0,0.48759472136807835,0.0,0.0,1.3333333333333333,0.5163977794943223,-1.2385017179977622,0.16018829952128974,0.11133512406236461,1.4826,0.0,2.0,0.0,1.0226666666666666,0.07713537882623422,1.0,0.0,0.0,0.0,0,0,0.0,1,0.0,6,0,,0.10018141391535541,2.0,0.0,0.11133512406236461,0.7552811759397752,0.035172733083253215,,-0.03933714961162777,0.124346527216256,0.3306559571619812,0.0,1.0377777777777777,0.12855896471039044,0.5714805890227578,0.0536403652440421,0.8998185860846446,1495,qualitative-bankruptcy
250,1000,2,4.0,0.25,0.9999538332633537,0.496,0.504,0,1.0,,0.0,0.1133701231436866,0.0953299582872136,465930.0237239756,3537056.584984072,11823777.968074042,122678340.48068823,0.5,0.005656854249492385,2984.277978505323,6771.5332162332825,55564.415564424286,2614.6519330244996,6281.15204422112,1779.733625,3365.6113072771277,20.335041649321052,35.84460474004507,inf,1211.7945850499998,2369.164404002799,14680.293699999998,19727.749033990127,3446.123294,7194.053163089475,3037.0367,6885.240077313234,525.5649000000001,1539.4991836680213,0,0,0.00432032032032032,1,12.0,1000,997,,1.0,14154.7288,18893.405404333098,inf,1896.2616057730784,2869.87910836704,,2.9272081708036097,2.6500704872426364,4.8064914699499486e-05,0.0001010160440088434,3113.7100020000003,6958.5570809643805,11823777.968074048,48188589.90771795,0.0,1136,AP_Lung_Uterus
250,2,2,0.008,125.0,0.9999999999971146,0.5,0.5,0,0.7225383418837364,,0.0,0.1964431635127921,,0.024503275635650478,,0.15227043302320395,0.12828058515987584,0.5,0.0,,,0.4648259736217866,,,0.63011131125,0.35226098501279485,-0.9022243860135534,0.4276547712089766,1.0923200900099974,0.451894041123,0.25429268975793107,0.977237155,0.16396527099548872,0.21580198265999997,0.4080853867301163,0.22399685,0.3759410771792176,-0.718918835,0.7461471011700114,0,0,0.0,1,1.0,2,0,,0.5220616554920993,1.6961559899999998,0.5821818301745226,1.0923200900099974,0.372159317733443,0.16593899630516118,,-0.14687179699037084,0.08457181653748348,0.0,0.0,0.2326898350666667,0.3901945197070269,0.15227043302320392,0.12351148730060221,0.47793834450790074,464,prnn_synth
246,6,2,0.024390243902439025,41.0,0.5464106505244557,0.12601626016260162,0.8739837398373984,0,0.13225960488864014,,0.0,0.06948110254704648,0.050509752054913634,0.06916763453348818,0.0707161256726993,1.480534815552238,1.4796816386510243,0.5,0.5288928769850599,0.0,0.0,0.39144527411181546,0.0,0.0,1.625,1.4641550464346322,-0.20832979773408564,1.0817354003058686,0.017804042127550386,0.9884,1.2105378308834465,3.3333333333333335,2.3380903889000244,1.5806233062330624,1.513360458111681,1.5,1.9748417658131499,0.0,0.0,2,0,0.0,1,0.0,6,2,,0.0174926030852992,3.3333333333333335,2.3380903889000244,0.017804042127550386,1.0521599440334628,0.6694722707241015,,0.6649463827045718,1.0017907161422037,0.3003304178814383,0.16827784949004812,1.5698198198198199,1.7063060684760623,1.480534815552237,1.4603932577735168,0.9825073969147008,41538,conference_attendance
243,13,2,0.053497942386831275,18.692307692307693,0.9882282914658944,0.43621399176954734,0.5637860082304527,0,0.8439905600197832,,0.0,,,50.70813178622102,107.26476006468388,248.53573293149051,747.0539567000297,0.5,0.09020703792914801,174.45234922286798,552.6137757230688,61.17591011366285,172.24653029448575,553.2565479500197,12.842307692307692,15.001108933367865,,,2.476085328645357,8.564866153846154,9.484614861400136,210.01538461538465,544.2790657468431,178.16429249762584,551.5121974309237,176.44615384615386,552.0639797091526,161.94615384615383,555.9574348445881,0,0,0.3205128205128205,1,1.0,13,9,,0.7123200654025074,48.06923076923077,55.544762498597834,2.476085328645357,10.266126689704427,12.452746967341435,,,,0.10959320998951338,0.2755793923491286,176.78477237048668,551.9442647873252,248.5357329314905,614.0078759486835,0.28767993459749264,46279,algerian_forest_fires
240,124,2,0.5166666666666667,1.935483870967742,0.9837082626203004,0.425,0.575,0,0.9519770771338256,,0.0,0.7878939791967636,0.35690438773071687,0.3647927032001528,1.883201742440563,3.0533924942033526,30.227559107491132,0.5,0.10606601717798211,,,27.669109460200165,,,1.0512450181451614,2.3223524997128635,0.9468392287155589,1.2512722282882427,9.667845009887934,0.7072837457056451,1.2616632011610958,5.778565725806453,8.076788468573783,3.2390570725134413,5.719226791502574,3.1566144274193553,5.918140144465793,1.5520361290322582,3.6264876959676013,0,0,0.7776029373196958,1,1.0,124,122,,0.9062603553882618,4.226529596774194,6.308973280254859,9.667845009887934,0.8045251579282158,1.5574639037003368,,0.6899816656998274,0.5130285774627545,0.0005019044548148855,0.00027065432039152294,3.1800117926187284,5.864325757238303,3.053392494203352,21.389301135619025,0.09373964461173821,851,tecator
235,12,2,0.05106382978723404,19.583333333333332,0.9684069022952557,0.39574468085106385,0.6042553191489362,0,0.7701494100775547,,0.0,0.7487009972293168,0.26898669299858224,1436.1083916331897,450.9430582632252,2110.241194853611,5271.866170427359,0.5,0.14743928628996095,155.3971516512453,538.3115240228854,201.18511752190255,155.2942624272147,537.9551052957409,63.225,17.246626811166188,0.6500205924544434,0.8089270970440576,1.4577881873854117,46.022375000000004,13.156763501221096,358.425,512.0820568566579,202.473085106383,523.8760025420735,194.04999999999995,526.5303159708504,145.75,504.8928104063277,0,0,0.8333333333333334,1,0.0,12,11,,0.5931301138428055,212.67500000000004,23.02027268616631,1.4577881873854117,45.410321076753256,7.247113624292515,1.1842170425606948,0.9747052051933672,0.3350888175135991,0.000545517152785959,0.0001990564141884727,195.21773049645387,526.1607461753571,2110.24119485361,800.2887786670468,0.40686988615719455,820,chatfield_4
228,8,2,0.03508771929824561,28.5,0.9995003941788734,0.4868421052631579,0.5131578947368421,0,0.9745164034223184,,0.0,0.2757364489485519,0.2466300013344521,707.0133911320152,1883.9565074639836,6121.100449706316,14297.452042282874,0.5,0.01860807318911969,10.490262883189455,29.67094408453123,38.51132664923976,4.725372327950831,13.36537126690118,61.0,89.29515664357166,0.3768171340257691,1.462721416863639,18.873690983889045,44.941312499999995,65.48175808911404,227.125,335.3337090549822,80.24506578947368,113.31223369562143,72.0625,96.4633303755518,0.125,0.3535533905932738,1,0,0.21428571428571427,1,0.0,8,5,,0.9496822205391707,227.0,335.3356527421443,18.873690983889045,45.92214962910943,67.7158485196824,,0.4052988490805902,0.5041216087244188,0.08100353009094396,0.16963051194260886,75.60778985507247,104.50451123376187,6121.100449706315,13154.388541728755,0.05031777946082926,939,chscase_whale
226,23,2,0.10176991150442478,9.826086956521738,0.621887759987958,0.15486725663716813,0.8451327433628318,0,0.5677373086839503,,0.0,,,0.08270630858867008,0.13893721162571263,2.8494555041360927,11.37088640015202,0.5,0.48809140648274957,8.499003883172835,11.444566942370066,2.7976944837029123,8.42836926601973,11.341589830523722,1.147031847826087,1.9877626546553566,,,0.47563501918998685,0.802195119873913,1.4886399733175852,11.210713913043477,14.51807366318141,8.582325402270103,11.521007606591317,8.566096630434783,11.838077097249794,6.093716695652174,5.910879625439504,1,0,0.07114624505928853,1,6.0,23,19,,0.32232565167169513,5.1169972173913045,9.133746397730029,0.47563501918998685,0.8865683895634243,1.4687563675614268,,,,0.06619001610305958,0.22839413365757313,8.57659766719949,11.710059856901095,2.8494555041360927,11.344492192309655,0.6776743483283049,1412,lungcancer_GSE31210
222,2,2,0.009009009009009009,111.0,0.9688035512056725,0.3963963963963964,0.6036036036036037,0,0.8042431537391987,,0.0,0.08355434255113478,,0.7121071297541891,,31.497832232685184,42.89485786434382,0.5,0.14651762132694232,6.106926360450504,3.8581835000784044,1.7959713723120307,4.2258395712632,1.5136615929293713,8.55,9.121677477306463,-1.451257544564571,0.3436198252195207,1.8313135948845407,5.6338799999999996,6.709481688237923,14.1,12.586500705120546,7.936711711711711,6.1667992750237595,10.0,8.48528137423857,1.35,0.49497474683058323,0,0,0.0,1,0.0,2,0,,0.6468070503363724,12.75,13.08147545195113,1.8313135948845407,4.473282614206575,4.7932400077864585,,-0.3257810216496942,0.3743939502259908,0.041638940644130956,0.023502783950138446,8.09179104477612,6.128610564701913,31.49783223268517,42.8830343851011,0.3531929496636276,895,chscase_geyser1
220,1000,3,4.545454545454546,0.22,1.3982088441809835,0.2,0.5818181818181818,0,0.9999999999999996,6.280369834735101e-16,0.0,0.15261849012394774,0.1205053668094349,0.007637877523265565,0.01152421790390221,0.06670034270493981,0.4480116715646661,0.3333333333333333,0.21538612901717408,5.741910565905004,0.9471638448427983,6.602166127270046,5.736608182029123,0.9454592063073437,0.27586025000000003,0.19022727972188394,2.8319354126501177,11.870745751580058,inf,0.20262175289999998,0.1387338642729693,6.540395999999999,1.1649133419607993,5.74730269090909,0.9488760627254946,5.735035,0.9528465494620956,5.19182,0.8005138749978442,0,0,0.01321121121121121,2,425.0,1000,893,,1.9999999999999982,1.348576,0.7617022584675422,inf,0.21984418075690668,0.1355996539760437,,0.5646499643974532,1.1935527861011637,0.0009892269151233423,0.0005038124546259691,5.736676386363637,0.9518825751433317,0.06670034270493981,0.09782613343180992,0.0,1084,BurkittLymphoma
215,5,3,0.023255813953488372,43.0,1.185149002907404,0.13953488372093023,0.6976744186046512,0,0.7704264895433361,0.17009876238295193,0.0,0.41358967821852455,0.1546010651320454,15.707982699413169,11.178563115248629,59.889300934579424,79.44426143741752,0.3333333333333333,0.3157428194483148,,,22.73770607994082,,,4.760000000000001,5.666061242168142,13.952040120545835,14.353660544481725,4.571385377294474,3.4692840000000005,4.032562983820587,58.4,51.89879574710765,25.70586046511628,46.993205360902344,24.84,47.71816216075385,13.02,29.06109082605125,0,0,0.2,2,0.0,5,5,,1.2160475405443485,45.379999999999995,27.722048986321337,3.839204531592141,6.690169004353896,4.3489854603921465,2.4861244607021415,2.623060216304431,2.3860586124037884,0.011904148452345378,0.005343057343564255,24.934418604651164,47.75873126512642,59.889300934579445,67.19647195325247,0.11929789754294018,40682,thyroid-new
214,9,2,0.04205607476635514,23.77777777777778,0.9385750889351784,0.35514018691588783,0.6448598130841121,0,0.39963133994502936,,0.0,0.22769842938237195,0.18299207857609343,0.11286394031281843,0.17878186869411528,0.7004470770184157,1.017259706764335,0.5,0.20486271230638292,10.862900927816515,23.657160832679832,0.7322774710662019,10.838965482294338,23.661443372868103,0.5747372222222226,0.5046039377268521,9.53268473702325,16.631806755353345,0.19005854773980452,0.29590472099999976,0.275539848952288,14.263770000000001,23.725677360532828,11.265851609553478,23.47275568836268,11.289186666666668,23.50211122758124,9.75235,22.815692515295257,0,0,0.05555555555555555,1,0.0,9,8,,0.1597052078662596,4.511419999999999,3.305210378720241,0.19005854773980452,0.6895407776407763,0.503093596771605,1.3145620798985709,1.6294993485603522,2.2811608317721475,0.008961343715966666,0.009965682017666592,11.259923982905981,23.500829630430417,0.7004470770184156,0.8003105770758266,0.8402947921337404,996,prnn_fglass
214,9,2,0.04205607476635514,23.77777777777778,0.9385750889351784,0.35514018691588783,0.6448598130841121,0,0.39963133994502953,,0.0,0.22769842938237195,0.18299207857609345,0.11286394031281838,0.17878186869411525,0.7004470770184152,1.0172597067643345,0.5,0.20486271230638292,10.862900927816515,23.657160832679832,0.7322774710662149,10.838965482294338,23.661443372868103,0.5747372222222226,0.5046039377268521,9.532684737023255,16.631806755353363,0.1900585477398047,0.29590472099999976,0.275539848952288,14.263770000000001,23.725677360532828,11.265851609553478,23.47275568836268,11.289186666666668,23.50211122758124,9.75235,22.815692515295257,0,0,0.05555555555555555,1,0.0,9,8,,0.15970520786625975,4.511419999999999,3.305210378720241,0.1900585477398047,0.6895407776407763,0.503093596771605,1.3145620798985702,1.6294993485603526,2.281160831772149,0.008961343715966666,0.009965682017666592,11.259923982905983,23.50082963043042,0.7004470770184157,0.8003105770758269,0.8402947921337403,1005,glass
210,7,3,0.03333333333333333,30.0,1.584962500716828,0.3333333333333333,0.3333333333333333,0,0.895631450923499,0.04625811540431553,0.0,0.6115307553914446,0.33560294362069293,0.5321531311453309,0.8562473071626118,1.8590925565126117,4.017513879681054,0.3333333333333333,0.0,6.792813189639899,5.518782315559497,4.670450642080292,6.686388419693096,5.486920107447797,1.6721964285714286,1.7014363966237327,-0.764292695287068,0.4335291914474822,9.152723511977984,1.12199991,1.148771319098698,9.294614285714285,7.2743423740405495,6.896174081632653,5.560538038865509,6.732992857142857,5.412620151894133,5.231599999999999,4.6033610130715,0,0,0.6190476190476191,2,0.0,7,2,,1.606451205007423,4.063014285714286,3.8389828785016182,6.236768993159663,1.0078718751989213,0.9918843916059769,,0.26361082262248103,0.37523823839428455,0.0007820550746615981,0.0006242293961254164,6.8016014739229025,5.467065470476401,1.8590925565126124,3.0447297770126203,0.03528723675162457,1499,seeds
209,7,2,0.03349282296650718,29.857142857142858,0.8169164036839289,0.2535885167464115,0.7464114832535885,0,0.8261257064680257,,0.0,0.3397761974532411,0.23040520014391463,1741661.0143299678,7506715.402921853,21803874.76979599,55059895.22563765,0.5,0.3484784615416957,1312.0240921897107,2787.957381932133,20472.60010911343,628.2109006118216,1287.3986736149377,2210.5714285714284,4477.194019217202,10.775772773202231,7.69388138174152,2.149444441449101,1233.0996,2490.4892194581926,14001.857142857143,24999.953442813792,2133.1524265208477,4388.715765678907,1449.2857142857142,2980.7582208942367,20.714285714285715,30.214313857917773,0,0,0.38095238095238093,1,0.0,7,6,,0.6824836828872947,13981.142857142857,24972.361551847483,2.149444441449101,2278.0718306845038,4402.647773939834,,2.5807477660910187,1.4320443564319267,0.03507707784268093,0.015354896099393306,1539.9797525309336,3285.900679843951,21803874.769795995,51329197.73092027,0.31751631711270534,796,cpu
209,6,2,0.028708133971291867,34.833333333333336,0.8384968566368416,0.2679425837320574,0.7320574162679426,0,0.7915149245764526,,0.0,0.4605266369119509,0.14387837409194731,2438105.064993559,8870300.432334494,25437844.546980422,59388401.955889896,0.5,0.3281787453353833,1530.694774221329,2987.5719157620947,19357.17587851084,732.9127173804585,1377.2398709518664,2577.1666666666665,4788.050351308627,12.708597831871247,6.297153810830091,1.6773466081930999,1437.3807,2663.175813389047,16330.666666666666,26541.308081303505,2486.0215311004786,4697.558068250028,1688.0,3191.117923236307,24.166666666666668,31.549432113219826,0,0,0.5333333333333333,1,0.0,6,6,,0.6264958758272674,16306.5,26512.66506219245,1.6773466081930999,2656.502062487842,4696.489072357555,,3.063655485429159,0.7085353747109456,0.03614227457714484,0.016534702621143534,1793.9055118110236,3523.486098604701,25437844.546980437,55233102.95802125,0.3735041241727326,733,machine_cpu
209,8,2,0.03827751196172249,26.125,0.9417258626591813,0.3588516746411483,0.6411483253588517,0,0.7699081347660025,,0.0,0.20419149842812592,0.1882850965513284,30136.007159353805,89446.97210359604,106332435.5188352,300722701.4739078,0.5,0.1996138760287383,7332.943585878894,20176.449215132932,816.9271782352854,5943.706952424638,16267.113480797307,6313.0,17652.187749802735,6.9597228527697474,9.788035746171992,1.455545636551641,3757.0010625,10463.666466612109,15474.3375,42270.77928136773,8406.657057416265,23181.906257911978,8929.525,24710.016685358878,1359.1,3530.007190603765,0,0,0.10714285714285714,1,0.0,8,6,,0.5927585359788651,14115.2375,38746.420322691476,1.455545636551641,3705.499709407661,10287.39630657214,1.3384317863559183,1.63444308912014,1.802305878130512,0.026655919075487214,0.046940668930064634,8523.195767716536,23538.516130201046,106332435.51883513,300722586.77422065,0.4072414640211349,481,biomed
208,60,2,0.28846153846153844,3.466666666666667,0.9967295890179513,0.46634615384615385,0.5336538461538461,0,0.7881223188864142,,0.0,0.22939566425480035,0.17333862955246354,0.005587204758068456,0.009220263354074137,0.029133141824186325,0.08741516181803662,0.5,0.047593725656786844,0.2240835728364815,0.21501248046104454,0.44494157189484707,0.17313292903625482,0.17203301401381427,0.20288250000000002,0.15483609043250776,2.1438860417640337,4.1554780251266585,1.639475072681934,0.14163030699999998,0.1062061302009558,0.6558233333333333,0.3769098855419012,0.2813212900641026,0.2276812421875608,0.26661250000000003,0.23687379955869514,0.01894333333333333,0.021299752259772497,0,0,0.07514124293785311,1,0.0,60,39,,0.6211367895268987,0.63688,0.3625446963911566,1.639475072681934,0.14223782700500703,0.09514418528193266,1.291038587605883,0.9533140778336299,0.9395120998777189,0.0006894288579850998,0.0011220386865203916,0.27199238095238093,0.23565218990776363,0.029133141824186328,0.025893735175685714,0.37886321047310134,40,sonar
205,25,2,0.12195121951219512,8.2,0.9737326459197955,0.40487804878048783,0.5951219512195122,0,0.8492099273001814,,0.0,0.2579306755360528,0.23690961711001965,14681.542390785795,196141.31425923284,2503292.9724243004,12450892.999252193,0.5,0.13452275349402606,,,10173.598425696091,,,414.22119999999995,1740.7794062773528,3.8933916237535584,12.656222179879256,2.586253896884628,235.10477759999998,951.1099506171182,2292.2084000000004,9106.183812243415,863.058563902439,2792.8216260788004,745.4960000000001,2282.509254543122,450.4164,1300.6483495705772,4,0,0.19,1,0.0,25,17,,0.7211575006251794,1841.7920000000001,8037.929624542628,2.586253896884628,360.24397168870127,1572.3911108583993,,0.7461598019864786,1.905537511742325,0.13504884038124096,0.17900802034602784,781.1766601626016,2433.899180960485,2503292.9724243,12412121.831457054,0.27884249937482064,840,autoHorse
205,25,2,0.12195121951219512,8.2,0.9116539980583749,0.32682926829268294,0.6731707317073171,0,0.6617280477356652,,0.0,0.2595641380988875,0.2401223265220559,15503.206328220836,196544.3921862277,2503355.3633626048,12451063.2125107,0.5,0.2449003973865604,795.3264888874816,2485.650214880904,1700.8046283068936,744.4101023755566,2272.478309888493,415.94120000000004,1740.377384942511,3.921964818781047,12.55690651582394,0.7789922654677444,236.5280736,950.7723418197795,2303.2484000000004,9103.471116511768,866.9933931707317,2791.6326037883546,749.0160000000001,2281.390684007235,452.2564,1300.0198099929094,4,0,0.19666666666666668,1,0.0,25,18,,0.43788400916005477,1850.9920000000002,8035.877029656854,0.7789922654677444,361.7440719829577,1572.0529934835597,,0.7877263822916931,1.8728055973417548,0.1290307834409507,0.18056605466211115,784.7821886178862,2432.768897523823,2503355.363362607,12412108.7280038,0.5621159908399452,975,autos
203,1000,2,4.926108374384237,0.203,0.957553483711863,0.3793103448275862,0.6206896551724138,0,1.0,,0.0,0.11156737706288927,0.09188564620082684,420848.2024075308,4693313.382883005,14983693.087129848,184430297.55837247,0.5,0.17068094718295979,2906.117823815477,6593.280451362331,60436.4707263309,2488.0269661105917,6024.637039887244,1795.76655,4042.6828462673275,16.636188971348677,29.130896108123522,inf,1223.33462454,2851.657741181642,13430.9157,21034.48391893225,3378.1785167487683,7271.25758309672,2982.5488,6861.187512223846,535.2330999999999,1686.4722526663174,0,0,0.0035715715715715713,1,7.0,1000,999,,1.0,12895.6826,20197.482824351584,inf,1834.3316858270282,3410.3593512128937,,2.7027609508324812,2.3396641520836554,4.267648470948926e-05,7.542953789176432e-05,3059.08455203252,6929.489418819791,14983693.087129852,108675089.3099746,0.0,1132,AP_Omentum_Lung
202,19,2,0.09405940594059406,10.631578947368421,0.727829059155866,0.20297029702970298,0.7970297029702971,0,0.792847764755999,,0.0,0.11283803938827049,0.1217302613211821,7.538714279911887,48.728737915681926,90.58457711442784,304.43551278890345,0.5,0.42006343436824606,10.986604856372363,34.74575159685508,54.15510179350986,10.238400421013795,33.66338836854793,6.618421052631579,12.430464487235426,-0.07161423873667352,1.6875142901208218,1.6925697482637192,4.408784210526315,8.958776319606201,25.31578947368421,54.7408568028376,13.541688379364254,35.191392187859236,13.289473684210526,36.91706763870792,2.789473684210526,9.3605492916247,1,0,0.029239766081871343,1,0.0,19,8,,0.628607578078584,22.526315789473685,46.55148693299189,1.6925697482637192,4.6559398084036365,8.528479188004457,,0.266644366559559,0.8841701635444674,0.17965753435455736,0.10321819792206773,13.26272648835203,35.87269654463754,90.58457711442786,216.2167744021925,0.37139242192141597,42172,regime_alimentaire
201,1000,2,4.975124378109452,0.201,0.9601914617159442,0.38308457711442784,0.6169154228855721,0,1.0,,0.0,0.11302763741042889,0.09401201189337081,431904.1343406577,4245745.340016873,11950146.343177507,147804692.89665192,0.5,0.16534337669536184,3131.160693634359,7279.558776538539,46193.32424568355,2746.425554995032,6778.916475451409,1831.4498999999998,3803.155211095081,16.27479109016552,28.743430341224364,inf,1281.5987289,2750.8256211433545,13272.5967,19101.887351517107,3551.4572174129353,7759.233186764331,3195.5290999999997,7413.952562080228,833.1598,2541.645950993994,0,0,0.004032032032032032,1,20.0,1000,990,,1.0,12439.436899999999,17400.0594899662,inf,1803.4376479606583,2950.6720350717037,,2.6469769101552956,2.3461978280079347,4.1089308336275856e-05,9.317821330916307e-05,3261.75531322314,7499.277086972505,11950146.343177509,60277430.74761748,0.0,1124,AP_Omentum_Uterus
200,10,2,0.05,20.0,0.9993506898117249,0.485,0.515,0,0.7853098526255172,,0.0,0.059004340639389294,0.049076744811876155,0.042183696259073145,0.03720169187618592,0.7074924623115582,0.20723992365242128,0.5,0.021213203435596444,,,1.5909240839372525,,,2.0,0.0,-1.5586521368047117,0.16869272658338416,1.609001231765644,1.3343399999999999,0.46883928589656393,1.0,0.0,-0.011,0.07396695959082752,0.1,0.31622776601683794,-1.0,0.0,1,0,0.0,1,0.0,10,0,,0.6167115646307115,2.0,0.0,1.609001231765644,0.8392019430203985,0.059931082107752824,,0.02025969129924233,0.13753651255045488,0.34673366834170855,0.052969475044696464,-0.01833333333333333,0.12327826598471253,0.7074924623115577,0.10780367731745578,0.38328843536928847,721,pwLinear
200,28,2,0.14,7.142857142857143,0.9426831892526069,0.36,0.64,0,1.0,,0.0,0.1986845411215129,0.15181832702167347,0.22106790566589563,0.343192103960727,2.015746590093324,3.738677528394063,0.5,0.19798989873223333,0.0,0.0,6.285091614566292,0.0,0.0,1.2857142857142858,1.8024087351866802,4.347199172733576,18.023837925026402,inf,0.7413000000000001,1.0287593369361627,4.178571428571429,3.3890189930789316,2.122857142857143,1.996558812043134,2.142857142857143,2.1724586807524604,0.0,0.0,12,0,0.03968253968253968,1,0.0,28,19,,1.0,4.178571428571429,3.3890189930789316,inf,1.1111633130813499,0.8999949606680162,,0.09141211790733823,2.0797711244842887,0.2979935235857706,0.18322646121094527,2.126488095238095,2.160544595806879,2.0157465900933236,3.052897422236525,0.0,46602,Predicting_Risk_Factors_of_Chronic_Kidney_Disease
200,7,2,0.035,28.571428571428573,0.9999999999971146,0.5,0.5,0,0.9628222763886285,,0.0,0.6894240678390379,0.3872399377243204,25.606579516630774,29.55053152865718,50.39482526920316,125.98635596871786,0.5,0.0,18.213269457139575,12.018237090816827,6.973566662763024,16.58213585569375,11.919640486021082,8.585714285714287,7.996911606244953,-0.857847229142357,0.5745811773549828,12.703649034653909,6.37518,5.916484298381937,31.157142857142855,19.83581417057348,19.553142857142856,12.469665678872756,19.592857142857138,12.562126563982858,7.514285714285714,6.397246431454858,1,0,0.7142857142857142,1,5.0,7,1,,0.9270267359101805,23.642857142857142,16.625869114410946,12.703649034653909,5.6361018367991615,4.66197864790309,,-0.01610414483966869,0.0481694110183727,0.07593450341214388,0.18594169473961286,19.58190476190476,12.528760179954974,50.39482526920316,73.89941856544836,0.07297326408981952,446,prnn_crabs
200,1000,2,5.0,0.2,0.9895875212191703,0.44,0.56,0,1.0,,0.0,,,1019.684444569293,3065.7712256563227,6506.733747010049,102903.342217036,0.5,0.08485281374238575,15.833695742841892,71.56858210471965,1090.8105327143262,13.366366091347313,62.33628875349777,83.99575,107.65205820174816,,,inf,45.5662284,72.40042906961406,273.303,201.3120755015524,71.210805,101.06630262111341,57.847,105.55743679847224,3.572,20.927560268191293,6,0,0.08671871871871871,1,7.0,1000,734,,1.0,269.731,195.24033760580426,inf,59.055793513167785,54.97425914652101,,,,0.029159238295205288,0.08856710530043926,61.266933333333334,101.83602099066525,6506.73374701005,12264.056490440034,0.0,1458,arcene
