did,Dataset,domain,Classifier,acc_mean,acc_stddev,train_time,test_time,acc_fold1,acc_fold2,acc_fold3,acc_fold4,acc_fold5
46,splice,biology,DecisionTree,0.9078369905956112,0.012035331548873,0.4583864212036133,0.0787727832794189,0.8981191222570533,0.927899686520376,0.9012539184952978,0.896551724137931,0.915360501567398
46,splice,biology,SVM,0.8689655172413794,0.0070515497675247,1.2051260471343994,0.5624167919158936,0.8589341692789969,0.8808777429467085,0.8683385579937304,0.8699059561128527,0.8667711598746082
46,splice,biology,KNN,0.6492163009404388,0.0128258762040619,0.3642513751983642,0.3991844654083252,0.6504702194357367,0.6661442006269592,0.6269592476489029,0.6551724137931034,0.6473354231974922
46,splice,biology,LogisticRegression,0.8338557993730408,0.0126949571983175,0.8426532745361328,0.0800108909606933,0.8260188087774295,0.8181818181818182,0.829153605015674,0.85423197492163,0.841692789968652
46,splice,biology,Perceptron,0.7539184952978056,0.0332790771839253,0.4005568027496338,0.0750792026519775,0.7053291536050157,0.7554858934169278,0.731974921630094,0.7758620689655172,0.8009404388714734
46,splice,biology,MLP,0.8586206896551725,0.0156237439427926,13.314053773880005,0.0845470428466796,0.8636363636363636,0.877742946708464,0.8652037617554859,0.8307210031347962,0.8557993730407524
40670,dna,biology,DecisionTree,0.9146237998454748,0.0079439872386377,2.5876107215881348,0.6370673179626465,0.9231974921630094,0.9199372056514914,0.9042386185243328,0.9199372056514914,0.9058084772370488
40670,dna,biology,SVM,0.9595094560611802,0.0052036284262875,10.305938720703123,2.508119821548462,0.962382445141066,0.957613814756672,0.9591836734693876,0.967032967032967,0.9513343799058084
40670,dna,biology,KNN,0.7586325005044217,0.0194532286391711,2.320904493331909,1.348036289215088,0.7554858934169278,0.7394034536891679,0.792778649921507,0.7645211930926217,0.7409733124018838
40670,dna,biology,LogisticRegression,0.9322012962407052,0.0035324590145242,5.750983715057373,0.68607497215271,0.938871473354232,0.9324960753532182,0.9293563579277864,0.9309262166405023,0.9293563579277864
40670,dna,biology,Perceptron,0.9425569504387236,0.0094702017928218,2.886519432067871,0.6845989227294922,0.9561128526645768,0.9387755102040816,0.9419152276295132,0.9277864992150706,0.9481946624803768
40670,dna,biology,MLP,0.948836877408306,0.0098170515716864,24.85202479362488,0.6999683380126953,0.9545454545454546,0.9544740973312402,0.9544740973312402,0.9513343799058084,0.9293563579277864
1128,OVA_Breast,biology,DecisionTree,0.9320388349514562,0.0106353894661197,171.87840104103088,1.0641000270843506,0.948220064724919,0.9385113268608414,0.9320388349514565,0.919093851132686,0.9223300970873788
1128,OVA_Breast,biology,LogisticRegression,0.9689320388349516,0.0072653541490756,49.95173096656799,1.2505691051483154,0.970873786407767,0.9805825242718448,0.9676375404530744,0.9676375404530744,0.9579288025889968
1128,OVA_Breast,biology,Perceptron,0.9656957928802588,0.0085867308488165,30.50511407852173,0.4721832275390625,0.9546925566343042,0.9805825242718448,0.9611650485436892,0.9676375404530744,0.964401294498382
1130,OVA_Lung,biology,DecisionTree,0.9650485436893204,0.0109076372468302,70.94312739372253,0.4400901794433594,0.964401294498382,0.9773462783171522,0.970873786407767,0.9676375404530744,0.9449838187702264
1130,OVA_Lung,biology,LogisticRegression,0.9818770226537218,0.0078207417304819,15.711881637573242,0.5296919345855713,0.9870550161812298,0.9902912621359224,0.9741100323624596,0.9870550161812298,0.970873786407767
1130,OVA_Lung,biology,Perceptron,0.977346278317152,0.0064724919093851,11.622616529464722,0.4839613437652588,0.9870550161812298,0.9773462783171522,0.9805825242718448,0.9741100323624596,0.9676375404530744
1134,OVA_Kidney,biology,DecisionTree,0.9708737864077668,0.0100271413494043,47.09162902832031,0.42610764503479,0.9546925566343042,0.9805825242718448,0.964401294498382,0.9741100323624596,0.9805825242718448
1134,OVA_Kidney,biology,LogisticRegression,0.9864077669902912,0.0024217847163585,15.402487993240356,0.5813045501708984,0.9870550161812298,0.9902912621359224,0.9870550161812298,0.9838187702265372,0.9838187702265372
1134,OVA_Kidney,biology,Perceptron,0.9870550161812296,0.0045767429203012,12.419482469558716,0.5101943016052246,0.9838187702265372,0.9935275080906149,0.9870550161812298,0.9805825242718448,0.9902912621359224
1494,qsar-biodeg,biology,DecisionTree,0.8180094786729857,0.0219447145076591,0.2202517986297607,0.0549392700195312,0.8104265402843602,0.7914691943127962,0.8009478672985783,0.8388625592417062,0.8483412322274881
1494,qsar-biodeg,biology,SVM,0.8075829383886255,0.0122124158547157,0.2684831619262695,0.1036934852600097,0.7914691943127962,0.8104265402843602,0.8151658767772512,0.8246445497630331,0.7962085308056872
1494,qsar-biodeg,biology,KNN,0.8616113744075831,0.0154010206722956,0.0815732479095459,0.3145120143890381,0.8578199052132701,0.8672985781990521,0.8578199052132701,0.8862559241706162,0.8388625592417062
1494,qsar-biodeg,biology,LogisticRegression,0.8701421800947868,0.0110539372414128,0.3514196872711181,0.0153918266296386,0.8720379146919431,0.8530805687203792,0.8815165876777251,0.8815165876777251,0.8625592417061612
1494,qsar-biodeg,biology,Perceptron,0.7819905213270143,0.0536194715591694,0.0667982101440429,0.0203442573547363,0.7061611374407583,0.8199052132701422,0.8578199052132701,0.7819905213270142,0.7440758293838863
1494,qsar-biodeg,biology,MLP,0.8739336492890996,0.0157471542424987,3.008957862854004,0.0275382995605468,0.8767772511848341,0.8436018957345972,0.8862559241706162,0.8767772511848341,0.8862559241706162
1145,AP_Breast_Colon,biology,DecisionTree,0.9428571428571428,0.0105289675884298,13.072444915771484,0.3010599613189697,0.9285714285714286,0.9444444444444444,0.9603174603174603,0.9444444444444444,0.9365079365079364
1145,AP_Breast_Colon,biology,LogisticRegression,0.9619047619047618,0.0092554791981671,6.652576684951782,0.3324010372161865,0.9682539682539684,0.9603174603174603,0.9523809523809524,0.9761904761904762,0.9523809523809524
1145,AP_Breast_Colon,biology,Perceptron,0.9587301587301588,0.0116642368703961,4.873378276824951,0.340825080871582,0.9682539682539684,0.9682539682539684,0.9444444444444444,0.9682539682539684,0.9444444444444444
1140,AP_Ovary_Lung,biology,DecisionTree,0.9167788461538462,0.0227949520130687,7.021894693374634,0.3330473899841308,0.8923076923076924,0.8923076923076924,0.9230769230769232,0.9230769230769232,0.953125
1140,AP_Ovary_Lung,biology,LogisticRegression,0.9414423076923076,0.029743106207387,3.06577205657959,0.3240809440612793,0.9230769230769232,0.953846153846154,0.9692307692307692,0.8923076923076924,0.96875
1140,AP_Ovary_Lung,biology,Perceptron,0.944471153846154,0.02296950158272,3.0233891010284424,0.3015699386596679,0.9230769230769232,0.9384615384615383,0.9846153846153848,0.9230769230769232,0.953125
1157,AP_Endometrium_Kidney,biology,DecisionTree,0.9562980769230768,0.0334065086844645,4.130905151367188,0.2275176048278808,0.9846153846153848,0.9375,0.90625,1.0,0.953125
1157,AP_Endometrium_Kidney,biology,LogisticRegression,0.9875480769230768,0.0116802189531232,3.1470437049865723,0.2577149868011474,0.9846153846153848,0.96875,1.0,0.984375,1.0
1157,AP_Endometrium_Kidney,biology,Perceptron,0.9812980769230768,0.0062747291839059,2.4186246395111084,0.2455408573150634,0.9846153846153848,0.96875,0.984375,0.984375,0.984375
1136,AP_Lung_Uterus,biology,DecisionTree,0.9399999999999998,0.0178885438199982,3.82368540763855,0.2182564735412597,0.96,0.92,0.94,0.92,0.96
1136,AP_Lung_Uterus,biology,LogisticRegression,0.932,0.0324961536185438,2.575815200805664,0.2644524574279785,0.96,0.9,0.92,0.9,0.98
1136,AP_Lung_Uterus,biology,Perceptron,0.932,0.0324961536185438,2.1593573093414307,0.2456691265106201,0.96,0.9,0.92,0.9,0.98
1132,AP_Omentum_Lung,biology,DecisionTree,0.847560975609756,0.0688468370518243,3.226412534713745,0.2188177108764648,0.8048780487804879,0.8292682926829268,0.8536585365853658,0.775,0.975
1132,AP_Omentum_Lung,biology,LogisticRegression,0.9110975609756096,0.0259168578672891,2.047045946121216,0.2459452152252197,0.902439024390244,0.926829268292683,0.951219512195122,0.9,0.875
1132,AP_Omentum_Lung,biology,Perceptron,0.891219512195122,0.0348140295965855,1.754624605178833,0.2325170040130615,0.902439024390244,0.926829268292683,0.926829268292683,0.85,0.85
46827,QSAR_Bioconcentration_classification,biology,DecisionTree,0.4094458229942101,0.0909220653489032,0.1670150756835937,0.0415048599243164,0.532051282051282,0.2756410256410256,0.3846153846153846,0.4871794871794871,0.3677419354838709
46827,QSAR_Bioconcentration_classification,biology,SVM,0.6354011579818031,0.0201484657309003,0.2000091075897216,0.0688538551330566,0.6666666666666666,0.6153846153846154,0.6346153846153846,0.6474358974358975,0.6129032258064516
46827,QSAR_Bioconcentration_classification,biology,KNN,0.6135814722911498,0.02242825719053,0.1448409557342529,0.109954833984375,0.6153846153846154,0.5833333333333334,0.6346153846153846,0.6410256410256411,0.5935483870967742
46827,QSAR_Bioconcentration_classification,biology,LogisticRegression,0.6289909015715467,0.0233992975965561,0.2527322769165039,0.0499534606933593,0.6602564102564102,0.6025641025641025,0.6153846153846154,0.6538461538461539,0.6129032258064516
46827,QSAR_Bioconcentration_classification,biology,Perceptron,0.5905541770057898,0.0795443806270136,0.0961446762084961,0.034062385559082,0.4358974358974359,0.5961538461538461,0.6538461538461539,0.6346153846153846,0.632258064516129
46827,QSAR_Bioconcentration_classification,biology,MLP,0.6071877584780812,0.0142666690029855,5.685571432113648,0.0397017002105712,0.5833333333333334,0.6025641025641025,0.6217948717948718,0.6217948717948718,0.6064516129032258
4134,Bioresponse,biology,DecisionTree,0.7157993786063027,0.0188592193352197,9.048979043960571,0.1648283004760742,0.7523302263648469,0.7066666666666667,0.7133333333333334,0.6986666666666667,0.708
4134,Bioresponse,biology,LogisticRegression,0.7256667554371948,0.0164574817472576,53.65750002861023,0.2217617034912109,0.7496671105193076,0.728,0.7306666666666667,0.7213333333333334,0.6986666666666667
4134,Bioresponse,biology,Perceptron,0.7205912117177098,0.0351427118756145,4.865747928619385,0.1688528060913086,0.7829560585885486,0.7253333333333334,0.716,0.7013333333333334,0.6773333333333333
1412,lungcancer_GSE31210,biology,DecisionTree,0.7830917874396135,0.0517769835864569,0.1210861206054687,0.0413143634796142,0.8043478260869565,0.8222222222222222,0.8444444444444444,0.7333333333333333,0.7111111111111111
1412,lungcancer_GSE31210,biology,SVM,0.8451207729468599,0.0013526570048309,0.1520333290100097,0.067347764968872,0.8478260869565217,0.8444444444444444,0.8444444444444444,0.8444444444444444,0.8444444444444444
1412,lungcancer_GSE31210,biology,KNN,0.884927536231884,0.0218929608321059,0.1516427993774414,0.4748473167419433,0.8913043478260869,0.9111111111111112,0.8444444444444444,0.8888888888888888,0.8888888888888888
1412,lungcancer_GSE31210,biology,LogisticRegression,0.8583574879227054,0.0413571716349091,0.2087922096252441,0.0369744300842285,0.8695652173913043,0.9111111111111112,0.8,0.8222222222222222,0.8888888888888888
1412,lungcancer_GSE31210,biology,Perceptron,0.7117874396135265,0.2782386598758664,0.0765004158020019,0.017333984375,0.8478260869565217,0.8444444444444444,0.1555555555555555,0.8444444444444444,0.8666666666666667
1412,lungcancer_GSE31210,biology,MLP,0.8627053140096617,0.0433991765991852,1.7434818744659424,0.0295979976654052,0.8913043478260869,0.9111111111111112,0.8,0.8222222222222222,0.8888888888888888
46850,hepatitis_c_virus_hcv_for_egyptian_patients,biology,DecisionTree,0.2476534296028881,0.0140005194438016,0.1697502136230468,0.0182101726531982,0.2418772563176895,0.2635379061371841,0.2418772563176895,0.2274368231046931,0.2635379061371841
46850,hepatitis_c_virus_hcv_for_egyptian_patients,biology,SVM,0.2462093862815884,0.0089600531740006,0.4156014919281006,0.1536591053009033,0.2527075812274368,0.2563176895306859,0.2418772563176895,0.2310469314079422,0.2490974729241877
46850,hepatitis_c_virus_hcv_for_egyptian_patients,biology,KNN,0.251985559566787,0.0303249097472924,0.0497670173645019,0.1745085716247558,0.3104693140794224,0.2346570397111913,0.2310469314079422,0.2310469314079422,0.2527075812274368
46850,hepatitis_c_virus_hcv_for_egyptian_patients,biology,LogisticRegression,0.2483754512635378,0.0150416365747289,0.2636950016021728,0.0201704502105712,0.259927797833935,0.2671480144404332,0.2527075812274368,0.2346570397111913,0.2274368231046931
46850,hepatitis_c_virus_hcv_for_egyptian_patients,biology,Perceptron,0.2498194945848375,0.0150416365747289,0.1564688682556152,0.0361230373382568,0.259927797833935,0.2527075812274368,0.2346570397111913,0.2310469314079422,0.2707581227436823
46850,hepatitis_c_virus_hcv_for_egyptian_patients,biology,MLP,0.2613718411552346,0.0212475652990067,8.402929067611694,0.0205490589141845,0.2743682310469314,0.2815884476534296,0.2274368231046931,0.2454873646209386,0.2779783393501805
151,electricity,biology,DecisionTree,0.886895354480918,0.0043372999432375,1.5028724670410156,0.0436699390411376,0.8908749862076575,0.8806134833940197,0.8830280291326418,0.8884352240123593,0.8915250496579121
151,electricity,biology,LogisticRegression,0.7551200499371074,0.0049511126054585,0.5051364898681641,0.0382390022277832,0.750524109014675,0.7600132406487918,0.7478481571397042,0.7582211432354888,0.7589935996468771
151,electricity,biology,Perceptron,0.6581947262270851,0.0589957959470658,0.3747990131378174,0.0392289161682128,0.5764095774026261,0.6205450733752621,0.7315162215846391,0.6434561906863827,0.7190465680865151
316,yeast_ml8,biology,DecisionTree,0.9710375921838372,0.0022783086470411,1.534520149230957,0.0403990745544433,0.9710743801652892,0.9731404958677686,0.9730848861283644,0.9710144927536232,0.9668737060041408
316,yeast_ml8,biology,SVM,0.9859333025340932,0.0008222776576586,0.4337351322174072,0.1111280918121337,0.9855371900826446,0.9855371900826446,0.9875776397515528,0.9855072463768116,0.9855072463768116
316,yeast_ml8,biology,KNN,0.9859333025340932,0.0008222776576586,0.294480562210083,0.192960500717163,0.9855371900826446,0.9855371900826446,0.9875776397515528,0.9855072463768116,0.9855072463768116
316,yeast_ml8,biology,LogisticRegression,0.976828704891946,0.0033244393373684,0.54221510887146,0.0491037368774414,0.981404958677686,0.9772727272727272,0.9772256728778468,0.9710144927536232,0.9772256728778468
316,yeast_ml8,biology,Perceptron,0.97227555053642,0.0080405157859223,0.2277541160583496,0.0444886684417724,0.975206611570248,0.9793388429752066,0.9565217391304348,0.9751552795031057,0.9751552795031057
316,yeast_ml8,biology,MLP,0.9851060007186488,0.0015436942758731,3.1793301105499268,0.0489857196807861,0.9855371900826446,0.9834710743801652,0.9875776397515528,0.9855072463768116,0.9834368530020704
1011,ecoli,biology,DecisionTree,0.9166812993854258,0.0201748208586021,0.045457124710083,0.0174441337585449,0.9117647058823528,0.8955223880597015,0.8955223880597015,0.9402985074626866,0.9402985074626866
1011,ecoli,biology,SVM,0.9612379280070236,0.0223853051379163,0.0659024715423584,0.030841588973999,0.9852941176470588,0.9552238805970148,0.9850746268656716,0.9552238805970148,0.9253731343283582
1011,ecoli,biology,KNN,0.9702809482001756,0.0092328165170741,0.0341088771820068,0.0304172039031982,0.9558823529411764,0.9850746268656716,0.9701492537313432,0.9701492537313432,0.9701492537313432
1011,ecoli,biology,LogisticRegression,0.9642669007901667,0.0202723948076142,0.1107740402221679,0.0228464603424072,0.9705882352941176,0.9701492537313432,0.9850746268656716,0.9701492537313432,0.9253731343283582
1011,ecoli,biology,Perceptron,0.8658472344161545,0.0835263682760157,0.0534520149230957,0.0192666053771972,0.9411764705882352,0.9402985074626866,0.9104477611940298,0.8059701492537313,0.7313432835820896
1011,ecoli,biology,MLP,0.96729587357331,0.0197229291542438,1.970156192779541,0.0206465721130371,0.9558823529411764,1.0,0.9701492537313432,0.9701492537313432,0.9402985074626866
46874,student_depression_dataset,education,DecisionTree,0.7660657992844386,0.004121275881841,1.1990416049957275,0.1278462409973144,0.7641999641641283,0.7629032258064516,0.7650537634408602,0.763978494623656,0.7741935483870968
46874,student_depression_dataset,education,LogisticRegression,0.8457042744231421,0.0029970418528158,1.1680943965911863,0.1087775230407714,0.8507435943379322,0.8440860215053764,0.8433691756272401,0.842831541218638,0.8474910394265233
46874,student_depression_dataset,education,Perceptron,0.7273940128405452,0.0899114566454679,0.7696118354797363,0.1038877964019775,0.7070417487905394,0.8326164874551971,0.8311827956989247,0.646594982078853,0.6195340501792115
1508,user-knowledge,education,DecisionTree,0.883611111111111,0.046928644430011,0.06341552734375,0.0276644229888916,0.8518518518518519,0.8148148148148148,0.8888888888888888,0.9125,0.95
1508,user-knowledge,education,SVM,0.8860493827160493,0.0412785536448101,0.1031596660614013,0.0376765727996826,0.8888888888888888,0.8148148148148148,0.8765432098765432,0.9125,0.9375
1508,user-knowledge,education,KNN,0.7841666666666666,0.0415452735532043,0.0635340213775634,0.0435700416564941,0.7777777777777778,0.7160493827160493,0.8395061728395061,0.8125,0.775
1508,user-knowledge,education,LogisticRegression,0.890925925925926,0.033232357345815,0.1017098426818847,0.0189442634582519,0.9012345679012346,0.8271604938271605,0.9012345679012346,0.9,0.925
1508,user-knowledge,education,Perceptron,0.5306481481481481,0.0633528235117708,0.0690460205078125,0.0173752307891845,0.5679012345679012,0.5679012345679012,0.6049382716049383,0.475,0.4375
1508,user-knowledge,education,MLP,0.9158024691358024,0.0313751836498632,3.880442142486572,0.0229356288909912,0.8765432098765432,0.8888888888888888,0.9135802469135802,0.9375,0.9625
46960,students_dropout_and_academic_success,education,DecisionTree,0.6740524580105836,0.0114852107806636,0.3934378623962402,0.0666234493255615,0.6915254237288135,0.6700564971751413,0.6677966101694915,0.6587570621468927,0.6821266968325792
46960,students_dropout_and_academic_success,education,SVM,0.7558751949280363,0.0104491684517507,2.1207797527313232,1.073345422744751,0.7638418079096045,0.7401129943502824,0.7593220338983051,0.768361581920904,0.747737556561086
46960,students_dropout_and_academic_success,education,KNN,0.6984605158882328,0.006791379327378,0.2765374183654785,0.5929114818572998,0.7050847457627119,0.7062146892655368,0.6983050847457627,0.6949152542372882,0.6877828054298643
46960,students_dropout_and_academic_success,education,LogisticRegression,0.7680819081217886,0.00556147332135,1.8231709003448489,0.0691497325897216,0.7762711864406779,0.7615819209039548,0.768361581920904,0.7717514124293785,0.7624434389140271
46960,students_dropout_and_academic_success,education,Perceptron,0.7445775494030729,0.0160050495185756,0.3472890853881836,0.0592193603515625,0.7593220338983051,0.7141242937853107,0.7480225988700565,0.7457627118644068,0.755656108597285
46960,students_dropout_and_academic_success,education,MLP,0.7407288391236547,0.0191407051286408,23.138463973999023,0.0668516159057617,0.768361581920904,0.7231638418079096,0.727683615819209,0.7593220338983051,0.7251131221719457
43255,1StudentPerfromance,education,DecisionTree,0.8160000000000001,0.0152970585407783,0.0899717807769775,0.0318641662597656,0.835,0.825,0.79,0.82,0.81
43255,1StudentPerfromance,education,SVM,0.889,0.0195959179422654,0.146270751953125,0.0626330375671386,0.88,0.915,0.87,0.91,0.87
43255,1StudentPerfromance,education,KNN,0.769,0.0159373774505092,0.0822808742523193,0.0420451164245605,0.765,0.77,0.77,0.745,0.795
43255,1StudentPerfromance,education,LogisticRegression,0.892,0.0235796522451032,0.1378257274627685,0.0344390869140625,0.875,0.925,0.88,0.915,0.865
43255,1StudentPerfromance,education,Perceptron,0.8400000000000001,0.0632455532033676,0.1264371871948242,0.0568728446960449,0.87,0.875,0.855,0.885,0.715
43255,1StudentPerfromance,education,MLP,0.89,0.0214476105895272,2.62935471534729,0.0344367027282714,0.87,0.915,0.885,0.915,0.865
43890,law-school-admission-bianry,education,DecisionTree,1.0,0.0,0.2287795543670654,0.047393798828125,1.0,1.0,1.0,1.0,1.0
43890,law-school-admission-bianry,education,LogisticRegression,1.0,0.0,0.4312005043029785,0.0537152290344238,1.0,1.0,1.0,1.0,1.0
43890,law-school-admission-bianry,education,Perceptron,0.9453846153846154,0.0304450318281612,0.4029133319854736,0.043919563293457,0.9317307692307693,0.9629807692307693,0.9298076923076924,0.9074519230769232,0.994951923076923
46940,Marketing_Campaign,education,DecisionTree,0.8245535714285716,0.0109897621652599,0.1920206546783447,0.0362722873687744,0.8348214285714286,0.8348214285714286,0.8058035714285714,0.8191964285714286,0.828125
46940,Marketing_Campaign,education,SVM,0.8508928571428573,0.0008928571428571,0.3156681060791015,0.1341609954833984,0.8526785714285714,0.8504464285714286,0.8504464285714286,0.8504464285714286,0.8504464285714286
46940,Marketing_Campaign,education,KNN,0.8674107142857143,0.0137308540171693,0.1320726871490478,0.3522391319274902,0.8727678571428571,0.8660714285714286,0.8549107142857143,0.8526785714285714,0.890625
46940,Marketing_Campaign,education,LogisticRegression,0.8816964285714285,0.009982446328124,0.2049217224121093,0.0399746894836425,0.8928571428571429,0.8794642857142857,0.8883928571428571,0.8638392857142857,0.8839285714285714
46940,Marketing_Campaign,education,Perceptron,0.8227678571428572,0.0894707903252708,0.1300714015960693,0.0388123989105224,0.8772321428571429,0.8794642857142857,0.6450892857142857,0.8616071428571429,0.8504464285714286
46940,Marketing_Campaign,education,MLP,0.8794642857142858,0.0090394896121948,2.1960973739624023,0.0453698635101318,0.8839285714285714,0.8839285714285714,0.8861607142857143,0.8616071428571429,0.8816964285714286
43895,ibm-employee-performance,education,DecisionTree,1.0,0.0,0.1670351028442382,0.0507307052612304,1.0,1.0,1.0,1.0,1.0
43895,ibm-employee-performance,education,SVM,0.8462585034013607,0.001360544217687,0.2978818416595459,0.0750269889831543,0.8469387755102041,0.8469387755102041,0.8469387755102041,0.8469387755102041,0.8435374149659864
43895,ibm-employee-performance,education,KNN,0.8891156462585034,0.0073267548396387,0.1879258155822754,0.1788830757141113,0.8945578231292517,0.8843537414965986,0.8775510204081632,0.8979591836734694,0.891156462585034
43895,ibm-employee-performance,education,LogisticRegression,0.9918367346938776,0.0040816326530612,0.1954259872436523,0.034480333328247,0.9965986394557824,0.9863945578231292,0.9897959183673468,0.9897959183673468,0.9965986394557824
43895,ibm-employee-performance,education,Perceptron,0.8435374149659864,0.032411236053256,0.132159948348999,0.0466880798339843,0.891156462585034,0.7891156462585034,0.8469387755102041,0.8469387755102041,0.8435374149659864
43895,ibm-employee-performance,education,MLP,0.9918367346938776,0.0050906903221414,6.741473197937012,0.0406100749969482,0.9931972789115646,0.9965986394557824,0.9897959183673468,0.9829931972789115,0.9965986394557824
1461,bank-marketing,finance,DecisionTree,0.8741235483748749,0.0024637455499317,1.945422649383545,0.1137113571166992,0.8743779719119761,0.8744746737447467,0.8741428887414289,0.8776819287768193,0.8699402786994028
1461,bank-marketing,finance,LogisticRegression,0.8911105271740711,0.0024862844505315,1.1276037693023682,0.1057603359222412,0.8930664602454937,0.889294403892944,0.8890732138907321,0.8950453439504534,0.8890732138907321
1461,bank-marketing,finance,Perceptron,0.8571137118893943,0.0420031636972741,1.106696844100952,0.1223599910736084,0.8890854804821409,0.8743640787436407,0.8846494138464941,0.8623092236230923,0.7751603627516036
46526,Loan_Approval_Status_Classification,finance,DecisionTree,0.8992444444444445,0.0033432445245026,1.468305587768555,0.0747430324554443,0.8983333333333333,0.894,0.9015555555555556,0.9038888888888889,0.8984444444444445
46526,Loan_Approval_Status_Classification,finance,LogisticRegression,0.8962,0.0019868704842006,2.7808682918548584,0.0414719581604003,0.8947777777777778,0.8933333333333333,0.8962222222222223,0.8978888888888888,0.8987777777777778
46526,Loan_Approval_Status_Classification,finance,Perceptron,0.8501555555555556,0.0227438337865154,0.7246758937835693,0.0774464607238769,0.8442222222222222,0.8608888888888889,0.8275555555555556,0.8887777777777778,0.8293333333333334
42477,default-of-credit-card-clients,finance,DecisionTree,0.7285333333333333,0.0071386273190299,3.3207545280456543,0.044062852859497,0.7161666666666666,0.7268333333333333,0.7378333333333333,0.7316666666666667,0.7301666666666666
42477,default-of-credit-card-clients,finance,LogisticRegression,0.8109666666666667,0.0021039645117412,1.4682366847991943,0.0473439693450927,0.8115,0.8071666666666667,0.8105,0.8125,0.8131666666666667
42477,default-of-credit-card-clients,finance,Perceptron,0.7743333333333334,0.0261561550011549,0.5041015148162842,0.0378999710083007,0.7785,0.7243333333333334,0.7881666666666667,0.7803333333333333,0.8003333333333333
46372,Multiclass_Classification_for_Corporate_Credit_Ratings,finance,DecisionTree,0.6992,0.0108701425933609,0.316202163696289,0.0283014774322509,0.711,0.712,0.697,0.692,0.684
46372,Multiclass_Classification_for_Corporate_Credit_Ratings,finance,SVM,0.6362,0.0165939748101532,1.741548776626587,1.521450757980347,0.648,0.652,0.64,0.605,0.636
46372,Multiclass_Classification_for_Corporate_Credit_Ratings,finance,KNN,0.6468,0.0101469207151726,0.1052510738372802,0.2271299362182617,0.654,0.662,0.644,0.633,0.641
46372,Multiclass_Classification_for_Corporate_Credit_Ratings,finance,LogisticRegression,0.587,0.0053665631459995,4.374851703643799,0.0248799324035644,0.594,0.585,0.588,0.578,0.59
46372,Multiclass_Classification_for_Corporate_Credit_Ratings,finance,Perceptron,0.4078,0.023292917378465,0.1670246124267578,0.0230045318603515,0.427,0.442,0.398,0.394,0.378
46372,Multiclass_Classification_for_Corporate_Credit_Ratings,finance,MLP,0.7232000000000001,0.0080597766718439,29.70058226585388,0.029200792312622,0.737,0.723,0.718,0.713,0.725
46382,company_quality_and_valuation_finance,finance,DecisionTree,0.79001554001554,0.0157196602139406,0.1533806324005127,0.061241865158081,0.8055555555555556,0.7847222222222222,0.7777777777777778,0.7708333333333334,0.8111888111888111
46382,company_quality_and_valuation_finance,finance,SVM,0.4380827505827506,0.0130375746691403,0.1992518901824951,0.1022396087646484,0.4305555555555556,0.4444444444444444,0.4583333333333333,0.4375,0.4195804195804196
46382,company_quality_and_valuation_finance,finance,KNN,0.39500777000777,0.0445641867885553,0.1401557922363281,0.074824571609497,0.3402777777777778,0.3541666666666667,0.4097222222222222,0.4652777777777778,0.4055944055944055
46382,company_quality_and_valuation_finance,finance,LogisticRegression,0.4283508158508159,0.0204102238872993,0.2200081348419189,0.0412354469299316,0.4027777777777778,0.4583333333333333,0.4444444444444444,0.4236111111111111,0.4125874125874126
46382,company_quality_and_valuation_finance,finance,Perceptron,0.2948815073815073,0.0358047346463016,0.1248865127563476,0.0500140190124511,0.2638888888888889,0.2430555555555555,0.3402777777777778,0.3125,0.3146853146853147
46382,company_quality_and_valuation_finance,finance,MLP,0.4992521367521368,0.0345295442985991,10.563809156417848,0.054889440536499,0.5208333333333334,0.4722222222222222,0.4861111111111111,0.5555555555555556,0.4615384615384615
46455,Credit_Card_Fraud_Classification,finance,DecisionTree,0.998876404494382,0.0004094769589076,4.31198263168335,0.0484688282012939,0.999122191011236,0.998244382022472,0.9987710674157304,0.9987710674157304,0.9994733146067416
46455,Credit_Card_Fraud_Classification,finance,LogisticRegression,0.999122191011236,0.0001923183137307,1.283907413482666,0.0410406589508056,0.9994733146067416,0.999122191011236,0.9989466292134832,0.9989466292134832,0.999122191011236
46455,Credit_Card_Fraud_Classification,finance,Perceptron,0.9976825842696628,0.0015639787536039,0.8759455680847168,0.0518958568572998,0.9957865168539326,0.9989466292134832,0.9985955056179776,0.9957865168539326,0.9992977528089888
31,credit-g,finance,DecisionTree,0.6940000000000001,0.0185472369909913,0.2329652309417724,0.0663707256317138,0.705,0.685,0.665,0.72,0.695
31,credit-g,finance,SVM,0.728,0.0120830459735945,0.2536416053771972,0.1103873252868652,0.74,0.73,0.73,0.735,0.705
31,credit-g,finance,KNN,0.718,0.0358608421540822,0.1078231334686279,0.564720869064331,0.66,0.715,0.735,0.77,0.71
31,credit-g,finance,LogisticRegression,0.715,0.0368781778291715,0.2560358047485351,0.0496883392333984,0.745,0.7,0.73,0.75,0.65
31,credit-g,finance,Perceptron,0.612,0.1491844495917721,0.1792917251586914,0.0639777183532714,0.315,0.685,0.71,0.685,0.665
31,credit-g,finance,MLP,0.7,0.0308220700148448,10.890007257461548,0.0367336273193359,0.645,0.73,0.71,0.69,0.725
44097,credit-g_copy,finance,DecisionTree,0.6940000000000001,0.0185472369909913,0.1198537349700927,0.0362672805786132,0.705,0.685,0.665,0.72,0.695
44097,credit-g_copy,finance,SVM,0.728,0.0120830459735945,0.2086505889892578,0.089848518371582,0.74,0.73,0.73,0.735,0.705
44097,credit-g_copy,finance,KNN,0.718,0.0358608421540822,0.142275333404541,0.0865399837493896,0.66,0.715,0.735,0.77,0.71
44097,credit-g_copy,finance,LogisticRegression,0.715,0.0368781778291715,0.1305949687957763,0.0363149642944335,0.745,0.7,0.73,0.75,0.65
44097,credit-g_copy,finance,Perceptron,0.612,0.1491844495917721,0.14115571975708,0.0660457611083984,0.315,0.685,0.71,0.685,0.665
44097,credit-g_copy,finance,MLP,0.7,0.0308220700148448,11.439027070999146,0.0396919250488281,0.645,0.73,0.71,0.69,0.725
44098,credit-g_reproduced_1,finance,DecisionTree,0.6940000000000001,0.0185472369909913,0.149198293685913,0.0550622940063476,0.705,0.685,0.665,0.72,0.695
44098,credit-g_reproduced_1,finance,SVM,0.728,0.0120830459735945,0.3974034786224365,0.1345245838165283,0.74,0.73,0.73,0.735,0.705
44098,credit-g_reproduced_1,finance,KNN,0.718,0.0358608421540822,0.1113405227661132,0.2511260509490967,0.66,0.715,0.735,0.77,0.71
44098,credit-g_reproduced_1,finance,LogisticRegression,0.715,0.0368781778291715,0.2457666397094726,0.0629234313964843,0.745,0.7,0.73,0.75,0.65
44098,credit-g_reproduced_1,finance,Perceptron,0.612,0.1491844495917721,0.1923298835754394,0.0634129047393798,0.315,0.685,0.71,0.685,0.665
44098,credit-g_reproduced_1,finance,MLP,0.7,0.0308220700148448,11.640928983688354,0.0294158458709716,0.645,0.73,0.71,0.69,0.725
46962,taiwanese_bankruptcy_prediction,finance,DecisionTree,0.9516072016403354,0.0051108720756396,3.3148484230041504,0.0311527252197265,0.9479472140762464,0.9508797653958944,0.9464809384164224,0.9516129032258064,0.9611151870873074
46962,taiwanese_bankruptcy_prediction,finance,SVM,0.9677372020921592,9.466783423661696e-06,1.6019384860992432,0.2998769283294678,0.967741935483871,0.967741935483871,0.967741935483871,0.967741935483871,0.9677182685253118
46962,taiwanese_bankruptcy_prediction,finance,KNN,0.9696434680270148,0.0017747917728964,0.8033313751220703,0.5871250629425049,0.9699413489736072,0.967008797653959,0.9721407624633432,0.9706744868035192,0.9684519442406456
46962,taiwanese_bankruptcy_prediction,finance,LogisticRegression,0.9670032036455722,0.0029786566357195,4.966290712356567,0.0379810333251953,0.9699413489736072,0.9699413489736072,0.967008797653959,0.966275659824047,0.9618488628026411
46962,taiwanese_bankruptcy_prediction,finance,Perceptron,0.9407578375284812,0.0366105510068657,0.5193915367126465,0.0387206077575683,0.967008797653959,0.9252199413489736,0.875366568914956,0.967741935483871,0.9684519442406456
46962,taiwanese_bankruptcy_prediction,finance,MLP,0.9617209536493372,0.0124463765921912,6.348795175552368,0.0441119670867919,0.967741935483871,0.966275659824047,0.968475073313783,0.969208211143695,0.9369038884812912
1495,qualitative-bankruptcy,finance,DecisionTree,0.996,0.008,0.0745573043823242,0.0395975112915039,1.0,1.0,1.0,1.0,0.98
1495,qualitative-bankruptcy,finance,SVM,0.996,0.008,0.0993390083312988,0.0607690811157226,1.0,1.0,1.0,0.98,1.0
1495,qualitative-bankruptcy,finance,KNN,0.9559999999999998,0.0233238075793811,0.1106753349304199,0.0686993598937988,0.98,0.92,0.96,0.98,0.94
1495,qualitative-bankruptcy,finance,LogisticRegression,0.5599999999999999,0.0438178046004132,0.1381711959838867,0.0544347763061523,0.62,0.58,0.5,0.52,0.58
1495,qualitative-bankruptcy,finance,Perceptron,0.556,0.0585149553533111,0.0834479331970214,0.0440664291381835,0.64,0.54,0.56,0.46,0.58
1495,qualitative-bankruptcy,finance,MLP,0.996,0.008,1.488988161087036,0.020423412322998,1.0,1.0,1.0,0.98,1.0
49,heart-c,health,DecisionTree,0.715846994535519,0.0669011820723691,0.1222128868103027,0.0369479656219482,0.8032786885245902,0.6721311475409836,0.7704918032786885,0.6166666666666667,0.7166666666666667
49,heart-c,health,SVM,0.8448633879781422,0.0494227177974758,0.131110668182373,0.0528962612152099,0.918032786885246,0.8524590163934426,0.7704918032786885,0.8166666666666667,0.8666666666666667
49,heart-c,health,KNN,0.8117486338797815,0.0704422242727647,0.1506433486938476,0.0814645290374755,0.9016393442622952,0.8688524590163934,0.7049180327868853,0.8166666666666667,0.7666666666666667
49,heart-c,health,LogisticRegression,0.8515300546448088,0.0538204486044765,0.2094056606292724,0.0770275592803955,0.9016393442622952,0.8852459016393442,0.7540983606557377,0.8333333333333334,0.8833333333333333
49,heart-c,health,Perceptron,0.7822950819672132,0.0804759424792607,0.1832311153411865,0.0741546154022216,0.9016393442622952,0.7213114754098361,0.6885245901639344,0.85,0.75
49,heart-c,health,MLP,0.8185245901639344,0.034154710339961,3.147871971130371,0.037259817123413,0.8524590163934426,0.8360655737704918,0.7540983606557377,0.8333333333333334,0.8166666666666667
15,breast-w,health,DecisionTree,0.935611510791367,0.0156974017947987,0.1101782321929931,0.0409612655639648,0.9285714285714286,0.95,0.9571428571428572,0.9142857142857144,0.9280575539568344
15,breast-w,health,SVM,0.9656526207605344,0.0054446076378736,0.0968706607818603,0.0668401718139648,0.9714285714285714,0.9642857142857144,0.9642857142857144,0.9714285714285714,0.9568345323741008
15,breast-w,health,KNN,0.967070914696814,0.0108061563609794,0.0866384506225586,0.0674941539764404,0.9785714285714284,0.9642857142857144,0.9785714285714284,0.9642857142857144,0.9496402877697842
15,breast-w,health,LogisticRegression,0.9656628982528264,0.0094843714799971,0.0961461067199707,0.0411882400512695,0.9714285714285714,0.95,0.9785714285714284,0.9642857142857144,0.9640287769784172
15,breast-w,health,Perceptron,0.951387461459404,0.0198565034358644,0.0677859783172607,0.0181822776794433,0.9285714285714286,0.9357142857142856,0.9785714285714284,0.9428571428571428,0.9712230215827338
15,breast-w,health,MLP,0.9628057553956836,0.0114226085577807,5.257281064987183,0.0136270523071289,0.95,0.95,0.9785714285714284,0.9714285714285714,0.9640287769784172
13,breast-cancer,health,DecisionTree,0.6364186327888687,0.0852294916721713,0.129145860671997,0.0442035198211669,0.6206896551724138,0.7543859649122807,0.5087719298245614,0.5964912280701754,0.7017543859649122
13,breast-cancer,health,SVM,0.7448275862068966,0.0277264770981241,0.1573648452758789,0.0600142478942871,0.7241379310344828,0.7719298245614035,0.7543859649122807,0.7017543859649122,0.7719298245614035
13,breast-cancer,health,KNN,0.7340592861464005,0.0416336030422454,0.209322452545166,0.1048157215118408,0.7931034482758621,0.7543859649122807,0.7368421052631579,0.6666666666666666,0.7192982456140351
13,breast-cancer,health,LogisticRegression,0.7166969147005445,0.0625084530493299,0.1554780006408691,0.0519561767578125,0.7413793103448276,0.7719298245614035,0.7192982456140351,0.5964912280701754,0.7543859649122807
13,breast-cancer,health,Perceptron,0.6545069570477919,0.1026146705706917,0.0831122398376464,0.0293304920196533,0.4655172413793103,0.7017543859649122,0.7192982456140351,0.631578947368421,0.7543859649122807
13,breast-cancer,health,MLP,0.7029038112522686,0.0232421451907298,3.8745131492614746,0.0243129730224609,0.6724137931034483,0.7368421052631579,0.6842105263157895,0.7192982456140351,0.7017543859649122
45557,Mammographic-Mass-Data-Set,health,DecisionTree,0.7253130397236615,0.0312280183382101,0.1349263191223144,0.0654764175415039,0.6994818652849741,0.7708333333333334,0.7395833333333334,0.734375,0.6822916666666666
45557,Mammographic-Mass-Data-Set,health,SVM,0.7898100172711572,0.014830771468667,0.2889599800109863,0.1401607990264892,0.7823834196891192,0.7916666666666666,0.8020833333333334,0.8072916666666666,0.765625
45557,Mammographic-Mass-Data-Set,health,KNN,0.7638007340241796,0.0237486543568553,0.1072089672088623,0.0754475593566894,0.7512953367875648,0.7916666666666666,0.7760416666666666,0.7760416666666666,0.7239583333333334
45557,Mammographic-Mass-Data-Set,health,LogisticRegression,0.790808506044905,0.0336741434263205,0.1471154689788818,0.0453937053680419,0.8238341968911918,0.7708333333333334,0.8072916666666666,0.8177083333333334,0.734375
45557,Mammographic-Mass-Data-Set,health,Perceptron,0.6879425734024179,0.099789549370055,0.0949163436889648,0.0537154674530029,0.5751295336787565,0.7760416666666666,0.5625,0.796875,0.7291666666666666
45557,Mammographic-Mass-Data-Set,health,MLP,0.7866688255613126,0.0264387391360891,2.7594380378723145,0.0326254367828369,0.7979274611398963,0.7552083333333334,0.8177083333333334,0.8072916666666666,0.7552083333333334
46846,glioma_grading_clinical_and_mutation_features,health,DecisionTree,0.8092600513259194,0.0216677849700513,0.1235973834991455,0.0385763645172119,0.8273809523809523,0.8392857142857143,0.8035714285714286,0.7976190476190477,0.7784431137724551
46846,glioma_grading_clinical_and_mutation_features,health,SVM,0.8688694040490448,0.0166062108904395,0.1454641819000244,0.0674312114715576,0.8690476190476191,0.8571428571428571,0.8690476190476191,0.8988095238095238,0.8502994011976048
46846,glioma_grading_clinical_and_mutation_features,health,KNN,0.83071000855432,0.023436573042623,0.0970489978790283,0.720883846282959,0.8095238095238095,0.8452380952380952,0.8452380952380952,0.8571428571428571,0.7964071856287425
46846,glioma_grading_clinical_and_mutation_features,health,LogisticRegression,0.8688622754491018,0.0183010112688503,0.1184661388397216,0.0496680736541748,0.875,0.8690476190476191,0.8571428571428571,0.8988095238095238,0.844311377245509
46846,glioma_grading_clinical_and_mutation_features,health,Perceptron,0.8045195323638439,0.0664602343245136,0.1258347034454345,0.0786099433898925,0.6845238095238095,0.8630952380952381,0.8095238095238095,0.8690476190476191,0.7964071856287425
46846,glioma_grading_clinical_and_mutation_features,health,MLP,0.8521813515825493,0.0124561427457899,6.199394702911377,0.0362522602081298,0.8452380952380952,0.8571428571428571,0.8571428571428571,0.8690476190476191,0.8323353293413174
40497,thyroid-ann,health,DecisionTree,0.997614488731182,0.0015442620230446,0.0991110801696777,0.0228424072265625,0.9947019867549668,0.9986754966887416,0.9986737400530504,0.9973474801061007,0.9986737400530504
40497,thyroid-ann,health,SVM,0.9448553410508196,0.0034396362976935,0.5326201915740967,0.1778147220611572,0.9456953642384106,0.9496688741721856,0.946949602122016,0.9416445623342176,0.940318302387268
40497,thyroid-ann,health,KNN,0.9472433116096052,0.0022695203959629,0.1098673343658447,0.3668463230133056,0.9483443708609272,0.9443708609271524,0.9509283819628648,0.946949602122016,0.9456233421750664
40497,thyroid-ann,health,LogisticRegression,0.9628840444780156,0.0036567073017008,0.770526647567749,0.0239734649658203,0.9589403973509932,0.9682119205298012,0.9588859416445624,0.9655172413793104,0.9628647214854112
40497,thyroid-ann,health,Perceptron,0.9488288509845942,0.0097109341158496,0.1936688423156738,0.0361115932464599,0.9483443708609272,0.9668874172185432,0.9482758620689656,0.940318302387268,0.940318302387268
40497,thyroid-ann,health,MLP,0.9814414952483004,0.0027860258456706,12.088301181793211,0.0222918987274169,0.981456953642384,0.9841059602649008,0.9827586206896552,0.9761273209549072,0.9827586206896552
35,dermatology,health,DecisionTree,0.9398000740466492,0.0255032398148533,0.1766133308410644,0.073338508605957,0.972972972972973,0.9452054794520548,0.9178082191780822,0.958904109589041,0.9041095890410958
35,dermatology,health,SVM,0.9753794890781192,0.0134522608494382,0.2811648845672607,0.0972037315368652,0.9864864864864864,0.958904109589041,0.9863013698630136,0.958904109589041,0.9863013698630136
35,dermatology,health,KNN,0.95897815623843,0.0212700853139509,0.2216193675994873,0.2150416374206543,0.972972972972973,0.9178082191780822,0.9726027397260274,0.9726027397260274,0.958904109589041
35,dermatology,health,LogisticRegression,0.9699000370233246,0.01601343323833,0.4223761558532715,0.0652661323547363,0.9864864864864864,0.9452054794520548,0.9863013698630136,0.958904109589041,0.9726027397260274
35,dermatology,health,Perceptron,0.9644576082932248,0.0110152946444363,0.2559840679168701,0.0702743530273437,0.972972972972973,0.9726027397260274,0.9726027397260274,0.958904109589041,0.9452054794520548
35,dermatology,health,MLP,0.9671603109959276,0.0186200455443428,2.225294351577759,0.0519404411315918,0.9864864864864864,0.9452054794520548,0.9863013698630136,0.9726027397260274,0.9452054794520548
481,biomed,health,DecisionTree,0.8803716608594657,0.0336917763167486,0.1142008304595947,0.0629465579986572,0.9047619047619048,0.8333333333333334,0.8571428571428571,0.9285714285714286,0.8780487804878049
481,biomed,health,SVM,0.8950058072009291,0.0532053708174667,0.134317398071289,0.0748481750488281,0.8095238095238095,0.9285714285714286,0.8571428571428571,0.9285714285714286,0.951219512195122
481,biomed,health,KNN,0.8807200929152149,0.0780351254577785,0.1077971458435058,0.0640928745269775,0.7380952380952381,0.9285714285714286,0.8571428571428571,0.9285714285714286,0.951219512195122
481,biomed,health,LogisticRegression,0.8804878048780488,0.0395732515824851,0.1837255954742431,0.0653696060180664,0.8095238095238095,0.9285714285714286,0.8809523809523809,0.8809523809523809,0.902439024390244
481,biomed,health,Perceptron,0.7793263646922183,0.0988432682433144,0.1530427932739257,0.0684881210327148,0.7619047619047619,0.8809523809523809,0.6904761904761905,0.9047619047619048,0.6585365853658537
481,biomed,health,MLP,0.9045296167247386,0.0497234776185474,2.4025020599365234,0.0320627689361572,0.8095238095238095,0.9285714285714286,0.9285714285714286,0.9047619047619048,0.951219512195122
44149,Heart_disease_prediction_20,health,DecisionTree,0.7363276836158191,0.0457088334573433,0.0663204193115234,0.0302343368530273,0.7833333333333333,0.6779661016949152,0.711864406779661,0.7966101694915254,0.711864406779661
44149,Heart_disease_prediction_20,health,SVM,0.8446327683615819,0.0326512616424856,0.0847811698913574,0.0347592830657959,0.8333333333333334,0.8983050847457628,0.847457627118644,0.847457627118644,0.7966101694915254
44149,Heart_disease_prediction_20,health,KNN,0.8244067796610169,0.0343963414073649,0.086024522781372,0.0599193572998046,0.8,0.8813559322033898,0.8305084745762712,0.8305084745762712,0.7796610169491526
44149,Heart_disease_prediction_20,health,LogisticRegression,0.8344067796610168,0.0363976884776405,0.2108230590820312,0.054901123046875,0.85,0.8983050847457628,0.7966101694915254,0.8135593220338984,0.8135593220338984
44149,Heart_disease_prediction_20,health,Perceptron,0.7609604519774011,0.1251669892276467,0.1447317600250244,0.0773687362670898,0.5166666666666667,0.8305084745762712,0.7796610169491526,0.864406779661017,0.8135593220338984
44149,Heart_disease_prediction_20,health,MLP,0.8140677966101695,0.0391066573886271,3.525595188140869,0.033315896987915,0.85,0.8135593220338984,0.7627118644067796,0.864406779661017,0.7796610169491526
53,heart-statlog,health,DecisionTree,0.7185185185185186,0.063505289627712,0.076509952545166,0.0436866283416748,0.7962962962962963,0.6666666666666666,0.6296296296296297,0.7222222222222222,0.7777777777777778
53,heart-statlog,health,SVM,0.8407407407407407,0.047718884173056,0.0887322425842285,0.05517578125,0.8518518518518519,0.9074074074074074,0.7962962962962963,0.7777777777777778,0.8703703703703703
53,heart-statlog,health,KNN,0.8037037037037036,0.0362887369301211,0.0680789947509765,0.0408744812011718,0.7777777777777778,0.8703703703703703,0.7777777777777778,0.7777777777777778,0.8148148148148148
53,heart-statlog,health,LogisticRegression,0.837037037037037,0.0488552072528626,0.1110904216766357,0.0412120819091796,0.8703703703703703,0.8888888888888888,0.7777777777777778,0.7777777777777778,0.8703703703703703
53,heart-statlog,health,Perceptron,0.7111111111111111,0.1127046226274291,0.0666110515594482,0.0279595851898193,0.7037037037037037,0.8148148148148148,0.7407407407407407,0.5,0.7962962962962963
53,heart-statlog,health,MLP,0.8518518518518519,0.040572041296679,1.4724164009094238,0.028346300125122,0.8703703703703703,0.9074074074074074,0.8148148148148148,0.7962962962962963,0.8703703703703703
40475,thyroid-allhyper,health,DecisionTree,0.5907142857142856,0.0247796410838595,0.2496724128723144,0.0524356365203857,0.5642857142857143,0.5625,0.6,0.5982142857142857,0.6285714285714286
40475,thyroid-allhyper,health,SVM,0.7110714285714287,0.0089926273657244,1.3260958194732666,0.3920772075653076,0.7053571428571429,0.7125,0.6982142857142857,0.7142857142857143,0.725
40475,thyroid-allhyper,health,KNN,0.6714285714285715,0.0140152977645346,0.3554744720458984,0.4306390285491943,0.6839285714285714,0.6714285714285714,0.6482142857142857,0.6660714285714285,0.6875
40475,thyroid-allhyper,health,LogisticRegression,0.7139285714285715,0.0097415583549898,2.0095016956329346,0.047741413116455,0.7285714285714285,0.7071428571428572,0.7,0.7160714285714286,0.7178571428571429
40475,thyroid-allhyper,health,Perceptron,0.6228571428571429,0.0354885724636847,0.3495960235595703,0.0660419464111328,0.6357142857142857,0.6142857142857143,0.6428571428571429,0.6625,0.5589285714285714
40475,thyroid-allhyper,health,MLP,0.7,0.0121113035412951,8.913735151290894,0.0587468147277832,0.7,0.7142857142857143,0.6892857142857143,0.6839285714285714,0.7125
40476,thyroid-allhypo,health,DecisionTree,0.5907142857142856,0.0247796410838595,0.2174122333526611,0.0580568313598632,0.5642857142857143,0.5625,0.6,0.5982142857142857,0.6285714285714286
40476,thyroid-allhypo,health,SVM,0.7110714285714287,0.0089926273657244,1.4242103099822998,0.4769144058227539,0.7053571428571429,0.7125,0.6982142857142857,0.7142857142857143,0.725
40476,thyroid-allhypo,health,KNN,0.6714285714285715,0.0140152977645346,0.335921049118042,0.2019977569580078,0.6839285714285714,0.6714285714285714,0.6482142857142857,0.6660714285714285,0.6875
40476,thyroid-allhypo,health,LogisticRegression,0.7139285714285715,0.0097415583549898,2.006413459777832,0.0539259910583496,0.7285714285714285,0.7071428571428572,0.7,0.7160714285714286,0.7178571428571429
40476,thyroid-allhypo,health,Perceptron,0.6228571428571429,0.0354885724636847,0.3729007244110107,0.082932710647583,0.6357142857142857,0.6142857142857143,0.6428571428571429,0.6625,0.5589285714285714
40476,thyroid-allhypo,health,MLP,0.7,0.0121113035412951,12.806874990463257,0.0772914886474609,0.7,0.7142857142857143,0.6892857142857143,0.6839285714285714,0.7125
40477,thyroid-allrep,health,DecisionTree,0.5907142857142856,0.0247796410838595,0.2479887008666992,0.0769324302673339,0.5642857142857143,0.5625,0.6,0.5982142857142857,0.6285714285714286
40477,thyroid-allrep,health,SVM,0.7110714285714287,0.0089926273657244,1.1342763900756836,0.4729650020599365,0.7053571428571429,0.7125,0.6982142857142857,0.7142857142857143,0.725
40477,thyroid-allrep,health,KNN,0.6714285714285715,0.0140152977645346,0.2458517551422119,0.1666615009307861,0.6839285714285714,0.6714285714285714,0.6482142857142857,0.6660714285714285,0.6875
40477,thyroid-allrep,health,LogisticRegression,0.7139285714285715,0.0097415583549898,2.57717514038086,0.0588769912719726,0.7285714285714285,0.7071428571428572,0.7,0.7160714285714286,0.7178571428571429
40477,thyroid-allrep,health,Perceptron,0.6228571428571429,0.0354885724636847,0.2877519130706787,0.0976514816284179,0.6357142857142857,0.6142857142857143,0.6428571428571429,0.6625,0.5589285714285714
40477,thyroid-allrep,health,MLP,0.7,0.0121113035412951,9.629886150360107,0.0840997695922851,0.7,0.7142857142857143,0.6892857142857143,0.6839285714285714,0.7125
40478,thyroid-dis,health,DecisionTree,0.5907142857142856,0.0247796410838595,0.2431387901306152,0.0751168727874755,0.5642857142857143,0.5625,0.6,0.5982142857142857,0.6285714285714286
40478,thyroid-dis,health,SVM,0.7110714285714287,0.0089926273657244,1.0747621059417725,0.5407805442810059,0.7053571428571429,0.7125,0.6982142857142857,0.7142857142857143,0.725
40478,thyroid-dis,health,KNN,0.6714285714285715,0.0140152977645346,0.2277891635894775,0.1188125610351562,0.6839285714285714,0.6714285714285714,0.6482142857142857,0.6660714285714285,0.6875
40478,thyroid-dis,health,LogisticRegression,0.7139285714285715,0.0097415583549898,2.6142578125,0.0760517120361328,0.7285714285714285,0.7071428571428572,0.7,0.7160714285714286,0.7178571428571429
40478,thyroid-dis,health,Perceptron,0.6228571428571429,0.0354885724636847,0.3040368556976318,0.0945556163787841,0.6357142857142857,0.6142857142857143,0.6428571428571429,0.6625,0.5589285714285714
40478,thyroid-dis,health,MLP,0.7,0.0121113035412951,9.15155029296875,0.0728437900543212,0.7,0.7142857142857143,0.6892857142857143,0.6839285714285714,0.7125
46879,mental_health_detection,health,DecisionTree,0.437037037037037,0.0505117840629105,0.0991976261138916,0.0475072860717773,0.4166666666666667,0.3611111111111111,0.4259259259259259,0.4722222222222222,0.5092592592592593
46879,mental_health_detection,health,SVM,0.4185185185185185,0.0592592592592592,0.1470394134521484,0.0577392578125,0.3796296296296296,0.324074074074074,0.4351851851851852,0.4722222222222222,0.4814814814814814
46879,mental_health_detection,health,KNN,0.4611111111111111,0.0394579180604861,0.055168867111206,0.0504627227783203,0.4351851851851852,0.4259259259259259,0.4259259259259259,0.5092592592592593,0.5092592592592593
46879,mental_health_detection,health,LogisticRegression,0.337037037037037,0.0399759873054127,0.2379608154296875,0.0214922428131103,0.3981481481481481,0.3148148148148148,0.3055555555555556,0.3703703703703703,0.2962962962962963
46879,mental_health_detection,health,Perceptron,0.3111111111111111,0.0512531574188816,0.1053473949432373,0.0300290584564209,0.3518518518518518,0.324074074074074,0.2129629629629629,0.3148148148148148,0.3518518518518518
46879,mental_health_detection,health,MLP,0.3722222222222222,0.0338438275601797,2.092250347137451,0.021573781967163,0.3888888888888889,0.3888888888888889,0.3055555555555556,0.3981481481481481,0.3796296296296296
1464,blood-transfusion-service-center,health,DecisionTree,0.7071856823266219,0.0275127055423994,0.0947833061218261,0.0392069816589355,0.6733333333333333,0.74,0.7333333333333333,0.7114093959731543,0.6778523489932886
1464,blood-transfusion-service-center,health,SVM,0.7740492170022372,0.0131721561614465,0.1577866077423095,0.0742573738098144,0.8,0.7666666666666667,0.7666666666666667,0.7718120805369127,0.7651006711409396
1464,blood-transfusion-service-center,health,KNN,0.7807606263982102,0.0254456271949798,0.0699756145477294,0.0289914608001709,0.7533333333333333,0.7933333333333333,0.7866666666666666,0.8187919463087249,0.7516778523489933
1464,blood-transfusion-service-center,health,LogisticRegression,0.7727069351230426,0.0191481318059708,0.0543248653411865,0.0207018852233886,0.8,0.76,0.7733333333333333,0.785234899328859,0.7449664429530202
1464,blood-transfusion-service-center,health,Perceptron,0.7500492170022371,0.0353503308588009,0.059598684310913,0.0240521430969238,0.76,0.68,0.7733333333333333,0.7718120805369127,0.7651006711409396
1464,blood-transfusion-service-center,health,MLP,0.7927695749440715,0.0096779506046037,2.000014543533325,0.0119769573211669,0.7933333333333333,0.8066666666666666,0.7866666666666666,0.7986577181208053,0.7785234899328859
36,segment,image,DecisionTree,0.9645021645021644,0.003239530204999,0.3131482601165771,0.0470495223999023,0.9632034632034632,0.9675324675324676,0.9588744588744588,0.9653679653679652,0.9675324675324676
36,segment,image,SVM,0.9173160173160172,0.0051948051948052,0.6031451225280762,0.4709954261779785,0.9112554112554112,0.9264069264069263,0.9134199134199136,0.9177489177489178,0.9177489177489178
36,segment,image,KNN,0.9354978354978356,0.007547876958512,0.177626371383667,1.3601138591766355,0.935064935064935,0.935064935064935,0.922077922077922,0.9415584415584416,0.9437229437229436
36,segment,image,LogisticRegression,0.932034632034632,0.012739341099188,2.9322445392608643,0.0430531501770019,0.91991341991342,0.9415584415584416,0.9134199134199136,0.9415584415584416,0.9437229437229436
36,segment,image,Perceptron,0.8562770562770563,0.0532414737114423,0.3430683612823486,0.0488946437835693,0.8787878787878788,0.9177489177489178,0.8593073593073594,0.7575757575757576,0.8679653679653679
36,segment,image,MLP,0.971861471861472,0.0072438097535417,39.79980802536011,0.0467593669891357,0.9696969696969696,0.9761904761904762,0.961038961038961,0.9696969696969696,0.9826839826839828
182,satimage,image,DecisionTree,0.8584758942457231,0.0049669422776582,1.070889949798584,0.0512661933898925,0.8576982892690513,0.8678071539657853,0.8576982892690513,0.8561430793157077,0.8530326594090202
182,satimage,image,SVM,0.900933125972006,0.0027646016850126,3.345959186553955,2.3305766582489014,0.9004665629860031,0.9051321928460342,0.9027993779160186,0.8973561430793157,0.8989113530326595
182,satimage,image,KNN,0.9069984447900468,0.0060951533257435,0.5724227428436279,1.141991376876831,0.8973561430793157,0.9027993779160186,0.9090202177293936,0.9136858475894246,0.9121306376360808
182,satimage,image,LogisticRegression,0.8567651632970451,0.0069097542430864,2.189016819000244,0.0436394214630126,0.854587869362364,0.8639191290824261,0.854587869362364,0.864696734059098,0.8460342146189735
182,satimage,image,Perceptron,0.7771384136858476,0.0568675443932238,0.7634832859039307,0.0642645359039306,0.8017107309486781,0.6656298600311042,0.8234836702954899,0.8063763608087092,0.7884914463452566
182,satimage,image,MLP,0.908398133748056,0.0049523120771666,213.4506959915161,0.0528221130371093,0.9043545878693624,0.9074650077760498,0.9144634525660964,0.9020217729393468,0.9136858475894246
6,letter,image,DecisionTree,0.87645,0.0049406477308142,1.1523067951202393,0.062960147857666,0.8785,0.873,0.8695,0.884,0.87725
6,letter,image,LogisticRegression,0.77265,0.0050164728644735,122.88631868362428,0.0658817291259765,0.7745,0.76575,0.774,0.78025,0.76875
6,letter,image,Perceptron,0.4742999999999999,0.0442635290052657,3.580851078033448,0.070249319076538,0.49475,0.46125,0.40075,0.53575,0.479
32,pendigits,image,DecisionTree,0.9593342742854828,0.0054011957236977,0.7973120212554932,0.045412540435791,0.9554342883128696,0.9608913142337426,0.9513193812556868,0.9667879890809828,0.9622383985441312
32,pendigits,image,LogisticRegression,0.9510557574147568,0.0022480395798513,22.719448804855347,0.0395417213439941,0.9472487494315598,0.9499772623919964,0.951774340309372,0.9526842584167424,0.9535941765241128
32,pendigits,image,Perceptron,0.899926014844203,0.0205595085486519,1.4933428764343262,0.053513765335083,0.8967712596634834,0.916325602546612,0.8657870791628753,0.8953594176524113,0.9253867151956324
28,optdigits,image,DecisionTree,0.897864768683274,0.0121908847921428,0.9967324733734132,0.0783512592315673,0.895017793594306,0.8879003558718861,0.8825622775800712,0.9101423487544484,0.9137010676156584
28,optdigits,image,SVM,0.98576512455516,0.0018662079148935,3.3295602798461914,1.955999135971069,0.9839857651245552,0.9839857651245552,0.9848754448398576,0.9884341637010676,0.9875444839857652
28,optdigits,image,KNN,0.9756227758007118,0.0027908162173235,0.496246337890625,1.3655939102172852,0.9759786476868328,0.9724199288256228,0.9759786476868328,0.9804270462633452,0.9733096085409252
28,optdigits,image,LogisticRegression,0.9717081850533807,0.0024783609034135,7.511783838272095,0.0637664794921875,0.9750889679715302,0.9733096085409252,0.9724199288256228,0.9688612099644128,0.9688612099644128
28,optdigits,image,Perceptron,0.9425266903914592,0.0124885175411862,1.3959031105041504,0.05295991897583,0.9537366548042704,0.945729537366548,0.9279359430604982,0.9572953736654805,0.9279359430604982
28,optdigits,image,MLP,0.9816725978647688,0.0018319626585386,52.96616792678833,0.0799226760864257,0.9795373665480428,0.98220640569395,0.9795373665480428,0.9839857651245552,0.9830960854092526
40499,texture,image,DecisionTree,0.9203636363636364,0.0053505232616589,1.6424438953399658,0.0549635887145996,0.92,0.9109090909090908,0.9272727272727272,0.9227272727272728,0.9209090909090908
40499,texture,image,SVM,0.986909090909091,0.0020409040291494,1.9351632595062256,1.898512840270996,0.9836363636363636,0.9854545454545456,0.9881818181818182,0.9890909090909092,0.9881818181818182
40499,texture,image,KNN,0.9823636363636362,0.0012331509060227,0.3205199241638183,0.4473340511322021,0.980909090909091,0.980909090909091,0.9836363636363636,0.9836363636363636,0.9827272727272728
40499,texture,image,LogisticRegression,0.9945454545454544,0.0015212000482437,11.829556226730348,0.0513255596160888,0.9927272727272728,0.9954545454545456,0.9927272727272728,0.9963636363636365,0.9954545454545456
40499,texture,image,Perceptron,0.9523636363636364,0.0157312133791442,1.324473857879639,0.0546309947967529,0.9527272727272728,0.9736363636363636,0.9627272727272728,0.9454545454545454,0.9272727272727272
40499,texture,image,MLP,0.9943636363636364,0.0006803013430498,52.35334014892578,0.0658888816833496,0.9945454545454544,0.9936363636363637,0.9936363636363637,0.9945454545454544,0.9954545454545456
20,mfeat-pixel,image,DecisionTree,0.8690000000000001,0.0094339811320565,3.001981973648072,0.7533483505249023,0.8725,0.855,0.8725,0.8625,0.8825
20,mfeat-pixel,image,SVM,0.978,0.0050990195135927,3.758577823638916,1.4354865550994873,0.9775,0.975,0.9775,0.9725,0.9875
20,mfeat-pixel,image,KNN,0.978,0.0036742346141747,2.496536493301392,1.0433499813079834,0.9775,0.975,0.975,0.9775,0.985
20,mfeat-pixel,image,LogisticRegression,0.9595,0.0074833147735478,5.599228143692017,0.7363924980163574,0.96,0.965,0.95,0.9525,0.97
20,mfeat-pixel,image,Perceptron,0.9405,0.0156044865343272,3.4822518825531006,0.7926726341247559,0.955,0.9225,0.9275,0.935,0.9625
20,mfeat-pixel,image,MLP,0.969,0.0058309518948453,20.673720598220825,0.7655103206634521,0.975,0.97,0.965,0.96,0.975
1459,artificial-characters,image,DecisionTree,0.9142679456269462,0.0075111830068135,0.7191116809844971,0.1168818473815918,0.9065557729941291,0.920743639921722,0.9256360078277888,0.9094468918257465,0.908957415565345
1459,artificial-characters,image,LogisticRegression,0.3509494019481347,0.0115458926164221,9.718392848968506,0.076700210571289,0.3483365949119373,0.3527397260273973,0.3507827788649706,0.3695545766030347,0.3333333333333333
1459,artificial-characters,image,Perceptron,0.2355618871369278,0.0490265771196485,0.8742916584014893,0.0788369178771972,0.3131115459882583,0.2201565557729941,0.2020547945205479,0.2672540381791483,0.1752325012236906
40926,CIFAR_10_small,image,DecisionTree,0.2476499999999999,0.0026009613607279,1111.5416440963745,2.870369911193848,0.248,0.25175,0.24875,0.2445,0.24525
40926,CIFAR_10_small,image,LogisticRegression,0.31215,0.0049208739061268,8229.084048986435,4.381861448287964,0.30775,0.31775,0.30925,0.3075,0.3185
40926,CIFAR_10_small,image,Perceptron,0.2351499999999999,0.0283331078422399,368.65229892730713,3.356076717376709,0.27675,0.22125,0.2145,0.203,0.26025
1462,banknote-authentication,image,DecisionTree,0.9832329130723292,0.0067645543726539,0.167877197265625,0.0433902740478515,0.9781818181818182,0.9927272727272728,0.9817518248175182,0.9744525547445256,0.9890510948905108
1462,banknote-authentication,image,SVM,1.0,0.0,0.1850433349609375,0.0660398006439209,1.0,1.0,1.0,1.0,1.0
1462,banknote-authentication,image,KNN,0.997810218978102,0.00178794871736,0.249436616897583,0.1743721961975097,1.0,1.0,0.9963503649635036,0.9963503649635036,0.9963503649635036
1462,banknote-authentication,image,LogisticRegression,0.9810510948905108,0.006273307597626,0.2408370971679687,0.0528759956359863,0.9818181818181818,0.9781818181818182,0.978102189781022,0.9744525547445256,0.9927007299270072
1462,banknote-authentication,image,Perceptron,0.9795779694757796,0.0114599793506451,0.1277277469635009,0.0594363212585449,0.9927272727272728,0.9854545454545456,0.9854014598540146,0.9744525547445256,0.95985401459854
1462,banknote-authentication,image,MLP,1.0,0.0,6.133420944213867,0.04475998878479,1.0,1.0,1.0,1.0,1.0
40496,LED-display-domain-7digit,image,DecisionTree,0.702,0.0556417109729742,0.1068751811981201,0.0422489643096923,0.71,0.6,0.77,0.72,0.71
40496,LED-display-domain-7digit,image,SVM,0.718,0.0534415568635495,0.211827278137207,0.0673625469207763,0.71,0.62,0.76,0.77,0.73
40496,LED-display-domain-7digit,image,KNN,0.7,0.0772010362624751,0.0899744033813476,0.0686919689178466,0.67,0.57,0.8,0.72,0.74
40496,LED-display-domain-7digit,image,LogisticRegression,0.73,0.0424264068711928,0.3942348957061767,0.0399858951568603,0.72,0.66,0.79,0.73,0.75
40496,LED-display-domain-7digit,image,Perceptron,0.654,0.0440908153700972,0.178802490234375,0.0610396862030029,0.64,0.63,0.73,0.67,0.6
40496,LED-display-domain-7digit,image,MLP,0.712,0.0519230199429886,14.788403511047363,0.046358585357666,0.69,0.64,0.8,0.72,0.71
44698,Fashion-MNIST_seed_0_nrows_2000_nclasses_10_ncols_100_stratify_True,image,DecisionTree,0.701,0.0144568322948009,1.1852083206176758,0.0570077896118164,0.6925,0.7275,0.6975,0.7025,0.685
44698,Fashion-MNIST_seed_0_nrows_2000_nclasses_10_ncols_100_stratify_True,image,SVM,0.7764999999999999,0.0071763500472036,1.5897152423858645,0.6562445163726807,0.78,0.78,0.7775,0.7625,0.7825
44698,Fashion-MNIST_seed_0_nrows_2000_nclasses_10_ncols_100_stratify_True,image,KNN,0.7529999999999999,0.0076485292703891,0.3369355201721191,1.1104273796081543,0.7575,0.755,0.7625,0.74,0.75
44698,Fashion-MNIST_seed_0_nrows_2000_nclasses_10_ncols_100_stratify_True,image,LogisticRegression,0.7595,0.0073143694191638,4.992103576660156,0.0554521083831787,0.75,0.7575,0.76,0.7575,0.7725
44698,Fashion-MNIST_seed_0_nrows_2000_nclasses_10_ncols_100_stratify_True,image,Perceptron,0.708,0.0315990506186499,0.711862325668335,0.0489583015441894,0.72,0.74,0.66,0.7375,0.6825
44698,Fashion-MNIST_seed_0_nrows_2000_nclasses_10_ncols_100_stratify_True,image,MLP,0.778,0.0142653426176871,59.052194595336914,0.0692191123962402,0.775,0.8,0.76,0.7675,0.7875
1478,har,sensor_signal,DecisionTree,0.9291199422851132,0.0069345263611836,69.73548102378845,0.264415979385376,0.9354368932038836,0.9300970873786408,0.9281553398058252,0.916504854368932,0.9354055366682856
1478,har,sensor_signal,LogisticRegression,0.9847561498889554,0.0029530175814753,248.8694839477539,0.3217790126800537,0.9844660194174756,0.9810679611650486,0.9878640776699028,0.9820388349514564,0.9883438562408936
1478,har,sensor_signal,Perceptron,0.9469850573140888,0.0145258364503622,23.470590353012085,0.3634459972381592,0.9257281553398058,0.9373786407766992,0.9611650485436892,0.9645631067961165,0.9460903351141332
1497,wall-robot-navigation,sensor_signal,DecisionTree,0.9957841883139776,0.0014897791236054,0.6847126483917236,0.047436237335205,0.9972527472527472,0.996333638863428,0.9935838680109992,0.994500458295142,0.997250229147571
1497,wall-robot-navigation,sensor_signal,SVM,0.8812297082691216,0.0077528184285295,4.412289381027222,2.256433486938477,0.891941391941392,0.8680109990834097,0.8845096241979835,0.8808432630614116,0.8808432630614116
1497,wall-robot-navigation,sensor_signal,KNN,0.8603344715168729,0.0093949152951551,0.2077112197875976,0.9187185764312744,0.8754578754578755,0.8487626031164069,0.8661778185151238,0.8551787351054079,0.8560953253895509
1497,wall-robot-navigation,sensor_signal,LogisticRegression,0.6999650822748897,0.0054491232914736,2.650141716003418,0.0495574474334716,0.6904761904761905,0.6975252062328139,0.7030247479376719,0.7057745187901008,0.7030247479376719
1497,wall-robot-navigation,sensor_signal,Perceptron,0.586697018227724,0.0205037604554198,0.4446642398834228,0.0558180809020996,0.5677655677655677,0.5783684692942255,0.5728689275893676,0.6251145737855178,0.5893675527039414
1497,wall-robot-navigation,sensor_signal,MLP,0.9318159231541449,0.0071552722861717,81.5405158996582,0.0648703575134277,0.944139194139194,0.9303391384051328,0.9330889092575618,0.92942254812099,0.922089825847846
40,sonar,sensor_signal,DecisionTree,0.7116144018583043,0.0332577743179318,0.1340463161468505,0.0454905033111572,0.6666666666666666,0.7380952380952381,0.7142857142857143,0.6829268292682927,0.7560975609756098
40,sonar,sensor_signal,SVM,0.8605110336817654,0.0497516836756016,0.1306433677673339,0.0477235317230224,0.8809523809523809,0.8333333333333334,0.8809523809523809,0.926829268292683,0.7804878048780488
40,sonar,sensor_signal,KNN,0.8219512195121951,0.0295736518103455,0.1013338565826416,0.2016727924346923,0.8809523809523809,0.8095238095238095,0.8095238095238095,0.8048780487804879,0.8048780487804879
40,sonar,sensor_signal,LogisticRegression,0.7836236933797908,0.0152745943997896,0.2856731414794922,0.0663526058197021,0.7619047619047619,0.7857142857142857,0.8095238095238095,0.7804878048780488,0.7804878048780488
40,sonar,sensor_signal,Perceptron,0.7358885017421603,0.0484438915230414,0.1648135185241699,0.0558991432189941,0.6904761904761905,0.7857142857142857,0.6666666666666666,0.7804878048780488,0.7560975609756098
40,sonar,sensor_signal,MLP,0.851335656213705,0.0658885744217017,4.404431104660034,0.0472152233123779,0.8333333333333334,0.9047619047619048,0.7380952380952381,0.926829268292683,0.8536585365853658
1504,steel-plates-fault,sensor_signal,DecisionTree,1.0,0.0,0.2517640590667724,0.0573234558105468,1.0,1.0,1.0,1.0,1.0
1504,steel-plates-fault,sensor_signal,SVM,0.9989690721649483,0.002061855670103,0.4955716133117676,0.1899445056915283,1.0,1.0,1.0,0.9948453608247424,1.0
1504,steel-plates-fault,sensor_signal,KNN,0.9855749609095488,0.0012562158093085,0.1198658943176269,0.3128931522369385,0.9845758354755784,0.9871134020618556,0.9871134020618556,0.9845360824742267,0.9845360824742267
1504,steel-plates-fault,sensor_signal,LogisticRegression,0.9989703972649936,0.0012610024098409,0.3481717109680176,0.0703039169311523,0.9974293059125964,1.0,1.0,0.9974226804123713,1.0
1504,steel-plates-fault,sensor_signal,Perceptron,0.9994845360824742,0.0010309278350515,0.1884582042694091,0.0557973384857177,1.0,1.0,1.0,0.9974226804123713,1.0
1504,steel-plates-fault,sensor_signal,MLP,0.9989703972649936,0.0012610024098409,5.788751602172852,0.0607879161834716,0.9974293059125964,1.0,1.0,0.9974226804123713,1.0
45562,seismic-bumps,sensor_signal,DecisionTree,0.8846723044397464,0.0065901641152532,0.4028551578521728,0.0898847579956054,0.8762088974854932,0.8878143133462283,0.8878143133462283,0.8936170212765957,0.877906976744186
45562,seismic-bumps,sensor_signal,SVM,0.9342104868576911,5.097986295412582e-05,0.8978967666625977,0.3069469928741455,0.9342359767891684,0.9342359767891684,0.9342359767891684,0.9342359767891684,0.9341085271317828
45562,seismic-bumps,sensor_signal,KNN,0.9276280869056724,0.0054677082609569,0.3023614883422851,0.1784601211547851,0.9264990328820116,0.9342359767891684,0.9264990328820116,0.9323017408123792,0.9186046511627908
45562,seismic-bumps,sensor_signal,LogisticRegression,0.9322755011770352,0.0021194991508699,0.2871999740600586,0.0873026847839355,0.9323017408123792,0.93036750483559,0.9361702127659576,0.93036750483559,0.9321705426356588
45562,seismic-bumps,sensor_signal,Perceptron,0.9063260012295142,0.0311087158007114,0.2166914939880371,0.0836489200592041,0.8897485493230174,0.9245647969052224,0.9342359767891684,0.93036750483559,0.8527131782945736
45562,seismic-bumps,sensor_signal,MLP,0.9222144752822636,0.0074724207089625,52.68095803260803,0.0850985050201416,0.9110251450676984,0.9168278529980658,0.9264990328820116,0.9323017408123792,0.9244186046511628
1476,gas-drift,sensor_signal,DecisionTree,0.9721782890007188,0.0027525793988607,18.9048240184784,0.1596229076385498,0.9680086268871316,0.9744787922358016,0.9737598849748382,0.9748382458662832,0.9698058950395398
1476,gas-drift,sensor_signal,LogisticRegression,0.9904385334291878,0.0008383827311064,23.428425073623657,0.1217279434204101,0.9895758447160315,0.9917325664989216,0.990294751976995,0.9895758447160315,0.9910136592379584
1476,gas-drift,sensor_signal,Perceptron,0.9766355140186918,0.0104550967449669,8.7492094039917,0.1384506225585937,0.9816678648454348,0.9874191229331416,0.985981308411215,0.9647735442127966,0.96333572969087
4538,GesturePhaseSegmentationProcessed,sensor_signal,DecisionTree,0.506127659574468,0.008833635017914,4.094110250473023,0.0535874366760253,0.4987341772151898,0.499746835443038,0.5215189873417722,0.5106382978723404,0.5
4538,GesturePhaseSegmentationProcessed,sensor_signal,SVM,0.5347931206956253,0.0066034735067961,32.85024356842041,12.757136106491089,0.5367088607594936,0.5275949367088607,0.5275949367088607,0.5450861195542046,0.5369807497467072
4538,GesturePhaseSegmentationProcessed,sensor_signal,KNN,0.5842205378784964,0.0101877331659905,0.4426620006561279,1.4950997829437256,0.5848101265822785,0.5812658227848101,0.5772151898734177,0.6033434650455927,0.574468085106383
4538,GesturePhaseSegmentationProcessed,sensor_signal,LogisticRegression,0.4746287561078834,0.0064242659009005,1.9383060932159424,0.0700929164886474,0.4749367088607595,0.4622784810126582,0.4769620253164557,0.4802431610942249,0.4787234042553192
4538,GesturePhaseSegmentationProcessed,sensor_signal,Perceptron,0.370804509253203,0.0327547198626619,0.9099843502044678,0.0562992095947265,0.4065822784810126,0.3422784810126582,0.410632911392405,0.3642350557244174,0.3302938196555218
4538,GesturePhaseSegmentationProcessed,sensor_signal,MLP,0.5599123286265758,0.0085910031186131,298.06932187080383,0.0747973918914794,0.5463291139240506,0.5594936708860759,0.5594936708860759,0.5734549138804458,0.560790273556231
46280,blastchar,social,DecisionTree,0.7300864168656042,0.0038319351102616,0.7905373573303223,0.1598763465881347,0.7374024130589071,0.7274662881476224,0.7267565649396736,0.7286931818181818,0.7301136363636364
46280,blastchar,social,SVM,0.7959637516936576,0.0140879370309673,9.882883787155151,3.5553643703460693,0.8090844570617459,0.7913413768630234,0.8147622427253371,0.7762784090909091,0.7883522727272727
46280,blastchar,social,KNN,0.7528005839086392,0.0121086367450698,0.5852706432342529,0.7947371006011963,0.7629524485450674,0.7508871540099361,0.7700496806245565,0.7414772727272727,0.7386363636363636
46280,blastchar,social,LogisticRegression,0.8034889347699853,0.012419320502518,0.7250142097473145,0.1596791744232177,0.808374733853797,0.8076650106458482,0.8218594748048261,0.7869318181818182,0.7926136363636364
46280,blastchar,social,Perceptron,0.7616082085941029,0.0128874356350452,0.5515899658203125,0.1652042865753173,0.7622427253371186,0.7395315826827538,0.7764371894960965,0.7578125,0.7720170454545454
46280,blastchar,social,MLP,0.7672847845022259,0.0076696546011813,87.42119431495667,0.1760163307189941,0.7665010645848119,0.7707594038325053,0.7778566359119943,0.7542613636363636,0.7670454545454546
1590,adult,social,DecisionTree,0.8133163568187625,0.0021377608647298,3.3797829151153564,0.2885463237762451,0.8146176681338929,0.8145153035111066,0.8094799344799345,0.8154176904176904,0.8125511875511876
1590,adult,social,LogisticRegression,0.8249046986200227,0.0021342405104825,2.7845664024353027,0.294849157333374,0.8265943289998976,0.8279250690961204,0.8248361998361998,0.8224815724815725,0.8226863226863227
1590,adult,social,Perceptron,0.681488328379003,0.1919877966186644,2.0012664794921875,0.403160810470581,0.8059166751970519,0.3041252942982905,0.7088452088452089,0.8047706797706797,0.7837837837837838
40701,churn,social,DecisionTree,0.9222,0.0047916594202843,1.2648093700408936,0.1130492687225341,0.923,0.929,0.923,0.914,0.922
40701,churn,social,SVM,0.9062,0.0021354156504062,2.9081060886383057,1.0825774669647217,0.905,0.908,0.906,0.909,0.903
40701,churn,social,KNN,0.8936,0.0050833060108555,0.3129866123199463,1.5960142612457275,0.886,0.898,0.898,0.889,0.897
40701,churn,social,LogisticRegression,0.8648,0.0061122827159744,0.5338072776794434,0.1057169437408447,0.864,0.869,0.865,0.872,0.854
40701,churn,social,Perceptron,0.8263999999999999,0.0458981481107898,0.4360303878784179,0.0948753356933593,0.862,0.872,0.77,0.771,0.857
40701,churn,social,MLP,0.9238,0.0033105890714493,52.824448585510254,0.1132376194000244,0.924,0.919,0.929,0.925,0.922
46667,imdb_genre_prediction,social,DecisionTree,0.56125,0.0422788363132194,0.2753310203552246,0.1108417510986328,0.5,0.625,0.54375,0.55,0.5875
46667,imdb_genre_prediction,social,SVM,0.5125,0.0,0.331317663192749,0.2097978591918945,0.5125,0.5125,0.5125,0.5125,0.5125
46667,imdb_genre_prediction,social,KNN,0.66875,0.0355756236768942,0.2463223934173584,0.150369644165039,0.6375,0.63125,0.675,0.73125,0.66875
46667,imdb_genre_prediction,social,LogisticRegression,0.7050000000000001,0.0241738495072671,0.4111638069152832,0.1107730865478515,0.7125,0.7,0.74375,0.7,0.66875
46667,imdb_genre_prediction,social,Perceptron,0.5075,0.0099999999999999,0.4988372325897217,1942.1315305233,0.4875,0.5125,0.5125,0.5125,0.5125
46667,imdb_genre_prediction,social,MLP,0.6849999999999999,0.0435889894354067,3.9808132648468018,0.0967857837677002,0.7,0.65,0.625,0.7,0.75
1119,adult-census,social,DecisionTree,0.8123214023663126,0.0028278522259435,1.1438608169555664,0.0914955139160156,0.8151389528635038,0.8141891891891891,0.8071253071253072,0.8117321867321867,0.8134213759213759
1119,adult-census,social,LogisticRegression,0.8247289252528773,0.002325337888826,0.859138011932373,0.102114200592041,0.8261937663135268,0.8221744471744472,0.8221744471744472,0.8249385749385749,0.8281633906633906
1119,adult-census,social,Perceptron,0.746167106346747,0.1267883482909054,1.4637067317962646,0.3065581321716308,0.7990173499155535,0.8209459459459459,0.7951474201474201,0.4935503685503685,0.8221744471744472
46938,Is-this-a-good-customer,social,DecisionTree,0.8014964610717896,0.0100670386120883,0.3869345188140869,0.1135149002075195,0.8057971014492754,0.8144927536231884,0.8057971014492754,0.7965116279069767,0.7848837209302325
46938,Is-this-a-good-customer,social,SVM,0.8862453656892484,0.0011035267999459,0.6388874053955078,0.2535419464111328,0.8869565217391304,0.8869565217391304,0.8840579710144928,0.8866279069767442,0.8866279069767442
46938,Is-this-a-good-customer,social,KNN,0.8728968655207279,0.0071870293733236,0.3132660388946533,0.2287847995758056,0.881159420289855,0.8724637681159421,0.863768115942029,0.8662790697674418,0.8808139534883721
46938,Is-this-a-good-customer,social,LogisticRegression,0.8850825749915741,0.0039846061126446,0.329763650894165,0.1044104099273681,0.8869565217391304,0.8869565217391304,0.8840579710144928,0.8895348837209303,0.877906976744186
46938,Is-this-a-good-customer,social,Perceptron,0.8850825749915741,0.0039846061126446,0.303579568862915,0.1052169799804687,0.8869565217391304,0.8869565217391304,0.8840579710144928,0.8895348837209303,0.877906976744186
46938,Is-this-a-good-customer,social,MLP,0.8543191776204921,0.008944111755594,44.52020764350891,0.1053171157836914,0.8695652173913043,0.8579710144927536,0.8434782608695652,0.8517441860465116,0.8488372093023255
46281,insurance_company,social,DecisionTree,0.8963551043464293,0.005943038142295,3.6172163486480713,0.4612555503845215,0.899236641221374,0.8936386768447837,0.8859470468431772,0.9017311608961304,0.9012219959266804
46281,insurance_company,social,SVM,0.9403380440809896,0.0001948214796391,33.81976771354675,5.4017417430877686,0.9404580152671757,0.9399491094147584,0.940427698574338,0.940427698574338,0.940427698574338
46281,insurance_company,social,KNN,0.9353494193187296,0.0010049514720511,2.085820436477661,3.118121862411499,0.9348600508905852,0.9338422391857506,0.9368635437881874,0.935336048879837,0.9358452138492872
46281,insurance_company,social,LogisticRegression,0.9394218580764188,0.000840849063073,5.027506589889526,0.5825858116149902,0.9384223918575064,0.9389312977099236,0.940936863543788,0.939409368635438,0.939409368635438
46281,insurance_company,social,Perceptron,0.932599824836886,0.0084165487183091,2.35018277168274,0.4629034996032715,0.9307888040712468,0.9389312977099236,0.939918533604888,0.9363543788187372,0.9170061099796334
46281,insurance_company,social,MLP,0.9199760575861694,0.0062216787581633,119.51138615608215,0.5008244514465332,0.9083969465648856,0.9267175572519084,0.919551934826884,0.9226069246435844,0.9226069246435844
46371,Customer_Churn_Classification_Nominal,social,DecisionTree,0.7936571428571428,0.0046013307746736,4.939382314682007,0.0969090461730957,0.7934285714285715,0.7988571428571428,0.7851428571428571,0.7954285714285714,0.7954285714285714
46371,Customer_Churn_Classification_Nominal,social,LogisticRegression,0.8343142857142857,0.0025831478976675,5.158824920654297,0.1087663173675537,0.8321428571428572,0.8321428571428572,0.8345714285714285,0.8391428571428572,0.8335714285714285
46371,Customer_Churn_Classification_Nominal,social,Perceptron,0.731,0.1483345364164311,1.3981595039367676,0.0929861068725586,0.805,0.4354285714285714,0.7842857142857143,0.8057142857142857,0.8245714285714286
46911,Bank_Customer_Churn,social,DecisionTree,0.7901,0.0058343808583259,0.663250207901001,0.098933458328247,0.789,0.797,0.7945,0.78,0.79
46911,Bank_Customer_Churn,social,SVM,0.8516,0.0028530685235374,13.09548568725586,4.977315664291382,0.8485,0.8505,0.849,0.855,0.855
46911,Bank_Customer_Churn,social,KNN,0.8323,0.005749782604586,0.5102293491363525,1.221834659576416,0.8365,0.8385,0.822,0.8335,0.831
46911,Bank_Customer_Churn,social,LogisticRegression,0.8084,0.005462600113499,0.7572026252746582,0.1085484027862548,0.813,0.808,0.803,0.802,0.816
46911,Bank_Customer_Churn,social,Perceptron,0.7082999999999999,0.0943385393145346,0.4800295829772949,0.0847992897033691,0.803,0.7965,0.667,0.727,0.548
46911,Bank_Customer_Churn,social,MLP,0.8583000000000001,0.0052211109928826,69.50008797645569,0.1113626956939697,0.8575,0.868,0.8525,0.858,0.8555
44232,UCI_churn,social,DecisionTree,0.905490948219584,0.0074004183962589,0.7391917705535889,0.141092300415039,0.9145427286356822,0.8920539730134932,0.9085457271364318,0.9054054054054054,0.9069069069069068
44232,UCI_churn,social,SVM,0.8718892805849328,0.0044486192645719,1.5670559406280518,0.8225376605987549,0.8650674662668666,0.8680659670164917,0.8755622188905547,0.8753753753753754,0.8753753753753754
44232,UCI_churn,social,KNN,0.8868885377131255,0.0055800427062599,0.5258281230926514,0.9512488842010498,0.8770614692653673,0.8935532233883059,0.8905547226386806,0.8858858858858859,0.8873873873873874
44232,UCI_churn,social,LogisticRegression,0.859588223906065,0.0038984772560458,0.5420751571655273,0.1291999816894531,0.8590704647676162,0.8530734632683659,0.8590704647676162,0.8648648648648649,0.8618618618618619
44232,UCI_churn,social,Perceptron,0.838284911598255,0.0232146132215493,0.4842424392700195,0.1521189212799072,0.8035982008995503,0.8680659670164917,0.8395802098950524,0.8573573573573574,0.8228228228228228
44232,UCI_churn,social,MLP,0.9153905029467247,0.0054301154447772,28.50744366645813,0.1504628658294677,0.9205397301349324,0.9220389805097452,0.9070464767616192,0.9144144144144144,0.9129129129129128
45545,Tour-and-Travels-Customer-Churn-Prediction,social,DecisionTree,0.8962248553320473,0.0210534971883926,0.1869587898254394,0.0901558399200439,0.8638743455497382,0.9162303664921466,0.8848167539267016,0.9214659685863874,0.8947368421052632
45545,Tour-and-Travels-Customer-Churn-Prediction,social,SVM,0.8155084045191513,0.0112612624025976,0.3763425350189209,0.2114577293395996,0.8219895287958116,0.8219895287958116,0.8272251308900523,0.7958115183246073,0.8105263157894737
45545,Tour-and-Travels-Customer-Churn-Prediction,social,KNN,0.8668724166437034,0.0135275620528431,0.3273353576660156,0.1428723335266113,0.8481675392670157,0.8848167539267016,0.8586387434554974,0.8795811518324608,0.8631578947368421
45545,Tour-and-Travels-Customer-Churn-Prediction,social,LogisticRegression,0.8259961421879305,0.0121110373335294,0.2673804759979248,0.0906145572662353,0.8429319371727748,0.8324607329842932,0.8219895287958116,0.806282722513089,0.8263157894736842
45545,Tour-and-Travels-Customer-Churn-Prediction,social,Perceptron,0.7118049049324883,0.1140017797186455,0.1681149005889892,0.0779597759246826,0.8272251308900523,0.5235602094240838,0.7958115183246073,0.6387434554973822,0.7736842105263158
45545,Tour-and-Travels-Customer-Churn-Prediction,social,MLP,0.8301846238633231,0.0157821150997616,19.342631816864014,0.0812153816223144,0.8115183246073299,0.8219895287958116,0.8586387434554974,0.8324607329842932,0.8263157894736842
373,UNIX_user_data,social,DecisionTree,0.4856043956043955,0.0075128196198405,0.5633125305175781,0.175105333328247,0.4879120879120879,0.4912087912087912,0.4752747252747252,0.4950549450549451,0.4785714285714286
373,UNIX_user_data,social,SVM,0.3328571428571428,0.0085714285714285,16.69647717475891,9.708935737609863,0.3351648351648351,0.3302197802197802,0.3175824175824175,0.3406593406593406,0.3406593406593406
373,UNIX_user_data,social,KNN,0.4282417582417582,0.0112796724574561,0.3975117206573486,0.2025873661041259,0.432967032967033,0.417032967032967,0.4153846153846154,0.4461538461538462,0.4296703296703296
373,UNIX_user_data,social,LogisticRegression,0.2869230769230769,0.0049316056422674,1.1175034046173096,0.155984878540039,0.2928571428571428,0.2928571428571428,0.2835164835164835,0.284065934065934,0.2813186813186813
373,UNIX_user_data,social,Perceptron,0.2684615384615385,0.0161078061108015,0.6800746917724609,0.157855749130249,0.278021978021978,0.2686813186813186,0.2884615384615384,0.267032967032967,0.2401098901098901
373,UNIX_user_data,social,MLP,0.3354945054945055,0.0230732597824993,309.01269030570984,0.3302061557769775,0.3236263736263736,0.3406593406593406,0.2989010989010989,0.3675824175824176,0.3467032967032967
1457,amazon-commerce-reviews,social,DecisionTree,0.4286666666666666,0.0268824602048746,50.55550146102905,1.0001897811889648,0.4666666666666667,0.39,0.43,0.41,0.4466666666666666
1457,amazon-commerce-reviews,social,LogisticRegression,0.8013333333333332,0.0217664369564193,46.43907523155213,1.246878147125244,0.83,0.77,0.82,0.8,0.7866666666666666
1457,amazon-commerce-reviews,social,Perceptron,0.724,0.0282370914460631,92.80151748657228,1.1951348781585691,0.7533333333333333,0.7033333333333334,0.75,0.68,0.7333333333333333
46806,product_sentiment_machine_hack,text,DecisionTree,0.7471865594953255,0.0900566209225104,0.6850836277008057,0.1334981918334961,0.8204121687929342,0.775049115913556,0.787819253438114,0.5697445972495089,0.7829076620825147
46806,product_sentiment_machine_hack,text,SVM,0.8656445029700908,0.0052681131077742,5.495909214019775,1.575178146362305,0.8694798822374877,0.8722986247544204,0.8585461689587426,0.8605108055009824,0.8673870333988212
46806,product_sentiment_machine_hack,text,KNN,0.836965051063198,0.0057171417573783,0.3572661876678467,0.204374074935913,0.8478900883218842,0.8369351669941061,0.8349705304518664,0.8330058939096268,0.8320235756385069
46806,product_sentiment_machine_hack,text,LogisticRegression,0.8544487738855653,0.0045899155295729,0.8561356067657471,0.1316304206848144,0.8557409224730128,0.8614931237721022,0.8477406679764243,0.8516699410609038,0.8555992141453831
46806,product_sentiment_machine_hack,text,Perceptron,0.8208621650333257,0.0292381575146851,0.4334821701049804,0.1465482711791992,0.8115799803729146,0.8447937131630648,0.7711198428290766,0.8222003929273084,0.8546168958742633
46806,product_sentiment_machine_hack,text,MLP,0.8693773124003463,0.0047723611480255,44.94578576087952,0.1457710266113281,0.8694798822374877,0.8772102161100196,0.862475442043222,0.8703339882121808,0.8673870333988212
46937,in_vehicle_coupon_recommendation,text,DecisionTree,0.6843271630344093,0.0051019887004028,1.4991998672485352,0.2704384326934814,0.681119432400473,0.6771777690185258,0.6830902640914466,0.6901852581789515,0.6900630914826499
46937,in_vehicle_coupon_recommendation,text,LogisticRegression,0.6272466548706899,0.0108830362205746,1.3474082946777344,0.2727949619293213,0.6346078044934963,0.6085928261726449,0.640520299566417,0.6286953094205755,0.6238170347003155
46937,in_vehicle_coupon_recommendation,text,Perceptron,0.5447021619464107,0.0591745232502363,1.2024574279785156,0.2872753143310547,0.4394954670871107,0.5971620023649981,0.5352778872684273,0.6046511627906976,0.5469242902208202
46941,maternal_health_risk,text,DecisionTree,0.833331707554992,0.0227765258269418,0.1518950462341308,0.0758411884307861,0.8177339901477833,0.812807881773399,0.8768472906403941,0.8275862068965517,0.8316831683168316
46941,maternal_health_risk,text,SVM,0.4132029459103546,0.0143928528571207,0.5060012340545654,0.2014415264129638,0.4187192118226601,0.438423645320197,0.3990147783251231,0.4088669950738916,0.400990099009901
46941,maternal_health_risk,text,KNN,0.671584646149344,0.0144349177583049,0.1137919425964355,0.0825819969177246,0.6798029556650246,0.6502463054187192,0.6847290640394089,0.6847290640394089,0.6584158415841584
46941,maternal_health_risk,text,LogisticRegression,0.6173438033458518,0.0214979871080876,3.053926706314087,0.0434174537658691,0.6206896551724138,0.5911330049261084,0.6551724137931034,0.6157635467980296,0.6039603960396039
46941,maternal_health_risk,text,Perceptron,0.4683851143735063,0.0675532269219833,0.1269185543060302,0.0427911281585693,0.3694581280788177,0.5517241379310345,0.5123152709359606,0.4975369458128079,0.4108910891089108
46941,maternal_health_risk,text,MLP,0.5383797493049797,0.0477247429000154,2.7780027389526367,0.0502524375915527,0.5615763546798029,0.6009852216748769,0.541871921182266,0.5320197044334976,0.4554455445544554
1158,AP_Breast_Kidney,biology,DecisionTree,0.9503305785123968,0.0188465996224266,15.859626293182371,0.4492924213409424,0.9173553719008264,0.9586776859504132,0.975206611570248,0.950413223140496,0.95
1158,AP_Breast_Kidney,biology,LogisticRegression,0.9768319559228652,0.0176378257565655,10.735731601715088,1.347606182098389,0.9834710743801652,0.9834710743801652,0.9917355371900828,0.9421487603305784,0.9833333333333332
1158,AP_Breast_Kidney,biology,Perceptron,0.9768319559228652,0.0176378257565655,20.445549249649048,1.3431396484375,0.9834710743801652,0.9834710743801652,0.9917355371900828,0.9421487603305784,0.9833333333333332
1137,AP_Colon_Kidney,biology,DecisionTree,0.9560133444537116,0.0168661568789813,30.906354904174805,1.0714843273162842,0.9727272727272728,0.9724770642201837,0.9541284403669724,0.926605504587156,0.9541284403669724
1137,AP_Colon_Kidney,biology,LogisticRegression,0.979833194328607,0.0068922036483786,23.14619493484497,1.2447521686553955,0.990909090909091,0.981651376146789,0.9724770642201837,0.9724770642201837,0.981651376146789
1137,AP_Colon_Kidney,biology,Perceptron,0.9798498748957464,0.0089960078587977,19.449149131774902,1.206108808517456,0.9818181818181818,0.981651376146789,0.9908256880733946,0.981651376146789,0.963302752293578
1165,AP_Breast_Ovary,biology,DecisionTree,0.9427964661909616,0.0169227026613155,38.838483810424805,1.096977949142456,0.926605504587156,0.963302752293578,0.9629629629629628,0.9351851851851852,0.925925925925926
1165,AP_Breast_Ovary,biology,LogisticRegression,0.9741930003397894,0.0106615366404237,22.82498335838318,1.4237196445465088,0.9541284403669724,0.981651376146789,0.9814814814814816,0.9722222222222222,0.9814814814814816
1165,AP_Breast_Ovary,biology,Perceptron,0.972375127420999,0.0129266731666363,19.01092886924744,1.3060104846954346,0.9541284403669724,0.963302752293578,0.9907407407407408,0.9814814814814816,0.9722222222222222
1150,AP_Breast_Lung,biology,DecisionTree,0.9382978723404256,0.0206284249251758,35.39933514595032,1.039317607879639,0.9042553191489362,0.946808510638298,0.925531914893617,0.9574468085106383,0.9574468085106383
1150,AP_Breast_Lung,biology,LogisticRegression,0.9446808510638296,0.015635040911382,21.1008620262146,1.2963659763336182,0.9361702127659576,0.925531914893617,0.9680851063829788,0.9361702127659576,0.9574468085106383
1150,AP_Breast_Lung,biology,Perceptron,0.948936170212766,0.0079609731633488,16.368534803390503,1.1840736865997314,0.946808510638298,0.9574468085106383,0.9574468085106383,0.9361702127659576,0.946808510638298
1148,AP_Breast_Uterus,biology,DecisionTree,0.9230610844200412,0.0183740306866524,35.651713848114014,1.0449159145355225,0.9148936170212766,0.9574468085106383,0.9042553191489362,0.9247311827956988,0.913978494623656
1148,AP_Breast_Uterus,biology,LogisticRegression,0.9572409059711736,0.0192490563607302,21.469741106033325,1.3498640060424805,0.9680851063829788,0.946808510638298,0.9680851063829788,0.9247311827956988,0.978494623655914
1148,AP_Breast_Uterus,biology,Perceptron,0.96371539693434,0.0083967155204382,15.974984884262083,1.1282317638397217,0.9574468085106383,0.9574468085106383,0.9574468085106383,0.967741935483871,0.978494623655914
1149,AP_Ovary_Kidney,biology,DecisionTree,0.943191591017678,0.0108871659371025,26.37412071228028,1.032379388809204,0.9565217391304348,0.9565217391304348,0.9347826086956522,0.934065934065934,0.934065934065934
1149,AP_Ovary_Kidney,biology,LogisticRegression,0.980315336837076,0.0174515790790915,18.36672806739807,1.22566556930542,1.0,1.0,0.9565217391304348,0.967032967032967,0.978021978021978
1149,AP_Ovary_Kidney,biology,Perceptron,0.9737697085523174,0.0088042472745681,15.258726835250854,1.0584697723388672,0.9782608695652174,0.9891304347826086,0.967391304347826,0.967032967032967,0.967032967032967
1127,AP_Breast_Omentum,biology,DecisionTree,0.931064425770308,0.0159463238242915,30.314589977264404,0.9417970180511476,0.9529411764705882,0.9404761904761904,0.9285714285714286,0.9047619047619048,0.9285714285714286
1127,AP_Breast_Omentum,biology,LogisticRegression,0.9667226890756302,0.0139220476840739,20.068992376327515,1.180830717086792,0.976470588235294,0.9642857142857144,0.9761904761904762,0.9404761904761904,0.9761904761904762
1127,AP_Breast_Omentum,biology,Perceptron,0.9119607843137254,0.0936556873382209,14.235875368118286,1.0892791748046875,0.976470588235294,0.9642857142857144,0.9523809523809524,0.7261904761904762,0.9404761904761904
1122,AP_Breast_Prostate,biology,DecisionTree,0.9903320599471056,0.0090240835581165,20.801260709762573,0.9756653308868408,0.9879518072289156,1.0,0.9759036144578314,1.0,0.9878048780487804
1122,AP_Breast_Prostate,biology,LogisticRegression,0.9903320599471056,0.014055648092608,16.88259768486023,1.1702280044555664,1.0,1.0,0.963855421686747,1.0,0.9878048780487804
1122,AP_Breast_Prostate,biology,Perceptron,0.9854540111666176,0.0178156705199917,13.991046905517578,1.0827677249908447,1.0,1.0,0.963855421686747,1.0,0.9634146341463414
1126,AP_Colon_Lung,biology,DecisionTree,0.9392594769321188,0.0155674499901589,26.98466181755066,0.9896318912506104,0.9397590361445785,0.963855421686747,0.9390243902439024,0.9390243902439024,0.9146341463414634
1126,AP_Colon_Lung,biology,LogisticRegression,0.958830443726124,0.0195265287290325,17.579612970352173,1.1900005340576172,0.9397590361445785,0.9397590361445785,0.975609756097561,0.951219512195122,0.9878048780487804
1126,AP_Colon_Lung,biology,Perceptron,0.9514252130473112,0.0172281214799733,13.8549222946167,1.249375343322754,0.9759036144578314,0.9397590361445785,0.9634146341463414,0.926829268292683,0.951219512195122
1123,AP_Endometrium_Breast,biology,DecisionTree,0.9432098765432098,0.0215254268816823,28.319995403289795,1.0429139137268066,0.9506172839506172,0.9506172839506172,0.925925925925926,0.9753086419753086,0.9135802469135802
1123,AP_Endometrium_Breast,biology,LogisticRegression,0.9851851851851852,0.0143974120860377,18.64633822441101,1.2551188468933103,0.9629629629629628,1.0,0.9753086419753086,1.0,0.9876543209876544
1123,AP_Endometrium_Breast,biology,Perceptron,0.9679012345679012,0.0060481228216868,14.198203563690186,1.0518784523010254,0.9629629629629628,0.9753086419753086,0.9629629629629628,0.9753086419753086,0.9629629629629628
1163,AP_Lung_Kidney,biology,DecisionTree,0.9377622377622375,0.0192099346121429,22.44437336921692,1.05509352684021,0.9615384615384616,0.948051948051948,0.922077922077922,0.9090909090909092,0.948051948051948
1163,AP_Lung_Kidney,biology,LogisticRegression,0.9715617715617716,0.0149406974070374,16.77475380897522,1.150904655456543,0.9487179487179488,0.987012987012987,0.974025974025974,0.987012987012987,0.961038961038961
1163,AP_Lung_Kidney,biology,Perceptron,0.9637695637695636,0.0125632512794422,13.742107629776,1.1519994735717771,0.9487179487179488,0.974025974025974,0.974025974025974,0.974025974025974,0.948051948051948
1129,AP_Uterus_Kidney,biology,DecisionTree,0.9401230348598768,0.0102902032899843,20.12411403656006,1.0214793682098389,0.948051948051948,0.948051948051948,0.935064935064935,0.922077922077922,0.9473684210526316
1129,AP_Uterus_Kidney,biology,LogisticRegression,0.9791182501708816,0.0157049160143965,15.756455183029177,1.1370453834533691,1.0,0.987012987012987,0.961038961038961,0.987012987012987,0.9605263157894736
1129,AP_Uterus_Kidney,biology,Perceptron,0.9635338345864662,0.0052498255473198,13.382672548294067,1.0106348991394043,0.974025974025974,0.961038961038961,0.961038961038961,0.961038961038961,0.9605263157894736
1147,AP_Omentum_Kidney,biology,DecisionTree,0.9494732221246708,0.027778342611252,16.039000749588013,0.9825592041015624,0.9558823529411764,0.9705882352941176,0.9253731343283582,0.9850746268656716,0.9104477611940298
1147,AP_Omentum_Kidney,biology,LogisticRegression,0.9762071992976296,0.012006446685248,14.173581600189207,1.0254764556884766,0.9852941176470588,0.9852941176470588,0.9552238805970148,0.9701492537313432,0.9850746268656716
1147,AP_Omentum_Kidney,biology,Perceptron,0.9762510974539068,0.0072960795906292,4.592846632003784,0.3883326053619385,0.9852941176470588,0.9705882352941176,0.9701492537313432,0.9701492537313432,0.9850746268656716
1144,AP_Prostate_Kidney,biology,DecisionTree,0.9696969696969696,0.0214274782177741,14.99437403678894,0.9140682220458984,0.9545454545454546,0.9848484848484848,0.9696969696969696,0.9393939393939394,1.0
1144,AP_Prostate_Kidney,biology,LogisticRegression,0.990909090909091,0.0121212121212121,13.339431524276732,1.0866985321044922,1.0,0.9848484848484848,1.0,0.9696969696969696,1.0
1144,AP_Prostate_Kidney,biology,Perceptron,0.987878787878788,0.0113383557174967,10.847002983093262,0.9672613143920898,0.9696969696969696,0.9848484848484848,0.9848484848484848,1.0,1.0
46752,student_lifestyle_dataset,education,DecisionTree,1.0,0.0,0.2036545276641845,0.0732290744781494,1.0,1.0,1.0,1.0,1.0
46752,student_lifestyle_dataset,education,SVM,0.903,0.0218746428542273,0.8674366474151611,0.6169865131378174,0.9075,0.87,0.935,0.9125,0.89
46752,student_lifestyle_dataset,education,KNN,0.8695,0.0099247166206396,0.2198066711425781,0.2164351940155029,0.885,0.8575,0.8725,0.8725,0.86
46752,student_lifestyle_dataset,education,LogisticRegression,0.8240000000000001,0.0136565002837476,1.1003355979919434,0.0695776939392089,0.8375,0.82,0.8425,0.81,0.81
46752,student_lifestyle_dataset,education,Perceptron,0.7649999999999999,0.0588005102018681,0.2144587039947509,0.0662026405334472,0.765,0.805,0.8475,0.6775,0.73
46752,student_lifestyle_dataset,education,MLP,0.9825,0.0044721359549995,29.716110467910767,0.0255353450775146,0.985,0.99,0.98,0.98,0.9775
43098,students_scores,education,DecisionTree,0.8160000000000001,0.0152970585407783,0.3192710876464844,0.11775803565979,0.835,0.825,0.79,0.82,0.81
43098,students_scores,education,SVM,0.889,0.0195959179422654,0.5571389198303223,0.2228987216949463,0.88,0.915,0.87,0.91,0.87
43098,students_scores,education,KNN,0.769,0.0159373774505092,0.3595290184020996,0.1877553462982177,0.765,0.77,0.77,0.745,0.795
43098,students_scores,education,LogisticRegression,0.892,0.0235796522451032,0.427086591720581,0.122443675994873,0.875,0.925,0.88,0.915,0.865
43098,students_scores,education,Perceptron,0.8400000000000001,0.0632455532033676,0.25685715675354,0.117891788482666,0.87,0.875,0.855,0.885,0.715
43098,students_scores,education,MLP,0.89,0.0214476105895272,14.354332208633425,0.1244037151336669,0.87,0.915,0.885,0.915,0.865
45748,StudentsPerformance,education,DecisionTree,0.8160000000000001,0.0152970585407783,0.2827231884002685,0.129143476486206,0.835,0.825,0.79,0.82,0.81
45748,StudentsPerformance,education,SVM,0.889,0.0195959179422654,0.4312376976013183,0.2602238655090332,0.88,0.915,0.87,0.91,0.87
45748,StudentsPerformance,education,KNN,0.769,0.0159373774505092,0.2699687480926513,0.1714949607849121,0.765,0.77,0.77,0.745,0.795
45748,StudentsPerformance,education,LogisticRegression,0.892,0.0235796522451032,0.362600564956665,0.123622179031372,0.875,0.925,0.88,0.915,0.865
45748,StudentsPerformance,education,Perceptron,0.8400000000000001,0.0632455532033676,0.270139217376709,0.1250550746917724,0.87,0.875,0.855,0.885,0.715
45748,StudentsPerformance,education,MLP,0.89,0.0214476105895272,15.127588748931885,0.1507353782653808,0.87,0.915,0.885,0.915,0.865
46745,Advanced_IoT_Dataset,education,DecisionTree,1.0,0.0,2.8684897422790527,0.1883683204650879,1.0,1.0,1.0,1.0,1.0
46745,Advanced_IoT_Dataset,education,LogisticRegression,1.0,0.0,8.553646564483643,0.1794435977935791,1.0,1.0,1.0,1.0,1.0
46745,Advanced_IoT_Dataset,education,Perceptron,1.0,0.0,2.2189998626708984,0.1975808143615722,1.0,1.0,1.0,1.0,1.0
46502,Credit_Approval_Classification,finance,DecisionTree,0.683,0.0128840987267251,0.2468247413635254,0.0720822811126709,0.685,0.685,0.7,0.66,0.685
46502,Credit_Approval_Classification,finance,SVM,0.7310000000000001,0.0124096736459908,0.487553596496582,0.2302725315093994,0.72,0.73,0.715,0.745,0.745
46502,Credit_Approval_Classification,finance,KNN,0.6900000000000001,0.0202484567313165,0.2020680904388427,2.1673736572265625,0.685,0.68,0.66,0.715,0.71
46502,Credit_Approval_Classification,finance,LogisticRegression,0.734,0.0281780056072107,0.340097427368164,0.0724210739135742,0.745,0.695,0.73,0.78,0.72
46502,Credit_Approval_Classification,finance,Perceptron,0.6709999999999999,0.0972316820794539,0.1680819988250732,0.0732626914978027,0.68,0.735,0.76,0.695,0.485
46502,Credit_Approval_Classification,finance,MLP,0.7160000000000001,0.0259615099714943,30.952138662338257,0.0212702751159667,0.695,0.7,0.72,0.7,0.765
43595,Loan-Predication,finance,DecisionTree,0.6970545115287219,0.0298443699793731,0.2429647445678711,0.0948140621185302,0.6829268292682927,0.6829268292682927,0.7560975609756098,0.6747967479674797,0.6885245901639344
43595,Loan-Predication,finance,SVM,0.8045848327335733,0.0209827627045019,0.3896410465240478,0.1830074787139892,0.8130081300813008,0.8211382113821138,0.8048780487804879,0.7642276422764228,0.819672131147541
43595,Loan-Predication,finance,KNN,0.785072637611622,0.0240186130003047,0.1602075099945068,0.0654032230377197,0.7967479674796748,0.7886178861788617,0.7723577235772358,0.7479674796747967,0.819672131147541
43595,Loan-Predication,finance,LogisticRegression,0.8045981607357058,0.0254488210629395,0.2893037796020508,0.0946195125579834,0.8130081300813008,0.8211382113821138,0.8048780487804879,0.7560975609756098,0.8278688524590164
43595,Loan-Predication,finance,Perceptron,0.7736372117819539,0.0381454406293693,0.2053470611572265,0.0772633552551269,0.7967479674796748,0.7804878048780488,0.8048780487804879,0.6991869918699187,0.7868852459016393
43595,Loan-Predication,finance,MLP,0.7573770491803279,0.0239020690717412,8.28986668586731,0.0446722507476806,0.7804878048780488,0.7235772357723578,0.7560975609756098,0.7398373983739838,0.7868852459016393
46605,differentiated_thyroid_cancer_recurrence,health,DecisionTree,0.9267942583732056,0.0231867329989006,0.1417536735534668,0.0531072616577148,0.948051948051948,0.935064935064935,0.935064935064935,0.9342105263157896,0.881578947368421
46605,differentiated_thyroid_cancer_recurrence,health,SVM,0.9269309637730688,0.017673039659084,0.242725133895874,0.0999224185943603,0.922077922077922,0.922077922077922,0.922077922077922,0.9605263157894736,0.9078947368421052
46605,differentiated_thyroid_cancer_recurrence,health,KNN,0.9085782638414216,0.0221466967040809,0.2325620651245117,0.5725729465484619,0.922077922077922,0.9090909090909092,0.9090909090909092,0.868421052631579,0.9342105263157896
46605,differentiated_thyroid_cancer_recurrence,health,LogisticRegression,0.9059466848940532,0.0155877878856656,0.3834939002990722,0.126164436340332,0.922077922077922,0.922077922077922,0.8961038961038961,0.9078947368421052,0.881578947368421
46605,differentiated_thyroid_cancer_recurrence,health,Perceptron,0.8691387559808612,0.04910778784046,0.2845480442047119,0.0976290702819824,0.9090909090909092,0.9090909090909092,0.9090909090909092,0.8157894736842105,0.8026315789473685
46605,differentiated_thyroid_cancer_recurrence,health,MLP,0.9346548188653452,0.0146658359594148,9.51519250869751,0.169236421585083,0.935064935064935,0.948051948051948,0.948051948051948,0.9342105263157896,0.9078947368421052
37,diabetes,health,DecisionTree,0.7017485782191665,0.0410785012659494,0.2085340023040771,0.0752861499786377,0.7272727272727273,0.7272727272727273,0.7077922077922078,0.7254901960784313,0.6209150326797386
37,diabetes,health,SVM,0.7629997453526866,0.0143320018523926,0.2488360404968261,0.147221565246582,0.7467532467532467,0.7857142857142857,0.7727272727272727,0.7516339869281046,0.7581699346405228
37,diabetes,health,KNN,0.7278244631185808,0.0195959523159085,0.1625771522521972,0.1329262256622314,0.7597402597402597,0.7337662337662337,0.7207792207792207,0.7254901960784313,0.6993464052287581
37,diabetes,health,LogisticRegression,0.7746965452847806,0.0146982856786156,0.2506787776947021,0.0853760242462158,0.7792207792207793,0.7922077922077922,0.7857142857142857,0.7647058823529411,0.7516339869281046
37,diabetes,health,Perceptron,0.7162380103556574,0.0795149346882733,0.1691441535949707,0.0828883647918701,0.7467532467532467,0.7727272727272727,0.5584415584415584,0.7450980392156863,0.7581699346405228
37,diabetes,health,MLP,0.7617180205415499,0.0134140197490485,14.245033740997314,0.0614748001098632,0.7467532467532467,0.7727272727272727,0.7662337662337663,0.7777777777777778,0.7450980392156863
46601,Cirrhosis_Patient_Survival_Prediction,health,DecisionTree,0.6269936890418818,0.0766900900941903,0.4449267387390136,0.1839680671691894,0.6547619047619048,0.6428571428571429,0.5,0.7349397590361446,0.6024096385542169
46601,Cirrhosis_Patient_Survival_Prediction,health,SVM,0.7296041308089501,0.0448319461460039,0.4765434265136719,0.2257153987884521,0.7976190476190477,0.6904761904761905,0.7261904761904762,0.7590361445783133,0.6746987951807228
46601,Cirrhosis_Patient_Survival_Prediction,health,KNN,0.6626219162363741,0.0591120625500414,0.3720376491546631,1.0226318836212158,0.75,0.6428571428571429,0.6190476190476191,0.7108433734939759,0.5903614457831325
46601,Cirrhosis_Patient_Survival_Prediction,health,LogisticRegression,0.7222891566265061,0.045715123106704,1.695293426513672,0.1869630813598632,0.7738095238095238,0.75,0.7261904761904762,0.7228915662650602,0.6385542168674698
46601,Cirrhosis_Patient_Survival_Prediction,health,Perceptron,0.5855421686746988,0.117639635747949,0.3944892883300781,0.2042288780212402,0.5833333333333334,0.6904761904761905,0.7261904761904762,0.5301204819277109,0.3975903614457831
46601,Cirrhosis_Patient_Survival_Prediction,health,MLP,0.6720596672403902,0.0723444929312944,23.84990358352661,0.2035512924194336,0.6904761904761905,0.6547619047619048,0.75,0.7228915662650602,0.5421686746987951
46733,diabetes_risk_prediction_dataset,health,DecisionTree,0.9673076923076922,0.0156231507781461,0.396493911743164,0.178079605102539,0.9615384615384616,0.9807692307692308,0.9903846153846154,0.9519230769230768,0.9519230769230768
46733,diabetes_risk_prediction_dataset,health,SVM,0.9615384615384616,0.0086002614519222,0.4271059036254883,0.1757652759552002,0.9519230769230768,0.9615384615384616,0.971153846153846,0.971153846153846,0.9519230769230768
46733,diabetes_risk_prediction_dataset,health,KNN,0.9153846153846154,0.0222612248130581,0.3560190200805664,0.7017934322357178,0.8942307692307693,0.903846153846154,0.9423076923076924,0.8942307692307693,0.9423076923076924
46733,diabetes_risk_prediction_dataset,health,LogisticRegression,0.928846153846154,0.0098058067569092,0.4628505706787109,0.1702394485473632,0.9326923076923076,0.9230769230769232,0.9423076923076924,0.9326923076923076,0.9134615384615384
46733,diabetes_risk_prediction_dataset,health,Perceptron,0.8634615384615385,0.0904868488924506,0.4077491760253906,0.1704626083374023,0.903846153846154,0.9134615384615384,0.9134615384615384,0.903846153846154,0.6826923076923077
46733,diabetes_risk_prediction_dataset,health,MLP,0.9692307692307692,0.0112133690285486,12.540911436080933,0.1958889961242675,0.9519230769230768,0.971153846153846,0.9807692307692308,0.9807692307692308,0.9615384615384616
46600,maternal_health_risk,health,DecisionTree,0.8481636833634102,0.0301286308580617,0.1593320369720459,0.0711362361907959,0.8669950738916257,0.8620689655172413,0.8177339901477833,0.8078817733990148,0.8861386138613861
46600,maternal_health_risk,health,SVM,0.4092766912159196,0.0090752828495499,0.463447093963623,0.2717947959899902,0.3990147783251231,0.4039408866995074,0.4236453201970443,0.4039408866995074,0.4158415841584158
46600,maternal_health_risk,health,KNN,0.6853826269326441,0.0254750188510063,0.1526980400085449,0.0965678691864013,0.7192118226600985,0.7044334975369458,0.6896551724137931,0.6502463054187192,0.6633663366336634
46600,maternal_health_risk,health,LogisticRegression,0.6173389260108277,0.0311597570975601,4.469446420669556,0.0887341499328613,0.6354679802955665,0.6551724137931034,0.5665024630541872,0.6305418719211823,0.599009900990099
46600,maternal_health_risk,health,Perceptron,0.3884407159927815,0.0814104880973801,0.1973116397857666,0.0815663337707519,0.3645320197044335,0.4975369458128079,0.458128078817734,0.354679802955665,0.2673267326732673
46600,maternal_health_risk,health,MLP,0.537501829000634,0.0331112443102394,5.701636552810669,0.0852534770965576,0.5763546798029556,0.541871921182266,0.4827586206896552,0.5221674876847291,0.5643564356435643
46602,Predicting_Risk_Factors_of_Chronic_Kidney_Disease,health,DecisionTree,1.0,0.0,0.4037487506866455,0.1732289791107177,1.0,1.0,1.0,1.0,1.0
46602,Predicting_Risk_Factors_of_Chronic_Kidney_Disease,health,SVM,1.0,0.0,0.4173581600189209,0.1639308929443359,1.0,1.0,1.0,1.0,1.0
46602,Predicting_Risk_Factors_of_Chronic_Kidney_Disease,health,KNN,0.97,0.01,0.3720815181732178,0.4703476428985595,0.975,0.975,0.975,0.975,0.95
46602,Predicting_Risk_Factors_of_Chronic_Kidney_Disease,health,LogisticRegression,1.0,0.0,0.409325361251831,0.1354627609252929,1.0,1.0,1.0,1.0,1.0
46602,Predicting_Risk_Factors_of_Chronic_Kidney_Disease,health,Perceptron,0.995,0.01,0.2314999103546142,0.0884010791778564,1.0,0.975,1.0,1.0,1.0
46602,Predicting_Risk_Factors_of_Chronic_Kidney_Disease,health,MLP,1.0,0.0,1.5406301021575928,0.06361985206604,1.0,1.0,1.0,1.0,1.0
42178,telco-customer-churn,social,DecisionTree,0.6886240644557713,0.0110233513407563,0.824268102645874,0.1592051982879638,0.6997870830376153,0.6863023420865862,0.7004968062455642,0.6704545454545454,0.6860795454545454
42178,telco-customer-churn,social,SVM,0.7941184713529905,0.0117163646288704,4.612890720367432,2.1791646480560303,0.8076650106458482,0.7920511000709723,0.8062455642299503,0.7762784090909091,0.7883522727272727
42178,telco-customer-churn,social,KNN,0.7359042317246274,0.0126040490125204,1.040274143218994,0.35369873046875,0.7480482611781405,0.7366926898509581,0.7494677075940384,0.7151988636363636,0.7301136363636364
42178,telco-customer-churn,social,LogisticRegression,0.8046264073488612,0.0109862976403649,0.7300469875335693,0.149742841720581,0.8105039034776437,0.7963094393186657,0.8232789212207239,0.7933238636363636,0.7997159090909091
42178,telco-customer-churn,social,Perceptron,0.7469829706755274,0.0266697046462642,0.7097220420837402,0.1583743095397949,0.7814052519517388,0.6997870830376153,0.758694109297374,0.7492897727272727,0.7457386363636364
42178,telco-customer-churn,social,MLP,0.7593315496161044,0.0161029695769547,40.32035708427429,0.1330189704895019,0.7785663591199432,0.7480482611781405,0.7792760823278921,0.7478693181818182,0.7428977272727273
44226,NewspaperChurn,social,DecisionTree,0.7295490381583096,0.0243668647598944,1.68174409866333,0.3141515254974365,0.7559129612109745,0.7562283191422264,0.7114474929044465,0.7297382529170608,0.6944181646168401
44226,NewspaperChurn,social,LogisticRegression,0.8143803216650898,0.0022967065854346,1.6049680709838867,0.2535426616668701,0.8164616840113529,0.8139388205613372,0.8111005991800694,0.8129927467675812,0.8174077578051088
44226,NewspaperChurn,social,Perceptron,0.6556922106590981,0.2248878767056678,1.1972754001617432,0.2525656223297119,0.8120466729738253,0.8095238095238095,0.2333648691264585,0.6114790286975718,0.8120466729738253
46652,news_channel,text,DecisionTree,0.3362739006630855,0.0142788080558802,2.5080373287200928,0.1728684902191162,0.3463150110919398,0.323145181168351,0.3421247227015035,0.353709637663298,0.3160749506903353
46652,news_channel,text,LogisticRegression,0.4647008555111359,0.0074596969168227,17.047889947891235,0.257056713104248,0.4599457727384767,0.4769534138526004,0.4601922602908553,0.4695587872812423,0.4568540433925049
46652,news_channel,text,Perceptron,0.3302616341395469,0.0407453579447211,1.390267848968506,0.2161314487457275,0.353709637663298,0.25264974118807,0.3615972393394133,0.3261030317968942,0.3572485207100592
1128,OVA_Breast,biology,SVM,0.9676375404530744,0.0081871266282676,102.38136315345764,15.436604738235474,0.9676375404530744,0.9805825242718448,0.9676375404530744,0.9676375404530744,0.9546925566343042
1128,OVA_Breast,biology,KNN,0.9352750809061486,0.0045767429203012,19.94591403007508,2.383882522583008,0.941747572815534,0.9352750809061487,0.9385113268608414,0.9288025889967636,0.9320388349514565
1128,OVA_Breast,biology,MLP,0.9689320388349516,0.0105563148416182,1965.892133235932,1.2206535339355469,0.9676375404530744,0.9870550161812298,0.970873786407767,0.9546925566343042,0.964401294498382
1130,OVA_Lung,biology,SVM,0.973462783171521,0.0114692848845756,63.69383907318115,10.361865997314451,0.9838187702265372,0.970873786407767,0.970873786407767,0.9870550161812298,0.9546925566343042
1130,OVA_Lung,biology,KNN,0.9676375404530744,0.0064724919093851,29.37178134918213,2.8874993324279785,0.964401294498382,0.970873786407767,0.9676375404530744,0.9773462783171522,0.9579288025889968
1130,OVA_Lung,biology,MLP,0.9792880258899676,0.0088273020692464,474.8696613311768,0.7631266117095947,0.9773462783171522,0.9935275080906149,0.9741100323624596,0.9838187702265372,0.9676375404530744
1134,OVA_Kidney,biology,SVM,0.9831715210355988,0.0069107302602144,44.20602369308472,6.916263818740845,0.970873786407767,0.9805825242718448,0.9902912621359224,0.9870550161812298,0.9870550161812298
1134,OVA_Kidney,biology,KNN,0.9799352750809062,0.0055678480692832,27.2054660320282,2.914949417114258,0.970873786407767,0.9773462783171522,0.9805825242718448,0.9870550161812298,0.9838187702265372
1134,OVA_Kidney,biology,MLP,0.9566343042071198,0.0625726293261201,380.7821667194367,0.8251149654388428,0.9902912621359224,0.8317152103559871,0.9935275080906149,0.9838187702265372,0.9838187702265372
1145,AP_Breast_Colon,biology,SVM,0.9492063492063492,0.0210579351768596,14.5068621635437,2.465996026992798,0.9126984126984128,0.9761904761904762,0.9523809523809524,0.9444444444444444,0.9603174603174603
1145,AP_Breast_Colon,biology,KNN,0.9301587301587302,0.0302837841719665,5.391283273696899,0.6441664695739746,0.9126984126984128,0.9603174603174603,0.8809523809523809,0.9365079365079364,0.9603174603174603
1145,AP_Breast_Colon,biology,MLP,0.8666666666666666,0.2073480100674022,180.8190038204193,0.3900337219238281,0.9761904761904762,0.9761904761904762,0.4523809523809524,0.9761904761904762,0.9523809523809524
1158,AP_Breast_Kidney,biology,SVM,0.9652479338842974,0.0095956783979958,12.360743522644045,1.7732350826263428,0.9586776859504132,0.975206611570248,0.9669421487603306,0.950413223140496,0.975
1158,AP_Breast_Kidney,biology,KNN,0.970206611570248,0.0098970177141351,5.186971187591553,0.6037726402282715,0.9586776859504132,0.9834710743801652,0.975206611570248,0.9586776859504132,0.975
1158,AP_Breast_Kidney,biology,MLP,0.9768319559228648,0.0142060108602153,188.1979002952576,0.3847320079803467,0.975206611570248,0.9834710743801652,0.9917355371900828,0.950413223140496,0.9833333333333332
1137,AP_Colon_Kidney,biology,SVM,0.9725271059216012,0.0116051202324738,9.858016967773438,1.348665714263916,0.9727272727272728,0.9724770642201837,0.9908256880733946,0.9724770642201837,0.9541284403669724
1137,AP_Colon_Kidney,biology,KNN,0.9743619683069225,0.0106908772558905,4.365620136260986,0.5453977584838867,0.9727272727272728,0.981651376146789,0.9908256880733946,0.963302752293578,0.963302752293578
1137,AP_Colon_Kidney,biology,MLP,0.9761801501251044,0.0110260441425754,71.74870824813843,0.4370429515838623,0.9818181818181818,0.981651376146789,0.981651376146789,0.981651376146789,0.9541284403669724
1165,AP_Breast_Ovary,biology,SVM,0.9502038735983692,0.0124718654337511,13.524322509765623,2.420004606246948,0.944954128440367,0.944954128440367,0.9722222222222222,0.9537037037037036,0.9351851851851852
1165,AP_Breast_Ovary,biology,KNN,0.9115188583078492,0.033016290848653,4.685134410858154,0.6285114288330078,0.8532110091743119,0.926605504587156,0.9166666666666666,0.9537037037037036,0.9074074074074074
1165,AP_Breast_Ovary,biology,MLP,0.9741590214067278,0.0107550703776272,166.45555353164673,0.4028642177581787,0.963302752293578,0.9908256880733946,0.9722222222222222,0.9629629629629628,0.9814814814814816
1150,AP_Breast_Lung,biology,SVM,0.9340425531914892,0.0206284249251758,10.34974479675293,1.912566900253296,0.9148936170212766,0.925531914893617,0.946808510638298,0.9148936170212766,0.9680851063829788
1150,AP_Breast_Lung,biology,KNN,0.9148936170212766,0.0116536714362801,3.752521514892578,0.5911669731140137,0.9148936170212766,0.9042553191489362,0.9361702127659576,0.9042553191489362,0.9148936170212766
1150,AP_Breast_Lung,biology,MLP,0.9574468085106383,0.0116536714362801,127.42178058624268,0.3862040042877197,0.946808510638298,0.946808510638298,0.9787234042553192,0.9574468085106383,0.9574468085106383
1148,AP_Breast_Uterus,biology,SVM,0.9530313429421184,0.0144018432189474,9.73504877090454,1.4954640865325928,0.9361702127659576,0.946808510638298,0.9574468085106383,0.978494623655914,0.946236559139785
1148,AP_Breast_Uterus,biology,KNN,0.9573095401509952,0.0133852097339573,4.087585210800171,0.5154287815093994,0.9574468085106383,0.9361702127659576,0.9574468085106383,0.978494623655914,0.956989247311828
1148,AP_Breast_Uterus,biology,MLP,0.9572409059711736,0.0118433244255994,206.2595055103302,0.3350286483764648,0.9574468085106383,0.9574468085106383,0.9680851063829788,0.935483870967742,0.967741935483871
1149,AP_Ovary_Kidney,biology,SVM,0.962828475871954,0.0297754519159452,8.63009238243103,1.359196662902832,0.9891304347826086,1.0,0.9239130434782608,0.967032967032967,0.934065934065934
1149,AP_Ovary_Kidney,biology,KNN,0.949665551839465,0.0283216579215245,3.699872732162476,0.4632332324981689,0.9891304347826086,0.9782608695652174,0.9347826086956522,0.9230769230769232,0.9230769230769232
1149,AP_Ovary_Kidney,biology,MLP,0.9781414237935976,0.0154232198980463,59.9221396446228,0.3165216445922851,1.0,0.9891304347826086,0.9565217391304348,0.967032967032967,0.978021978021978
1127,AP_Breast_Omentum,biology,SVM,0.9643697478991596,0.0249722048092006,8.568118810653687,1.479898452758789,0.9647058823529412,0.9761904761904762,0.9761904761904762,0.9166666666666666,0.988095238095238
1127,AP_Breast_Omentum,biology,KNN,0.9430532212885154,0.0202332435811757,3.109687805175781,0.4739186763763428,0.9176470588235294,0.9404761904761904,0.9761904761904762,0.9285714285714286,0.9523809523809524
1127,AP_Breast_Omentum,biology,MLP,0.9571988795518208,0.0267662559080472,194.25054931640625,0.3000807762145996,0.976470588235294,0.9642857142857144,0.9761904761904762,0.9047619047619048,0.9642857142857144
1122,AP_Breast_Prostate,biology,SVM,0.9879518072289156,0.0152398923381608,6.635260581970215,1.0657508373260498,1.0,0.9759036144578314,0.963855421686747,1.0,1.0
1122,AP_Breast_Prostate,biology,KNN,0.9903320599471056,0.014055648092608,3.5354979038238525,0.5136995315551758,1.0,1.0,0.963855421686747,0.9878048780487804,1.0
1122,AP_Breast_Prostate,biology,MLP,0.9878930355568616,0.0131983301982942,43.74495387077332,0.3546998500823974,1.0,1.0,0.963855421686747,0.9878048780487804,0.9878048780487804
1126,AP_Colon_Lung,biology,SVM,0.9490449603291214,0.0090054043992403,7.447576999664307,1.1745617389678955,0.9518072289156626,0.9397590361445785,0.9634146341463414,0.9390243902439024,0.951219512195122
1126,AP_Colon_Lung,biology,KNN,0.9005877167205407,0.036136287211828,2.966273546218872,0.4479842185974121,0.891566265060241,0.8674698795180723,0.9146341463414634,0.8658536585365854,0.9634146341463414
1126,AP_Colon_Lung,biology,MLP,0.9587716720540698,0.0145189822223028,77.62867164611816,0.3262636661529541,0.9518072289156626,0.9518072289156626,0.975609756097561,0.9390243902439024,0.975609756097561
1123,AP_Endometrium_Breast,biology,SVM,0.965432098765432,0.0239391597897102,7.717147827148437,1.2648284435272217,0.9629629629629628,0.9753086419753086,0.925925925925926,1.0,0.9629629629629628
1123,AP_Endometrium_Breast,biology,KNN,0.9679012345679012,0.0254213089900913,3.277462244033813,0.4009242057800293,0.9629629629629628,0.9876543209876544,0.925925925925926,1.0,0.9629629629629628
1123,AP_Endometrium_Breast,biology,MLP,0.8148148148148149,0.3334704793310445,58.36471796035767,0.3353996276855469,0.1481481481481481,1.0,0.9753086419753086,0.9753086419753086,0.9753086419753086
1163,AP_Lung_Kidney,biology,SVM,0.9612054612054612,0.0139232373215743,7.184738636016846,1.0428264141082764,0.935897435897436,0.974025974025974,0.961038961038961,0.961038961038961,0.974025974025974
1163,AP_Lung_Kidney,biology,KNN,0.9457542457542456,0.0356625167085684,3.197270393371582,0.4881765842437744,0.8846153846153846,0.935064935064935,0.948051948051948,0.974025974025974,0.987012987012987
1163,AP_Lung_Kidney,biology,MLP,0.974125874125874,0.0141364818791678,55.68098330497742,0.387671947479248,0.9615384615384616,1.0,0.974025974025974,0.974025974025974,0.961038961038961
1129,AP_Uterus_Kidney,biology,SVM,0.966097060833903,0.0227547770400526,5.742695093154907,0.8147749900817871,1.0,0.974025974025974,0.935064935064935,0.974025974025974,0.9473684210526316
1129,AP_Uterus_Kidney,biology,KNN,0.9661312371838688,0.0104427625537614,2.8616528511047363,0.3788561820983886,0.987012987012987,0.961038961038961,0.961038961038961,0.961038961038961,0.9605263157894736
1129,AP_Uterus_Kidney,biology,MLP,0.9765208475734792,0.015251844743251,62.81957459449768,0.3458683490753174,1.0,0.987012987012987,0.961038961038961,0.974025974025974,0.9605263157894736
1147,AP_Omentum_Kidney,biology,SVM,0.9673397717295874,0.0111014609740338,5.466465473175049,0.7460348606109619,0.9558823529411764,0.9852941176470588,0.9701492537313432,0.9701492537313432,0.9552238805970148
1147,AP_Omentum_Kidney,biology,KNN,0.973222124670764,0.0197882838798676,2.760217905044556,0.4118373394012451,0.9705882352941176,1.0,0.9402985074626866,0.9850746268656716,0.9701492537313432
1147,AP_Omentum_Kidney,biology,MLP,0.9702809482001756,0.0095104117037205,52.12865805625916,0.3122298717498779,0.9852941176470588,0.9705882352941176,0.9552238805970148,0.9701492537313432,0.9701492537313432
1144,AP_Prostate_Kidney,biology,SVM,0.9818181818181818,0.014845392380504,4.624762296676636,0.5846760272979736,0.9545454545454546,0.9848484848484848,0.9848484848484848,0.9848484848484848,1.0
1144,AP_Prostate_Kidney,biology,KNN,0.9817715617715616,0.0113262729242407,2.730286121368408,0.3698415756225586,0.9696969696969696,0.9696969696969696,1.0,0.9848484848484848,0.9846153846153848
1144,AP_Prostate_Kidney,biology,MLP,0.821118881118881,0.305159014116983,44.39353561401367,0.3902559280395508,1.0,0.9848484848484848,0.2121212121212121,0.9393939393939394,0.9692307692307692
1140,AP_Ovary_Lung,biology,SVM,0.9074519230769232,0.0256038392207152,5.897418022155762,1.0305039882659912,0.8769230769230769,0.8769230769230769,0.9384615384615383,0.9230769230769232,0.921875
1140,AP_Ovary_Lung,biology,KNN,0.9135576923076922,0.0317400918705769,2.3761203289031982,0.468308687210083,0.9076923076923076,0.953846153846154,0.9384615384615383,0.8615384615384616,0.90625
1140,AP_Ovary_Lung,biology,MLP,0.8757211538461538,0.1357692648180389,57.27380156517029,0.3430826663970947,0.9230769230769232,0.953846153846154,0.9846153846153848,0.9076923076923076,0.609375
1157,AP_Endometrium_Kidney,biology,SVM,0.9626442307692308,0.0123947119021014,4.521950006484985,0.5919489860534668,0.953846153846154,0.984375,0.953125,0.96875,0.953125
1157,AP_Endometrium_Kidney,biology,KNN,0.968846153846154,0.0098839886811206,2.6201422214508057,0.3690299987792969,0.9692307692307692,0.953125,0.984375,0.96875,0.96875
1157,AP_Endometrium_Kidney,biology,MLP,0.984471153846154,0.009730797734832,53.21889901161194,0.3196680545806885,0.9692307692307692,0.984375,1.0,0.984375,0.984375
1136,AP_Lung_Uterus,biology,SVM,0.932,0.0348711915483253,4.101447582244873,0.6214842796325684,0.96,0.88,0.96,0.9,0.96
1136,AP_Lung_Uterus,biology,KNN,0.9079999999999998,0.0515363949069005,2.0161027908325195,0.4434425830841064,0.94,0.88,0.94,0.82,0.96
1136,AP_Lung_Uterus,biology,MLP,0.6399999999999999,0.1854723699099141,25.41223430633545,0.2929251194000244,0.96,0.5,0.48,0.74,0.52
1132,AP_Omentum_Lung,biology,SVM,0.9210975609756098,0.0291501681333242,3.2738616466522217,0.5665037631988525,0.926829268292683,0.902439024390244,0.951219512195122,0.875,0.95
1132,AP_Omentum_Lung,biology,KNN,0.9113414634146344,0.0119462408743985,1.8962879180908203,0.3085153102874756,0.902439024390244,0.902439024390244,0.926829268292683,0.925,0.9
1132,AP_Omentum_Lung,biology,MLP,0.5841463414634147,0.2599063461033508,18.509440183639526,0.3076264858245849,0.902439024390244,0.902439024390244,0.3658536585365853,0.375,0.375
4134,Bioresponse,biology,SVM,0.7707238348868175,0.0143449955095228,87.34696817398071,19.104580640792847,0.7856191744340879,0.76,0.76,0.7906666666666666,0.7573333333333333
4134,Bioresponse,biology,KNN,0.7504603639591656,0.0167451798020137,5.39429235458374,1.3157646656036377,0.7736351531291611,0.7253333333333334,0.7493333333333333,0.7413333333333333,0.7626666666666667
4134,Bioresponse,biology,MLP,0.7507277407900578,0.0168329074737171,114.7345049381256,0.2024347782135009,0.7709720372836218,0.7213333333333334,0.756,0.7453333333333333,0.76
151,electricity,biology,SVM,0.6151564152090374,0.0326179050290797,57.4934229850769,16.153570890426636,0.61624186251793,0.6465850159991173,0.6187375855219598,0.5542926506290002,0.6399249613771795
151,electricity,biology,KNN,0.8344807222928308,0.0042457567873532,0.619957447052002,1.5168046951293943,0.8382434072602891,0.8402295045790578,0.8292871330832046,0.8305009931582432,0.8341425733833591
151,electricity,biology,MLP,0.8109989800667746,0.0062168247209674,154.67373323440552,0.1420328617095947,0.8147412556548604,0.8214719187906874,0.8052306334142574,0.8062237916574707,0.8073273008165968
46874,student_depression_dataset,education,SVM,0.735564861322241,0.0044443478209053,44.02869248390198,10.965897560119627,0.740369109478588,0.7297491039426524,0.7383512544802867,0.7387096774193549,0.7306451612903225
46874,student_depression_dataset,education,KNN,0.8202573824785707,0.003753607741414,1.0517292022705078,2.353215456008911,0.8190288478767246,0.8265232974910395,0.8159498207885305,0.8222222222222222,0.8175627240143369
46874,student_depression_dataset,education,MLP,0.844664918544036,0.0021048221376864,6.853164196014404,0.1324100494384765,0.8487726213940154,0.8437275985663082,0.842831541218638,0.8442652329749104,0.8437275985663082
46745,Advanced_IoT_Dataset,education,SVM,1.0,0.0,0.8326973915100098,0.3723452091217041,1.0,1.0,1.0,1.0,1.0
46745,Advanced_IoT_Dataset,education,KNN,1.0,0.0,0.4012978076934814,0.5164902210235596,1.0,1.0,1.0,1.0,1.0
46745,Advanced_IoT_Dataset,education,MLP,1.0,0.0,7.112483501434326,0.070002794265747,1.0,1.0,1.0,1.0,1.0
43890,law-school-admission-bianry,education,SVM,0.9986057692307692,0.0003846153846153,8.549563884735107,2.033065795898437,0.999278846153846,0.9980769230769232,0.9985576923076924,0.9985576923076924,0.9985576923076924
43890,law-school-admission-bianry,education,KNN,0.9359615384615384,0.0029346620119292,0.3345179557800293,1.5000030994415283,0.9329326923076924,0.9394230769230768,0.9387019230769232,0.9322115384615384,0.9365384615384617
43890,law-school-admission-bianry,education,MLP,0.9988942307692308,0.0005606684514274,76.20024967193604,0.0986330509185791,0.999278846153846,0.999278846153846,0.999278846153846,0.9978365384615384,0.9987980769230768
1461,bank-marketing,finance,SVM,0.8977018547110671,0.0015345472079504,62.74308013916016,15.73527479171753,0.8991485126617274,0.8967042689670427,0.8971466489714665,0.8998009289980093,0.8957089139570892
1461,bank-marketing,finance,KNN,0.8936762969560045,0.0020217899704192,0.6606593132019043,5.7855305671691895,0.8946146190423532,0.8919486839194868,0.8913957089139571,0.8970360539703606,0.8933864189338642
1461,bank-marketing,finance,MLP,0.9000907165188767,0.0022111564798301,84.02816343307495,0.1326515674591064,0.8987061815769103,0.8965936739659367,0.900464499004645,0.902344614023446,0.902344614023446
46526,Loan_Approval_Status_Classification,finance,SVM,0.9076666666666666,0.0018230350490661,115.1465253829956,19.76055836677552,0.9103333333333332,0.9056666666666666,0.9065555555555556,0.9064444444444444,0.9093333333333332
46526,Loan_Approval_Status_Classification,finance,KNN,0.8969999999999999,0.0025317733988668,0.5963497161865234,6.476675271987915,0.9014444444444444,0.8946666666666667,0.8944444444444445,0.8975555555555556,0.8968888888888888
46526,Loan_Approval_Status_Classification,finance,MLP,0.9186666666666669,0.0036154674577807,132.39307570457458,0.1244559288024902,0.9193333333333332,0.9146666666666666,0.9218888888888888,0.9143333333333332,0.9231111111111112
42477,default-of-credit-card-clients,finance,SVM,0.8190333333333333,0.0044738747809427,63.05289030075073,14.344180583953856,0.8205,0.813,0.8158333333333333,0.8261666666666667,0.8196666666666667
42477,default-of-credit-card-clients,finance,KNN,0.7912333333333333,0.0036599939283495,0.4332704544067383,2.806723356246948,0.795,0.7883333333333333,0.7856666666666666,0.7946666666666666,0.7925
42477,default-of-credit-card-clients,finance,MLP,0.8125666666666668,0.0046123023896242,78.206298828125,0.0539500713348388,0.8168333333333333,0.8093333333333333,0.8071666666666667,0.8191666666666667,0.8103333333333333
46455,Credit_Card_Fraud_Classification,finance,SVM,0.998630617977528,0.000172014729128,5.178258895874023,1.075463056564331,0.9987710674157304,0.9984199438202248,0.9987710674157304,0.9984199438202248,0.9987710674157304
46455,Credit_Card_Fraud_Classification,finance,KNN,0.9991924157303372,0.0002627568389588,0.4346182346343994,2.7958407402038574,0.9989466292134832,0.9989466292134832,0.9992977528089888,0.999122191011236,0.9996488764044944
46455,Credit_Card_Fraud_Classification,finance,MLP,0.9992626404494382,0.0002047384794538,10.70661687850952,0.0459237098693847,0.9994733146067416,0.9992977528089888,0.999122191011236,0.9989466292134832,0.9994733146067416
6,letter,image,SVM,0.9074,0.0053865573421249,10.341379642486572,13.54362964630127,0.9045,0.9005,0.91375,0.91375,0.9045
6,letter,image,KNN,0.94405,0.0021760055146989,0.1326563358306884,1.0964407920837402,0.944,0.943,0.94075,0.94725,0.94525
6,letter,image,MLP,0.9383,0.0032496153618543,349.38282775878906,0.1045413017272949,0.9365,0.933,0.942,0.941,0.939
32,pendigits,image,SVM,0.9920854503722224,0.0014539140705972,0.9992890357971193,0.9037635326385498,0.990450204638472,0.990450204638472,0.9940855323020928,0.9922656960873522,0.9931756141947224
32,pendigits,image,KNN,0.9929949133136452,0.0027683083013592,0.0824377536773681,0.3927466869354248,0.9959072305593452,0.9899954524783992,0.9959053685168336,0.9895359417652412,0.9936305732484076
32,pendigits,image,MLP,0.9935409469355124,0.0015589735885738,28.72194099426269,0.0299944877624511,0.994088221919054,0.9909049567985448,0.9949954504094632,0.9949954504094632,0.9927206551410374
1459,artificial-characters,image,SVM,0.6009980143164622,0.0039428829889356,4.88433313369751,2.9146499633789062,0.5973581213307241,0.6086105675146771,0.5993150684931506,0.5991189427312775,0.6005873715124816
1459,artificial-characters,image,KNN,0.6711680761858784,0.0082393389941384,0.0665047168731689,0.1214256286621093,0.6590019569471625,0.6756360078277887,0.6834637964774951,0.6666666666666666,0.671071953010279
1459,artificial-characters,image,MLP,0.6605996036295958,0.0074002891838515,57.81948924064636,0.0407054424285888,0.6575342465753424,0.6682974559686888,0.6492172211350293,0.6588350465002447,0.6691140479686735
40926,CIFAR_10_small,image,SVM,0.4936,0.0048518037882832,2386.8634507656097,677.5077469348907,0.49625,0.48875,0.48825,0.4935,0.50125
40926,CIFAR_10_small,image,KNN,0.30425,0.0023291629397704,35.14988613128662,11.104490280151367,0.30525,0.30675,0.30375,0.3055,0.3
40926,CIFAR_10_small,image,MLP,0.33565,0.0512705080918845,1621.533774852753,1.3021128177642822,0.25125,0.32,0.39575,0.3295,0.38175
