did,name,kw,nr_attr,desc,feats
46560,dataset_credit_score,finance,27,"Financial dataset for automl benchmark. Name = dataset_credit_score, target = credit_score","total_emi_per_month, customer_id, occupation, month, num_of_delayed_payment, payment_behaviour, payment_of_min_amount, c"
42141,SVHN_medium,unknown,1000,50% stratified subsample of the original SVHN data,"pixel1967, pixel1212, pixel3012, pixel277, pixel1965, pixel30, pixel1785, pixel1520, pixel540, pixel2549, pixel632, pixe"
46770,Meta_Album_BRD_Extended,image,2,"## **Meta-Album Birds Dataset (Extended)** *** When Meta-Album was created, the Birds dataset(https://www.kaggle.com/datasets/gpiosenka/100-bird-species) contained images of 315 bi","FILE_NAME, SUPER_CATEGORY, CATEGORY"
45051,adult-test,unknown,14,test,"capital-gain, occupation, race, native-country, relationship, class, workclass, hours-per-week, marital-status, age, edu"
46070,Stylized_Meta_Album_TEX_DTD_STY_Extended,unknown,6,Textures dataset from Describable Textures Dataset (stylized),"FILE_NAME, STYLE, STYLE_PATH, CATEGORY, STYLIZED_PATH, STYLE_NAME, FILE_PATH"
40985,tamilnadu-electricity,health,2,**Author**: K.Kalyani. **Source**: [UCI](https://archive.ics.uci.edu/ml/datasets/Tamilnadu+Electricity+Board+Hourly+Readings) - 2013 **Please cite**: __Major changes w.r.t. version,"Class, V3, V2, V1"
151,electricity,unknown,8,"**Author**: M. Harries, J. Gama, A. Bifet **Source**: [Joao Gama](http://www.inescporto.pt/~jgama/ales/ales_5.html) - 2009 **Please cite**: None **Electricity** is a widely used da","period, vicprice, nswprice, class, nswdemand, day, date, vicdemand, transfer"
1461,bank-marketing,finance,16,"**Author**: Paulo Cortez, Sérgio Moro **Source**: [UCI](https://archive.ics.uci.edu/ml/datasets/bank+marketing) **Please cite**: S. Moro, R. Laureano and P. Cortez. Using Data Mini","V4, V6, V12, V14, V13, V7, V9, V10, V16, Class, V11, V5, V8, V15, V3, V2, V1"
279,meta_stream_intervals.arff,unknown,74,,"meta_RandomTreeDepth3AUC_K=0, meta_REPTreeDepth2ErrRate, meta_RandomTreeDepth2AUC_K=0, meta_DecisionStumpAUC, meta_REPTr"
46565,Loan_Approval_Status,finance,13,# Loan Approval Classification Dataset This dataset is a synthetic version inspired by the original Credit Risk dataset on Kaggle.,"person_education, loan_intent, person_age, credit_score, loan_int_rate, loan_percent_income, person_emp_exp, person_home"
46468,Give-Me-Some-Credit-Sampled,finance,10,Originial Dataset Give-Me-Some-Credit 45577,"SeriousDlqin2yrs, NumberRealEstateLoansOrLines, NumberOfTimes90DaysLate, NumberOfDependents, MonthlyIncome, RevolvingUti"
46553,Loan_Status,finance,13,Loan Status Dataset,"person_education, loan_intent, person_age, credit_score, loan_int_rate, loan_percent_income, person_emp_exp, person_home"
41027,jungle_chess_2pcs_raw_endgame_complete,unknown,6,"### Description ### This dataset is part of a collection datasets based on the game ""Jungle Chess"" (a.k.a. Dou Shou Qi). For a description of the rules, please refer to the paper (","white_piece0_rank, class, black_piece0_strength, black_piece0_file, white_piece0_strength, black_piece0_rank, white_piec"
46561,EDA-Home-Mortgage-NY-Sampled-Dataset,finance,100,Dataset is uploaded from kaggle. https://www.kaggle.com/code/ambarish/eda-home-mortgage-ny-with-feature-analysis/script,"applicant_ethnicity_1, loan_purpose_3, msamd_46540.0, applicant_sex_4, number_of_1_to_4_family_units, applicant_ethnicit"
41762,FOREX_audsgd-hour-Close,unknown,11,**Source**: Dukascopy Historical Data Feed https://www.dukascopy.com/swiss/english/marketwatch/historical/ **Edited by**: Fabian Schut # Data Description This is the historical pri,"Bid_Low, Ask_Open, Ask_Volume, Class, Ask_High, Ask_Close, Timestamp, Bid_Open, Bid_Volume, Bid_Close, Bid_High, Ask_Low"
41758,FOREX_eursgd-hour-Close,unknown,11,**Source**: Dukascopy Historical Data Feed https://www.dukascopy.com/swiss/english/marketwatch/historical/ **Edited by**: Fabian Schut # Data Description This is the historical pri,"Bid_Low, Ask_Open, Ask_Volume, Class, Ask_High, Ask_Close, Timestamp, Bid_Open, Bid_Volume, Bid_Close, Bid_High, Ask_Low"
41763,FOREX_audcad-hour-High,unknown,11,**Source**: Dukascopy Historical Data Feed https://www.dukascopy.com/swiss/english/marketwatch/historical/ **Edited by**: Fabian Schut # Data Description This is the historical pri,"Bid_Low, Ask_Open, Ask_Volume, Class, Ask_High, Ask_Close, Timestamp, Bid_Open, Bid_Volume, Bid_Close, Bid_High, Ask_Low"
41727,FOREX_usdcad-hour-Close,unknown,11,**Source**: Dukascopy Historical Data Feed https://www.dukascopy.com/swiss/english/marketwatch/historical/ **Edited by**: Fabian Schut # Data Description This is the historical pri,"Bid_Low, Ask_Open, Ask_Volume, Class, Ask_High, Ask_Close, Timestamp, Bid_Open, Bid_Volume, Bid_Close, Bid_High, Ask_Low"
41734,FOREX_eurpln-hour-Close,unknown,11,**Source**: Dukascopy Historical Data Feed https://www.dukascopy.com/swiss/english/marketwatch/historical/ **Edited by**: Fabian Schut # Data Description This is the historical pri,"Bid_Low, Ask_Open, Ask_Volume, Class, Ask_High, Ask_Close, Timestamp, Bid_Open, Bid_Volume, Bid_Close, Bid_High, Ask_Low"
41715,FOREX_eurhuf-hour-High,unknown,11,**Source**: Dukascopy Historical Data Feed https://www.dukascopy.com/swiss/english/marketwatch/historical/ **Edited by**: Fabian Schut # Data Description This is the historical pri,"Bid_Low, Ask_Open, Ask_Volume, Class, Ask_High, Ask_Close, Timestamp, Bid_Open, Bid_Volume, Bid_Close, Bid_High, Ask_Low"
41723,FOREX_cadchf-hour-High,unknown,11,**Source**: Dukascopy Historical Data Feed https://www.dukascopy.com/swiss/english/marketwatch/historical/ **Edited by**: Fabian Schut # Data Description This is the historical pri,"Bid_Low, Ask_Open, Ask_Volume, Class, Ask_High, Ask_Close, Timestamp, Bid_Open, Bid_Volume, Bid_Close, Bid_High, Ask_Low"
41709,FOREX_audchf-hour-High,unknown,11,**Source**: Dukascopy Historical Data Feed https://www.dukascopy.com/swiss/english/marketwatch/historical/ **Edited by**: Fabian Schut # Data Description This is the historical pri,"Bid_Low, Ask_Open, Ask_Volume, Class, Ask_High, Ask_Close, Timestamp, Bid_Open, Bid_Volume, Bid_Close, Bid_High, Ask_Low"
41718,FOREX_audjpy-hour-High,unknown,11,**Source**: Dukascopy Historical Data Feed https://www.dukascopy.com/swiss/english/marketwatch/historical/ **Edited by**: Fabian Schut # Data Description This is the historical pri,"Bid_Low, Ask_Open, Ask_Volume, Class, Ask_High, Ask_Close, Timestamp, Bid_Open, Bid_Volume, Bid_Close, Bid_High, Ask_Low"
41712,FOREX_eurcad-hour-High,unknown,11,**Source**: Dukascopy Historical Data Feed https://www.dukascopy.com/swiss/english/marketwatch/historical/ **Edited by**: Fabian Schut # Data Description This is the historical pri,"Bid_Low, Ask_Open, Ask_Volume, Class, Ask_High, Ask_Close, Timestamp, Bid_Open, Bid_Volume, Bid_Close, Bid_High, Ask_Low"
41804,FOREX_gbpusd-hour-Close,unknown,11,**Source**: Dukascopy Historical Data Feed https://www.dukascopy.com/swiss/english/marketwatch/historical/ **Edited by**: Fabian Schut # Data Description This is the historical pri,"Bid_Low, Ask_Open, Ask_Volume, Class, Ask_High, Ask_Close, Timestamp, Bid_Open, Bid_Volume, Bid_Close, Bid_High, Ask_Low"
41799,FOREX_eurhkd-hour-Close,unknown,11,**Source**: Dukascopy Historical Data Feed https://www.dukascopy.com/swiss/english/marketwatch/historical/ **Edited by**: Fabian Schut # Data Description This is the historical pri,"Bid_Low, Ask_Open, Ask_Volume, Class, Ask_High, Ask_Close, Timestamp, Bid_Open, Bid_Volume, Bid_Close, Bid_High, Ask_Low"
41777,FOREX_eurjpy-hour-High,unknown,11,**Source**: Dukascopy Historical Data Feed https://www.dukascopy.com/swiss/english/marketwatch/historical/ **Edited by**: Fabian Schut # Data Description This is the historical pri,"Bid_Low, Ask_Open, Ask_Volume, Class, Ask_High, Ask_Close, Timestamp, Bid_Open, Bid_Volume, Bid_Close, Bid_High, Ask_Low"
41779,FOREX_eursek-hour-High,unknown,11,**Source**: Dukascopy Historical Data Feed https://www.dukascopy.com/swiss/english/marketwatch/historical/ **Edited by**: Fabian Schut # Data Description This is the historical pri,"Bid_Low, Ask_Open, Ask_Volume, Class, Ask_High, Ask_Close, Timestamp, Bid_Open, Bid_Volume, Bid_Close, Bid_High, Ask_Low"
41768,FOREX_eurnok-hour-High,unknown,11,**Source**: Dukascopy Historical Data Feed https://www.dukascopy.com/swiss/english/marketwatch/historical/ **Edited by**: Fabian Schut # Data Description This is the historical pri,"Bid_Low, Ask_Open, Ask_Volume, Class, Ask_High, Ask_Close, Timestamp, Bid_Open, Bid_Volume, Bid_Close, Bid_High, Ask_Low"
41773,FOREX_eurtry-hour-Close,unknown,11,**Source**: Dukascopy Historical Data Feed https://www.dukascopy.com/swiss/english/marketwatch/historical/ **Edited by**: Fabian Schut # Data Description This is the historical pri,"Bid_Low, Ask_Open, Ask_Volume, Class, Ask_High, Ask_Close, Timestamp, Bid_Open, Bid_Volume, Bid_Close, Bid_High, Ask_Low"
41780,FOREX_usdchf-hour-High,unknown,11,**Source**: Dukascopy Historical Data Feed https://www.dukascopy.com/swiss/english/marketwatch/historical/ **Edited by**: Fabian Schut # Data Description This is the historical pri,"Bid_Low, Ask_Open, Ask_Volume, Class, Ask_High, Ask_Close, Timestamp, Bid_Open, Bid_Volume, Bid_Close, Bid_High, Ask_Low"
41824,FOREX_eurgbp-hour-Close,unknown,11,**Source**: Dukascopy Historical Data Feed https://www.dukascopy.com/swiss/english/marketwatch/historical/ **Edited by**: Fabian Schut # Data Description This is the historical pri,"Bid_Low, Ask_Open, Ask_Volume, Class, Ask_High, Ask_Close, Timestamp, Bid_Open, Bid_Volume, Bid_Close, Bid_High, Ask_Low"
41833,FOREX_cadjpy-hour-High,unknown,11,**Source**: Dukascopy Historical Data Feed https://www.dukascopy.com/swiss/english/marketwatch/historical/ **Edited by**: Fabian Schut # Data Description This is the historical pri,"Bid_Low, Ask_Open, Ask_Volume, Class, Ask_High, Ask_Close, Timestamp, Bid_Open, Bid_Volume, Bid_Close, Bid_High, Ask_Low"
41835,FOREX_euraud-hour-High,unknown,11,**Source**: Dukascopy Historical Data Feed https://www.dukascopy.com/swiss/english/marketwatch/historical/ **Edited by**: Fabian Schut # Data Description This is the historical pri,"Bid_Low, Ask_Open, Ask_Volume, Class, Ask_High, Ask_Close, Timestamp, Bid_Open, Bid_Volume, Bid_Close, Bid_High, Ask_Low"
41832,FOREX_nzdusd-hour-Close,unknown,11,**Source**: Dukascopy Historical Data Feed https://www.dukascopy.com/swiss/english/marketwatch/historical/ **Edited by**: Fabian Schut # Data Description This is the historical pri,"Bid_Low, Ask_Open, Ask_Volume, Class, Ask_High, Ask_Close, Timestamp, Bid_Open, Bid_Volume, Bid_Close, Bid_High, Ask_Low"
41856,FOREX_eurdkk-hour-High,unknown,11,**Source**: Dukascopy Historical Data Feed https://www.dukascopy.com/swiss/english/marketwatch/historical/ **Edited by**: Fabian Schut # Data Description This is the historical pri,"Bid_Low, Ask_Open, Ask_Volume, Class, Ask_High, Ask_Close, Timestamp, Bid_Open, Bid_Volume, Bid_Close, Bid_High, Ask_Low"
41782,FOREX_usdjpy-hour-Close,unknown,11,**Source**: Dukascopy Historical Data Feed https://www.dukascopy.com/swiss/english/marketwatch/historical/ **Edited by**: Fabian Schut # Data Description This is the historical pri,"Bid_Low, Ask_Open, Ask_Volume, Class, Ask_High, Ask_Close, Timestamp, Bid_Open, Bid_Volume, Bid_Close, Bid_High, Ask_Low"
41805,FOREX_eurrub-hour-High,unknown,11,**Source**: Dukascopy Historical Data Feed https://www.dukascopy.com/swiss/english/marketwatch/historical/ **Edited by**: Fabian Schut # Data Description This is the historical pri,"Bid_Low, Ask_Open, Ask_Volume, Class, Ask_High, Ask_Close, Timestamp, Bid_Open, Bid_Volume, Bid_Close, Bid_High, Ask_Low"
46822,Dynamically-Generated-Hate-Speech-Dataset,image,8,The Dynamically Generated Hate Speech Dataset is provided in one table. 'acl.id' is the unique ID of the entry. 'Text' is the content which has been entered. All content is synthet,"level, round.base, target, type, text, X1, annotator, label, round"
727,2dplanes,unknown,10,**Author**: **Source**: Unknown - Date unknown **Please cite**: Binarized version of the original data set (see version 1). It converts the numeric target feature to a two-class no,"x8, x5, binaryClass, x4, x10, x2, x9, x6, x3, x7, x1"
901,fried,unknown,10,**Author**: **Source**: Unknown - Date unknown **Please cite**: Binarized version of the original data set (see version 1). It converts the numeric target feature to a two-class no,"X6, X10, X8, X2, X1, X3, X7, X9, X5, X4, binaryClass"
881,mv,unknown,10,**Author**: **Source**: Unknown - Date unknown **Please cite**: Binarized version of the original data set (see version 1). It converts the numeric target feature to a two-class no,"x8, x5, binaryClass, x4, x10, x2, x9, x6, x3, x7, x1"
41434,Click_prediction_small,unknown,11,This is the same data as version 5 (OpenML ID = 1220) with '_id' features coded as nominal factor variables.,"advertiser_id, click, impression, url_hash, query_id, keyword_id, description_id, position, ad_id, title_id, user_id, de"
251,BNG(breast-w),unknown,9,,"Bare_Nuclei, Clump_Thickness, Cell_Size_Uniformity, Bland_Chromatin, Marginal_Adhesion, Mitoses, Single_Epi_Cell_Size, C"
137,BNG(tic-tac-toe),unknown,9,,"bottom-left-square, middle-middle-square, top-middle-square, top-left-square, Class, middle-left-square, bottom-middle-s"
45714,PriceRunner,text,5,"These datasets originate from PriceRunner, a popular product comparison platform. They contain product-related information including product IDs, titles, and categories. It can be ","cluster_id, category_id, vendor_id, cluster_label, product_title, category_label, id"
46371,Customer_Churn_Classification_Nominal,social,24,An updated version of the Customer Churn dataset for binary classification. The target variable 'exited' is now treated as nominal with categories: 'not_churned' and 'churned'.,"isactivemember, surname_tfidf_4, cred_bal_sal, bal_sal, surname_tfidf_1, germany, spain, creditscore, surname_tfidf_2, e"
1486,nomao,text,118,**Author**: Nomao Labs **Source**: [UCI](https://archive.ics.uci.edu/ml/datasets/Nomao) **Please cite**: Laurent Candillier and Vincent Lemaire. Design and Analysis of the Nomao Ch,"V13, V23, V50, V104, V118, V77, V76, V86, V112, V15, V47, V1, V68, V54, V11, V27, V100, V46, V70, V113, V108, V92, V42, "
43551,Employee-Turnover-at-TECHCO,unknown,9,"Context These are simulated data based on employee turnover data in a real technology company in India (we refer to this company by a pseudonym, 'TECHCO'). These data can be used t","distance, turnover, logical_score, time, verbal_score, emp_id, training_score, is_male, location_age, similar_language, "
4135,Amazon_employee_access,unknown,9,**Author**: **Source**: [Kaggle Amazon Employee Access Challenge](https://www.kaggle.com/c/amazon-employee-access-challenge) **Please cite**: ### Description The data consists of r,"target, ROLE_TITLE, ROLE_DEPTNAME, ROLE_ROLLUP_2, ROLE_ROLLUP_1, ROLE_FAMILY_DESC, RESOURCE, ROLE_FAMILY, ROLE_CODE, MGR"
1119,adult-census,social,14,"**Author**: Ronny Kohavi and Barry Becker **Source**: [MLRR](http://axon.cs.byu.edu:5000/) **Please cite**: Ron Kohavi, ""Scaling Up the Accuracy of Naive-Bayes Classifiers: a Decis","occupation:, education:, fnlwgt:, native-country:, marital-status:, class, workclass, hours-per-week:, age, relationship"
46548,dataset_default_of_credit_card_clients,finance,23,"Financial dataset for automl benchmark. Name = dataset_default_of_credit_card_clients, target = y","x21, x4, x9, x20, x3, x5, x16, x6, x23, x1, x8, x14, x12, x15, x13, x7, y, x17, x22, x11, x19, x18, x10, x2"
46871,Advanced_IoT_Dataset,education,13,"About Dataset Source Data with Authors In the master's thesis research conducted by student Mohammed Ismail Lifta (2023-2024) at the Department of Computer Science, College of Comp","Average root length (ARL), Average number of plant leaves (ANPL), Average wet weight of the root (AWWR), Percentage of d"
46919,credit_card_clients_default,finance,23,This dataset was curated for [TabArena](https://tabarena.ai/) by the TabArena team as part of the [TabArena Tabular ML IID Study](https://tabarena.ai/data-tabular-ml-iid-study). Fo,"PAY_3, AGE, PAY_5, PAY_AMT2, PAY_AMT5, BILL_AMT2, MARRIAGE, PAY_4, BILL_AMT1, BILL_AMT5, PAY_0, BILL_AMT6, LIMIT_BAL, De"
1537,volcanoes-c1,image,3,"**Author**: Michael C. Burl **Source**: UCI **Please cite**: * Dataset Title: Volcanoes on Venus - JARtool experiment Data Set Experiment: C1 * Source: Michael C. Burl MS 126-347, ","Class, V3, V2, V1"
1481,kr-vs-k,unknown,6,"**Author**: **Source**: KEEL **Please cite**: Abstract: A chess endgame data set representing the positions on the board of the white king, the white rook, and the black king. The ","V4, V6, Class, V5, V3, V2, V1"
184,kropt,unknown,6,"Classify a chess game based on the position of the white king, the white rook and the black king.","white_rook_col, black_king_col, white_king_col, white_king_row, white_rook_row, game, black_king_row"
46173,King-rook-vs-King,unknown,6,"**King-Rock-vs-King** (kr-vs-k) dataset. Source: **KEEL** **Abstract**: A chess endgame data set representing the positions on the board of the white king, the white rook, and the ","Game, White_king_col, White_king_row, White_rook_row, White_rook_col, Black_king_row, Black_king_col"
46874,student_depression_dataset,education,16,"Analyzing Mental Health Trends and Predictors Among Students About Dataset A student depression dataset typically contains data aimed at analyzing, understanding, and predicting de","Academic Pressure, Dietary Habits, Work Pressure, Financial Stress, Sleep Duration, Have you ever had suicidal thoughts "
46541,dataset_china,finance,27,"Financial dataset for automl benchmark. Name = dataset_china, target = five_categories","whether_interest_is_owed_(regulatory_standard), customer_id, five-level_classification, whether_self-service_loan, wheth"
46682,CodeXGLUE,unknown,5,"CodeXGLUE Defect-detection dataset, available at https://github.com/microsoft/CodeXGLUE/tree/main/Code-Code/Defect-detection Given a source code, the task is to identify whether it","target, split, commit_id, id, project, func"
42493,airlines,unknown,7,"**Author**: Albert Bifet, Elena Ikonomovska **Source**: [Data Expo competition](http://kt.ijs.si/elena_ikonomovska/data.html) - 2009 **Please cite**: Airlines Dataset Inspired in t","DayOfWeek, Time, Length, Delay, Flight, AirportTo, Airline, AirportFrom"
45067,okcupid_stem,education,13,"User profile data for San Francisco OkCupid users published in [Kim, A. Y., & Escobedo-Land, A. (2015). OKCupid data for introductory statistics and data science courses. Journal o","body_type, status, drinks, orientation, sign, class, height, location, sex, age, education, smokes, drugs, ethnicity"
45037,BitcoinHeist_Ransomware,social,7,"Dataset used in the tabular data benchmark https://github.com/LeoGrin/tabular-benchmark, transformed in the same way. This dataset belongs to the ""classification on both numerical ","length, count, neighbors, looped, weight, day, label, income"
843,house_8L,unknown,8,**Author**: **Source**: Unknown - Date unknown **Please cite**: Binarized version of the original data set (see version 1). It converts the numeric target feature to a two-class no,"H15p1, P19p2, H5p2, H40p4, P16p2, P3, P11p3, binaryClass, P6p4"
821,house_16H,unknown,16,**Author**: **Source**: Unknown - Date unknown **Please cite**: Binarized version of the original data set (see version 1). It converts the numeric target feature to a two-class no,"P27p4, H8p2, H13p1, P5p1, P15p1, P6p2, P18p2, P1, H2p2, P11p4, H18pA, P16p2, H40p4, H10p1, P14p9, binaryClass, P15p3"
45504,timing-attack-dataset-20-micro-seconds-delay-2022-09-20,biology,124,Bleichenbacher Timing Attack: 20 micro seconds dataset created on 2022-09-20 Attribute Descriptions: CCS0:tcp.srcport: TCP Source Port of the first Change Cipher Spec TCP Acknowled,"DISC1:tcp.flags.push, CCS0:tcp.len, DISC0:tcp.options.nop, CCS0:tcp.ack, TLS0:tcp.flags.push, DISC0:tcp.flags.push, DISC"
43890,law-school-admission-bianry,education,11,Law School Admissions (Binarized) Survey among students attending law school in the U.S. in 1991. The dataset was obtained from the R-package fairml. The response variable has been,"cluster, bar, gender, ugpagt3, fam_inc, decile1, ugpa, race1, lsat, age, fulltime, decile3"
823,houses,unknown,8,**Author**: **Source**: Unknown - Date unknown **Please cite**: Binarized version of the original data set (see version 1). It converts the numeric target feature to a two-class no,"median_income, households, total_rooms, housing_median_age, population, median_house_value, total_bedrooms, latitude, bi"
45578,California-Housing-Classification,social,8,"Binarized version of the California Housing Dataset This dataset was obtained from Luis Torgo's collection of regression datasets. It was binarized to serve as the original, unproc","housingMedianAge, medianHouseValue, totalBedrooms, households, population, medianIncome, latitude, longitude, totalRooms"
44090,california,finance,8,"Dataset used in the tabular data benchmark https://github.com/LeoGrin/tabular-benchmark, transformed in the same way. This dataset belongs to the ""classification on numerical featu","Longitude, HouseAge, price, MedInc, AveOccup, Latitude, AveRooms, AveBedrms, Population"
46808,news_channel,text,17,"Predict which news category (i.e. channel) a Mashable.com news article belongs to based on the text of its title, as well as auxiliary numerical features like the number of words i","n_non_stop_unique_tokens, n_non_stop_words, channel, n_tokens_content, global_rate_positive_words, num_hrefs, n_unique_t"
6,letter,image,16,"**Author**: David J. Slate **Source**: [UCI](https://archive.ics.uci.edu/ml/datasets/Letter+Recognition) - 01-01-1991 **Please cite**: P. W. Frey and D. J. Slate. ""Letter Recogniti","y-box, x2ybr, width, y2bar, x-bar, x-ege, xegvy, class, high, yegvx, onpix, xybar, y-ege, xy2br, x2bar, x-box, y-bar"
41671,microaggregation2,unknown,20,microaggregation2_nominal,"a6, a7, a20, a1, a12, a11, a16, a10, a9, a8, class, a5, a4, a19, a3, a13, a17, a14, a18, a2, a15"
40926,CIFAR_10_small,image,1000,"**Author**: Alex Krizhevsky, Vinod Nair, and Geoffrey Hinton **Source**: [University of Toronto](https://www.cs.toronto.edu/~kriz/cifar.html) - 2009 **Please cite**: Alex Krizhevsk","a1585, a1123, a734, a2517, a1903, a1472, a232, a982, a1059, a692, a2841, a64, a398, a544, a1818, a1241, a1177, a2325, a9"
41159,guillermo,social,1000,"The goal of this challenge is to expose the research community to real world datasets of interest to 4Paradigm. All datasets are formatted in a uniform way, though the type of data","V1685, V2548, V3820, V4237, V2330, V1618, V2808, V1240, V3027, V2549, V3613, V1116, V646, V3407, V3931, V1125, V1419, V3"
1222,letter-challenge-unlabeled.arff,unknown,16,,"xedgevy, y-box, x2ybr, width, y2bar, onpixels, x-bar, y-edge, x-edge, height, xybar, letter, xy2br, x2bar, x-box, yedgev"
46935,HR_Analytics_Job_Change_of_Data_Scientists,social,12,This dataset was curated for [TabArena](https://tabarena.ai/) by the TabArena team as part of the [TabArena Tabular ML IID Study](https://tabarena.ai/data-tabular-ml-iid-study). Fo,"enrolled_university, major_discipline, company_size, relevent_experience, last_new_job, city, experience, LookingForJobC"
1120,MagicTelescope,image,10,"**Author**: R. K. Bock. Major Atmospheric Gamma Imaging Cherenkov Telescope project (MAGIC) Donated by P. Savicky, Institute of Computer Science, AS of CR, Czech Republic **Source*","fDist:, fConc1:, fM3Trans:, class:, fM3Long:, fLength:, fWidth:, fAsym:, fSize:, ID, fAlpha:, fConc:"
45558,Pulsar-Dataset-HTRU2,education,8,"Pulsar candidates collected during the HTRU survey. Pulsars are a type of star, of considerable scientific interest. Candidates must be classified in to pulsar and non-pulsar class","DM_kurtosis, DM_mean, DM_stdev, Profile_mean, DM_skewness, class, Profile_kurtosis, Profile_stdev, Profile_skewness"
45024,credit,finance,10,"Dataset used in the tabular data benchmark https://github.com/LeoGrin/tabular-benchmark, transformed in the same way. This dataset belongs to the ""classification on numerical featu","SeriousDlqin2yrs, NumberRealEstateLoansOrLines, NumberOfTimes90DaysLate, NumberOfDependents, MonthlyIncome, RevolvingUti"
44162,compass,finance,17,"Dataset used in the tabular data benchmark https://github.com/LeoGrin/tabular-benchmark, transformed in the same way. This dataset belongs to the ""classification on categorical and","juv_fel_count, priors_count, v_decile_score, juv_other_count, race, score_text, v_type_of_assessment, decile_score.1, c_"
846,elevators,unknown,18,**Author**: **Source**: Unknown - Date unknown **Please cite**: Binarized version of the original data set (see version 1). It converts the numeric target feature to a two-class no,"SaTime2, p, q, Sgz, diffSaTime1, diffSaTime4, diffClb, diffSaTime3, SaTime4, diffDiffClb, binaryClass, curRoll, climbRat"
44226,NewspaperChurn,social,18,This dataset includes 15856 records of individuals who are or were subscribers to this newspaper. Datasets contain demographic information like HH Income which stands for the house,"weekly fee, reward program, Home Ownership, Address, Source Channel, Year Of Residence, Subscriber, dummy for Children, "
45936,IndoorScenes,image,2,Indoor scene recognition is a challenging open problem in high level vision. Most scene recognition models that work well for outdoor scenes perform poorly in the indoor domain. Th,"Class_name, Class_encoded, Filename"
41526,test_dataset,unknown,60,Test dataset,"V26, V13, V23, V50, V10, V45, V24, V28, V34, V52, V15, V47, V55, V17, V54, V6, V60, V32, V22, V40, class, V31, V11, V8, "
1046,mozilla4,unknown,5,**Author**: **Source**: Unknown - Date unknown **Please cite**: %%%%%%%%%%%%%%%%%%%%%%%%%%%%%%%%%%%%%%%%%%%%%%%%%%%%%%%%%%%%%%%%%%%%%%%%% This is a PROMISE Software Engineering Rep,"size, event, end, state, start, id"
722,pol,unknown,48,**Author**: **Source**: Unknown - Date unknown **Please cite**: Binarized version of the original data set (see version 1). It converts the numeric target feature to a two-class no,"f34, f47, f33, f43, f9, f7, f8, f37, f25, f30, f48, f32, f2, f1, f12, f15, f20, f5, f23, f45, f4, f27, f38, f16, f41, f2"
1471,eeg-eye-state,health,14,"**Author**: Oliver Roesler **Source**: [UCI](https://archive.ics.uci.edu/ml/datasets/EEG+Eye+State), Baden-Wuerttemberg, Cooperative State University (DHBW), Stuttgart, Germany **P","V4, V6, V12, V14, V13, V7, V9, V10, Class, V11, V5, V8, V3, V2, V1"
1040,sylva_prior,unknown,108,**Author**: **Source**: Unknown - Date unknown **Please cite**: Datasets from the Agnostic Learning vs. Prior Knowledge Challenge (http://www.agnostic.inf.ethz.ch) **Note: Derived ,"Soil_Type_34, dup_Soil_Type_24, Soil_Type_23, Soil_Type_15, Soil_Type_37, Soil_Type_29, Soil_Type_17, dup_Soil_Type_20, "
4154,CreditCardSubset,unknown,30,Om algos te testen,"V26, V13, V23, V10, Class, V24, V28, V15, V1, V17, V6, V22, V11, V8, V19, V27, V3, V4, V12, Amount, V16, V2, Time, V14, "
1476,gas-drift,sensor_signal,128,"**Author**: Alexander Vergara **Source**: [UCI](https://archive.ics.uci.edu/ml/datasets/gas+sensor+array+drift+dataset) - 2012 **Please cite**: Alexander Vergara, Shankar Vembu, Tu","V13, V23, V50, V104, V118, V77, V76, V120, V86, V112, V15, V47, V1, V68, V54, V11, V27, V100, V46, V70, V113, V108, V92,"
734,ailerons,unknown,40,**Author**: **Source**: Unknown - Date unknown **Please cite**: Binarized version of the original data set (see version 1). It converts the numeric target feature to a two-class no,"diffSeTime14, diffSeTime1, diffSeTime3, p, SeTime5, diffSeTime12, q, SeTime8, SeTime10, SeTime4, diffSeTime7, diffSeTime"
959,nursery,unknown,8,**Author**: **Source**: Unknown - Date unknown **Please cite**: Binarized version of the original data set (see version 1). The multi-class target feature is converted to a two-cla,"parents, social, health, finance, form, has_nurs, housing, children, binaryClass"
46937,in_vehicle_coupon_recommendation,text,24,This dataset was curated for [TabArena](https://tabarena.ai/) by the TabArena team as part of the [TabArena Tabular ML IID Study](https://tabarena.ai/data-tabular-ml-iid-study). Fo,"occupation, weather, CoffeeHouse, RestaurantLessThan20, passenger, car, maritalStatus, time, CarryAway, expiration, has_"
45060,online_shoppers,social,17,"The dataset consists of feature vectors belonging to 12,330 sessions.The dataset was formed so that each sessionwould belong to a different user in a 1-year period to avoidany tend","Informational_Duration, Browser, Administrative, BounceRates, Region, VisitorType, Month, PageValues, OperatingSystems, "
46689,sst5,text,1,"The SST-5, also known as the Stanford Sentiment Treebank with 5 labels, is a dataset used for sentiment analysis. The SST-5 dataset consists of 11,855 single sentences extracted fr","label_text, text"
310,mammography,unknown,6,"**Author**: **Source**: Unknown - **Please cite**: Mammography dataset Past Usage: 1. Woods, K., Doss, C., Bowyer, K., Solka, J., Priebe, C.,","attr6, class, attr3, attr4, attr2, attr1, attr5"
4534,PhishingWebsites,education,30,"**Author**: Rami Mustafa A Mohammad ( University of Huddersfield"",""rami.mohammad '@' hud.ac.uk"",""rami.mustafa.a '@' gmail.com) Lee McCluskey (University of Huddersfield"",""t.l.mcclu","Page_Rank, Links_in_tags, double_slash_redirecting, HTTPS_token, Abnormal_URL, Statistical_report, port, SFH, having_IP_"
46924,E-CommereShippingData,social,10,This dataset was curated for [TabArena](https://tabarena.ai/) by the TabArena team as part of the [TabArena Tabular ML IID Study](https://tabarena.ai/data-tabular-ml-iid-study). Fo,"Customer_care_calls, Cost_of_the_Product, Weight_in_gms, Prior_purchases, Discount_offered, Gender, Mode_of_Shipment, Ar"
1019,pendigits,unknown,16,**Author**: **Source**: Unknown - Date unknown **Please cite**: Binarized version of the original data set (see version 1). The multi-class target feature is converted to a two-cla,"input11, input10, input3, input7, input8, input5, input15, input14, input9, input16, input12, input2, input6, input13, b"
1044,eye_movements,biology,27,"**Author**: **Source**: Unknown - Date unknown **Please cite**: Jarkko Salojarvi, Kai Puolamaki, Jaana Simola, Lauri Kovanen, Ilpo Kojo, Samuel Kaski. Inferring Relevance from Eye ","P2stFixation, firstPassFixDur, firstPassCnt, timePrtctg, landingPos, leavingPos, label, pupilDiamMax, titleNo, meanFixDu"
1053,jm1,unknown,21,"**Author**: [Mike Chapman, Galaxy Global Corporation](Robert.Chapman@ivv.nasa.gov) **Source**: [PROMISE Repository](http://promise.site.uottawa.ca/SERepository) **Please cite**: pl","total_Op, uniq_Opnd, ev(g), lOBlank, branchCount, total_Opnd, e, t, loc, d, lOCode, defects, uniq_Op, v, b, v(g), locCod"
46932,heloc,finance,23,This dataset was curated for [TabArena](https://tabarena.ai/) by the TabArena team as part of the [TabArena Tabular ML IID Study](https://tabarena.ai/data-tabular-ml-iid-study). Fo,"PercentInstallTrades, MaxDelqEver, MSinceMostRecentTradeOpen, NumSatisfactoryTrades, PercentTradesWBalance, PercentTrade"
1478,har,sensor_signal,561,"**Author**: Jorge L. Reyes-Ortiz, Davide Anguita, Alessandro Ghio, Luca Oneto and Xavier Parra **Source**: [UCI](https://archive.ics.uci.edu/ml/datasets/human+activity+recognition+","V370, V506, V170, V412, V199, V453, V205, V375, V313, V260, V47, V316, V360, V386, V129, V158, V344, V465, V500, V276, V"
46819,WBCAtt,health,11,"The examination of blood samples at a microscopic level plays a fundamental role in clinical diagnostics. For instance, an in-depth study of White Blood Cells (WBCs), a crucial com","nuclear_cytoplasmic_ratio, chromatin_density, granularity, cytoplasm_texture, granule_colour, cell_shape, nucleus_shape,"
1459,artificial-characters,image,7,"**Author**: H. Altay Guvenir, Burak Acar, Haldun Muderrisoglu **Source**: [UCI](https://archive.ics.uci.edu/ml/datasets/Artificial+Characters) - 1992 **Please cite**: [UCI](https:/","V4, V6, V7, Class, V5, V3, V2, V1"
46282,internet_usage,social,68,"From original source: ----- As part of our continued commitment towards the WWW community and its success, we are again making available the entire data sets for this set of survey","Disability_Not Impaired, Not Purchasing_Easier locally, Not Purchasing_Judge quality, Not Purchasing_Company policy, Act"
43920,kdd_internet_usage,unknown,70,This data contains general demographic information on internet users in 1997.,"community_membership_hobbies, community_membership_family, not_purchasing_bad_press, community_membership_none, who_pays"
46868,Phishing_Legitimate_full,finance,48,Context Anti-phishing refers to efforts to block phishing attacks. Phishing is a kind of cybercrime where attackers pose as known or trusted entities and contact individuals throug,"SubdomainLevel, ExtFormAction, IframeOrFrame, NumDashInHostname, NumNumericChars, NumUnderscore, NumSensitiveWords, Abno"
46911,Bank_Customer_Churn,social,10,This dataset was curated for [TabArena](https://tabarena.ai/) by the TabArena team as part of the [TabArena Tabular ML IID Study](https://tabarena.ai/data-tabular-ml-iid-study). Fo,"credit_score, active_member, credit_card, balance, country, tenure, age, estimated_salary, products_number, churn, gende"
41165,robert,social,1000,"The goal of this challenge is to expose the research community to real world datasets of interest to 4Paradigm. All datasets are formatted in a uniform way, though the type of data","V2548, V5481, V7145, V5354, V2330, V5814, V4515, V4610, V3931, V4953, V2107, V6034, V4541, V4875, V815, V5327, V6479, V6"
41163,dilbert,health,1000,"SOURCE: [ChaLearn Automatic Machine Learning Challenge (AutoML)](https://competitions.codalab.org/competitions/2321), [ChaLearn](https://automl.chalearn.org/data) This is a ""superv","V1685, V1618, V1240, V1116, V646, V1125, V1419, V386, V158, V1583, V1193, V135, V1742, V1748, V815, V1876, V975, V1046, "
46298,electrical_grid_stability_simulated_classification,unknown,12,From original source: ----- The local stability analysis of the 4-node star system (electricity producer is in the center) implementing Decentral Smart Grid Control concept. Additi,"p3, tau1, tau2, g3, tau3, tau4, p4, g1, p2, stabf, g2, g4, p1"
375,JapaneseVowels,unknown,14,"**Author**: Mineichi Kudo, Jun Toyama, Masaru Shimbo **Source**: [UCI](https://archive.ics.uci.edu/ml/datasets/Japanese+Vowels) **Please cite**: **Japanese vowels** This dataset re","frame, coefficient11, coefficient9, coefficient6, coefficient12, speaker, coefficient5, coefficient3, coefficient4, coef"
42140,SVHN_small,unknown,1000,10% stratified subsample of the original SVHN data,"pixel1967, pixel1212, pixel3012, pixel277, pixel1965, pixel30, pixel1785, pixel1520, pixel540, pixel2549, pixel632, pixe"
4538,GesturePhaseSegmentationProcessed,image,32,"**Author**: Renata Cristina Barros Madeo (Madeo"",""R. C. B.) Priscilla Koch Wagner (Wagner"",""P. K.) Sarajane Marques Peres (Peres"",""S. M.) {renata.si"",""priscilla.wagner"",""sarajane} ","X32, X19, X17, X23, X24, X14, X21, X5, X30, X22, X6, X26, X10, X16, Phase, X1, X3, X29, X25, X31, X4, X11, X27, X8, X7, "
45553,FICO-HELOC-cleaned,finance,23,"This dataset is from the ""Explainable Machine Learning Challenge"": > The Explainable Machine Learning Challenge is a collaboration between Google, FICO and academics at Berkeley, O","PercentInstallTrades, MaxDelqEver, MSinceMostRecentTradeOpen, NumSatisfactoryTrades, PercentTradesWBalance, PercentTrade"
46281,insurance_company,finance,85,From original source: ----- Additional Information Information about customers consists of 86 variables and includes product usage data and socio-demographic data derived from zip ,"4, 62, 2, 48, 41, 39, 54, 68, 38, 43, 73, 36, 75, 82, 5, 59, 23, target, 32, 51, 7, 69, 40, 50, 16, 61, 76, 13, 57, 71, "
46916,coil2000_insurance_policies,finance,85,This dataset was curated for [TabArena](https://tabarena.ai/) by the TabArena team as part of the [TabArena Tabular ML IID Study](https://tabarena.ai/data-tabular-ml-iid-study). Fo,"contributionMotorcycleScooterPolicies, otherReligion, mediumLevelEducation, income30To45k, rentedHouse, contributionFire"
819,delta_elevators,unknown,6,**Author**: **Source**: Unknown - Date unknown **Please cite**: Binarized version of the original data set (see version 1). It converts the numeric target feature to a two-class no,"Altitude, climbRate, diffDiffClb, RollRate, binaryClass, curRoll, diffClb"
1056,mc1,education,38,"**Author**: Mike Chapman, NASA **Source**: [tera-PROMISE](http://openscience.us/repo/defect/mccabehalsted/mc1.html) - 2004 **Please cite**: Sayyad Shirabad, J. and Menzies, T.J. (2","HALSTEAD_ERROR_EST, NUM_UNIQUE_OPERANDS, GLOBAL_DATA_DENSITY, MODIFIED_CONDITION_COUNT, NUM_OPERANDS, NUMBER_OF_LINES, N"
41082,USPS,image,256,"The dataset and this description is made available on http://www-stat.stanford.edu/~tibs/ElemStatLearn/data.html. Normalized handwritten digits, automatically scanned from envelope","double86, double168, double235, double55, double27, double238, double246, double40, double216, double84, double255, doub"
41972,Indian_pines,unknown,220,**Author**: Manvel Khudinyan **Source**: [original](https://purr.purdue.edu/publications/1947/1) - The imagery was collected on 12 June 1992 and represents a 2.9 by 2.9 km area in ,"4, 62, 133, 114, 2, 216, 48, 41, 131, 39, 54, 68, 92, 38, 43, 107, 113, 192, 98, 73, 36, 115, 75, 82, 93, 175, 209, 121,"
373,UNIX_user_data,social,2,**Author**: Terran Lane (terran@ecn.purdue.edu) **Source**: [UCI](https://archive.ics.uci.edu/ml/datasets/UNIX+User+Data) - Date unknown **Please cite**: This file contains 9 sets ,"history, user, session"
923,visualizing_soil,unknown,4,**Author**: **Source**: Unknown - Date unknown **Please cite**: Binarized version of the original data set (see version 1). It converts the numeric target feature to a two-class no,"easting, northing, resistivity, binaryClass, isns"
41164,fabert,health,800,"SOURCE: [ChaLearn Automatic Machine Learning Challenge (AutoML)](https://competitions.codalab.org/competitions/2321), [ChaLearn](https://automl.chalearn.org/data) This is a ""superv","V370, V506, V668, V170, V412, V199, V453, V701, V738, V205, V645, V793, V375, V313, V260, V47, V623, V316, V360, V583, V"
761,cpu_act,unknown,21,**Author**: **Source**: Unknown - Date unknown **Please cite**: Binarized version of the original data set (see version 1). It converts the numeric target feature to a two-class no,"wchar, pgout, freemem, vflt, ppgout, pflt, rchar, pgfree, runqsz, fork, pgscan, ppgin, swrite, scall, lwrite, binaryClas"
735,cpu_small,unknown,12,**Author**: **Source**: Unknown - Date unknown **Please cite**: Binarized version of the original data set (see version 1). It converts the numeric target feature to a two-class no,"wchar, freemem, freeswap, scall, swrite, rchar, runqsz, lwrite, exec, lread, binaryClass, fork, sread"
725,bank8FM,unknown,8,**Author**: **Source**: Unknown - Date unknown **Please cite**: Binarized version of the original data set (see version 1). It converts the numeric target feature to a two-class no,"a2pop, a1cy, b2y, b2x, mxql, a1cx, temp, binaryClass, a3pop"
752,puma32H,unknown,32,**Author**: **Source**: Unknown - Date unknown **Please cite**: Binarized version of the original data set (see version 1). It converts the numeric target feature to a two-class no,"da4, thetad3, db3, tau1, da3, tau2, db4, theta4, thetad6, db1, theta2, tau5, da2, db2, theta5, dm4, da1, tau4, db5, thet"
833,bank32nh,unknown,32,**Author**: **Source**: Unknown - Date unknown **Please cite**: Binarized version of the original data set (see version 1). It converts the numeric target feature to a two-class no,"b2x, b2eff, a3cx, b3eff, a1sx, a2sy, b1call, a1pop, b3x, a2pop, a3cy, mxql, a3sx, a2sx, temp, a2rho, b2call, a1sy, a1cy,"
807,kin8nm,unknown,8,**Author**: **Source**: Unknown - Date unknown **Please cite**: Binarized version of the original data set (see version 1). It converts the numeric target feature to a two-class no,"theta3, theta5, theta1, theta7, theta6, theta4, theta8, theta2, binaryClass"
816,puma8NH,unknown,8,**Author**: **Source**: Unknown - Date unknown **Please cite**: Binarized version of the original data set (see version 1). It converts the numeric target feature to a two-class no,"thetad3, tau1, theta3, tau2, theta1, thetad1, theta2, thetad2, binaryClass"
43922,mushroom,unknown,22,"Mushroom records drawn from The Audubon Society Field Guide to North American Mushrooms (1981). G. H. Lincoff (Pres.), New York: Alfred A. Knopf","spore-print-color, gill_color, stalk_shape, veil_type, habitat, cap_surface, ring_number, stalk_surface_below_ring, gill"
43985,isolet,image,613,"Dataset used in the tabular data benchmark https://github.com/LeoGrin/tabular-benchmark, transformed in the same way. This dataset belongs to the ""classification on numerical featu","f608, f190, f170, f416, f458, f72, f32, f171, f233, f90, f409, f447, f162, f146, f116, f260, f53, f215, f557, f538, f22,"
46969,NATICUSdroid,unknown,86,This dataset was curated for [TabArena](https://tabarena.ai/) by the TabArena team as part of the [TabArena Tabular ML IID Study](https://tabarena.ai/data-tabular-ml-iid-study). Fo,"com.htc.launcher.permission.UPDATE_SHORTCUT, com.android.vending.CHECK_LICENSE, com.majeur.launcher.permission.UPDATE_BA"
1507,twonorm,unknown,20,**Author**: Michael Revow **Source**: http://www.cs.toronto.edu/~delve/data/twonorm/desc.html **Please cite**: * Twonorm dataset This is an implementation of Leo Breiman's twonorm ,"V13, V10, Class, V15, V1, V17, V6, V11, V8, V19, V3, V4, V12, V16, V2, V14, V7, V9, V18, V5, V20"
1496,ringnorm,unknown,20,"**Author**: Michael Revow **Source**: http://www.cs.toronto.edu/~delve/data/ringnorm/desc.html **Please cite**: 1: Abstract: This is a 20 dimensional, 2 class classification proble","V13, V10, Class, V15, V1, V17, V6, V11, V8, V19, V3, V4, V12, V16, V2, V14, V7, V9, V18, V5, V20"
803,delta_ailerons,unknown,5,**Author**: **Source**: Unknown - Date unknown **Please cite**: Binarized version of the original data set (see version 1). It converts the numeric target feature to a two-class no,"PitchRate, diffRollRate, currPitch, RollRate, binaryClass, currRoll"
42178,telco-customer-churn,social,19,"Context ""Predict behavior to retain customers. You can analyze all relevant customer data and develop focused customer retention programs."" [IBM Sample Data Sets] Content Each row ","TechSupport, Partner, TotalCharges, PhoneService, InternetService, Churn, SeniorCitizen, StreamingTV, PaymentMethod, gen"
46280,blastchar,social,19,"From original source: ----- Context ""Predict behavior to retain customers. You can analyze all relevant customer data and develop focused customer retention programs."" [IBM Sample ","TechSupport, Partner, TotalCharges, PhoneService, InternetService, Churn, SeniorCitizen, StreamingTV, PaymentMethod, gen"
46962,taiwanese_bankruptcy_prediction,finance,94,This dataset was curated for [TabArena](https://tabarena.ai/) by the TabArena team as part of the [TabArena Tabular ML IID Study](https://tabarena.ai/data-tabular-ml-iid-study). Fo,"Operating_Profit_to_PaidIn_Capital, Interest_Coverage_Ratio, Cash_Flow_Per_Share, Retained_Earnings_to_Total_Assets, Qui"
40666,clean2,unknown,168,Derived from the Musk dataset: https://www.openml.org/d/1116,"f120, f7, f25, f72, f48, f32, f1, f90, f23, f118, f126, f162, f27, f146, f52, f116, f53, f96, f24, f87, f138, f35, f102,"
1116,musk,unknown,167,**Author**: **Source**: Unknown - Date unknown **Please cite**: Dataset from the MLRR repository: http://axon.cs.byu.edu:5000/ More infos: https://archive.ics.uci.edu/ml/datasets/M,"f120, f7, f25, f72, f48, f32, f1, f90, f23, f118, f126, f162, f27, f146, f52, f116, f53, f96, f24, f87, f138, f35, f102,"
847,wind,unknown,14,**Author**: **Source**: Unknown - Date unknown **Please cite**: Binarized version of the original data set (see version 1). It converts the numeric target feature to a two-class no,"BIR, KIL, CLO, MUL, VAL, year, month, SHA, RPT, CLA, day, BEL, binaryClass, DUB, ROS"
182,satimage,image,36,"**Author**: Ashwin Srinivasan, Department of Statistics and Data Modeling, University of Strathclyde **Source**: [UCI](https://archive.ics.uci.edu/ml/datasets/Statlog+(Landsat+Sate","C21attr, D22attr, Battr, Dattr, C3attr, C15attr, B2attr, E29attr, D10attr, C9attr, A7attr, E5attr, D16attr, D28attr, A1a"
1475,first-order-theorem-proving,education,51,"**Author**: James P Bridge, Sean B Holden and Lawrence C Paulson **Source**: [UCI](https://archive.ics.uci.edu/ml/datasets/First-order+theorem+proving) **Please cite**: James P Bri","V26, V13, V23, V50, V10, V45, Class, V24, V28, V34, V15, V47, V1, V17, V6, V32, V22, V40, V31, V11, V8, V19, V27, V3, V4"
47152,aztrees4,unknown,21,"aztrees4 data in SOAK paper by Hocking et al. Statistical Analysis and Data Mining (2026), subset_type=time/space file=aztrees4","SAMPLE_1, region4, SAMPLE_5, SAMPLE_12, SAMPLE_21, SAMPLE_10, SAMPLE_3, SAMPLE_4, SAMPLE_18, SAMPLE_19, SAMPLE_16, SAMPL"
47151,aztrees3,unknown,21,"aztrees3 data in SOAK paper by Hocking et al. Statistical Analysis and Data Mining (2026), subset_type=time/space file=aztrees3","SAMPLE_1, SAMPLE_5, SAMPLE_12, SAMPLE_21, SAMPLE_10, SAMPLE_3, SAMPLE_4, SAMPLE_18, SAMPLE_19, SAMPLE_16, SAMPLE_11, SAM"
41145,philippine,social,308,"The goal of this challenge is to expose the research community to real world datasets of interest to 4Paradigm. All datasets are formatted in a uniform way, though the type of data","V170, V199, V205, V260, V47, V129, V158, V276, V135, V273, V211, V171, V215, V258, V9, V234, V228, V200, V87, V149, V31,"
980,optdigits,unknown,64,**Author**: **Source**: Unknown - Date unknown **Please cite**: Binarized version of the original data set (see version 1). The multi-class target feature is converted to a two-cla,"input39, input63, input53, input38, input29, input36, input20, input16, input6, input23, input52, input22, input40, inpu"
1069,pc2,education,36,"**Author**: Mike Chapman, NASA **Source**: [tera-PROMISE](http://openscience.us/repo/defect/mccabehalsted/pc2.html) - 2004 **Please cite**: Sayyad Shirabad, J. and Menzies, T.J. (2","HALSTEAD_ERROR_EST, NUM_UNIQUE_OPERANDS, MODIFIED_CONDITION_COUNT, NUM_OPERANDS, NUMBER_OF_LINES, NORMALIZED_CYLOMATIC_C"
40499,texture,image,40,"**Author**: Laboratory of Image Processing and Pattern Recognition (INPG-LTIRF), Grenoble - France. **Source**: [ELENA project](https://www.elen.ucl.ac.be/neural-nets/Research/Proj","V26, V13, V23, V10, Class, V24, V28, V34, V15, V1, V17, V6, V32, V22, V40, V31, V11, V8, V19, V27, V3, V4, V35, V12, V16"
30,page-blocks,text,10,**Author**: **Source**: Unknown - **Please cite**: 1. Title of Database: Blocks Classification 2. Sources: (a) Donato Malerba Dipartimento di Informatica University of Bari via Ora,"p_and, eccen, p_black, blackpix, blackand, class, height, mean_tr, wb_trans, lenght, area"
1525,wall-robot-navigation,sensor_signal,2,"**Author**: Ananda Freire, Marcus Veloso and Guilherme Barreto **Source**: [original](http://www.openml.org/d/1497) - UCI **Please cite**: * Dataset Title: Wall-Following Robot Nav","Class, V2, V1"
41142,christine,health,1000,"SOURCE: [ChaLearn Automatic Machine Learning Challenge (AutoML)](https://competitions.codalab.org/competitions/2321), [ChaLearn](https://automl.chalearn.org/data) This is a ""superv","V1618, V1240, V1116, V646, V1125, V1419, V386, V158, V1583, V1193, V135, V815, V975, V1046, V772, V273, V211, V1347, V17"
1489,phoneme,text,5,"**Author**: Dominique Van Cappel, THOMSON-SINTRA **Source**: [KEEL](http://sci2s.ugr.es/keel/dataset.php?cod=105#sub2), [ELENA](https://www.elen.ucl.ac.be/neural-nets/Research/Proj","V4, Class, V5, V3, V2, V1"
1460,banana,unknown,2,**Author**: **Source**: KEEL **Please cite**: An artificial data set where instances belongs to several clusters with a banana shape. There are two attributes At1 and At2 correspon,"Class, V2, V1"
42193,compas-two-years,unknown,13,Original data from https://github.com/propublica/compas-analysis/ by ProPublica. The data was subsequently preprocessed and reduced to relevant features for classification. The tar,"juv_fel_count, priors_count, c_charge_degree_F, age_cat_25-45, juv_other_count, race_African-American, race_Caucasian, t"
44124,kdd_ipums_la_97-small,unknown,20,"Dataset used in the tabular data benchmark https://github.com/LeoGrin/tabular-benchmark, transformed in the same way. This dataset belongs to the ""classification on numerical featu","inctot, eldch, rent, occscore, incfarm, momloc, famsize, nchild, incwage, sei, poverty, value, incss, yngch, ftotinc, bi"
44186,KDDCup09_upselling,social,49,"Dataset used in the tabular data benchmark https://github.com/LeoGrin/tabular-benchmark, transformed in the same way. This dataset belongs to the ""classification on categorical and","Var6, Var132, Var65, Var194, Var149, Var81, Var144, Var133, Var153, Var223, Var207, Var211, Var38, Var109, Var208, Var16"
41146,sylvine,health,20,"SOURCE: [ChaLearn Automatic Machine Learning Challenge (AutoML)](https://competitions.codalab.org/competitions/2321), [ChaLearn](https://automl.chalearn.org/data) This is a ""superv","V13, V10, V15, V1, V17, V6, class, V11, V8, V19, V3, V4, V12, V16, V2, V14, V7, V9, V18, V5, V20"
40900,Satellite,image,36,**Author**: Markus Goldstein **Source**: [Dataverse](http://www.madm.eu/downloads https://dataverse.harvard.edu/dataset.xhtml?persistentId=doi:10.7910/DVN/OPQMVF) **Please cite**: ,"V26, V13, V23, V10, V24, V28, V34, V15, Target, V1, V17, V6, V32, V22, V31, V11, V8, V19, V27, V3, V4, V35, V12, V16, V3"
46806,product_sentiment_machine_hack,text,4,"Classify the sentiment (4-way classification) of user reviews of products based on the review text and product type (e.g. Tablet, Mobile, etc.). Intuitively, we expect most of the ","Product_Type, Product_Description, Text_ID, Unnamed: 0, Sentiment"
43607,WMO-Hurricane-Survival-Dataset,education,22,"It is estimated that 10,000 people die each year worldwide due to hurricanes and tropical storms. The majority of human deaths are caused by flooding. Hurricane Irma hit Florida as","FAV_COLR, Dist_Coast, FAV_SPORT, Class, ID, DOB, GENDER, FAV_SUBJ, EDU_DATA, FAV_TV, EMP_DATA, SALARY, DIST_FRM_COAST, F"
46880,air-quality-and-pollution-assessment,health,9,Environmental Metrics and Demographic Insights for Predicting Air Quality About Dataset This dataset focuses on air quality assessment across various regions. The dataset contains ,"Humidity, CO, Population_Density, Proximity_to_Industrial_Areas, Air_Quality, Temperature, PM10, NO2, PM2.5, SO2"
40701,churn,social,20,"**Author**: Unknown **Source**: [PMLB](https://github.com/EpistasisLab/penn-ml-benchmarks/tree/master/datasets/classification), [BigML](https://bigml.com/user/francisco/gallery/dat","account_length, total_day_minutes, area_code, total_intl_charge, total_intl_minutes, total_eve_charge, total_night_calls"
46372,Multiclass_Classification_for_Corporate_Credit_Ratings,finance,7,"This dataset is derived from the Credit Risk Analytics book by Harald, Daniel, and Bart, as described in the Medium article by Roi Polanitzer. It focuses on predicting financial di","size, costtoincome, roe, spid, commeqta, liqassta, llploans, rating"
60,waveform-5000,sensor_signal,40,"**Author**: Breiman,L., Friedman,J.H., Olshen,R.A., & Stone,C.J. **Source**: [UCI](http://archive.ics.uci.edu/ml/datasets/waveform+database+generator+(version+2)) - 1988 **Please c","x21, x4, x9, x20, x30, x33, x3, x25, x24, x38, x5, x16, x37, class, x6, x32, x27, x23, x1, x26, x8, x14, x28, x34, x12, "
44037,rl,social,12,"Dataset used in the tabular data benchmark https://github.com/LeoGrin/tabular-benchmark, transformed in the same way. This dataset belongs to the ""classification on categorical and","V17, V6, V14, V20, V22, V19, class, V18, V21, V8, V5, V15, V1"
43892,national-longitudinal-survey-binary,unknown,16,National Longitudinal Survey (Binarized) Survey results from the U.S. Bureau of Labor Statistics to gather information on the labour market activities and other life events of seve,"famsize, race, charged, jobsnum90, partner, illegalact, jobtrain90, income96gt17, height, genhealth, weight, income96, a"
40983,wilt,image,5,"**Author**: Brian Johnson **Source**: [UCI] (https://archive.ics.uci.edu/ml/datasets/Wilt) **Please cite**: Johnson, B., Tateishi, R., Hoan, N., 2013. A hybrid pansharpening approa","Mean_NIR, GLCM_Pan, class, Mean_G, SD_Plan, Mean_R"
46925,Employee,unknown,8,This dataset was curated for [TabArena](https://tabarena.ai/) by the TabArena team as part of the [TabArena Tabular ML IID Study](https://tabarena.ai/data-tabular-ml-iid-study). Fo,"EverBenched, PaymentTier, Education, JoiningYear, Age, Gender, LeaveOrNot, City, ExperienceInCurrentDomain"
44095,spambase_reproduced,text,57,"**Author**: Mark Hopkins, Erik Reeber, George Forman, Jaap Suermondt **Source**: [UCI](https://archive.ics.uci.edu/ml/datasets/spambase) **Please cite**: [UCI](https://archive.ics.","word_freq_000, word_freq_font, word_freq_email, word_freq_lab, word_freq_table, char_freq_%28, word_freq_parts, word_fre"
44,spambase,text,57,"**Author**: Mark Hopkins, Erik Reeber, George Forman, Jaap Suermondt **Source**: [UCI](https://archive.ics.uci.edu/ml/datasets/spambase) **Please cite**: [UCI](https://archive.ics.","word_freq_000, word_freq_font, word_freq_email, word_freq_lab, word_freq_table, char_freq_%28, word_freq_parts, word_fre"
47153,spam,text,57,"spam data in SOAK paper by Hocking et al. Statistical Analysis and Data Mining (2026), subset_type=train/test file=spam","x47, x56, x21, x4, x9, x20, x30, predefined.set, x3, x33, x25, x24, x38, x5, x16, x37, x6, x57, x32, x27, x23, x1, x26, "
1037,ada_prior,social,14,**Author**: **Source**: Unknown - Date unknown **Please cite**: Datasets from the Agnostic Learning vs. Prior Knowledge Challenge (http://www.agnostic.inf.ethz.ch) Dataset from: ht,"maritalStatus, educationNum, occupation, race, relationship, capitalLoss, hoursPerWeek, nativeCountry, workclass, sex, a"
46960,students_dropout_and_academic_success,education,36,This dataset was curated for [TabArena](https://tabarena.ai/) by the TabArena team as part of the [TabArena Tabular ML IID Study](https://tabarena.ai/data-tabular-ml-iid-study). Fo,"Educational_special_needs, Mothers_occupation, Application_order, Curricular_units_1st_sem_without_evaluations, Curricul"
43925,eucalyptus,unknown,7,jobScheduling: HPC Job Scheduling Data In AppliedPredictiveModeling: Functions and Data Sets for 'Applied Predictive Modeling',"NumPending, InputFields, Iterations, Day, Hour, Class, Protocol, Compounds"
1039,hiva_agnostic,biology,1000,**Author**: **Source**: Unknown - Date unknown **Please cite**: Datasets from the Agnostic Learning vs. Prior Knowledge Challenge (http://www.agnostic.inf.ethz.ch) Dataset from: ht,"attr161, attr833, attr1265, attr712, attr1004, attr870, attr210, attr1220, attr976, attr423, attr32, attr1240, attr66, a"
720,abalone,unknown,8,**Author**: **Source**: Unknown - Date unknown **Please cite**: Binarized version of the original data set (see version 1). It converts the numeric target feature to a two-class no,"Length, Whole weight, Shucked weight, Viscera weight, Diameter, Sex, binaryClass, Shell weight, Height"
41156,ada,social,48,"The goal of this challenge is to expose the research community to real world datasets of interest to 4Paradigm. All datasets are formatted in a uniform way, though the type of data","V26, V13, V23, V10, V45, V24, V28, V34, V15, V47, V1, V17, V6, V32, V22, V40, class, V31, V11, V8, V19, V27, V3, V4, V46"
728,analcatdata_supreme,unknown,7,**Author**: **Source**: Unknown - Date unknown **Please cite**: Binarized version of the original data set (see version 1). It converts the numeric target feature to a two-class no,"Actions_taken, Liberal, Year_of_decision, Lower_court_disagreement, Precedent_alteration, Unconstitutional, Unanimous, b"
43051,art_daily_nojump4,unknown,2,artificial with anomaly,"Class, value, timestamp"
42810,PCam,unknown,1000,,"f2254, f13721, f19540, f21933, f8984, f27305, f26475, f6212, f15697, f4706, f19323, f11061, f16969, f15289, f18238, f104"
46578,tiniest-imagenet-200,image,1,Tiny ImageNet contains 100000 images of 200 classes (500 for each class) downsized to 64 x 64 colored images. !!! This dataset only links to 20 images per class (instead of the usu,"label, image_path"
871,pollen,unknown,5,**Author**: **Source**: Unknown - Date unknown **Please cite**: Binarized version of the original data set (see version 1). It converts the numeric target feature to a two-class no,"NUB, CRACK, RIDGE, WEIGHT, binaryClass, DENSITY"
40497,thyroid-ann,health,21,This directory contains Thyroid datasets. &quot;ann-train.data&quot; contains 3772 learning examples and &quot;ann-test.data&quot; contains 3428 testing examples. I have obtained t,"V13, V10, Class, V15, V1, V17, V6, V11, V8, V19, V3, V4, V12, V16, V2, V14, V7, V9, V18, V5, V20, V21"
41946,Sick_numeric,unknown,29,Sick dataset from the opencc18 with all textual binary variables label encoded.,"query_hypothyroid, FTI_measured, referral_source, TBG, T4U_measured, TT4, Class, query_hyperthyroid, TBG_measured, pregn"
40708,allrep,unknown,29,allrep-pmlb,"query_hypothyroid, FTI_measured, referral_source, TBG, T4U_measured, TT4, query_hyperthyroid, TBG_measured, pregnant, qu"
40713,dis,unknown,29,dis-pmlb,"query_hypothyroid, FTI_measured, referral_source, TBG, T4U_measured, TT4, query_hyperthyroid, TBG_measured, pregnant, qu"
46912,Bioresponse,biology,1000,This dataset was curated for [TabArena](https://tabarena.ai/) by the TabArena team as part of the [TabArena Tabular ML IID Study](https://tabarena.ai/data-tabular-ml-iid-study). Fo,"D1108, D776, D950, D123, D289, D1038, D1140, D1644, D1430, D1701, D1168, D985, D1647, D219, D751, D911, D103, D1153, D13"
46800,AVIDa-SARS-CoV-2,text,5,AVIDa-SARS-CoV-2 is a dataset featuring the antigen-variable domain of heavy chain of heavy chain antibody (VHH) interactions obtained from two alpacas immunized with severe acute ,"subject_name, subject_sex, subject_species, label, VHH_sequence, Ag_label"
40910,Speech,text,400,&quot;The speech dataset was also provided by (see citation request) and contains real world data from recorded English language. The normal class contains data from persons having,"V370, V170, V199, V205, V375, V313, V260, V47, V316, V360, V386, V129, V158, V344, V276, V135, V387, V368, V333, V323, V"
46764,football-player-position,unknown,11,"Multi-class classification dataset with the goal to predict players positions based on features of the player like height, shots per match, ingame minutes per match, and others. Th","Minutes/Match, Assists/Match, Matches, Yellow Cards/Match, Shots/Match, class, Red Cards/Match, Aerials Won, Age, Goals/"
1042,gina_prior,image,784,**Author**: **Source**: Unknown - Date unknown **Please cite**: **Note: derived from MNIST?** Datasets from the Agnostic Learning vs. Prior Knowledge Challenge (http://www.agnostic,"pixel301, pixel123, pixel277, pixel693, pixel30, pixel540, pixel210, pixel632, pixel8, pixel263, pixel328, pixel719, pix"
1041,gina_prior2,image,784,**Author**: **Source**: Unknown - Date unknown **Please cite**: **Note: Identical to the MNIST dataset?** Datasets from the Agnostic Learning vs. Prior Knowledge Challenge (http://,"pixel301, pixel123, pixel277, pixel693, pixel30, pixel540, pixel210, pixel632, pixel8, pixel263, pixel328, pixel719, pix"
1038,gina_agnostic,image,970,**Author**: [Isabelle Guyon](isabelle@clopinet.com) **Source**: [Agnostic Learning vs. Prior Knowledge Challenge](http://www.agnostic.inf.ethz.ch) **Please cite**: None Dataset fro,"attr161, attr833, attr487, attr712, attr149, attr90, attr608, attr538, attr20, attr210, attr263, attr587, attr870, attr6"
42334,digits_wrote,unknown,784,Is some hand drawn digits with labels that are 1 or 0,"pixel301, pixel123, pixel277, pixel693, pixel30, pixel540, pixel210, pixel632, pixel8, pixel263, pixel328, pixel719, pix"
42882,dgf_test,unknown,4,dgf_test,"type-de-ligne, date, nom-de-la-ligne, date_annees, nombre-de-voyages"
44232,UCI_churn,unknown,20,No description available,"total night charge, customer service calls, area code, total night minutes, total intl calls, total eve calls, phone num"
40978,Internet-Advertisements,image,1000,**Author**: Nicholas Kushmerick **Source**: [UCI](http://archive.ics.uci.edu/ml/datasets/Internet+Advertisements) - 1998 **Please cite**: ### Description __Changes to version 1:__ ,"ancurl.ie, url.ran.gifs, ancurl.e.html, origurl.irish.times.com, origurl.hem1.passagen.se, url.ran.org, url.www.access.c"
40678,led7,unknown,7,led7-pmlb,"attribute#3, attribute#6, attribute#5, class, attribute#4, attribute#1, attribute#7, attribute#2"
40677,led24,unknown,24,led24-pmlb,"irrelevant14, irrelevant15, irrelevant11, attribute#1, irrelevant9, irrelevant16, irrelevant5, irrelevant10, class, attr"
3,kr-vs-kp,education,36,Author: Alen Shapiro Source: [UCI](https://archive.ics.uci.edu/ml/datasets/Chess+(King-Rook+vs.+King-Pawn)) Please cite: [UCI citation policy](https://archive.ics.uci.edu/ml/citati,"bkxwp, rimmx, wkovl, bkxcr, wkcti, bkona, bkspr, wkpos, rxmsq, reskd, dwipd, bkxbq, simpl, class, dsopp, katri, spcop, b"
953,splice,unknown,60,**Author**: **Source**: Unknown - Date unknown **Please cite**: Binarized version of the original data set (see version 1). The multi-class target feature is converted to a two-cla,"attribute_58, attribute_24, attribute_43, attribute_54, attribute_56, attribute_60, attribute_6, attribute_32, attribute"
40670,dna,biology,180,"**Author**: Ross King, based on data from Genbank 64.1 **Source**: [MLbench](https://www.rdocumentation.org/packages/mlbench/versions/2.1-1/topics/DNA). Originally from the StatLog","A38, A178, A141, A155, A145, A126, A71, A117, A148, A31, A113, A51, A7, A77, A27, A173, A89, A95, A103, A138, A54, A134,"
46737,agriculture_dataset_karnataka,unknown,11,"Data Description The dataset you've provided appears to capture agricultural data for Karnataka, specifically focusing on crop yields in Mangalore. Key features include the year of","Humidity, Area, price, Irrigation, yeilds, Location, Temperature, Crops, Rainfall, Soil type, Season, Year"
41158,gina,social,970,"The goal of this challenge is to expose the research community to real world datasets of interest to 4Paradigm. All datasets are formatted in a uniform way, though the type of data","V370, V506, V668, V898, V170, V412, V199, V453, V701, V738, V205, V645, V793, V965, V375, V313, V260, V47, V623, V316, V"
41144,madeline,social,259,"The goal of this challenge is to expose the research community to real world datasets of interest to 4Paradigm. All datasets are formatted in a uniform way, though the type of data","V213, V170, V199, V236, V13, V23, V50, V104, V118, V77, V76, V120, V86, V164, V112, V15, V165, V47, V1, V68, V54, V138, "
737,space_ga,unknown,6,**Author**: **Source**: Unknown - Date unknown **Please cite**: Binarized version of the original data set (see version 1). It converts the numeric target feature to a two-class no,"EDUCATION, ln(VOTES/POP), XCOORD, INCOME, binaryClass, HOUSES, POP"
45059,sick,health,22,"Thyroid disease records supplied by the Garavan Institute and J. Ross Quinlan, New South Wales Institute, Syndney, Australia. 1987.","query_hypothyroid, referral_source, TT4, query_hyperthyroid, pregnant, TSH, query_on_thyroxine, on_antithyroid_medicatio"
41143,jasmine,health,144,"SOURCE: [ChaLearn Automatic Machine Learning Challenge (AutoML)](https://competitions.codalab.org/competitions/2321), [ChaLearn](https://automl.chalearn.org/data) This is a ""superv","V13, V23, V50, V104, V118, V77, V76, V120, V86, V112, V15, V47, V1, V68, V54, V138, V11, V129, V27, V100, V135, V46, V70"
40476,thyroid-allhypo,health,26,"General Description of Thyroid Disease Databases and Related Files This directory contains 6 databases, corresponding test set, and corresponding documentation. They were left at t","V26, V13, V23, V10, Class, V24, V15, V1, V17, V6, V22, V11, V8, V19, V3, V4, V12, V16, V2, V14, V7, V9, V18, V5, V20, V2"
40478,thyroid-dis,health,26,"General Description of Thyroid Disease Databases and Related Files This directory contains 6 databases, corresponding test set, and corresponding documentation. They were left at t","V26, V13, V23, V10, Class, V24, V15, V1, V17, V6, V22, V11, V8, V19, V3, V4, V12, V16, V2, V14, V7, V9, V18, V5, V20, V2"
40477,thyroid-allrep,health,26,"General Description of Thyroid Disease Databases and Related Files This directory contains 6 databases, corresponding test set, and corresponding documentation. They were left at t","V26, V13, V23, V10, Class, V24, V15, V1, V17, V6, V22, V11, V8, V19, V3, V4, V12, V16, V2, V14, V7, V9, V18, V5, V20, V2"
40475,thyroid-allhyper,health,26,"General Description of Thyroid Disease Databases and Related Files This directory contains 6 databases, corresponding test set, and corresponding documentation. They were left at t","V26, V13, V23, V10, Class, V24, V15, V1, V17, V6, V22, V11, V8, V19, V3, V4, V12, V16, V2, V14, V7, V9, V18, V5, V20, V2"
40474,thyroid-allbp,health,26,UCI Thyroid allbp dataset.,"V26, V13, V23, V10, Class, V24, V15, V1, V17, V6, V22, V11, V8, V19, V3, V4, V12, V16, V2, V14, V7, V9, V18, V5, V20, V2"
42530,Midwest_Survey,unknown,27,The midwest survey dataset contain individual responses from surveys about regional identification conducted for FiveThirtyEight by SurveyMonkey.,"Education, Kentucky_in_MW?, Oklahoma_in_MW?, Age, Gender, Wisconsin_in_MW?, Nebraska_in_MW?, South_Dakota_in_MW?, Minnes"
1485,madelon,unknown,500,"**Author**: Isabelle Guyon **Source**: [UCI](http://archive.ics.uci.edu/ml/datasets/madelon) **Please cite**: Isabelle Guyon, Steve R. Gunn, Asa Ben-Hur, Gideon Dror, 2004. Result ","V370, V170, V412, V199, V453, V205, V375, V313, V260, V47, V316, V360, V386, V129, V158, V344, V465, V500, V276, V135, V"
46956,seismic-bumps,sensor_signal,15,This dataset was curated for [TabArena](https://tabarena.ai/) by the TabArena team as part of the [TabArena Tabular ML IID Study](https://tabarena.ai/data-tabular-ml-iid-study). Fo,"HighEnergySeismicBump, seismoacoustic, shift, ghazard, nbumps, nbumps5, energy, nbumps3, gdpuls, maxenergy, seismic, nbu"
43980,wine,finance,11,"Dataset used in the tabular data benchmark https://github.com/LeoGrin/tabular-benchmark, transformed in the same way. This dataset belongs to the ""classification on numerical featu","chlorides, fixed acidity, density, quality, alcohol, citric acid, sulphates, free sulfur dioxide, total sulfur dioxide, "
1487,ozone-level-8hr,education,72,"**Author**: Kun Zhang, Wei Fan, XiaoJing Yuan **Source**: [UCI](https://archive.ics.uci.edu/ml/datasets/ozone+level+detection) **Please cite**: Forecasting skewed biased stochastic","V26, V69, V66, V13, V23, V50, V10, V45, Class, V24, V28, V34, V52, V15, V47, V1, V55, V68, V17, V54, V6, V60, V32, V22, "
46564,Apple_Stock_Price_Trends_Classification,finance,22,# Apple Stock Price Trend Prediction Dataset (2014-2023) ## Dataset Overview Apple stock prices from years 2014 to 2023. This dataset can be used to predict price trend for next da,"rsi_7, month, ema_50, atr_7, open, close, weekday, sma_100, truerange, ema_100, cci_7, target, year, macd, day, rsi_14, "
46951,Pumpkin_Seeds,unknown,12,This dataset was curated for [TabArena](https://tabarena.ai/) by the TabArena team as part of the [TabArena Tabular ML IID Study](https://tabarena.ai/data-tabular-ml-iid-study). Fo,"Compactness, Aspect_Ration, Major_Axis_Length, Area, Minor_Axis_Length, Convex_Area, Eccentricity, Extent, Perimeter, Eq"
1548,autoUniv-au4-2500,text,100,**Author**: Ray. J. Hickey **Source**: UCI **Please cite**: * Dataset Title: AutoUniv Dataset data problem: autoUniv-au4-2500 * Abstract: AutoUniv is an advanced data generator for,"V13, V23, V50, V77, V76, V86, V15, V47, V1, V68, V54, V11, V27, V100, V46, V70, V92, V42, V57, V2, V71, V48, V39, V30, V"
316,yeast_ml8,biology,116,**Author**: **Source**: Unknown - **Please cite**: Yeast dataset Past Usage: André Elisseeff and Jason Weston. A kernel method for multi-labelled classification. In Thomas G. Diett,"attr19, attr58, attr90, attr20, attr101, attr97, attr44, attr11, class11, class13, attr32, attr77, attr31, attr66, attr8"
312,scene,image,299,"**Author**: Matthew R. Boutell, Jiebo Luo, Xipeng Shen, and Christopher M. Brown. **Source**: [Mulan](http://mulan.sourceforge.net/datasets-mlc.html) **Please cite**: ### Descripti","attr161, attr166, attr174, attr274, attr19, attr149, attr58, attr90, attr244, attr260, attr200, attr20, attr210, attr263"
46930,hazelnut-spread-contaminant-detection,unknown,30,This dataset was curated for [TabArena](https://tabarena.ai/) by the TabArena team as part of the [TabArena Tabular ML IID Study](https://tabarena.ai/data-tabular-ml-iid-study). Fo,"s23, s26, s36, s24, s42, Contaminated, s35, s52, s15, s14, s41, s51, s64, s61, s12, s53, s65, s16, s54, s45, s34, s21, s"
45968,BraidFlowSessionLevel,health,123,"Entering a cognitive state of flow is a natural response of the mind that allows people to fully concentrate and cope with tedious, and often repetitive tasks. Understanding how to","emg_tonic_energy, braiding_statistics_revwork, heartrate_mean, disk_speed_mean_lateral, disk_heading_rhythm_10, heartrat"
36,segment,image,19,"**Author**: University of Massachusetts Vision Group, Carla Brodley **Source**: [UCI](http://archive.ics.uci.edu/ml/datasets/image+segmentation) - 1990 **Please cite**: [UCI](http:","short-line-density-5, value-mean, vedge-mean, region-centroid-col, hedge-sd, exgreen-mean, region-pixel-count, class, ex"
46940,Marketing_Campaign,social,25,This dataset was curated for [TabArena](https://tabarena.ai/) by the TabArena team as part of the [TabArena Tabular ML IID Study](https://tabarena.ai/data-tabular-ml-iid-study). Fo,"AcceptedCmp4, Marital_Status, Recency, NumCatalogPurchases, NumWebPurchases, Education, MntFishProducts, Income, Accepte"
40704,Titanic,unknown,3,"PMLB version of the Titanic dataset, which only uses 3 features. See version 1 for the complete version: https://www.openml.org/d/40945","Class, Age, class, Sex"
772,quake,unknown,3,**Author**: **Source**: Unknown - Date unknown **Please cite**: Binarized version of the original data set (see version 1). It converts the numeric target feature to a two-class no,"latitude, longitude, binaryClass, focal_depth"
46863,Fetal_cardiotocography_dataset,health,36,2126 fetal cardiotocograms (CTGs) were automatically processed and the respective diagnostic features measured. The CTGs were also classified by three expert obstetricians and a co,"LD, FS, LBE, UC, Mean, A, Min, e, C, Nmax, Width, ASTV, DP, Median, MSTV, LB, Variance, NSP, D, FM, b, DR, B, Nzeros, Ma"
1560,cardiotocography,unknown,35,"**Author**: J. P. Marques de Sá, J. Bernardes, D. Ayers de Campos. **Source**: [original](http://www.openml.org/d/1466) - UCI **Please cite**: A 3-class version of Cardiotocography","V26, V13, V23, V10, Class, V24, V28, V34, V15, V1, V17, V6, V32, V22, V31, V11, V8, V19, V27, V3, V4, V35, V12, V16, V2,"
46597,Estimation_of_Obesity_Levels,unknown,16,"This dataset include data for the estimation of obesity levels in individuals from the countries of Mexico, Peru and Colombia, based on their eating habits and physical condition. ","CAEC, CH2O, NCP, SCC, FAF, CALC, Weight, MTRANS, NObeyesdad, TUE, Age, Gender, FAVC, FCVC, family_history_with_overweigh"
1067,kc1,education,21,"**Author**: Mike Chapman, NASA **Source**: [tera-PROMISE](http://openscience.us/repo/defect/mccabehalsted/kc1.html) - 2004 **Please cite**: Sayyad Shirabad, J. and Menzies, T.J. (2","total_Op, uniq_Opnd, ev(g), lOBlank, branchCount, total_Opnd, e, t, loc, d, lOCode, defects, uniq_Op, v, b, v(g), locCod"
914,balloon,unknown,1,**Author**: **Source**: Unknown - Date unknown **Please cite**: Binarized version of the original data set (see version 1). It converts the numeric target feature to a two-class no,"raw, binaryClass, id"
44431,jannis_seed_3_nrows_2000_nclasses_10_ncols_100_stratify_True,finance,54,Subsampling of the dataset jannis (44131) with seed=3 args.nrows=2000 args.ncols=100 args.nclasses=10 args.no_stratify=True Generated with the following source code: ```python def ,"V26, V13, V23, V50, V10, V45, V24, V28, V34, V52, V15, V47, V1, V17, V54, V6, V32, V22, V40, class, V31, V11, V8, V19, V"
44415,MiniBooNE_seed_3_nrows_2000_nclasses_10_ncols_100_stratify_True,finance,50,Subsampling of the dataset MiniBooNE (44128) with seed=3 args.nrows=2000 args.ncols=100 args.nclasses=10 args.no_stratify=True Generated with the following source code: ```python d,"ParticleID_48, ParticleID_12, ParticleID_6, ParticleID_21, ParticleID_30, ParticleID_45, ParticleID_42, ParticleID_18, P"
1020,mfeat-karhunen,unknown,64,**Author**: **Source**: Unknown - Date unknown **Please cite**: Binarized version of the original data set (see version 1). The multi-class target feature is converted to a two-cla,"att50, att43, att35, att9, att44, att12, att59, att5, att20, att26, att37, att55, att52, att58, att16, att39, att51, att"
44400,MagicTelescope_seed_3_nrows_2000_nclasses_10_ncols_100_stratify_True,finance,10,Subsampling of the dataset MagicTelescope (44125) with seed=3 args.nrows=2000 args.ncols=100 args.nclasses=10 args.no_stratify=True Generated with the following source code: ```pyt,"fDist:, fConc1:, fM3Trans:, fM3Long:, fLength:, fWidth:, class, fAsym:, fSize:, fAlpha:, fConc:"
44460,compass_seed_2_nrows_2000_nclasses_10_ncols_100_stratify_True,finance,17,Subsampling of the dataset compass (44162) with seed=2 args.nrows=2000 args.ncols=100 args.nclasses=10 args.no_stratify=True Generated with the following source code: ```python def,"juv_fel_count, priors_count, v_decile_score, juv_other_count, race, score_text, v_type_of_assessment, decile_score.1, c_"
12,mfeat-factors,image,216,"**Author**: Robert P.W. Duin, Department of Applied Physics, Delft University of Technology **Source**: [UCI](https://archive.ics.uci.edu/ml/datasets/Multiple+Features) - 1998 **Pl","att126, att67, att155, att197, att9, att104, att12, att205, att134, att162, att5, att26, att130, att185, att196, att207,"
1022,mfeat-pixel,unknown,240,**Author**: **Source**: Unknown - Date unknown **Please cite**: Binarized version of the original data set (see version 1). The multi-class target feature is converted to a two-cla,"att126, att67, att155, att236, att197, att9, att104, att12, att205, att134, att162, att5, att26, att130, att185, att196,"
44433,electricity_seed_0_nrows_2000_nclasses_10_ncols_100_stratify_True,finance,8,Subsampling of the dataset electricity (44156) with seed=0 args.nrows=2000 args.ncols=100 args.nclasses=10 args.no_stratify=True Generated with the following source code: ```python,"period, vicprice, nswprice, class, nswdemand, day, date, vicdemand, transfer"
44443,covertype_seed_0_nrows_2000_nclasses_10_ncols_100_stratify_True,finance,54,Subsampling of the dataset covertype (44159) with seed=0 args.nrows=2000 args.ncols=100 args.nclasses=10 args.no_stratify=True Generated with the following source code: ```python d,"Soil_Type38, Soil_Type40, Horizontal_Distance_To_Hydrology, Horizontal_Distance_To_Fire_Points, Elevation, Soil_Type13, "
18,mfeat-morphological,image,6,"**Author**: Robert P.W. Duin, Department of Applied Physics, Delft University of Technology **Source**: [UCI](https://archive.ics.uci.edu/ml/datasets/Multiple+Features) - 1998 **Pl","att2, att4, class, att6, att1, att3, att5"
44723,adult_seed_0_nrows_2000_nclasses_10_ncols_100_stratify_True,finance,14,Subsampling of the dataset adult (1590) with seed=0 args.nrows=2000 args.ncols=100 args.nclasses=10 args.no_stratify=True Generated with the following source code: ```python def su,"capital-gain, occupation, race, native-country, relationship, class, workclass, marital-status, sex, age, education, hou"
44685,christine_seed_2_nrows_2000_nclasses_10_ncols_100_stratify_True,finance,100,Subsampling of the dataset christine (41142) with seed=2 args.nrows=2000 args.ncols=100 args.nclasses=10 args.no_stratify=True Generated with the following source code: ```python d,"V1229, V1363, V86, V1170, V165, V599, V617, V676, V1116, V993, V158, V663, V761, V1389, V1366, V476, V928, V323, V171, V"
44693,Satellite_seed_0_nrows_2000_nclasses_10_ncols_100_stratify_True,finance,36,Subsampling of the dataset Satellite (40900) with seed=0 args.nrows=2000 args.ncols=100 args.nclasses=10 args.no_stratify=True Generated with the following source code: ```python d,"V26, V13, V23, V10, V24, V28, V34, V15, Target, V1, V17, V6, V32, V22, V31, V11, V8, V19, V27, V3, V4, V35, V12, V16, V3"
44699,Fashion-MNIST_seed_1_nrows_2000_nclasses_10_ncols_100_stratify_True,finance,100,Subsampling of the dataset Fashion-MNIST (40996) with seed=1 args.nrows=2000 args.ncols=100 args.nclasses=10 args.no_stratify=True Generated with the following source code: ```pyth,"pixel652, pixel643, pixel274, pixel655, pixel364, pixel191, pixel240, pixel546, pixel714, pixel217, pixel322, pixel569, "
44703,connect-4_seed_0_nrows_2000_nclasses_10_ncols_100_stratify_True,finance,42,Subsampling of the dataset connect-4 (40668) with seed=0 args.nrows=2000 args.ncols=100 args.nclasses=10 args.no_stratify=True Generated with the following source code: ```python d,"g6, a6, b2, c5, e3, a1, b6, b1, c4, e1, e2, b5, d3, c1, f1, f2, d4, c3, e6, f5, class, a5, f4, a4, c2, e4, c6, e5, d1, a"
995,mfeat-zernike,unknown,47,**Author**: **Source**: Unknown - Date unknown **Please cite**: Binarized version of the original data set (see version 1). The multi-class target feature is converted to a two-cla,"att43, att35, att9, att44, att12, att5, att20, att26, att37, att16, att39, att7, att10, att14, att33, att11, att8, att17"
44668,GesturePhaseSegmentationProcessed_seed_0_nrows_2000_nclasses_10_ncols_100_stratify_True,finance,32,Subsampling of the dataset GesturePhaseSegmentationProcessed (4538) with seed=0 args.nrows=2000 args.ncols=100 args.nclasses=10 args.no_stratify=True Generated with the following s,"X32, X19, X17, X23, X24, X14, X21, X5, X30, X22, X6, X26, X10, X16, Phase, X1, X3, X29, X25, X31, X4, X11, X27, X8, X7, "
971,mfeat-fourier,unknown,76,**Author**: **Source**: Unknown - Date unknown **Please cite**: Binarized version of the original data set (see version 1). The multi-class target feature is converted to a two-cla,"att67, att9, att12, att5, att26, att56, att14, att11, att2, att31, att64, att1, att22, att21, att40, att65, att59, att37"
44713,nomao_seed_0_nrows_2000_nclasses_10_ncols_100_stratify_True,finance,100,Subsampling of the dataset nomao (1486) with seed=0 args.nrows=2000 args.ncols=100 args.nclasses=10 args.no_stratify=True Generated with the following source code: ```python def su,"V13, V23, V50, V104, V118, V76, V86, V112, V47, V1, V68, V11, V27, V100, V46, V113, V108, V92, V42, V57, V2, V71, V48, V"
44677,PhishingWebsites_seed_4_nrows_2000_nclasses_10_ncols_100_stratify_True,finance,30,Subsampling of the dataset PhishingWebsites (4534) with seed=4 args.nrows=2000 args.ncols=100 args.nclasses=10 args.no_stratify=True Generated with the following source code: ```py,"Page_Rank, Links_in_tags, double_slash_redirecting, HTTPS_token, Abnormal_URL, Statistical_report, port, SFH, having_IP_"
44678,sylvine_seed_0_nrows_2000_nclasses_10_ncols_100_stratify_True,finance,20,Subsampling of the dataset sylvine (41146) with seed=0 args.nrows=2000 args.ncols=100 args.nclasses=10 args.no_stratify=True Generated with the following source code: ```python def,"V13, V10, V15, V1, V17, V6, class, V11, V8, V19, V3, V4, V12, V16, V2, V14, V7, V9, V18, V5, V20"
44645,kr-vs-kp_seed_2_nrows_2000_nclasses_10_ncols_100_stratify_True,finance,36,Subsampling of the dataset kr-vs-kp (3) with seed=2 args.nrows=2000 args.ncols=100 args.nclasses=10 args.no_stratify=True Generated with the following source code: ```python def su,"bkxwp, rimmx, wkovl, bkxcr, wkcti, bkona, bkspr, wkpos, rxmsq, reskd, dwipd, bkxbq, simpl, class, dsopp, katri, spcop, b"
44661,churn_seed_3_nrows_2000_nclasses_10_ncols_100_stratify_True,finance,20,Subsampling of the dataset churn (40701) with seed=3 args.nrows=2000 args.ncols=100 args.nclasses=10 args.no_stratify=True Generated with the following source code: ```python def s,"account_length, total_day_minutes, area_code, total_intl_charge, total_intl_minutes, total_eve_charge, total_night_calls"
44657,Bioresponse_seed_4_nrows_2000_nclasses_10_ncols_100_stratify_True,finance,100,Subsampling of the dataset Bioresponse (4134) with seed=4 args.nrows=2000 args.ncols=100 args.nclasses=10 args.no_stratify=True Generated with the following source code: ```python ,"D1657, D382, D238, D203, D1025, D835, D1219, D139, D1588, D983, D337, D679, D1762, D982, D646, D48, target, D1583, D1425"
44629,kc1_seed_1_nrows_2000_nclasses_10_ncols_100_stratify_True,finance,21,Subsampling of the dataset kc1 (1067) with seed=1 args.nrows=2000 args.ncols=100 args.nclasses=10 args.no_stratify=True Generated with the following source code: ```python def subs,"total_Op, uniq_Opnd, ev(g), lOBlank, branchCount, total_Opnd, e, t, loc, d, lOCode, defects, uniq_Op, v, b, v(g), locCod"
44740,robert_seed_2_nrows_2000_nclasses_10_ncols_100_stratify_True,finance,100,Subsampling of the dataset robert (41165) with seed=2 args.nrows=2000 args.ncols=100 args.nclasses=10 args.no_stratify=True Generated with the following source code: ```python def ,"V4267, V4075, V2381, V3015, V5960, V6409, V278, V6610, V2121, V4965, V3973, V3415, V2378, V6670, V2941, V4005, V4875, V5"
44748,guillermo_seed_0_nrows_2000_nclasses_10_ncols_100_stratify_True,finance,100,Subsampling of the dataset guillermo (41159) with seed=0 args.nrows=2000 args.ncols=100 args.nclasses=10 args.no_stratify=True Generated with the following source code: ```python d,"V3620, V23, V1132, V1170, V1657, V1378, V1134, V2292, V317, V3084, V2038, V70, V2747, V1664, V1620, V975, V3652, V3841, "
44566,philippine_seed_3_nrows_2000_nclasses_10_ncols_100_stratify_True,finance,100,Subsampling of the dataset philippine (41145) with seed=3 args.nrows=2000 args.ncols=100 args.nclasses=10 args.no_stratify=True Generated with the following source code: ```python ,"V170, V261, V205, V104, V120, V76, V68, V1, V138, V159, V70, V113, V177, V273, V211, V2, V215, V243, V39, V258, V202, V2"
44568,ada_seed_0_nrows_2000_nclasses_10_ncols_100_stratify_True,finance,48,Subsampling of the dataset ada (41156) with seed=0 args.nrows=2000 args.ncols=100 args.nclasses=10 args.no_stratify=True Generated with the following source code: ```python def sub,"V26, V13, V23, V10, V45, V24, V28, V34, V15, V47, V1, V17, V6, V32, V22, V40, class, V31, V11, V8, V19, V27, V3, V4, V46"
44633,segment_seed_0_nrows_2000_nclasses_10_ncols_100_stratify_True,finance,16,Subsampling of the dataset segment (40984) with seed=0 args.nrows=2000 args.ncols=100 args.nclasses=10 args.no_stratify=True Generated with the following source code: ```python def,"rawgreen.mean, saturation.mean, rawblue.mean, intensity.mean, vegde.sd, exred.mean, hedge.sd, exgreen.mean, value.mean, "
44558,madeline_seed_0_nrows_2000_nclasses_10_ncols_100_stratify_True,finance,100,Subsampling of the dataset madeline (41144) with seed=0 args.nrows=2000 args.ncols=100 args.nclasses=10 args.no_stratify=True Generated with the following source code: ```python de,"V213, V236, V13, V50, V164, V104, V205, V86, V112, V1, V54, V138, V159, V185, V129, V100, V224, V211, V2, V215, V30, V25"
44638,dna_seed_0_nrows_2000_nclasses_10_ncols_100_stratify_True,finance,100,Subsampling of the dataset dna (40670) with seed=0 args.nrows=2000 args.ncols=100 args.nclasses=10 args.no_stratify=True Generated with the following source code: ```python def sub,"A155, A145, A126, A51, A138, A134, A129, A90, A128, A131, A66, A157, A28, A83, A61, A147, A162, A78, A46, A2, A42, A153,"
44527,jasmine_seed_4_nrows_2000_nclasses_10_ncols_100_stratify_True,finance,100,Subsampling of the dataset jasmine (41143) with seed=4 args.nrows=2000 args.ncols=100 args.nclasses=10 args.no_stratify=True Generated with the following source code: ```python def,"V13, V23, V50, V104, V77, V76, V86, V112, V15, V47, V68, V54, V138, V11, V129, V27, V100, V135, V46, V70, V113, V108, V4"
44528,airlines_seed_0_nrows_2000_nclasses_10_ncols_100_stratify_True,finance,7,Subsampling of the dataset airlines (1169) with seed=0 args.nrows=2000 args.ncols=100 args.nclasses=10 args.no_stratify=True Generated with the following source code: ```python def,"DayOfWeek, Time, Length, Delay, Flight, AirportTo, Airline, AirportFrom"
44544,gina_seed_1_nrows_2000_nclasses_10_ncols_100_stratify_True,finance,100,Subsampling of the dataset gina (41158) with seed=1 args.nrows=2000 args.ncols=100 args.nclasses=10 args.no_stratify=True Generated with the following source code: ```python def su,"V77, V577, V456, V112, V856, V926, V185, V113, V108, V275, V826, V57, V772, V673, V273, V242, V766, V445, V883, V228, V1"
44513,dilbert_seed_0_nrows_2000_nclasses_10_ncols_100_stratify_True,finance,100,Subsampling of the dataset dilbert (41163) with seed=0 args.nrows=2000 args.ncols=100 args.nclasses=10 args.no_stratify=True Generated with the following source code: ```python def,"V453, V1648, V1429, V1133, V514, V1351, V1618, V1652, V1665, V1333, V1774, V1919, V11, V740, V780, V1569, V1758, V754, V"
44419,Higgs_seed_2_nrows_2000_nclasses_10_ncols_100_stratify_True,finance,24,Subsampling of the dataset Higgs (44129) with seed=2 args.nrows=2000 args.ncols=100 args.nclasses=10 args.no_stratify=True Generated with the following source code: ```python def s,"jet_1_pt, lepton_pT, missing_energy_magnitude, jet_3_pt, missing_energy_phi, m_jj, jet_3_eta, jet_4_eta, jet_2_phi, m_bb"
44454,road-safety_seed_1_nrows_2000_nclasses_10_ncols_100_stratify_True,finance,32,Subsampling of the dataset road-safety (44161) with seed=1 args.nrows=2000 args.ncols=100 args.nclasses=10 args.no_stratify=True Generated with the following source code: ```python,"Engine_Capacity_(CC), Sex_of_Driver, Age_of_Driver, Vehicle_Reference_df, Location_Northing_OSGR, Casualty_IMD_Decile, L"
44518,fabert_seed_0_nrows_2000_nclasses_10_ncols_100_stratify_True,finance,100,Subsampling of the dataset fabert (41164) with seed=0 args.nrows=2000 args.ncols=100 args.nclasses=10 args.no_stratify=True Generated with the following source code: ```python def ,"V104, V25, V290, V691, V313, V260, V68, V497, V623, V54, V651, V360, V495, V129, V468, V608, V523, V280, V752, V520, V57"
44777,sf-police-incidents_seed_4_nrows_2000_nclasses_10_ncols_100_stratify_True,finance,8,Subsampling of the dataset sf-police-incidents (42732) with seed=4 args.nrows=2000 args.ncols=100 args.nclasses=10 args.no_stratify=True Generated with the following source code: `,"DayOfWeek, ViolentCrime, PdDistrict, Month, Address, Hour, X, Y, Year"
46752,student_lifestyle_dataset,education,7,Daily Lifestyle and Academic Performance of Students About Dataset This dataset provides a detailed view of student lifestyle patterns and their correlation with academic performan,"Student_ID, Study_Hours_Per_Day, GPA, Stress_Level, Sleep_Hours_Per_Day, Social_Hours_Per_Day, Extracurricular_Hours_Per"
44733,volkert_seed_0_nrows_2000_nclasses_10_ncols_100_stratify_True,finance,100,Subsampling of the dataset volkert (41166) with seed=0 args.nrows=2000 args.ncols=100 args.nclasses=10 args.no_stratify=True Generated with the following source code: ```python def,"V170, V23, V164, V86, V112, V15, V165, V47, V1, V68, V54, V159, V11, V129, V158, V27, V166, V135, V46, V70, V108, V92, V"
44756,riccardo_seed_3_nrows_2000_nclasses_10_ncols_100_stratify_True,finance,100,Subsampling of the dataset riccardo (41161) with seed=3 args.nrows=2000 args.ncols=100 args.nclasses=10 args.no_stratify=True Generated with the following source code: ```python de,"V2548, V965, V1354, V1240, V138, V2479, V1116, V360, V1333, V1774, V591, V2745, V1397, V762, V166, V2018, V731, V754, V6"
44488,wilt_seed_0_nrows_2000_nclasses_10_ncols_100_stratify_True,finance,5,Subsampling of the dataset wilt (40983) with seed=0 args.nrows=2000 args.ncols=100 args.nclasses=10 args.no_stratify=True Generated with the following source code: ```python def su,"Mean_NIR, GLCM_Pan, class, Mean_G, SD_Plan, Mean_R"
44493,numerai28.6_seed_0_nrows_2000_nclasses_10_ncols_100_stratify_True,finance,21,Subsampling of the dataset numerai28.6 (23517) with seed=0 args.nrows=2000 args.ncols=100 args.nclasses=10 args.no_stratify=True Generated with the following source code: ```python,"attribute_6, attribute_8, attribute_13, attribute_12, attribute_5, attribute_14, attribute_10, attribute_19, attribute_1"
44347,credit_seed_0_nrows_2000_nclasses_10_ncols_100_stratify_True,finance,10,Subsampling of the dataset credit (44089) with seed=0 args.nrows=2000 args.ncols=100 args.nclasses=10 args.no_stratify=True Generated with the following source code: ```python def ,"SeriousDlqin2yrs, NumberRealEstateLoansOrLines, NumberOfTimes90DaysLate, NumberOfDependents, MonthlyIncome, RevolvingUti"
44227,South_Asian_Churn_dataset,unknown,13,The SATO data set used is real life data collected from a major wireless telecom operator in South Asia.,"Aggregate_Data_Rev, Aggregate_Data_Vol, Aggregate_Total_Rev, aug_fav_a, network_age, aug_user_type, Aggregate_complaint_"
44362,california_seed_0_nrows_2000_nclasses_10_ncols_100_stratify_True,finance,8,Subsampling of the dataset california (44090) with seed=0 args.nrows=2000 args.ncols=100 args.nclasses=10 args.no_stratify=True Generated with the following source code: ```python ,"Longitude, HouseAge, price, MedInc, AveOccup, Latitude, AveRooms, AveBedrms, Population"
44367,wine_seed_0_nrows_2000_nclasses_10_ncols_100_stratify_True,finance,11,Subsampling of the dataset wine (44091) with seed=0 args.nrows=2000 args.ncols=100 args.nclasses=10 args.no_stratify=True Generated with the following source code: ```python def su,"chlorides, fixed acidity, density, quality, alcohol, citric acid, sulphates, free sulfur dioxide, total sulfur dioxide, "
44407,phoneme_seed_0_nrows_2000_nclasses_10_ncols_100_stratify_True,finance,5,Subsampling of the dataset phoneme (44127) with seed=0 args.nrows=2000 args.ncols=100 args.nclasses=10 args.no_stratify=True Generated with the following source code: ```python def,"V4, Class, V5, V3, V2, V1"
44382,pol_seed_0_nrows_2000_nclasses_10_ncols_100_stratify_True,finance,26,Subsampling of the dataset pol (44122) with seed=0 args.nrows=2000 args.ncols=100 args.nclasses=10 args.no_stratify=True Generated with the following source code: ```python def sub,"f33, f9, f7, f8, f25, f30, f32, f15, f20, f5, f23, f27, f16, f24, f18, f22, f26, binaryClass, f14, f19, f31, f13, f21, f"
46944,Mobile_Price,social,20,This dataset was curated for [TabArena](https://tabarena.ai/) by the TabArena team as part of the [TabArena Tabular ML IID Study](https://tabarena.ai/data-tabular-ml-iid-study). Fo,"battery_power, m_dep, clock_speed, px_height, blue, fc, int_memory, n_cores, four_g, sc_h, talk_time, mobile_wt, wifi, p"
44504,steel-plates-fault_seed_1_nrows_2000_nclasses_10_ncols_100_stratify_True,finance,27,Subsampling of the dataset steel-plates-fault (40982) with seed=1 args.nrows=2000 args.ncols=100 args.nclasses=10 args.no_stratify=True Generated with the following source code: ``,"V26, V13, V23, V10, V24, V15, V1, V17, V6, V22, V11, V8, V19, V27, V3, V4, V12, target, V16, V2, V14, V7, V9, V18, V5, V"
44621,car_seed_3_nrows_2000_nclasses_10_ncols_100_stratify_True,finance,6,Subsampling of the dataset car (40975) with seed=3 args.nrows=2000 args.ncols=100 args.nclasses=10 args.no_stratify=True Generated with the following source code: ```python def sub,"persons, doors, buying, lug_boot, maint, class, safety"
40664,car-evaluation,unknown,21,car-evaluation-pmlb,"persons_4, buying_price_med, buying_price_vhigh, safety_low, class, buying_price_low, luggage_boot_size_med, persons_mor"
991,car,unknown,6,**Author**: **Source**: Unknown - Date unknown **Please cite**: Binarized version of the original data set (see version 1). The multi-class target feature is converted to a two-cla,"persons, doors, buying, lug_boot, maint, safety, binaryClass"
46938,Is-this-a-good-customer,social,13,This dataset was curated for [TabArena](https://tabarena.ai/) by the TabArena team as part of the [TabArena Tabular ML IID Study](https://tabarena.ai/data-tabular-ml-iid-study). Fo,"having_children_flg, bad_client_target, product_type, region, month, is_client, credit_term, phone_operator, sex, age, e"
45648,MIC,unknown,104,Myocardial infarction complications Database,"GIPER_NA, ant_im, endocr_03, D_AD_ORIT, ritm_ecg_p_04, n_r_ecg_p_08, GB, endocr_02, n_p_ecg_p_03, np_08, ritm_ecg_p_07, "
40647,GAMETES_Epistasis_2-Way_20atts_0.4H_EDM-1_1,unknown,20,GAMETES_Epistasis_2-Way_20atts_0.4H_EDM-1_1-pmlb,"N4, N0, N17, N16, class, N2, N6, N7, N14, P2, N3, P1, N15, N9, N1, N10, N12, N5, N11, N8, N13"
40649,GAMETES_Heterogeneity_20atts_1600_Het_0.4_0.2_50_EDM-2_001,unknown,20,GAMETES_Heterogeneity_20atts_1600_Het_0.4_0.2_50_EDM-2_001-pmlb,"N4, N0, M1P0, class, M1P1, N2, M0P0, N6, N7, N14, N3, N15, N9, N1, N10, N12, M0P1, N5, N11, N8, N13"
1501,semeion,image,256,**Author**: Semeion Research Center of Sciences of Communication **Source**: [UCI](http://archive.ics.uci.edu/ml/datasets/semeion+handwritten+digit) **Please cite**: Semeion Resear,"V213, V170, V199, V236, V13, V23, V50, V104, V118, V77, V76, V120, V86, V164, V112, V15, V165, V47, V1, V68, V54, V138, "
1050,pc3,education,37,"**Author**: Mike Chapman, NASA **Source**: [tera-PROMISE](http://openscience.us/repo/defect/mccabehalsted/pc3.html) - 2004 **Please cite**: Sayyad Shirabad, J. and Menzies, T.J. (2","HALSTEAD_ERROR_EST, NUM_UNIQUE_OPERANDS, MODIFIED_CONDITION_COUNT, NUM_OPERANDS, NUMBER_OF_LINES, NORMALIZED_CYLOMATIC_C"
1146,OVA_Prostate,biology,1000,**Author**: **Source**: Unknown - Date unknown **Please cite**: GEMLeR provides a collection of gene expression datasets that can be used for benchmarking gene expression oriented ,"215536_at, 203432_at, 200962_at, 202318_s_at, 219795_at, 226320_at, 212895_s_at, 216331_at, 203324_s_at, 218245_at, 2252"
1130,OVA_Lung,biology,1000,**Author**: **Source**: Unknown - Date unknown **Please cite**: GEMLeR provides a collection of gene expression datasets that can be used for benchmarking gene expression oriented ,"215536_at, 203432_at, 200962_at, 202318_s_at, 219795_at, 226320_at, 212895_s_at, 216331_at, 203324_s_at, 218245_at, 2252"
1139,OVA_Omentum,biology,1000,**Author**: **Source**: Unknown - Date unknown **Please cite**: GEMLeR provides a collection of gene expression datasets that can be used for benchmarking gene expression oriented ,"215536_at, 203432_at, 200962_at, 202318_s_at, 219795_at, 226320_at, 212895_s_at, 216331_at, 203324_s_at, 218245_at, 2252"
1161,OVA_Colon,biology,1000,**Author**: **Source**: Unknown - Date unknown **Please cite**: GEMLeR provides a collection of gene expression datasets that can be used for benchmarking gene expression oriented ,"215536_at, 203432_at, 200962_at, 202318_s_at, 219795_at, 226320_at, 212895_s_at, 216331_at, 203324_s_at, 218245_at, 2252"
1138,OVA_Uterus,biology,1000,**Author**: **Source**: Unknown - Date unknown **Please cite**: GEMLeR provides a collection of gene expression datasets that can be used for benchmarking gene expression oriented ,"215536_at, 203432_at, 200962_at, 202318_s_at, 219795_at, 226320_at, 212895_s_at, 216331_at, 203324_s_at, 218245_at, 2252"
1142,OVA_Endometrium,biology,1000,**Author**: **Source**: Unknown - Date unknown **Please cite**: GEMLeR provides a collection of gene expression datasets that can be used for benchmarking gene expression oriented ,"215536_at, 203432_at, 200962_at, 202318_s_at, 219795_at, 226320_at, 212895_s_at, 216331_at, 203324_s_at, 218245_at, 2252"
1134,OVA_Kidney,biology,1000,**Author**: **Source**: Unknown - Date unknown **Please cite**: GEMLeR provides a collection of gene expression datasets that can be used for benchmarking gene expression oriented ,"215536_at, 203432_at, 200962_at, 202318_s_at, 219795_at, 226320_at, 212895_s_at, 216331_at, 203324_s_at, 218245_at, 2252"
1166,OVA_Ovary,biology,1000,**Author**: **Source**: Unknown - Date unknown **Please cite**: GEMLeR provides a collection of gene expression datasets that can be used for benchmarking gene expression oriented ,"215536_at, 203432_at, 200962_at, 202318_s_at, 219795_at, 226320_at, 212895_s_at, 216331_at, 203324_s_at, 218245_at, 2252"
1128,OVA_Breast,biology,1000,**Author**: **Source**: Unknown - Date unknown **Please cite**: GEMLeR provides a collection of gene expression datasets that can be used for benchmarking gene expression oriented ,"215536_at, 203432_at, 200962_at, 202318_s_at, 219795_at, 226320_at, 212895_s_at, 216331_at, 203324_s_at, 218245_at, 2252"
46758,PostPartum_Depression,health,10,"PostPartum Depression Mental Disorder of pregnant women About Dataset In our research, we gathered a dataset of 1503 records from a medical hospital using a questionnaire administe","Overeating or loss of appetite, Problems of bonding with baby, Irritable towards baby & partner, Feeling_anxious, Feelin"
44480,amazon-commerce-reviews_seed_2_nrows_2000_nclasses_10_ncols_100_stratify_True,finance,100,Subsampling of the dataset amazon-commerce-reviews (1457) with seed=2 args.nrows=2000 args.ncols=100 args.nclasses=10 args.no_stratify=True Generated with the following source code,"V8887, V5656, V5782, V965, V4071, V5000, V8584, V2178, V7812, V4285, V386, V6872, V7006, V5909, V1718, V3884, V8447, V44"
46927,Fitness_Club,social,6,This dataset was curated for [TabArena](https://tabarena.ai/) by the TabArena team as part of the [TabArena Tabular ML IID Study](https://tabarena.ai/data-tabular-ml-iid-study). Fo,"days_before, time, day_of_week, months_as_member, weight, category, attended"
47150,CanadaFiresD,unknown,46,"CanadaFiresD data in SOAK paper by Hocking et al. Statistical Analysis and Data Mining (2026), subset_type=time/space file=CanadaFires_downSampled","minimum_5m_b, NDVI, rdnbrwoff, minimum_3m_g, dnbr, r, image, minimum_5m_r, minimum_3m_b, rbr, mean_5m_n, minimum_5m_g, m"
983,cmc,unknown,9,**Author**: **Source**: Unknown - Date unknown **Please cite**: Binarized version of the original data set (see version 1). The multi-class target feature is converted to a two-cla,"Husbands_education, Wifes_education, Standard-of-living_index, Wifes_religion, Husbands_occupation, Media_exposure, Wife"
44614,cmc_seed_1_nrows_2000_nclasses_10_ncols_100_stratify_True,finance,9,Subsampling of the dataset cmc (23) with seed=1 args.nrows=2000 args.ncols=100 args.nclasses=10 args.no_stratify=True Generated with the following source code: ```python def subsam,"Husbands_education, Wifes_education, Standard-of-living_index, Wifes_religion, Wifes_now_working%3F, Husbands_occupation"
43896,ibm-employee-attrition,education,34,IBM Employee Attrition Data The dataset used in the code pattern is supplied by Kaggle and contains HR analytics data of employees that stay and leave. The types of data include me,"JobLevel, Over18, Department, TotalWorkingYears, Attrition, WorkLifeBalance, Education, TrainingTimesLastYear, YearsAtCo"
44609,pc4_seed_1_nrows_2000_nclasses_10_ncols_100_stratify_True,finance,37,Subsampling of the dataset pc4 (1049) with seed=1 args.nrows=2000 args.ncols=100 args.nclasses=10 args.no_stratify=True Generated with the following source code: ```python def subs,"HALSTEAD_ERROR_EST, NUM_UNIQUE_OPERANDS, MODIFIED_CONDITION_COUNT, NUM_OPERANDS, NUMBER_OF_LINES, NORMALIZED_CYLOMATIC_C"
1049,pc4,education,37,"**Author**: Mike Chapman, NASA **Source**: [tera-PROMISE](http://openscience.us/repo/defect/mccabehalsted/pc1.html) - 2004 **Please cite**: Sayyad Shirabad, J. and Menzies, T.J. (2","HALSTEAD_ERROR_EST, NUM_UNIQUE_OPERANDS, MODIFIED_CONDITION_COUNT, NUM_OPERANDS, NUMBER_OF_LINES, NORMALIZED_CYLOMATIC_C"
46876,depression_2020,finance,20,"Context Hi, The original Dataset wad published by Frankcc in the following link: Link Kaggle The dataset is involved into the analysis of depression. The data was consists as a stu","incoming_business, incoming_agricultural, incoming_own_farm, Age, incoming_salary, education_level, Number_children, no_"
46782,binary_alpha_digits,unknown,320,From original source: ----- Binary 20x16 digits of '0' through '9' and capital 'A' through 'Z'. 39 examples of each class.,"4, 114, 48, 274, 92, 36, 225, 238, 220, 23, 233, 129, 61, 161, 85, 29, 140, 278, 130, 134, 72, 53, 261, 10, 96, 202, 153"
46851,hepatitis_c_virus_hcv_for_egyptian_patients,biology,28,Egyptian patients who underwent treatment dosages for HCV about 18 months. Discretization should be applied based on expert recommendations; there is an attached file shows how. Ag,"Diarrhea_, ALT_24, ALT_after_24_w, WBC, Headache_, Epigastric_pain_, AST_1, Baseline_histological_Grading, Gender, ALT4,"
1462,banknote-authentication,image,4,"Author: Volker Lohweg (University of Applied Sciences, Ostwestfalen-Lippe) Source: [UCI](https://archive.ics.uci.edu/ml/datasets/banknote+authentication) - 2012 Please cite: [UCI](","V4, Class, V3, V2, V1"
46963,website_phishing,unknown,9,This dataset was curated for [TabArena](https://tabarena.ai/) by the TabArena team as part of the [TabArena Tabular ML IID Study](https://tabarena.ai/data-tabular-ml-iid-study). Fo,"SSLfinal_State, age_of_domain, SFH, WebsiteType, Request_URL, having_IP_Address, popUpWidnow, URL_of_Anchor, web_traffic"
966,analcatdata_halloffame,unknown,16,**Author**: **Source**: Unknown - Date unknown **Please cite**: Binarized version of the original data set (see version 1). The multi-class target feature is converted to a two-cla,"Position, Number_seasons, Slugging_pct, Fielding_ave, Triples, Hits, Home_runs, Games_played, Player, Runs, Walks, Strik"
185,baseball,unknown,16,"Database of baseball players and play statistics, including 'Games_played', 'At_bats', 'Runs', 'Hits', 'Doubles', 'Triples', 'Home_runs', 'RBIs', 'Walks', 'Strikeouts', 'Batting_av","Position, Number_seasons, Slugging_pct, Fielding_ave, Triples, Hits, Hall_of_Fame, Home_runs, Games_played, Player, Runs"
40680,mofn-3-7-10,unknown,10,"**Author**: Unknown **Source**: [PMLB](https://github.com/EpistasisLab/penn-ml-benchmarks/tree/master/datasets/classification) Supposedly from UCI originally, but can't find it the","Bit-6, Bit-2, Bit-5, Bit-9, Bit-8, class, Bit-3, Bit-1, Bit-4, Bit-7, Bit-0"
41705,ASP-POTASSCO-classification,unknown,142,"Author: Marius Lindauer Date: 27.02.2014 These data set was generated for a publication about claspfolio 2.0, i.e., an algorithm selector for ASP. The algorithm portfolio of clasp ","Nodes_in_Positive_BADG, Free_Problem_Variables, Running_Avg_LBD.3, Frac_Literals_in_Conflict_Nogoods.2, Frac_Learnt_Tern"
1566,hill-valley,unknown,100,"**Author**: Lee Graham, Franz Oppacher **Source**: [original](http://www.openml.org/d/1479) - UCI **Please cite**: * Dataset: Hill valley dataset. A noiseless version of the data s","V13, V23, V50, V77, V76, V86, V15, V47, V1, V68, V54, V11, V27, V100, V46, V70, V92, V42, V57, V2, V71, V48, V39, V30, V"
897,colleges_aaup,unknown,15,**Author**: **Source**: Unknown - Date unknown **Please cite**: Binarized version of the original data set (see version 1). It converts the numeric target feature to a two-class no,"State, Average_salary-associate_professors, College_name, Type, Number_of_full_professors, Average_compensation-full_pro"
934,socmob,unknown,5,**Author**: **Source**: Unknown - Date unknown **Please cite**: Binarized version of the original data set (see version 1). It converts the numeric target feature to a two-class no,"sons_occupation, counts_for_sons_first_occupation, race, fathers_occupation, binaryClass, family_structure"
46422,Credit-Risk-Classification-Dataset,unknown,42,"Dataset is uploaded from kaggle, see citation for the link.","fea_7_9, fea_6_8, fea_1_4, fea_9_5, fea_7_7, fea_9_2, fea_9_3, fea_1_7, fea_6_4, label, fea_9_4, fea_11, fea_5_1, fea_1_"
40706,parity5_plus_5,unknown,10,parity5_plus_5-pmlb,"Bit_4, Bit_7, Bit_1, Bit_8, Bit_2, class, Bit_9, Bit_3, Bit_5, Bit_6, Bit_10"
1068,pc1,education,21,"**Author**: Mike Chapman, NASA **Source**: [tera-PROMISE](http://openscience.us/repo/defect/mccabehalsted/pc1.html) - 2004 **Please cite**: Sayyad Shirabad, J. and Menzies, T.J. (2","V, iv(G), total_Op, uniq_Opnd, ev(g), lOBlank, branchCount, total_Opnd, I, loc, lOCode, defects, D, uniq_Op, v(g), L, B,"
1552,autoUniv-au7-1100,text,12,**Author**: Ray. J. Hickey **Source**: UCI **Please cite**: * Dataset Title: AutoUniv Dataset data problem: autoUniv-au7-300-drift-au7-cpd1-800 * Abstract: AutoUniv is an advanced ,"V4, V6, V12, V7, V9, V10, Class, V11, V5, V8, V3, V2, V1"
44604,cnae-9_seed_1_nrows_2000_nclasses_10_ncols_100_stratify_True,finance,100,Subsampling of the dataset cnae-9 (1468) with seed=1 args.nrows=2000 args.ncols=100 args.nclasses=10 args.no_stratify=True Generated with the following source code: ```python def s,"V199, V50, V375, V599, V47, V316, V591, V27, V500, V771, V384, V673, V211, V679, V258, V326, V94, V507, V127, V667, V628"
1468,cnae-9,text,856,"**Author**: Patrick Marques Ciarelli, Elias Oliviera **Source**: [UCI](https://archive.ics.uci.edu/ml/datasets/CNAE-9) - 2010 **Please cite**: ### Description This is a data set co","V370, V506, V668, V170, V412, V199, V453, V701, V738, V205, V645, V793, V375, V313, V260, V47, V623, V316, V360, V583, V"
1453,PieChart3,unknown,37,"**Author**: Hans Bauer Jesus"",""Deter Bergman **Source**: Unknown - Date unknown **Please cite**: pie chart 3","a, ab, p, e, r, c, t, d, k, ag, s, af, ah, ai, ad, v, b, aa, o, m, ac, z, def, g, u, aj, i, ae, l, ak, j, am, h, an, al,"
46184,Flare,unknown,11,**flare** dataset from the **KEEL** repository: https://sci2s.ugr.es/keel/category.php?cat=clas,"Prev24Hour, Area, BecomeHist, Activity, X-class, Class, SpotDistribution, Evolution, HistComplex, C-class, LargestSpotSi"
40687,solar-flare,sensor_signal,12,**Author**: Gary Bradshaw **Source**: [UCI](http://archive.ics.uci.edu/ml/datasets/solar+flare) **Please cite**: **Solar Flare database** Relevant Information: -- The database cont,"C-class_flares_production_by_this_region, Area, Activity, Previous_24_hour_flare_activity_code, Historically-complex, Di"
44602,qsar-biodeg_seed_4_nrows_2000_nclasses_10_ncols_100_stratify_True,finance,41,Subsampling of the dataset qsar-biodeg (1494) with seed=4 args.nrows=2000 args.ncols=100 args.nclasses=10 args.no_stratify=True Generated with the following source code: ```python ,"V26, V13, V23, V10, Class, V24, V28, V34, V15, V1, V17, V6, V32, V22, V40, V31, V11, V8, V19, V27, V3, V4, V35, V12, V16"
45077,qsar,biology,40,The QSAR biodegradation dataset was built in the Milano Chemometrics and QSAR Research Group. The research leading to these results has received funding from the European Community,"4, 26, 2, 39, 29, 15, 34, 38, 9, 36, 8, 35, 17, 6, 25, class, 0, 31, 37, 33, 5, 23, 10, 12, 24, 32, 27, 3, 1, 7, 40, 14,"
1444,PizzaCutter3,unknown,37,"**Author**: Hans Bauer Jesus"",""Deter Bergman **Source**: Unknown - Date unknown **Please cite**: Pizza cutter 3","a, ab, p, e, r, c, t, d, k, ag, s, af, ah, ai, ad, v, b, aa, o, m, ac, z, def, g, u, aj, i, ae, l, ak, j, am, h, an, al,"
679,rmftsa_sleepdata,health,2,"**Author**: **Source**: Unknown - Date unknown **Please cite**: Data Sets for 'Regression Models for Time Series Analysis' by B. Kedem and K. Fokianos, Wiley 2002. Submitted by Kos","sleep_state, temperature, heart_rate"
46842,maternal_health_risk,health,6,"Additional Information Age, Systolic Blood Pressure as SystolicBP, Diastolic BP as DiastolicBP, Blood Sugar as BS, Body Temperature as BodyTemp, HeartRate and RiskLevel. All these ","SystolicBP, BS, DiastolicBP, BodyTemp, Age, RiskLevel, HeartRate"
42809,kits,unknown,1000,,"f2254, f13721, f19540, f21933, f8984, f27305, f26475, f6212, f15697, f4706, f19323, f11061, f16969, f15289, f18238, f104"
910,fri_c1_1000_10,unknown,10,**Author**: **Source**: Unknown - Date unknown **Please cite**: Binarized version of the original data set (see version 1). It converts the numeric target feature to a two-class no,"oz3, oz4, oz5, oz7, oz10, oz8, oz6, oz9, binaryClass, oz2, oz1"
45604,dummy,unknown,6,randomly create description,"X0, X2, X1, X3, X5, X4, y"
45748,StudentsPerformance,education,7,This data set consists of the marks secured by the students in various subjects.,"math score, reading score, parental level of education, lunch, test preparation course, writing score, race/ethnicity, g"
46562,German-Credit-Data-Creditability-Preprocessed-Dataset,unknown,33,Dataset is uploaded from kaggle. https://www.kaggle.com/datasets/mpwolke/cusersmarildownloadsgermancsv/data,"age_years, sex_marital_status_3, occupation_3, telephone, purpose_2, purpose_8, creditability, occupation_2, purpose_10,"
1555,autoUniv-au6-1000,text,40,**Author**: Ray. J. Hickey **Source**: UCI **Please cite**: * Dataset Title: AutoUniv Dataset data problem: autoUniv-au6-1000 * Abstract: AutoUniv is an advanced data generator for,"V26, V13, V23, V10, Class, V24, V28, V34, V15, V1, V17, V6, V32, V22, V40, V31, V11, V8, V19, V27, V3, V4, V35, V12, V16"
46416,Creditability-German-Credit-Data,unknown,20,"Dataset is uploaded from kaggle, see citation for the link.","occupation, age_years, telephone, creditability, credit_amount, value_savings_stocks, guarantors, payment_status_of_prev"
43097,students_scores,unknown,7,This is a dataset about the actors and actresses that have voice characters in Disney movies,"writing.score, parental.level.of.education, race.ethnicity, lunch, math.score, reading.score, gender, test.preparation.c"
43255,1StudentPerfromance,unknown,7,#StudentPerfromance,"math score, reading score, parental level of education, lunch, test preparation course, writing score, race/ethnicity, g"
46502,Credit_Approval_Classification,finance,50,"A dataset for binary classification of credit approval status. Features include customer demographics, financial attributes, and credit history. The target variable class indicates","credit_history_no credits/all paid, num_dependents, credit_history_existing paid, foreign_worker_yes, credit_history_del"
44098,credit-g_reproduced_1,finance,20,**Author**: Dr. Hans Hofmann **Source**: [UCI](https://archive.ics.uci.edu/ml/datasets/statlog+(german+credit+data)) - 1994 **Please cite**: [UCI](https://archive.ics.uci.edu/ml/ci,"credit_history, num_dependents, personal_status, credit_amount, existing_credits, employment, savings_status, other_paym"
44097,credit-g_copy,finance,20,**Author**: Dr. Hans Hofmann **Source**: [UCI](https://archive.ics.uci.edu/ml/datasets/statlog+(german+credit+data)) - 1994 **Please cite**: [UCI](https://archive.ics.uci.edu/ml/ci,"credit_history, num_dependents, personal_status, credit_amount, existing_credits, employment, savings_status, other_paym"
1547,autoUniv-au1-1000,text,20,**Author**: Ray. J. Hickey **Source**: UCI **Please cite**: * Dataset Title: AutoUniv Dataset data problem: autoUniv-au1-1000 * Abstract: AutoUniv is an advanced data generator for,"V13, V10, Class, V15, V1, V17, V6, V11, V8, V19, V3, V4, V12, V16, V2, V14, V7, V9, V18, V5, V20"
1016,vowel,unknown,12,**Author**: **Source**: Unknown - Date unknown **Please cite**: Binarized version of the original data set (see version 1). The multi-class target feature is converted to a two-cla,"Feature 3, Feature 7, Feature 9, Speaker Number, Feature 0, Feature 1, Sex, Feature 4, Train or Test, Feature 6, Feature"
40693,xd6,unknown,9,"**Author**: Unknown **Source**: [PMLB](https://github.com/EpistasisLab/penn-ml-benchmarks/tree/master/datasets/classification) - Supposedly originates from UCI, but can't find it t","Attribute_2, Attribute_8, Attribute_9, Attribute_1, Attribute_6, class, Attribute_5, Attribute_4, Attribute_3, Attribute"
45557,Mammographic-Mass-Data-Set,health,4,"Mammography is the most effective method for breast cancer screening available today. However, the low positive predictive value of breast biopsy resulting from mammogram interpret","Severity, Density, Age, Shape, BI-RADS, Margin"
40705,tokyo1,social,44,"**Author**: Ron Kohavi **Source**: [SGI.com tech archive](http://www.sgi.com/tech/mlc/db/) (no longer available, [copy on GitHub](https://github.com/acefoxy/DataScience/blob/973d92","cpu_max_user, disk_avg_read, net_avg_read, cpu_max_wait, net_max_read, net_max_write, net_avg_total, syscall_total, disk"
50,tic-tac-toe,unknown,9,**Author**: David W. Aha **Source**: [UCI](https://archive.ics.uci.edu/ml/datasets/Tic-Tac-Toe+Endgame) - 1991 **Please cite**: [UCI](http://archive.ics.uci.edu/ml/citation_policy.,"bottom-left-square, middle-middle-square, top-middle-square, top-left-square, Class, middle-left-square, bottom-middle-s"
45545,Tour-and-Travels-Customer-Churn-Prediction,social,6,A Tour & Travels Company Wants To Predict Whether A Customer Will Churn Or Not Based On Indicators Given Below. Help Build Predictive Models And Save The Company's Money. Perform F,"BookedHotelOrNot, FrequentFlyer, AccountSyncedToSocialMedia, Age, Target, AnnualIncomeClass, ServicesOpted"
841,stock,unknown,9,**Author**: **Source**: Unknown - Date unknown **Please cite**: Binarized version of the original data set (see version 1). It converts the numeric target feature to a two-class no,"company1, company2, company3, company9, company6, company8, company5, company4, binaryClass, company7"
1233,eating,unknown,1000,**Author**: **Source**: Unknown - Date unknown **Please cite**: eating,"pcm_fftMag_fband1000-4000_sma_qregc1, pcm_fftMag_fband250-650_sma_iqr1-2, audSpec_Rfilt_sma_de[3]_stddevRisingSlope, aud"
311,oil_spill,unknown,49,"**Author**: **Source**: Unknown - **Please cite**: Oil dataset Past Usage: 1. Kubat, M., Holte, R.,","attr19, attr17, attr30, attr20, attr36, attr3, attr9, attr13, attr44, attr11, attr1, attr10, attr16, attr26, attr48, att"
45939,132,unknown,3,adas,"V3, V2, V1, Set"
43941,anneal,unknown,38,,"bt, jurofm, p, ferro, bore, bw%2Fme, carbon, marvi, width, surface-finish, s, thick, len, class, cbond, shape, m, bl, fo"
44555,vehicle_seed_2_nrows_2000_nclasses_10_ncols_100_stratify_True,finance,18,Subsampling of the dataset vehicle (54) with seed=2 args.nrows=2000 args.ncols=100 args.nclasses=10 args.no_stratify=True Generated with the following source code: ```python def su,"CIRCULARITY, COMPACTNESS, Class, SCATTER_RATIO, KURTOSIS_ABOUT_MINOR, RADIUS_RATIO, DISTANCE_CIRCULARITY, HOLLOWS_RATIO,"
44153,vehicle_reproduced,image,18,"**Author**: Dr. Pete Mowforth and Dr. Barry Shepherd **Source**: [UCI](https://archive.ics.uci.edu/ml/datasets/Statlog+(Vehicle+Silhouettes)) **Please cite**: Siebert,JP. Turing In","CIRCULARITY, COMPACTNESS, Class, SCATTER_RATIO, KURTOSIS_ABOUT_MINOR, RADIUS_RATIO, DISTANCE_CIRCULARITY, HOLLOWS_RATIO,"
54,vehicle,image,18,"**Author**: Dr. Pete Mowforth and Dr. Barry Shepherd **Source**: [UCI](https://archive.ics.uci.edu/ml/datasets/Statlog+(Vehicle+Silhouettes)) **Please cite**: Siebert,JP. Turing In","CIRCULARITY, COMPACTNESS, Class, SCATTER_RATIO, KURTOSIS_ABOUT_MINOR, RADIUS_RATIO, DISTANCE_CIRCULARITY, HOLLOWS_RATIO,"
970,analcatdata_authorship,unknown,70,**Author**: **Source**: Unknown - Date unknown **Please cite**: Binarized version of the original data set (see version 1). The multi-class target feature is converted to a two-cla,"but, a, more, do, for, all, its, or, should, this, who, had, up, will, when, only, be, into, as, every, are, even, has, "
46846,glioma_grading_clinical_and_mutation_features,health,23,For what purpose was the dataset created? Gliomas are the most common primary tumors of the brain. They can be graded as LGG (Lower-Grade Glioma) or GBM (Glioblastoma Multiforme) d,"GRIN2A, Race, Gender, NF1, PIK3CA, Grade, NOTCH1, PDGFRA, IDH1, FUBP1, PTEN, Age_at_diagnosis, RB1, IDH2, MUC16, SMARCA4"
47155,waveform,sensor_signal,21,"waveform data in SOAK paper by Hocking et al. Statistical Analysis and Data Mining (2026), subset_type=train/test file=waveform","x.20, x.10, x.7, predefined.set, x.15, x.1, x.13, x.19, x.16, x.8, x.21, x.3, x.5, x.9, x.11, x.2, y, x.12, x.14, x.6, x"
46667,imdb_genre_prediction,text,11,"Predict whether or not a movie falls within the Drama category based on text features like its name, description, actors/directors, and numerical features like its release year, ru","Rating, Metascore, Genre_is_Drama, Votes, Title, Director, Description, Runtime (Minutes), Actors, Rank, Revenue (Millio"
469,analcatdata_dmft,unknown,4,"**Author**: Unknown **Source**: [Jeffrey S. Simonoff](http://people.stern.nyu.edu/jsimonof/AnalCatData/Data/) - 2003 **Please cite**: Jeffrey S. Simonoff, Analyzing Categorical Dat","DMFT.Begin, Ethnic, Gender, Prevention, DMFT.End"
839,kdd_el_nino-small,unknown,8,**Author**: **Source**: Unknown - Date unknown **Please cite**: Binarized version of the original data set (see version 1). It converts the numeric target feature to a two-class no,"humidity, mer_winds, air_temp, buoy, day, zon_winds, latitude, longitude, binaryClass"
46827,QSAR_Bioconcentration_classification,biology,12,the QSAR Bioconcentration Classes Dataset is a well-known dataset used in cheminformatics and environmental chemistry. It is available from the UCI Machine Learning Repository and ,"nHM, Set, CAS, MLOGP, SMILES, B02[C-N], F04[C-O], ON1V, Class, N-072, X2Av, PCD, piPC09"
37,diabetes,health,8,**Author**: [Vincent Sigillito](vgs@aplcen.apl.jhu.edu) **Source**: [Obtained from UCI](https://archive.ics.uci.edu/ml/datasets/pima+indians+diabetes) **Please cite**: [UCI citatio,"mass, pedi, preg, class, plas, age, insu, skin, pres"
1464,blood-transfusion-service-center,health,4,"**Author**: Prof. I-Cheng Yeh **Source**: [UCI](https://archive.ics.uci.edu/ml/datasets/Blood+Transfusion+Service+Center) **Please cite**: Yeh, I-Cheng, Yang, King-Jang, and Ting, ","V4, Class, V3, V2, V1"
44588,eucalyptus_seed_0_nrows_2000_nclasses_10_ncols_100_stratify_True,finance,19,Subsampling of the dataset eucalyptus (188) with seed=0 args.nrows=2000 args.ncols=100 args.nclasses=10 args.no_stratify=True Generated with the following source code: ```python de,"Rep, Ht, Ins_res, Brnch_Fm, Utility, Year, Frosts, Altitude, Locality, Latitude, Sp, PMCno, Surv, DBH, Crown_Fm, Map_Ref"
46505,total_score,unknown,10,This dataset is designed to evaluate companies based on quality and valuation metrics.,"net debt / ebit, roe, ev/fcf, total_score, operating margin, croic, p/fcf, gross margin, company, revenues, mcap"
46382,company_quality_and_valuation_finance,finance,10,"This dataset is designed to evaluate companies based on quality and valuation metrics. It uses a two-stage scoring system to classify companies into categories like 'High Quality, ","net debt / ebit, roe, ev/fcf, total_score, operating margin, croic, p/fcf, gross margin, company, revenues, mcap"
45712,doa_bwin_balanced,unknown,13,The balanced dataset of the doa_bwin dataset (ID:45711) using the SMOTE algorithm in the R-Package themis. This dataset represents a 50:50 split between the classes of the DV varia,"CountryID, ageRDATE, Zp2stakeSD1m, p2net, DV, Zp2bpd1m, Gender, p2sumday, p2bpd, p2sumstake, Zp2stakeslope1m, p2intvday,"
1451,PieChart1,unknown,37,"**Author**: Hans Bauer Jesus"",""Deter Bergman **Source**: Unknown - Date unknown **Please cite**: pie chart 1","a, ab, p, e, r, c, t, d, k, ag, s, af, ah, ai, ad, v, b, aa, o, m, ac, z, def, g, u, aj, i, ae, l, ak, j, am, h, an, al,"
15,breast-w,health,9,"**Author**: Dr. William H. Wolberg, University of Wisconsin **Source**: [UCI](https://archive.ics.uci.edu/ml/datasets/breast+cancer+wisconsin+(original)), [University of Wisconsin]","Bare_Nuclei, Clump_Thickness, Cell_Size_Uniformity, Bland_Chromatin, Marginal_Adhesion, Mitoses, Single_Epi_Cell_Size, C"
40981,Australian,finance,14,"**Author**: Confidential. Donated by Ross Quinlan **Source**: [LibSVM](https://www.csie.ntu.edu.tw/~cjlin/libsvmtools/datasets/binary.html), [UCI](https://archive.ics.uci.edu/ml/da","A3, A2, A1, A5, A9, A12, A6, A4, A13, A15, A14, A8, A10, A11, A7"
44484,Australian_seed_1_nrows_2000_nclasses_10_ncols_100_stratify_True,finance,14,Subsampling of the dataset Australian (40981) with seed=1 args.nrows=2000 args.ncols=100 args.nclasses=10 args.no_stratify=True Generated with the following source code: ```python ,"A3, A2, A1, A5, A9, A12, A6, A4, A13, A15, A14, A8, A10, A11, A7"
1023,soybean,unknown,35,**Author**: **Source**: Unknown - Date unknown **Please cite**: Binarized version of the original data set (see version 1). The multi-class target feature is converted to a two-cla,"area-damaged, mold-growth, seed-tmt, date, fruiting-bodies, mycelium, leafspots-halo, germination, plant-growth, lodging"
46584,Student_Performance_on_an_Entrance_Examination,unknown,11,"Performance in Common Entrance Examination (CEE), Sex of the Candidate, Caste of the Candidate, Whether the candidate attended any coaching classes within Assam, outside Assam or n","medium, time, Performance, Class_ten_education, coaching, Class_X_Percentage, Father_occupation, Mother_occupation, twel"
795,disclosure_x_tampered,unknown,3,**Author**: **Source**: Unknown - Date unknown **Please cite**: Binarized version of the original data set (see version 1). It converts the numeric target feature to a two-class no,"Can/US, Civil, binaryClass, Age"
931,disclosure_z,unknown,3,**Author**: **Source**: Unknown - Date unknown **Please cite**: Binarized version of the original data set (see version 1). It converts the numeric target feature to a two-class no,"Can/US, Civil, binaryClass, Age"
827,disclosure_x_noise,unknown,3,**Author**: **Source**: Unknown - Date unknown **Please cite**: Binarized version of the original data set (see version 1). It converts the numeric target feature to a two-class no,"Can/US, Civil, binaryClass, Age"
774,disclosure_x_bias,unknown,3,**Author**: **Source**: Unknown - Date unknown **Please cite**: Binarized version of the original data set (see version 1). It converts the numeric target feature to a two-class no,"Can/US, Civil, binaryClass, Age"
1443,PizzaCutter1,unknown,37,"**Author**: Hans Bauer Jesus"",""Deter Bergman **Source**: Unknown - Date unknown **Please cite**: Pizza cutter","a, ab, p, e, r, c, t, d, k, ag, s, af, ah, ai, ad, v, b, aa, o, m, ac, z, def, g, u, aj, i, ae, l, ak, j, am, h, an, al,"
1145,AP_Breast_Colon,biology,1000,**Author**: **Source**: Unknown - Date unknown **Please cite**: GEMLeR provides a collection of gene expression datasets that can be used for benchmarking gene expression oriented ,"203432_at, 200962_at, 200672_x_at, 202318_s_at, 219795_at, 226320_at, 212895_s_at, 227698_s_at, 216331_at, 203324_s_at, "
997,balance-scale,unknown,4,**Author**: **Source**: Unknown - Date unknown **Please cite**: Binarized version of the original data set (see version 1). The multi-class target feature is converted to a two-cla,"right-weight, right-distance, left-distance, left-weight, binaryClass"
770,strikes,unknown,6,**Author**: **Source**: Unknown - Date unknown **Please cite**: Binarized version of the original data set (see version 1). It converts the numeric target feature to a two-class no,"year, unemployment, country_code, strike_volume, parliamentary_representation, binaryClass, inflation"
43595,Loan-Predication,finance,11,"Among all industries, insurance domain has the largest use of analytics data science methods. This data set would provide you enough taste of working on data sets from insurance co","Loan_Status, Education, Married, Property_Area, Gender, Dependents, Loan_ID, Self_Employed, LoanAmount, Loan_Amount_Term"
1158,AP_Breast_Kidney,biology,1000,**Author**: **Source**: Unknown - Date unknown **Please cite**: GEMLeR provides a collection of gene expression datasets that can be used for benchmarking gene expression oriented ,"203432_at, 200962_at, 202318_s_at, 219795_at, 226320_at, 212895_s_at, 227698_s_at, 216331_at, 203324_s_at, 218245_at, 22"
334,monks-problems-2,education,6,**Author**: Sebastian Thrun (Carnegie Mellon University) **Source**: [UCI](https://archive.ics.uci.edu/ml/datasets/MONK's+Problems) - October 1992 **Please cite**: [UCI](https://ar,"attr6, class, attr3, attr4, attr2, attr1, attr5"
377,synthetic_control,social,60,**Author**: Dr Robert Alcock (rob@skyblue.csd.auth.gr) **Source**: [UCI](https://archive.ics.uci.edu/ml/datasets/Synthetic+Control+Chart+Time+Series) - 1999 **Please cite**: ### De,"col_1, col_42, col_44, col_50, col_54, col_46, col_20, col_19, col_26, col_55, col_29, col_7, col_12, col_52, col_39, co"
41945,ilpd-numeric,unknown,10,The ILPD liver dataset from the OpenCC18 with the gender binary encoded so all features are numeric,"V4, V6, V7, V9, V10, Class, V5, V8, V3, V2, V1"
1480,ilpd,health,10,"**Author**: Bendi Venkata Ramana, M. Surendra Prasad Babu, N. B. Venkateswarlu **Source**: [UCI](https://archive.ics.uci.edu/ml/datasets/ILPD+(Indian+Liver+Patient+Dataset)) - 2012","V4, V6, V7, V9, V10, Class, V5, V8, V3, V2, V1"
826,sensory,unknown,11,**Author**: **Source**: Unknown - Date unknown **Please cite**: Binarized version of the original data set (see version 1). It converts the numeric target feature to a two-class no,"Sittings, Columns, Position, Squares, Halfplot, Trellis, Occasion, Method, Interval, binaryClass, Rows, Judges"
1510,wdbc,health,30,"**Author**: William H. Wolberg, W. Nick Street, Olvi L. Mangasarian **Source**: [UCI](https://archive.ics.uci.edu/ml/datasets/breast+cancer+wisconsin+(original)), [University of Wi","V26, V13, V23, V10, Class, V24, V28, V15, V1, V17, V6, V22, V11, V8, V19, V27, V3, V4, V12, V16, V2, V30, V14, V29, V7, "
947,arsenic-male-bladder,unknown,4,**Author**: **Source**: Unknown - Date unknown **Please cite**: Binarized version of the original data set (see version 1). It converts the numeric target feature to a two-class no,"conc, at.risk, age, binaryClass, group"
949,arsenic-female-bladder,unknown,4,**Author**: **Source**: Unknown - Date unknown **Please cite**: Binarized version of the original data set (see version 1). It converts the numeric target feature to a two-class no,"conc, at.risk, age, binaryClass, group"
1137,AP_Colon_Kidney,biology,1000,**Author**: **Source**: Unknown - Date unknown **Please cite**: GEMLeR provides a collection of gene expression datasets that can be used for benchmarking gene expression oriented ,"203432_at, 200962_at, 200672_x_at, 202318_s_at, 219795_at, 226320_at, 212895_s_at, 207133_x_at, 227698_s_at, 216331_at, "
1165,AP_Breast_Ovary,biology,1000,**Author**: **Source**: Unknown - Date unknown **Please cite**: GEMLeR provides a collection of gene expression datasets that can be used for benchmarking gene expression oriented ,"203432_at, 200962_at, 202318_s_at, 219795_at, 226320_at, 212895_s_at, 227698_s_at, 216331_at, 203324_s_at, 218245_at, 22"
46879,mental_health_detection,health,14,Mental Health Detection Dataset Make your machine learning model more accurate with these dataset This dataset contains survey responses from patients regarding various symptoms as,"Sleep, Hopelessness, Interest, Restlessness, Appetite, Low Energy, Agitation, Aggression, Depression_State, Sleep Distur"
1467,climate-model-simulation-crashes,social,20,"**Author**: D. Lucas, R. Klein, J. Tannahill, D. Ivanova, S. Brandon, D. Domyancic, Y. Zhang. **Source**: [UCI](https://archive.ics.uci.edu/ml/datasets/climate+model+simulation+cra","V13, V10, Class, V15, V1, V17, V6, V11, V8, V19, V3, V4, V12, V16, V2, V14, V7, V9, V18, V5, V20"
954,spectrometer,unknown,101,**Author**: **Source**: Unknown - Date unknown **Please cite**: Binarized version of the original data set (see version 1). The multi-class target feature is converted to a two-cla,"blue-band-flux_12, red-band-flux_8, red-band-flux_26, blue-band-flux_6, blue-band-flux_9, blue-band-flux_33, blue-band-f"
45717,bwin_amlb,unknown,13,"This analytic dataset contains actual betting behavior virtual live action betting for each participant aggregated over one month period from the date the account was opened. Also,","CountryID, ageRDATE, p2stakeSlope1m, p2net, DV, p2bpd1m, Gender, p2sumday, p2bpd, p2totalactivedays1m, p2sumstake, p2int"
41701,CPMP-2015-classification,unknown,26,source: An Algorithm Selection Benchmark for the Container Pre-Marshalling Problem (CPMP) authors: K. Tierney and Y. Malitsky (features) / K. Tierney and D. Pacino and S. Voss (alg,"avg.l1.top.left.lg.group, overstowing.2cont.stack.pct, overstowage.pct, runtime, group.same.mean, cont.empty.grt.estack,"
940,water-treatment,unknown,36,**Author**: **Source**: Unknown - Date unknown **Please cite**: Binarized version of the original data set (see version 1). It converts the numeric target feature to a two-class no,"DBO-E, COND-E, SS-P, DBO-D, RD-SS-P, RD-DBO-S, date, ZN-E, RD-SED-P, SSV-D, DQO-S, SSV-S, SS-S, SSV-E, PH-E, RD-DQO-S, S"
1063,kc2,education,21,"**Author**: Mike Chapman, NASA **Source**: [tera-PROMISE](http://openscience.us/repo/defect/mccabehalsted/kc2.html) - 2004 **Please cite**: Sayyad Shirabad, J. and Menzies, T.J. (2","total_Op, uniq_Opnd, ev(g), lOBlank, branchCount, total_Opnd, e, t, loc, d, lOCode, uniq_Op, v, b, v(g), i, l, problems,"
46869,diabetes_risk_prediction_dataset,health,16,Dataset Description: Early Stage Diabetes Risk Prediction This dataset comprises crucial sign and symptom data of individuals who either exhibit early signs of diabetes or are at r,"Polydipsia, Alopecia, weakness, partial paresis, muscle stiffness, Polyphagia, Itching, class, Age, Gender, Genital thru"
40690,threeOf9,unknown,9,threeOf9-pmlb,"F7, F1, F4, F3, F9, F8, class, F2, F5, F6"
717,rmftsa_ladata,unknown,10,**Author**: **Source**: Unknown - Date unknown **Please cite**: Binarized version of the original data set (see version 1). It converts the numeric target feature to a two-class no,"Ozone, Cardiovascular_Mortality, Relative_Humidity, Nitrogen_Dioxide, Temperature, Carbon_Monoxide, Respiratory_Mortalit"
825,boston_corrected,unknown,20,**Author**: **Source**: Unknown - Date unknown **Please cite**: Binarized version of the original data set (see version 1). It converts the numeric target feature to a two-class no,"LAT, ZN, RM, AGE, OBS., LON, MEDV, TRACT, PTRATIO, NOX, TOWN, CHAS, DIS, B, TAX, CMEDV, CRIM, INDUS, RAD, binaryClass, T"
853,boston,unknown,13,**Author**: **Source**: Unknown - Date unknown **Please cite**: Binarized version of the original data set (see version 1). It converts the numeric target feature to a two-class no,"CHAS, DIS, B, ZN, TAX, CRIM, PTRATIO, RM, AGE, NOX, INDUS, RAD, LSTAT, binaryClass"
779,fri_c1_500_25,unknown,25,**Author**: **Source**: Unknown - Date unknown **Please cite**: Binarized version of the original data set (see version 1). It converts the numeric target feature to a two-class no,"oz22, oz4, oz16, oz18, oz10, oz13, oz6, oz23, oz19, oz21, oz17, oz7, oz12, oz11, oz8, oz15, oz9, binaryClass, oz2, oz14,"
886,no2,unknown,7,**Author**: **Source**: Unknown - Date unknown **Please cite**: Binarized version of the original data set (see version 1). It converts the numeric target feature to a two-class no,"cars_per_hour, wind_direction, hour_of_day, temperature_diff_2m_25m, temperature_at_2m, no2_concentration, binaryClass, "
40496,LED-display-domain-7digit,image,7,"**Author**: Breiman,L., Friedman,J.H., Olshen,R.A., and Stone,C.J. **Source**: [UCI](http://archive.ics.uci.edu/ml/datasets/LED+Display+Domain), [KEEL](http://sci2s.ugr.es/keel/dat","V4, V6, V7, Class, V5, V3, V2, V1"
451,irish,education,5,"**Author**: Vincent Greaney, Thomas Kelleghan (St. Patrick's College, Dublin) **Source**: [StatLib](http://lib.stat.cmu.edu/datasets/irish.ed) - 1984 **Please cite**: [StatLib](htt","Educational_level, DVRT, Sex, Leaving_Certificate, Type_school, Prestige_score"
987,collins,unknown,22,**Author**: **Source**: Unknown - Date unknown **Please cite**: Binarized version of the original data set (see version 1). The multi-class target feature is converted to a two-cla,"Notifying, Motion, Text, TimeInterval, ShiftingEvents, ThinkAhead, Counter, FirstPerson, ThinkPositive, Share_SocTies, S"
47048,Accidents_Prediction_Dataset,unknown,6,Mining safety dataset for predicting accidents,"Maintenance_Hours, Weather, Shift, Operator_Experience, Production_Tons, Accident, Equipment"
750,pm10,unknown,7,**Author**: **Source**: Unknown - Date unknown **Please cite**: Binarized version of the original data set (see version 1). It converts the numeric target feature to a two-class no,"cars_per_hour, wind_direction, hour_of_day, temperature_diff_2m_25m, pm10_concentration, temperature_at_2m, binaryClass,"
43327,Birds,unknown,2,MINI - Birds dataset,"Data, Shape, Label"
1153,AP_Colon_Ovary,biology,1000,**Author**: **Source**: Unknown - Date unknown **Please cite**: GEMLeR provides a collection of gene expression datasets that can be used for benchmarking gene expression oriented ,"203432_at, 200962_at, 200672_x_at, 202318_s_at, 219795_at, 226320_at, 212895_s_at, 227698_s_at, 216331_at, 203324_s_at, "
1100,PopularKids,education,10,"**Author**: **Source**: Unknown - Date unknown **Please cite**: Datasets of Data And Story Library, project illustrating use of basic statistic methods, converted to arff format by","Money, Goals, Grade, Race, Urban/Rural, School, Age, Gender, Sports, Grades, Looks"
40665,clean1,unknown,168,Derived from the Musk dataset: https://www.openml.org/d/1116,"f120, f7, f25, f72, f48, f32, f1, f90, f23, f118, f126, f162, f27, f146, f52, f116, f53, f96, f24, f87, f138, f35, f102,"
765,analcatdata_apnea2,unknown,3,**Author**: **Source**: Unknown - Date unknown **Please cite**: Binarized version of the original data set (see version 1). It converts the numeric target feature to a two-class no,"Automatic, binaryClass, Subject, Scorer_1"
767,analcatdata_apnea1,unknown,3,**Author**: **Source**: Unknown - Date unknown **Please cite**: Binarized version of the original data set (see version 1). It converts the numeric target feature to a two-class no,"Subject, binaryClass, Scorer_2, Scorer_1"
1150,AP_Breast_Lung,biology,1000,**Author**: **Source**: Unknown - Date unknown **Please cite**: GEMLeR provides a collection of gene expression datasets that can be used for benchmarking gene expression oriented ,"215536_at, 203432_at, 200962_at, 202318_s_at, 219795_at, 226320_at, 212895_s_at, 227698_s_at, 216331_at, 203324_s_at, 21"
1506,thoracic-surgery,health,16,"**Author**: **Source**: UCI **Please cite**: Zikeba, M., Tomczak, J. M., Lubicz, M., & Swikatek, J. (2013). Boosted SVM for extracting rules from imbalanced data in application to ","V4, V6, V12, V14, V13, V7, V9, V10, V16, Class, V11, V5, V8, V15, V3, V2, V1"
724,analcatdata_vineyard,unknown,3,**Author**: **Source**: Unknown - Date unknown **Please cite**: Binarized version of the original data set (see version 1). It converts the numeric target feature to a two-class no,"Group, binaryClass, Row, Year"
1148,AP_Breast_Uterus,biology,1000,**Author**: **Source**: Unknown - Date unknown **Please cite**: GEMLeR provides a collection of gene expression datasets that can be used for benchmarking gene expression oriented ,"203432_at, 200962_at, 202318_s_at, 219795_at, 226320_at, 227698_s_at, 216331_at, 203324_s_at, 218245_at, 225256_at, 2307"
814,chscase_vine2,unknown,2,**Author**: **Source**: Unknown - Date unknown **Please cite**: Binarized version of the original data set (see version 1). It converts the numeric target feature to a two-class no,"col_1, binaryClass, col_2"
1498,sa-heart,health,9,**Author**: **Source**: http://statweb.stanford.edu/~tibs/ElemStatLearn/data.html **Please cite**: * Title: South Africa Heart Disease Dataset * Description A retrospective sample ,"V4, V6, V7, V9, Class, V5, V8, V3, V2, V1"
1065,kc3,education,39,"**Author**: Mike Chapman, NASA **Source**: [tera-PROMISE](http://openscience.us/repo/defect/mccabehalsted/kc3.html) - 2004 **Please cite**: Sayyad Shirabad, J. and Menzies, T.J. (2","HALSTEAD_ERROR_EST, NUM_UNIQUE_OPERANDS, GLOBAL_DATA_DENSITY, MODIFIED_CONDITION_COUNT, NUM_OPERANDS, NUMBER_OF_LINES, N"
1149,AP_Ovary_Kidney,biology,1000,**Author**: **Source**: Unknown - Date unknown **Please cite**: GEMLeR provides a collection of gene expression datasets that can be used for benchmarking gene expression oriented ,"203432_at, 200962_at, 202318_s_at, 219795_at, 212895_s_at, 227698_s_at, 216331_at, 203324_s_at, 218245_at, 225256_at, 22"
764,analcatdata_apnea3,unknown,3,**Author**: **Source**: Unknown - Date unknown **Please cite**: Binarized version of the original data set (see version 1). It converts the numeric target feature to a two-class no,"Automatic, binaryClass, Subject, Scorer_2"
1511,wholesale-customers,social,8,"**Author**: Margarida G. M. S. Cardoso **Source**: UCI **Please cite**: Abreu, N. (2011). Analise do perfil do cliente Recheio e desenvolvimento de um sistema promocional. Mestrado","V4, Region, V6, V7, V5, Channel, V3, V2, V1"
1127,AP_Breast_Omentum,biology,1000,**Author**: **Source**: Unknown - Date unknown **Please cite**: GEMLeR provides a collection of gene expression datasets that can be used for benchmarking gene expression oriented ,"203432_at, 200962_at, 202318_s_at, 219795_at, 226320_at, 212895_s_at, 227698_s_at, 216331_at, 203324_s_at, 218245_at, 22"
46843,Cirrhosis_Patient_Survival_Prediction,health,17,"For what purpose was the dataset created? Cirrhosis results from prolonged liver damage, leading to extensive scarring, often due to conditions like hepatitis or chronic alcohol co","Status, Copper, Prothrombin, Platelets, Albumin, Sex, Hepatomegaly, SGOT, Ascites, Age, Cholesterol, Spiders, Drug, Alk_"
1122,AP_Breast_Prostate,biology,1000,**Author**: **Source**: Unknown - Date unknown **Please cite**: GEMLeR provides a collection of gene expression datasets that can be used for benchmarking gene expression oriented ,"203432_at, 200962_at, 202318_s_at, 219795_at, 226320_at, 227698_s_at, 216331_at, 203324_s_at, 218245_at, 225256_at, 2307"
1126,AP_Colon_Lung,biology,1000,**Author**: **Source**: Unknown - Date unknown **Please cite**: GEMLeR provides a collection of gene expression datasets that can be used for benchmarking gene expression oriented ,"215536_at, 203432_at, 200962_at, 200672_x_at, 202318_s_at, 219795_at, 226320_at, 212895_s_at, 227698_s_at, 216331_at, 20"
957,braziltourism,unknown,8,**Author**: **Source**: Unknown - Date unknown **Please cite**: Binarized version of the original data set (see version 1). The multi-class target feature is converted to a two-cla,"Travel_cost, Access_road, Active, Sex, Age, Passive, Income, binaryClass, Logged_income"
1160,AP_Colon_Uterus,biology,1000,**Author**: **Source**: Unknown - Date unknown **Please cite**: GEMLeR provides a collection of gene expression datasets that can be used for benchmarking gene expression oriented ,"203432_at, 200962_at, 200672_x_at, 202318_s_at, 219795_at, 226320_at, 212895_s_at, 216331_at, 203324_s_at, 218245_at, 22"
455,cars,social,7,**Author**: **Source**: Unknown - Date unknown **Please cite**: The Committee on Statistical Graphics of the American Statistical Association (ASA) invites you to participate in it,"cylinders, displacement, name, horsepower, acceleration, weight, model.year, origin, mpg"
1123,AP_Endometrium_Breast,biology,1000,**Author**: **Source**: Unknown - Date unknown **Please cite**: GEMLeR provides a collection of gene expression datasets that can be used for benchmarking gene expression oriented ,"203432_at, 200962_at, 202318_s_at, 219795_at, 226320_at, 227698_s_at, 216331_at, 203324_s_at, 218245_at, 225256_at, 2307"
1071,mw1,text,37,**Author**: **Source**: Unknown - Date unknown **Please cite**: %-*- text -*- %%%%%%%%%%%%%%%%%%%%%%%%%%%%%%%%%%%%%%%%%%%%%%%%%%%%%%%%%%%%%%%%%%%%%%%%% This is a PROMISE data set m,"HALSTEAD_ERROR_EST, NUM_UNIQUE_OPERANDS, MODIFIED_CONDITION_COUNT, NUM_OPERANDS, NUMBER_OF_LINES, NORMALIZED_CYLOMATIC_C"
1508,user-knowledge,education,5,"**Author**: **Source**: UCI **Please cite**: H. T. Kahraman, Sagiroglu, S., Colak, I., Developing intuitive knowledge classifier and modeling of users' domain dependent data in web","V4, Class, V5, V3, V2, V1"
907,chscase_census4,unknown,7,**Author**: **Source**: Unknown - Date unknown **Please cite**: Binarized version of the original data set (see version 1). It converts the numeric target feature to a two-class no,"col_6, col_1, col_2, col_3, col_5, col_4, col_7, binaryClass"
909,chscase_census2,unknown,7,**Author**: **Source**: Unknown - Date unknown **Please cite**: Binarized version of the original data set (see version 1). It converts the numeric target feature to a two-class no,"col_6, col_1, col_2, col_3, col_5, col_4, col_7, binaryClass"
908,chscase_census3,unknown,7,**Author**: **Source**: Unknown - Date unknown **Please cite**: Binarized version of the original data set (see version 1). It converts the numeric target feature to a two-class no,"col_6, col_1, col_2, col_3, col_5, col_4, col_7, binaryClass"
900,chscase_census6,unknown,6,**Author**: **Source**: Unknown - Date unknown **Please cite**: Binarized version of the original data set (see version 1). It converts the numeric target feature to a two-class no,"col_6, col_1, col_2, col_3, col_5, col_4, binaryClass"
906,chscase_census5,unknown,7,**Author**: **Source**: Unknown - Date unknown **Please cite**: Binarized version of the original data set (see version 1). It converts the numeric target feature to a two-class no,"col_6, col_1, col_2, col_3, col_5, col_4, col_7, binaryClass"
475,analcatdata_germangss,unknown,5,"**Author**: **Source**: Unknown - Date unknown **Please cite**: analcatdata A collection of data sets used in the book ""Analyzing Categorical Data,"" by Jeffrey S. Simonoff, Springe","Region, Time_of_survey, Political_system, Age, Count, Schooling"
40663,calendarDOW,unknown,32,calendarDOW-pmlb,"Feature00, Feature19, Feature20, Feature08, Feature24, Feature26, Feature16, Feature25, Feature13, Feature11, Feature10,"
831,autoMpg,unknown,7,**Author**: **Source**: Unknown - Date unknown **Please cite**: Binarized version of the original data set (see version 1). It converts the numeric target feature to a two-class no,"cylinders, displacement, model, acceleration, horsepower, weight, origin, binaryClass"
40700,cars1,unknown,7,cars1-pmlb,"cylinders, cubicInches, year, class, horsepower, time-to-sixty, weightLbs, MPG"
1163,AP_Lung_Kidney,biology,1000,**Author**: **Source**: Unknown - Date unknown **Please cite**: GEMLeR provides a collection of gene expression datasets that can be used for benchmarking gene expression oriented ,"215536_at, 229921_at, 203432_at, 200962_at, 200672_x_at, 202318_s_at, 219795_at, 212895_s_at, 207133_x_at, 227698_s_at, "
1129,AP_Uterus_Kidney,biology,1000,**Author**: **Source**: Unknown - Date unknown **Please cite**: GEMLeR provides a collection of gene expression datasets that can be used for benchmarking gene expression oriented ,"203432_at, 200962_at, 202318_s_at, 219795_at, 212895_s_at, 207133_x_at, 227698_s_at, 216331_at, 203324_s_at, 218245_at, "
46847,differentiated_thyroid_cancer_recurrence,health,16,Description: The dataset is a comprehensive collection of clinical data relating to thyroid diseases. With attributes capturing a wide range of information from patient demographic,"N, M, Hx Smoking, Stage, Adenopathy, Hx Radiothreapy, Pathology, Thyroid Function, Recurred, Age, Gender, Smoking, Physi"
860,vinnie,unknown,2,**Author**: **Source**: Unknown - Date unknown **Please cite**: Binarized version of the original data set (see version 1). It converts the numeric target feature to a two-class no,"year, binaryClass, field_goals"
1048,jEdit_4.2_4.3,unknown,8,,"DIT, LCOM, NPM, CBO, NOC, RFC, LOC, WMC, Bug-count"
1010,dermatology,unknown,34,**Author**: **Source**: Unknown - Date unknown **Please cite**: Binarized version of the original data set (see version 1). The multi-class target feature is converted to a two-cla,"polygonal_papules, exocytosis, thinning_of_the_suprapapillary_epidermis, koebner_phenomenon, scaling, band-like_infiltra"
984,analcatdata_draft,unknown,4,**Author**: **Source**: Unknown - Date unknown **Please cite**: Binarized version of the original data set (see version 1). The multi-class target feature is converted to a two-cla,"Month, Lottery.pick.1971, Month.ordered.picks.1970, Actual.date, binaryClass, Lottery.pick.1970"
968,analcatdata_birthday,unknown,3,**Author**: **Source**: Unknown - Date unknown **Please cite**: Binarized version of the original data set (see version 1). The multi-class target feature is converted to a two-cla,"binaryClass, Month, Births, Day"
986,analcatdata_marketing,unknown,32,**Author**: **Source**: Unknown - Date unknown **Please cite**: Binarized version of the original data set (see version 1). The multi-class target feature is converted to a two-cla,"X1l, X1n, X2a, X3a, X2j, X2e, X5, X1b, X1d, X1m, X1e, X1k, X2f, X2b, X3c, X2h, X1j, X2m, X2c, X1f, binaryClass, X2i, X2l"
1143,AP_Colon_Omentum,biology,1000,**Author**: **Source**: Unknown - Date unknown **Please cite**: GEMLeR provides a collection of gene expression datasets that can be used for benchmarking gene expression oriented ,"203432_at, 200962_at, 200672_x_at, 202318_s_at, 219795_at, 226320_at, 212895_s_at, 227698_s_at, 216331_at, 203324_s_at, "
1514,micro-mass,health,1000,"**Author**: Pierre Mahé, Jean-Baptiste Veyrieras **Source**: UCI **Please cite**: * Dataset Title: MicroMass - Mixed (mixed spectra version) * Abstract: A dataset to explore machin","V1240, V1116, V646, V1125, V386, V158, V1193, V135, V815, V975, V1046, V772, V273, V211, V171, V612, V766, V234, V834, V"
41496,DRSongsLyrics,unknown,1,This dataset contains 358 lyrics of songs for the rock bands 'The Rolling Stones' and 'Deep Purple'. The bands are equally represented in the dataset (179 songs for each band). Thi,"identifier, class, text"
1135,AP_Colon_Prostate,biology,1000,**Author**: **Source**: Unknown - Date unknown **Please cite**: GEMLeR provides a collection of gene expression datasets that can be used for benchmarking gene expression oriented ,"203432_at, 200962_at, 200672_x_at, 202318_s_at, 219795_at, 226320_at, 212895_s_at, 216331_at, 203324_s_at, 225256_at, 22"
59,ionosphere,sensor_signal,34,"**Author**: Space Physics Group, Applied Physics Laboratory, Johns Hopkins University. Donated by Vince Sigillito. **Source**: [UCI Machine Learning Repository](https://archive.ics","a22, a34, a20, a21, a16, a12, a11, a29, a32, a33, a10, a06, a09, a23, a03, a25, class, a19, a26, a01, a13, a04, a28, a07"
337,SPECTF,health,44,"**Author**: Krzysztof J. Cios"",""Lukasz A. **Source**: [original](https://archive.ics.uci.edu/ml/datasets/SPECTF+Heart) - **Please cite**: SPECTF heart data This is a merged version","OVERALL_DIAGNOSIS, F2R, F22R, F20S, F21S, F6R, F5R, F10S, F15S, F19S, F20R, F12R, F8R, F8S, F10R, F16S, F13S, F11R, F19R"
1133,AP_Endometrium_Colon,biology,1000,**Author**: **Source**: Unknown - Date unknown **Please cite**: GEMLeR provides a collection of gene expression datasets that can be used for benchmarking gene expression oriented ,"230258_at, 203432_at, 200962_at, 200672_x_at, 202318_s_at, 219795_at, 226320_at, 212895_s_at, 216331_at, 203324_s_at, 21"
42585,penguins,social,6,![palmerpenguins](https://github.com/allisonhorst/palmerpenguins/raw/master/man/figures/logo.png) ## Description The goal of palmerpenguins is to provide a great dataset for data e,"species, body_mass_g, island, flipper_length_mm, culmen_depth_mm, culmen_length_mm, sex"
1147,AP_Omentum_Kidney,biology,1000,**Author**: **Source**: Unknown - Date unknown **Please cite**: GEMLeR provides a collection of gene expression datasets that can be used for benchmarking gene expression oriented ,"200962_at, 200672_x_at, 202318_s_at, 212895_s_at, 207133_x_at, 227698_s_at, 216331_at, 203324_s_at, 225256_at, 226448_at"
1011,ecoli,unknown,7,**Author**: **Source**: Unknown - Date unknown **Please cite**: Binarized version of the original data set (see version 1). The multi-class target feature is converted to a two-cla,"aac, alm1, gvh, chg, mcg, binaryClass, alm2, lip"
1144,AP_Prostate_Kidney,biology,1000,**Author**: **Source**: Unknown - Date unknown **Please cite**: GEMLeR provides a collection of gene expression datasets that can be used for benchmarking gene expression oriented ,"200962_at, 200672_x_at, 202318_s_at, 212895_s_at, 207133_x_at, 227698_s_at, 216331_at, 203324_s_at, 218245_at, 225256_at"
1447,CastMetal1,unknown,37,"**Author**: Hans Bauer Jesus"",""Deter Bergman **Source**: Unknown - Date unknown **Please cite**: cast metal 1","a, ab, p, e, r, c, t, d, k, ag, s, af, ah, ai, ad, v, b, aa, o, m, ac, z, def, g, u, aj, i, ae, l, ak, j, am, h, an, al,"
1140,AP_Ovary_Lung,biology,1000,**Author**: **Source**: Unknown - Date unknown **Please cite**: GEMLeR provides a collection of gene expression datasets that can be used for benchmarking gene expression oriented ,"215536_at, 229921_at, 203432_at, 200962_at, 202318_s_at, 219795_at, 226320_at, 212895_s_at, 227698_s_at, 203324_s_at, 21"
925,visualizing_galaxy,unknown,4,**Author**: **Source**: Unknown - Date unknown **Please cite**: Binarized version of the original data set (see version 1). It converts the numeric target feature to a two-class no,"northsouth, angle, binaryClass, eastwest, radialposition"
1162,AP_Ovary_Uterus,biology,1000,**Author**: **Source**: Unknown - Date unknown **Please cite**: GEMLeR provides a collection of gene expression datasets that can be used for benchmarking gene expression oriented ,"229921_at, 203432_at, 200962_at, 202318_s_at, 219795_at, 226320_at, 212895_s_at, 216331_at, 203324_s_at, 218245_at, 2252"
1157,AP_Endometrium_Kidney,biology,1000,**Author**: **Source**: Unknown - Date unknown **Please cite**: GEMLeR provides a collection of gene expression datasets that can be used for benchmarking gene expression oriented ,"203432_at, 200962_at, 200672_x_at, 202318_s_at, 219795_at, 212895_s_at, 207133_x_at, 227698_s_at, 216331_at, 203324_s_at"
1167,pc1_req,unknown,8,**Author**: **Source**: Unknown - Date unknown **Please cite**:,"IMPERATIVE, OPTION, ACTION, CONTINUANCE, CONDITIONAL, SOURCE, WEAK_PHRASE, DEFECT, RISK_LEVEL"
915,plasma_retinol,unknown,13,**Author**: **Source**: Unknown - Date unknown **Please cite**: Binarized version of the original data set (see version 1). It converts the numeric target feature to a two-class no,"SEX, BETAPLASMA, VITUSE, ALCOHOL, RETDIET, CHOLESTEROL, SMOKSTAT, AGE, FAT, FIBER, BETADIET, binaryClass, QUETELET, CALO"
1523,vertebra-column,health,6,"**Author**: Guilherme de Alencar Barreto, Ajalmar R. da Rocha Neto, Henrique Antonio Fonseca da Mota Filho **Source**: UCI **Please cite**: * Dataset Title: Vertebra Column - 3 cla","V4, V6, Class, V5, V3, V2, V1"
818,diggle_table_a2,unknown,8,**Author**: **Source**: Unknown - Date unknown **Please cite**: Binarized version of the original data set (see version 1). It converts the numeric target feature to a two-class no,"col_6, col_1, col_2, col_3, col_8, col_5, col_4, col_7, binaryClass"
43,haberman,health,3,"**Author**: **Source**: Unknown - **Please cite**: 1. Title: Haberman's Survival Data 2. Sources: (a) Donor: Tjen-Sien Lim (limt@stat.wisc.edu) (b) Date: March 4, 1999 3. Past Usag","Patients_year_of_operation, Survival_status, Number_of_positive_axillary_nodes_detected, Age_of_patient_at_time_of_opera"
786,cleveland,unknown,13,**Author**: **Source**: Unknown - Date unknown **Please cite**: Binarized version of the original data set (see version 1). It converts the numeric target feature to a two-class no,"chol, thal, ca, cp, fbs, oldpeak, exang, trestbps, sex, age, restecg, slope, thalach, binaryClass"
40710,cleve,unknown,13,cleve-pmlb,"Exercise_induced_angina, Fasting_blood_sugar_&lt;_120, Trestbps, Sex, class, Age, Cholesterol, Slope, Number_of_vessels_"
798,cholesterol,unknown,13,**Author**: **Source**: Unknown - Date unknown **Please cite**: Binarized version of the original data set (see version 1). It converts the numeric target feature to a two-class no,"thal, ca, cp, fbs, oldpeak, exang, trestbps, sex, age, restecg, slope, num, thalach, binaryClass"
1446,CostaMadre1,unknown,37,"**Author**: Hans Bauer Jesus"",""Deter Bergman **Source**: Unknown - Date unknown **Please cite**: Costa madre 1","a, ab, p, e, r, c, t, d, k, ag, s, af, ah, ai, ad, v, b, aa, o, m, ac, ap, z, def, g, u, aj, i, ae, l, ak, j, am, h, an,"
44149,Heart_disease_prediction_20,health,13,This database contains 14 attributes. The goal field refers to the presence of heart disease in the patient. It is integer valued with 0 or 1.,"chol, trestpbs, thal, ca, cp, fbs, oldpeak, exang, diag, sex, age, restecg, slope, thalach"
1121,badges2,unknown,10,**Author**: **Source**: Unknown - Date unknown **Please cite**: Dataset from the MLRR repository: http://axon.cs.byu.edu:5000/,"first_char_vowel, vowel_consonant_ratio, words, consonants, even_odd, dots, length, class, spaces, vowels, ID, second_ch"
13,breast-cancer,health,9,"**Author**: **Source**: Unknown - **Please cite**: Citation Request: This breast cancer domain was obtained from the University Medical Centre, Institute of Oncology, Ljubljana, Yu","menopause, inv-nodes, node-caps, Class, breast, deg-malig, age, irradiat, tumor-size, breast-quad"
844,breastTumor,unknown,9,**Author**: **Source**: Unknown - Date unknown **Please cite**: Binarized version of the original data set (see version 1). It converts the numeric target feature to a two-class no,"menopause, inv-nodes, recurrence, node-caps, breast, deg-malig, age, breast-quad, binaryClass, irradiation"
961,analcatdata_broadwaymult,unknown,7,**Author**: **Source**: Unknown - Date unknown **Please cite**: Binarized version of the original data set (see version 1). The multi-class target feature is converted to a two-cla,"Award, Type, NYT_rating, Revival, Week_1_attendance, DN_rating, binaryClass, Show"
880,mu284,unknown,10,**Author**: **Source**: Unknown - Date unknown **Please cite**: Binarized version of the original data set (see version 1). It converts the numeric target feature to a two-class no,"ME84, P75, LABEL, CS82, REG, SS82, RMT85, S82, REV84, binaryClass, P85"
41430,DiabeticMellitus,health,97,"This data was collected from combine primary and secondary sources, through questionnaire, verbal interview and some part of the hospital&rsquo;s record department&rsquo;s data, fr","SCE, DBP, EXP, NSA_3, FTG_2, DCD, CFS_3, PCJ, SWT, CDC, FRU, RIH, ETN, RIV, WKN_3, GSV, FTG_4, HDC, IIU, WKN_2, RPP, LOA"
1156,AP_Omentum_Ovary,biology,1000,**Author**: **Source**: Unknown - Date unknown **Please cite**: GEMLeR provides a collection of gene expression datasets that can be used for benchmarking gene expression oriented ,"229921_at, 203432_at, 200962_at, 202318_s_at, 219795_at, 212895_s_at, 227698_s_at, 203324_s_at, 218245_at, 225256_at, 22"
46590,heart-statlog-uci,health,13,Attribute Information: ------------------------ -- 1. age -- 2. sex -- 3. chest pain type (4 values) -- 4. resting blood pressure -- 5. serum cholestoral in mg/dl -- 6. fasting blo,"exercise_induced_angina, thal, serum_cholestoral, oldpeak, chest, resting_blood_pressure, class, sex, age, fasting_blood"
1152,AP_Prostate_Ovary,biology,1000,**Author**: **Source**: Unknown - Date unknown **Please cite**: GEMLeR provides a collection of gene expression datasets that can be used for benchmarking gene expression oriented ,"229921_at, 203432_at, 200962_at, 202318_s_at, 219795_at, 212895_s_at, 216331_at, 203324_s_at, 218245_at, 225256_at, 2275"
336,SPECT,health,22,"**Author**: Krzysztof J. Cios"",""Lukasz A. **Source**: [original](https://archive.ics.uci.edu/ml/datasets/SPECT+Heart) - **Please cite**: SPECT heart data This is a merged version o","OVERALL_DIAGNOSIS, F18, F11, F15, F21, F19, F20, F10, F14, F5, F6, F4, F8, F13, F2, F1, F3, F9, F17, F22, F7, F16, F12"
42544,Touch2,unknown,10,Touch samples 2,"f1, f5, a3, a2, a1, a5, f4, a4, f3, y, f2"
811,rmftsa_ctoarrivals,unknown,2,**Author**: **Source**: Unknown - Date unknown **Please cite**: Binarized version of the original data set (see version 1). It converts the numeric target feature to a two-class no,"year, month, binaryClass"
1159,AP_Endometrium_Ovary,biology,1000,**Author**: **Source**: Unknown - Date unknown **Please cite**: GEMLeR provides a collection of gene expression datasets that can be used for benchmarking gene expression oriented ,"230258_at, 229921_at, 203432_at, 200962_at, 202318_s_at, 219795_at, 226320_at, 212895_s_at, 227698_s_at, 203324_s_at, 21"
45098,Ovarian,health,1000,"**Ovarian dataset** **Authors**: E. Petricoin, A. Ardekani, B. Hitt, P. Levine, V. Fusaro, S. Steinberg, G. Mills, C. Simone, D. Fishman, E. Kohn, et al **Please cite**: ([URL](htt","MZ2660.5814, MZ7565.3016, MZ15617.77, MZ11464.3, MZ6787.6482, MZ2429.9357, MZ12531.235, MZ7929.999, MZ2605.9876, MZ662.0"
1442,MegaWatt1,unknown,37,"**Author**: Hans Bauer Jesus"",""Deter Bergman **Source**: Unknown - Date unknown **Please cite**: Mega watt","a, ab, p, e, r, c, t, d, k, ag, s, af, ah, ai, ad, v, b, aa, o, m, ac, z, def, g, u, aj, i, ae, l, ak, j, am, h, an, al,"
1449,MeanWhile1,unknown,37,"**Author**: Hans Bauer Jesus"",""Deter Bergman **Source**: Unknown - Date unknown **Please cite**: Mean While 1","a, ab, p, e, r, c, t, d, k, ag, s, af, ah, ai, ad, v, b, aa, o, m, ac, z, def, g, u, aj, i, ae, l, ak, j, am, h, an, al,"
778,bodyfat,unknown,14,**Author**: **Source**: Unknown - Date unknown **Please cite**: Binarized version of the original data set (see version 1). It converts the numeric target feature to a two-class no,"Chest, Knee, Abdomen, Ankle, Wrist, Weight, Density, Forearm, Neck, Age, Thigh, binaryClass, Hip, Biceps, Height"
911,fri_c2_250_5,unknown,5,**Author**: **Source**: Unknown - Date unknown **Please cite**: Binarized version of the original data set (see version 1). It converts the numeric target feature to a two-class no,"oz3, oz4, oz5, binaryClass, oz2, oz1"
1495,qualitative-bankruptcy,finance,6,"**Author**: A. Martin, J. Uthayakumar, M. Nadarajan, V. Prasanna Venkatesan **Source**: UCI **Please cite**: * Abstract: Predict the Bankruptcy from Qualitative parameters from exp","V4, V6, Class, V5, V3, V2, V1"
1136,AP_Lung_Uterus,biology,1000,**Author**: **Source**: Unknown - Date unknown **Please cite**: GEMLeR provides a collection of gene expression datasets that can be used for benchmarking gene expression oriented ,"230258_at, 215536_at, 229921_at, 203432_at, 200962_at, 202318_s_at, 219795_at, 226320_at, 212895_s_at, 227698_s_at, 2163"
464,prnn_synth,education,2,**Author**: B.D. Ripley **Source**: Unknown - Date unknown **Please cite**: Dataset from `Pattern Recognition and Neural Networks' by B.D. Ripley. Cambridge University Press (1996),"yc, ys, xs"
41538,conference_attendance,unknown,6,Data set shows information about participants of math conference. isPresent is target column for classification task.,"isPresent, tshirtSize, regDateCat, wegan, uni, favSubject, participation"
46279,algerian_forest_fires,unknown,13,"From original source: ----- Additional Information The dataset includes 244 instances that regroup a data of two regions of Algeria,namely the Bejaia region located in the northeas","DC, DMC, FWI, Classes, year, month, Ws, Temperature, day, FFMC, RH, ISI, BUI, Rain"
851,tecator,unknown,124,**Author**: **Source**: Unknown - Date unknown **Please cite**: Binarized version of the original data set (see version 1). It converts the numeric target feature to a two-class no,"absorbance_62, absorbance_87, absorbance_99, absorbance_25, absorbance_65, absorbance_71, principal_component_18, absorb"
820,chatfield_4,unknown,12,**Author**: **Source**: Unknown - Date unknown **Please cite**: Binarized version of the original data set (see version 1). It converts the numeric target feature to a two-class no,"col_6, col_10, col_1, col_2, col_3, col_9, col_8, col_5, col_4, col_11, col_7, binaryClass, col_12"
939,chscase_whale,unknown,8,**Author**: **Source**: Unknown - Date unknown **Please cite**: Binarized version of the original data set (see version 1). It converts the numeric target feature to a two-class no,"col_6, col_10, col_1, col_2, col_3, col_9, col_8, col_4, col_7, binaryClass"
1412,lungcancer_GSE31210,biology,23,"**Author**: Okayama et al. Michel Lang **Source**: Unknown - Date unknown **Please cite**: Okayama H, Kohno T, Ishii Y, Shimada Y et al. Identification of genes upregulated in ALK-","g_204531_s_at, g_212724_at, g_203967_at, g_AFFX.HUMGAPDH.M33197_5_at, g_204890_s_at, OS_years, g_215638_at, g_203968_s_a"
895,chscase_geyser1,unknown,2,**Author**: **Source**: Unknown - Date unknown **Please cite**: Binarized version of the original data set (see version 1). It converts the numeric target feature to a two-class no,"col_1, binaryClass, col_2"
1084,BurkittLymphoma,biology,1000,"**Author**: **Source**: Unknown - Date unknown **Please cite**: Data from the RSCTC 2010 Discovery Challenge. All datasets contain between 100 and 400 samples, characterized by val","Var11516, Var15270, Var4375, Var2048, Var6492, Var9167, Var10106, Var9659, Var14694, Var21150, Var3418, Var3863, Var5666"
40682,thyroid-new,health,5,new-thyroid-pmlb,"4, 2, class, 6, 3, 5"
996,prnn_fglass,unknown,9,**Author**: **Source**: Unknown - Date unknown **Please cite**: Binarized version of the original data set (see version 1). The multi-class target feature is converted to a two-cla,"Si, K, Ca, Mg, Al, Na, Fe, RI, Ba, binaryClass"
1005,glass,unknown,9,**Author**: **Source**: Unknown - Date unknown **Please cite**: Binarized version of the original data set (see version 1). The multi-class target feature is converted to a two-cla,"Si, K, Ca, Mg, Al, Na, Fe, RI, Ba, binaryClass"
1499,seeds,image,7,"**Author**: M. Charytanowicz, J. Niewczas, P. Kulczycki, P.A. Kowalski, S. Lukasik, S. Zak **Source**: UCI **Please cite**: Contributors gratefully acknowledge support of their wor","V4, V6, V7, Class, V5, V3, V2, V1"
796,cpu,unknown,7,**Author**: **Source**: Unknown - Date unknown **Please cite**: Binarized version of the original data set (see version 1). It converts the numeric target feature to a two-class no,"MMIN, CHMIN, vendor, MYCT, CHMAX, MMAX, binaryClass, CACH"
733,machine_cpu,unknown,6,**Author**: **Source**: Unknown - Date unknown **Please cite**: Binarized version of the original data set (see version 1). It converts the numeric target feature to a two-class no,"MMIN, CHMIN, MYCT, CHMAX, MMAX, binaryClass, CACH"
481,biomed,health,8,"**Author**: **Source**: Unknown - Date unknown **Please cite**: February 23, 1982 The 1982 annual meetings of the American Statistical Association (ASA) will be held August 16-19, ","m2, Hospital_identification_number_for_blood_sample, Age_of_patient, m3, class, m4, ml, Date_that_blood_sample_was_taken"
40,sonar,sensor_signal,60,"**Author**: **Source**: Unknown - **Please cite**: NAME: Sonar, Mines vs. Rocks SUMMARY: This is the data set used by Gorman and Sejnowski in their study of the classification of s","attribute_58, attribute_24, attribute_43, attribute_54, Class, attribute_56, attribute_60, attribute_6, attribute_32, at"
840,autoHorse,unknown,25,**Author**: **Source**: Unknown - Date unknown **Please cite**: Binarized version of the original data set (see version 1). It converts the numeric target feature to a two-class no,"fuel-type, price, body-style, bore, normalized-losses, symboling, width, wheel-base, stroke, engine-type, fuel-system, h"
975,autos,unknown,25,**Author**: **Source**: Unknown - Date unknown **Please cite**: Binarized version of the original data set (see version 1). The multi-class target feature is converted to a two-cla,"fuel-type, price, body-style, bore, normalized-losses, width, wheel-base, stroke, engine-type, fuel-system, horsepower, "
1132,AP_Omentum_Lung,biology,1000,**Author**: **Source**: Unknown - Date unknown **Please cite**: GEMLeR provides a collection of gene expression datasets that can be used for benchmarking gene expression oriented ,"215536_at, 229921_at, 203432_at, 200962_at, 202318_s_at, 219795_at, 226320_at, 212895_s_at, 227698_s_at, 203324_s_at, 22"
42172,regime_alimentaire,unknown,19,#modelage,"boissons_sucrees, legumes_secs, Origine_Ethnique, Age, produits_laitiers, riz_pates_semoule_pommes_de_terre, Taille, com"
1124,AP_Omentum_Uterus,biology,1000,**Author**: **Source**: Unknown - Date unknown **Please cite**: GEMLeR provides a collection of gene expression datasets that can be used for benchmarking gene expression oriented ,"203432_at, 200962_at, 202318_s_at, 219795_at, 226320_at, 212895_s_at, 216331_at, 203324_s_at, 218245_at, 225256_at, 2275"
721,pwLinear,unknown,10,**Author**: **Source**: Unknown - Date unknown **Please cite**: Binarized version of the original data set (see version 1). It converts the numeric target feature to a two-class no,"a8, a6, a7, a3, a2, a1, a5, a4, a10, a9, binaryClass"
46602,Predicting_Risk_Factors_of_Chronic_Kidney_Disease,health,28,"Was there any data preprocessing performed? This dataset is not pre-processed, if you want to apply a Machine learning Algorithm at first you have to need to pre-process the data A","bu, pcv, sg, pot, rbc, grf, pcc, wbcc, class, bp (Diastolic), rbcc, hemo, stage, ane, cad, sod, affected, appet, sc, bp "
446,prnn_crabs,biology,7,**Author**: **Source**: Unknown - Date unknown **Please cite**: Datasets for `Pattern Recognition and Neural Networks' by B.D. Ripley ==============================================,"RW, FL, sp, CL, CW, index, sex, BD"
1458,arcene,health,1000,**Author**: **Source**: UCI **Please cite**: ARCENE's task is to distinguish cancer versus normal patterns from mass-spectrometric data. This is a two-class classification problem ,"V8926, V9996, V2548, V5481, V7145, V9419, V5354, V7674, V2330, V5814, V4515, V4610, V8204, V3931, V9813, V4953, V2107, V"
